variant_id,category_id,rationale,structural_distance_to_category_medoid,nearest_other_category_id,nearest_other_category_structural_distance,profile_distance_to_category_medoid,nearest_other_category_profile_distance
V0001,,This narrative ends at ER Sepsis Triage and does not reach any discharge pathway.,,release_a,2.0,,0.3996862471103668
V0002,,This narrative ends at CRP testing in the ER and does not reach a discharge pathway.,,release_a,2.0,,0.3868909180164337
V0003,,This narrative ends at Leucocytes testing in the ER without reaching a discharge pathway.,,release_a,2.0,,0.3938073217868805
V0004,,This narrative ends at IV Antibiotics administration in the ER and does not reach a discharge pathway.,,release_a,2.0,,0.3561701476573944
V0005,,This narrative terminates at LacticAcid testing in the ER and does not reach any discharge pathway.,,release_a,2.0,,0.38819071650505066
V0006,,This narrative ends at IV Antibiotics administration within the ER and lacks a discharge pathway.,,release_b,2.0,,0.33371415734291077
V0007,,This narrative ends at IV Antibiotics in the ER without reaching a discharge pathway.,,release_b,2.0,,0.33662155270576477
V0008,release_a,This narrative results in a standard discharge captured as Release A after admission to NC.,7.0,release_b,2.0,0.36371123790740967,0.3369273245334625
V0009,,This narrative ends at IV Antibiotics in the ER and does not reach a discharge pathway.,,release_a,2.0,,0.3448009192943573
V0010,,This narrative terminates at ER Sepsis Triage and does not reach a discharge pathway.,,release_a,2.0,,0.3493982255458832
V0011,,This narrative concludes with IV Antibiotics in the ER and does not reach a discharge pathway.,,release_b,2.0,,0.3334716260433197
V0012,,This narrative ends with IV Antibiotics in the ER without a discharge event.,,release_a,2.0,,0.3901524841785431
V0013,,This narrative terminates at Leucocytes testing and does not reach any discharge pathway.,,release_a,3.0,,0.3775876760482788
V0014,release_a,"This narrative concludes with Release A following admission to NC, representing a standard discharge pathway.",8.0,release_b,2.0,0.35956624150276184,0.34107232093811035
V0015,release_a,"This narrative includes admission to NC and ends with Release A, representing the standard discharge pathway.",4.0,release_b,3.0,0.037479717284440994,0.34168222546577454
V0016,release_a,"This narrative leads to Release A following hospital admission, realizing the standard discharge pathway.",2.0,release_b,3.0,0.025045499205589294,0.3370905816555023
V0017,,This narrative terminates at ER Sepsis Triage and does not reach a discharge pathway.,,release_a,3.0,,0.3776973485946655
V0018,release_a,"This narrative ends with Release A after hospital admission, matching the standard discharge pathway.",6.0,release_c,3.0,0.3586730659008026,0.34196552634239197
V0019,,This narrative concludes with IV Antibiotics in the ER and lacks a discharge pathway.,,release_a,3.0,,0.34530603885650635
V0020,,This narrative ends at CRP testing in the ER without reaching any discharge pathway.,,release_a,3.0,,0.38946422934532166
V0021,release_a,"Although returning to the ER later, the initial discharge is Release A following admission, realizing the standard discharge pathway.",5.0,release_b,4.0,0.3711993992328644,0.005273167043924332
V0022,release_a,"This narrative concludes with Release A after admission, representing the standard discharge pathway.",6.0,release_c,1.0,0.3581312596797943,0.34250733256340027
V0023,release_a,"Despite a subsequent return to the ER, the initial discharge is Release A following admission, realizing the standard discharge pathway.",8.0,release_c,4.0,0.3758113384246826,0.009885069914162159
V0024,,This narrative terminates at Admission NC and does not reach a complete discharge pathway.,,release_a,2.0,,0.004364368971437216
V0025,,This narrative concludes with IV Antibiotics in the ER and does not reach a discharge pathway.,,release_a,2.0,,0.33436623215675354
V0026,release_a,"The narrative ends with Release A after an admission, realizing the standard discharge pathway for captured discharges.",4.0,release_d,4.0,0.5181387066841125,0.1811208873987198
V0027,,The process terminates at IV Antibiotics without reaching any discharge or release activity.,,release_b,3.0,,0.3358197510242462
V0028,release_a,The narrative ends with Release A following an admission and subsequent return to the ER.,5.0,release_b,2.0,0.40307602286338806,0.007231835275888443
V0029,,The process terminates at Leucocytes without reaching a discharge pathway.,,release_b,2.0,,0.3802293837070465
V0030,release_a,"The narrative concludes with Release A following admission, matching the standard discharge pathway.",4.0,release_e,4.0,0.02637525089085102,0.3360888957977295
V0031,,The process terminates at LacticAcid before any discharge step occurs.,,release_b,3.0,,0.3646189868450165
V0032,release_a,"The narrative concludes with Release A after admission, realizing the standard discharge pathway.",4.0,release_b,5.0,0.3515496551990509,0.01437660213559866
V0033,release_a,"The narrative shows an admission followed by Release A, matching the standard discharge pathway.",6.0,release_d,4.0,0.5867221355438232,0.16679668426513672
V0034,,The process terminates at IV Liquid without reaching a discharge pathway.,,release_a,2.0,,0.33619096875190735
V0035,release_a,"The narrative concludes with Release A after admission, corresponding to the standard discharge pathway.",1.0,release_c,2.0,0.004322426859289408,0.3336624205112457
V0036,,The process terminates at CRP without reaching any release activity.,,release_b,3.0,,0.39477190375328064
V0037,release_b,"The narrative concludes with Release B after an admission, realizing the alternative discharge pathway for admitted cases.",8.0,release_a,1.0,0.3480766713619232,0.33376121520996094
V0038,,The process ends at IV Antibiotics without any recorded discharge event.,,release_a,3.0,,0.33445248007774353
V0039,release_a,"The narrative ends with Release A after admission, realizing the standard discharge pathway.",4.0,release_b,4.0,0.11652372032403946,0.33401814103126526
V0040,,The process terminates at Admission NC without any subsequent release or discharge activity.,,release_b,1.0,,0.009225305169820786
V0041,release_a,"The narrative finishes with Release A after an admission, matching the standard discharge pathway.",2.0,release_c,3.0,0.14017163217067719,0.3335843086242676
V0042,release_a,"The narrative ends with Release A following admission, realizing the standard discharge pathway.",4.0,release_b,3.0,0.027686402201652527,0.33477774262428284
V0043,,The process terminates at LacticAcid without a discharge pathway.,,release_a,2.0,,0.37702012062072754
V0044,release_a,"The narrative concludes with Release A after admission, realizing the standard discharge pathway.",4.0,release_b,3.0,0.03076694905757904,0.3349694311618805
V0045,release_a,"The narrative shows Release A following an admission, matching the standard discharge pathway.",8.0,release_d,3.0,0.7126803398132324,0.3387773036956787
V0046,release_a,"The narrative concludes with Release A after admission, matching the standard discharge pathway.",4.0,release_c,4.0,0.0121176578104496,0.3337673246860504
V0047,release_a,"The narrative ends with Release A after an admission step, realizing the standard discharge pathway.",6.0,release_c,3.0,0.3788980543613434,0.33553382754325867
V0048,release_a,"The narrative concludes with Release A after admission, realizing the standard discharge pathway.",2.0,release_d,2.0,0.01476524118334055,0.33444809913635254
V0049,release_a,"The narrative terminates with Release A following admission, matching the standard discharge pathway.",7.0,release_d,6.0,0.4271663427352905,0.007240867242217064
V0050,,The process terminates at CRP without reaching a discharge pathway.,,release_a,3.0,,0.38090047240257263
V0051,release_a,"The narrative ends with Release A following standard admission to normal care, representing the standard discharge pathway.",3.0,release_c,3.0,0.12883494794368744,0.3335767686367035
V0052,release_a,The narrative shows a discharge via Release A before resulting in a post-discharge ER return.,3.0,release_d,3.0,0.40423107147216797,0.008386896923184395
V0053,release_a,The narrative represents a standard discharge pathway ending in Release A.,9.0,release_b,4.0,0.3818012475967407,0.3340359926223755
V0054,release_a,The case follows the standard admission and Release A pathway prior to an ER return.,5.0,release_d,4.0,0.3766789734363556,0.010752740316092968
V0055,release_a,The narrative records an admission to normal care followed by Release A before returning to the ER.,3.0,release_c,4.0,0.49952784180641174,0.01938524842262268
V0056,,The narrative terminates at IV Antibiotics without reaching a discharge pathway.,,release_a,3.0,,0.3599989414215088
V0057,release_a,The narrative concludes with Release A after standard admission.,4.0,release_b,3.0,0.37946996092796326,0.33496198058128357
V0058,release_a,The narrative shows a direct admission and standard release via Release A.,8.0,release_b,3.0,0.3742246627807617,0.33370938897132874
V0059,release_a,Standard patient pathway ending in Release A.,2.0,release_d,3.0,0.03518933430314064,0.339391827583313
V0060,release_a,The patient is discharged via Release A before returning to the ER.,6.0,release_b,5.0,0.4137488603591919,0.006176613736897707
V0061,release_a,Standard care admission and discharge through Release A.,4.0,release_d,2.0,0.00614656088873744,0.33482837677001953
V0062,,The variant process ends at IV Antibiotics without achieving discharge.,,release_a,2.0,,0.33633720874786377
V0063,release_a,The patient undergoes extensive testing during admission and is finally discharged via Release A.,12.0,release_b,6.0,0.006069190334528685,0.33602777123451233
V0064,release_a,Standard pathway ending in Release A.,6.0,release_b,4.0,0.18228580057621002,0.3362339437007904
V0065,release_a,Standard admission followed by Release A discharge.,3.0,release_c,3.0,0.12505485117435455,0.3368700444698334
V0066,release_a,Standard care and discharge via Release A.,6.0,release_b,2.0,0.38226091861724854,0.3344956636428833
V0067,release_a,Standard discharge pathway culminating in Release A.,6.0,release_b,3.0,0.008339149877429008,0.33353617787361145
V0068,release_b,"The narrative includes an intensive care admission (Admission IC) alongside normal care, realizing the alternative discharge pathway for admitted cases (Release B).",5.0,release_a,4.0,0.08355250954627991,0.33354225754737854
V0069,release_a,Standard admission and Release A pathway.,5.0,release_b,4.0,0.006888807285577059,0.33458080887794495
V0070,release_a,Standard patient journey ending in Release A.,5.0,release_d,2.0,0.19213759899139404,0.3402844965457916
V0071,release_a,The case is discharged via Release A before an eventual ER return.,7.0,release_d,5.0,0.5156633257865906,0.015960553660988808
V0072,release_a,Standard discharge via Release A prior to post-discharge ER return.,4.0,release_c,4.0,0.33949875831604004,0.02642747573554516
V0073,release_a,Standard admission and Release A pathway.,5.0,release_b,4.0,0.016312068328261375,0.3346960246562958
V0074,release_a,Standard discharge via Release A followed by an ER return.,8.0,release_b,4.0,0.6794148087501526,0.3476223945617676
V0075,release_b,"The narrative features both normal care and intensive care admissions (Admission IC), corresponding to the alternative discharge pathway for admitted cases (Release B).",7.0,release_a,4.0,0.44473811984062195,0.0016834265552461147
V0076,release_b,"The narrative ends with Release B, representing the alternative discharge pathway for admitted cases.",6.0,release_a,2.0,0.35461997985839844,0.33370938897132874
V0077,release_b,"The narrative ends with Release B, realizing the alternative discharge pathway for admitted cases.",6.0,release_a,4.0,0.27537086606025696,0.3457289934158325
V0078,release_a,"The narrative ends with Release A (followed by a return to ER), realizing the standard discharge pathway.",11.0,release_e,5.0,0.5081599354743958,0.007812818512320518
V0079,release_a,"The narrative concludes with Release A, realizing the standard discharge pathway.",7.0,release_b,4.0,0.19217415153980255,0.34032106399536133
V0080,release_a,"The narrative concludes with Release A, realizing the standard discharge pathway.",8.0,release_b,6.0,0.536124050617218,0.0020984276197850704
V0081,,"The narrative ends with IV Liquid rather than a discharge pathway, so no category fits.",,release_b,3.0,,0.3669639527797699
V0082,release_a,"The narrative concludes with Release A, representing the standard discharge pathway.",7.0,release_b,3.0,0.35666730999946594,0.3469698131084442
V0083,release_a,"The narrative concludes with Release A, representing the standard discharge pathway.",6.0,release_d,4.0,0.398125022649765,0.0022808730136603117
V0084,release_c,"The narrative concludes with Release C, realizing the alternative discharge pathway for long-stay or complex cases.",5.0,release_b,3.0,0.13420222699642181,0.33340534567832947
V0085,release_a,"The narrative concludes with Release A, realizing the standard discharge pathway.",3.0,release_d,4.0,0.5281698107719421,0.0034540959168225527
V0086,release_a,"The narrative concludes with Release A, realizing the standard discharge pathway.",6.0,release_d,3.0,0.022976679727435112,0.3350217342376709
V0087,release_a,"The narrative concludes with Release A, realizing the standard discharge pathway.",5.0,release_c,5.0,0.12341758608818054,0.33558574318885803
V0088,,"The narrative ends with IV Antibiotics rather than a discharge pathway, so no category fits.",,release_a,4.0,,0.3839285373687744
V0089,release_a,"The narrative concludes with Release A, realizing the standard discharge pathway.",9.0,release_d,6.0,0.5591852068901062,0.007727517280727625
V0090,release_a,"The narrative concludes with Release A, realizing the standard discharge pathway.",6.0,release_c,3.0,0.016220616176724434,0.3347874581813812
V0091,release_c,"The narrative concludes with Release C, realizing the alternative discharge pathway for long-stay or complex admitted cases.",13.0,release_a,8.0,0.08348233252763748,0.3336044251918793
V0092,,"The narrative ends with LacticAcid rather than a discharge pathway, so no category fits.",,release_a,2.0,,0.09228887408971786
V0093,release_d,"The narrative concludes with Release D, realizing the alternative discharge pathway for complex cases requiring extensive monitoring.",6.0,release_a,3.0,0.14002251625061035,0.3338777720928192
V0094,release_a,"The narrative concludes with Release A, realizing the standard discharge pathway.",4.0,release_c,3.0,0.3975992202758789,0.0017550437478348613
V0095,release_a,"The narrative concludes with Release A, realizing the standard discharge pathway.",5.0,release_e,2.0,0.03296327963471413,0.33716580271720886
V0096,release_a,"The narrative concludes with Release A, realizing the standard discharge pathway.",6.0,release_b,3.0,0.35040995478630066,0.3675326108932495
V0097,release_a,"The narrative concludes with Release A, realizing the standard discharge pathway.",4.0,release_b,3.0,0.1248444989323616,0.3370126783847809
V0098,release_a,"The narrative concludes with Release A, realizing the standard discharge pathway.",9.0,release_d,3.0,0.6769846081733704,0.23451322317123413
V0099,release_a,"The narrative concludes with Release A, realizing the standard discharge pathway.",4.0,release_b,3.0,0.1192627027630806,0.3333558142185211
V0100,release_a,"The narrative concludes with Release A, realizing the standard discharge pathway.",4.0,release_b,1.0,0.017345262691378593,0.3336627781391144
V0101,release_a,"The narrative ends with Release A for a captured discharge pathway, matched against post-discharge ER return.",8.0,release_d,6.0,0.428542822599411,0.00861735362559557
V0102,release_a,"The narrative culminates in Release A, representing the standard discharge pathway.",4.0,release_c,3.0,0.12903514504432678,0.33377695083618164
V0103,release_a,"The narrative finishes with Release A, reflecting the standard discharge pathway.",6.0,release_d,5.0,0.1390811651945114,0.33426615595817566
V0104,release_a,"The narrative ends with Release A, contributing to the standard discharge pathway.",9.0,release_b,4.0,0.7465649247169495,0.33816027641296387
V0105,release_b,"The narrative concludes with Release B, representing an alternative discharge pathway for admitted cases.",8.0,release_a,4.0,0.10483995079994202,0.3333390951156616
V0106,release_a,"The narrative concludes with Release A, matching the standard discharge pathway.",9.0,release_c,3.0,0.16764695942401886,0.3368864953517914
V0107,release_a,"The narrative terminates with Release A, realizing the standard discharge pathway.",6.0,release_b,6.0,0.0035044762771576643,0.3337821066379547
V0108,release_a,"The narrative includes Release A before an ER return, mapping to the standard discharge pathway.",4.0,release_d,5.0,0.35489344596862793,0.011032790876924992
V0109,release_a,The narrative terminates via Release A prior to returning to the ER.,7.0,release_d,5.0,0.6267299056053162,0.12711618840694427
V0110,release_a,The case follows the standard discharge pathway culminating in Release A.,8.0,release_b,4.0,0.750601589679718,0.3359905481338501
V0111,,"The outcome is Admission NC rather than a discharge pathway, so no release category fits.",,release_a,1.0,,0.0036192431580275297
V0112,release_a,The narrative exhibits a standard discharge via Release A before an ER return.,4.0,release_b,4.0,0.5068762898445129,0.0247475728392601
V0113,release_b,"The narrative concludes with Release B, realizing the alternative discharge pathway for admitted cases.",8.0,release_a,2.0,0.282047301530838,0.3617938756942749
V0114,release_a,"The narrative ends with Release A, aligning with the standard discharge pathway.",6.0,release_b,4.0,0.13490313291549683,0.3365785777568817
V0115,release_a,The narrative concludes with Release A prior to an ER return.,5.0,release_b,5.0,0.42925772070884705,0.009332234971225262
V0116,release_a,The narrative ends with Release A before an ER return.,5.0,release_c,3.0,0.39195820689201355,0.0038859627675265074
V0117,release_d,"The narrative terminates with Release D, mapping to an alternative discharge pathway for complex cases requiring extensive monitoring.",7.0,release_a,2.0,0.3800358474254608,0.006395623087882996
V0118,release_a,"The narrative finishes with Release A, fulfilling the standard discharge pathway.",5.0,release_b,6.0,0.01813661865890026,0.3358060121536255
V0119,release_a,"The narrative shows completion via Release A, representing the standard discharge pathway.",6.0,release_b,5.0,0.01124329213052988,0.3333382308483124
V0120,release_a,"The narrative ends with Release A, aligning with the standard discharge pathway.",9.0,release_b,6.0,0.5562000870704651,0.17297738790512085
V0121,release_a,The narrative concludes via Release A before returning to the ER.,5.0,release_d,5.0,0.3965645134449005,0.0007203731220215559
V0122,release_a,"The narrative ends with Release A, realizing the standard discharge pathway.",3.0,release_c,2.0,0.01828041858971119,0.3359498083591461
V0123,release_a,The narrative terminates with Release A before an ER return.,10.0,release_c,6.0,0.4726158678531647,0.00400783633813262
V0124,release_a,The narrative concludes with Release A prior to an ER return.,4.0,release_d,5.0,0.33562541007995605,0.030300823971629143
V0125,release_a,The narrative features an ICU stay and subsequent NC admission before concluding with Release A.,12.0,release_b,9.0,0.5404054522514343,0.0021829388570040464
V0126,release_a,"The process variant concludes with Release A, representing the standard discharge pathway.",6.0,release_d,4.0,0.555956244468689,0.13412079215049744
V0127,,The variant ends in LacticAcid and does not represent a discharge pathway.,,release_b,2.0,,0.3333404064178467
V0128,release_a,The variant includes Release A as its discharge activity.,14.0,release_e,10.0,0.5275556445121765,0.010666850954294205
V0129,release_a,The narrative records a standard discharge via Release A.,21.0,release_b,12.0,0.5539453029632568,0.0024876133538782597
V0130,release_a,The process terminates with Release A.,4.0,release_b,4.0,0.022658327594399452,0.3347034156322479
V0131,release_a,The narrative shows patient discharge using Release A.,9.0,release_d,5.0,0.6703898310661316,0.24110810458660126
V0132,,The pathway finishes with IV Antibiotics and does not reach a discharge category.,,release_b,4.0,,0.3541009724140167
V0133,,The variant ends at IV Antibiotics without concluding with a discharge event.,,release_a,4.0,,0.3394845724105835
V0134,release_a,Discharge is marked by Release A.,17.0,release_b,10.0,0.5782222747802734,0.0031509532127529383
V0135,release_a,The case concludes with the Release A activity.,5.0,release_b,3.0,0.028969326987862587,0.33349481225013733
V0136,release_a,Release A represents the final discharge point in this variant.,19.0,release_e,11.0,0.5286048054695129,0.0030190572142601013
V0137,,The narrative ends with LacticAcid and lacks a discharge milestone.,,release_a,2.0,,0.10903880000114441
V0138,release_c,"The narrative specifically concludes with Release C, representing an alternative discharge for long-stay or complex cases.",0.0,release_a,2.0,0.13350969552993774,0.33340248465538025
V0139,release_a,The process ends with a standard Release A event.,21.0,release_b,12.0,0.1773100048303604,0.3903258740901947
V0140,release_a,Release A marks the discharge pathway here.,7.0,release_b,7.0,0.5363624095916748,0.004738577641546726
V0141,release_a,The variant shows a standard discharge through Release A.,8.0,release_b,7.0,0.519325315952301,0.018897149711847305
V0142,release_a,Release A is the concluding discharge activity.,4.0,release_c,3.0,0.006700858008116484,0.33476877212524414
V0143,release_a,The narrative terminates with Release A.,7.0,release_b,4.0,0.3451594114303589,0.02076682634651661
V0144,release_a,Discharge is achieved via Release A.,6.0,release_c,5.0,0.12485599517822266,0.33702418208122253
V0145,release_b,"The narrative concludes with Release B, realizing the alternative discharge pathway for admitted cases.",105.0,release_a,47.0,0.14209668338298798,0.3359471559524536
V0146,,The process terminates at Leucocytes without reaching a discharge category.,,release_a,4.0,,0.28501901030540466
V0147,release_b,"The narrative ends with Release B, representing the alternative discharge pathway for admitted cases.",5.0,release_a,2.0,0.08508149534463882,0.3335767686367035
V0148,,The sequence ends at IV Antibiotics and does not involve any discharge classification.,,release_a,2.0,,0.34093284606933594
V0149,release_a,The patient is discharged via the standard Release A pathway.,7.0,release_b,5.0,0.016330717131495476,0.3346773386001587
V0150,release_b,"The variant concludes with Release B, corresponding to the alternative discharge pathway for admitted cases.",8.0,release_a,4.0,0.10515221208333969,0.33352211117744446
V0151,release_d,The narrative ends with Release D and reflects a complex admitted case requiring extensive monitoring.,15.0,release_a,8.0,0.44845911860466003,0.0024876133538782597
V0152,release_a,"The narrative ends with Release A, representing the standard discharge pathway.",9.0,release_b,6.0,0.3706689178943634,0.33369848132133484
V0153,release_a,"The narrative ends with Release A, representing the standard discharge pathway.",8.0,release_b,3.0,0.35032597184181213,0.35031259059906006
V0154,release_a,"The narrative contains an admission to IC followed by NC and ends with Release A, fitting the standard discharge pathway.",5.0,release_b,5.0,0.5777906775474548,0.002719367854297161
V0155,release_a,"The narrative ends with Release A, representing the standard discharge pathway.",5.0,release_d,4.0,0.540421187877655,0.008797337301075459
V0156,release_a,"The narrative ends with Release A, representing the standard discharge pathway.",6.0,release_b,2.0,0.33504608273506165,0.3720165193080902
V0157,release_a,"The narrative ends with Release A, representing the standard discharge pathway.",9.0,release_b,6.0,0.3645143508911133,0.0014119163388386369
V0158,release_a,"The narrative ends with Release A, representing the standard discharge pathway.",4.0,release_c,3.0,0.11872053146362305,0.3338530361652374
V0159,release_a,"The narrative ends with Release A, representing the standard discharge pathway.",6.0,release_c,6.0,0.11838003993034363,0.33419349789619446
V0160,release_a,"The narrative ends with Release A, representing the standard discharge pathway.",5.0,release_d,5.0,0.4622470438480377,0.004806386306881905
V0161,release_a,"The narrative ends with Release A, representing the standard discharge pathway.",7.0,release_b,6.0,0.5487111210823059,0.017087256535887718
V0162,release_b,"The narrative ends with Release B, representing an alternative discharge pathway for admitted cases.",6.0,release_a,2.0,0.1765689104795456,0.33335936069488525
V0163,release_a,"The narrative ends with Release A, representing the standard discharge pathway.",5.0,release_b,5.0,0.4064798057079315,0.010635648854076862
V0164,release_a,The narrative includes admission to IC and ends with Release A.,9.0,release_d,6.0,0.5066089034080505,0.006261757109314203
V0165,release_a,"The narrative ends with Release A, representing the standard discharge pathway.",6.0,release_b,3.0,0.35267651081085205,0.34796205163002014
V0166,release_a,"The narrative ends with Release A, representing the standard discharge pathway.",7.0,release_b,4.0,0.12041366100311279,0.3340848386287689
V0167,release_a,The narrative includes admission to IC and ends with Release A.,8.0,release_b,7.0,0.1369197517633438,0.3462560176849365
V0168,release_a,The narrative includes admission to IC and ends with Release A.,11.0,release_b,8.0,0.5277132391929626,0.010509226471185684
V0169,release_a,"The narrative ends with Release A, representing the standard discharge pathway.",4.0,release_b,4.0,0.13482841849327087,0.3366532623767853
V0170,release_b,"The narrative ends with Release B, representing an alternative discharge pathway for admitted cases.",7.0,release_c,3.0,0.18910779058933258,0.3337897062301636
V0171,release_a,"The narrative ends with Release A, representing the standard discharge pathway.",7.0,release_d,6.0,0.3446788489818573,0.021247394382953644
V0172,release_a,"The narrative ends with Release A, representing the standard discharge pathway.",17.0,release_c,8.0,0.36137890815734863,0.004547347780317068
V0173,release_a,"The narrative ends with Release A, representing the standard discharge pathway.",8.0,release_d,5.0,0.024788381531834602,0.33683347702026367
V0174,release_a,The narrative includes admission to IC and ends with Release A.,45.0,release_b,22.0,0.490532785654068,0.009814383462071419
V0175,release_a,"The narrative ends with Release A, representing the standard discharge pathway.",4.0,release_c,4.0,0.12505854666233063,0.3368663489818573
V0176,release_a,"The narrative ends with Release A after a standard admission pathway (Admission NC), matching the standard discharge pathway for captured discharges.",7.0,release_d,6.0,0.012723005376756191,0.33350467681884766
V0177,release_a,"The narrative concludes with Release A following standard non-ICU admission, aligning with the standard discharge pathway.",3.0,release_d,3.0,0.1307678073644638,0.33354225754737854
V0178,release_a,The narrative features a standard admission and eventually concludes with Release A.,16.0,release_c,10.0,0.1316974014043808,0.3339240849018097
V0179,release_a,The patient follows the standard admission pathway and receives Release A before a subsequent return to the ER.,6.0,release_b,5.0,0.5246026515960693,0.007021170109510422
V0180,release_a,The narrative ends with Release A following standard admission.,10.0,release_b,5.0,0.7158263325691223,0.23568369448184967
V0181,,"The variant does not end in a recognized discharge or release activity, instead terminating on Leucocytes.",,release_a,4.0,,0.014846313744783401
V0182,release_a,The narrative includes intensive care and normal admission steps before concluding with Release A.,18.0,release_b,11.0,0.16867946088314056,0.33389338850975037
V0183,release_a,The narrative shows standard admission and concludes with Release A prior to an ER return.,10.0,release_d,7.0,0.49315914511680603,0.013016493059694767
V0184,release_a,The narrative follows a standard admission and concludes with Release A.,5.0,release_b,4.0,0.2487332969903946,0.44497060775756836
V0185,release_a,The narrative involves both normal and intensive care admissions and concludes with Release A.,17.0,release_c,11.0,0.17622941732406616,0.3336044251918793
V0186,release_a,The narrative shows standard admission and concludes with Release A.,6.0,release_d,4.0,0.19394706189632416,0.33885976672172546
V0187,,The variant is incomplete and terminates on CRP without any discharge or release activity.,,release_a,4.0,,0.3404557704925537
V0188,release_a,The narrative follows a short standard admission and concludes with Release A.,7.0,release_e,3.0,0.2540188729763031,0.44489288330078125
V0189,release_a,The narrative shows a standard admission pathway and concludes with Release A.,3.0,release_c,4.0,0.017526840791106224,0.33348122239112854
V0190,release_a,The narrative shows a standard admission pathway and concludes with Release A.,7.0,release_b,4.0,0.18365460634231567,0.33486512303352356
V0191,release_a,The narrative shows admission and concludes with Release A before a later return to the ER.,9.0,release_b,6.0,0.37324094772338867,0.007314686197787523
V0192,release_a,The narrative shows standard admission and concludes with Release A before a later return to the ER.,6.0,release_d,3.0,0.5553126931190491,0.023688888177275658
V0193,release_a,The narrative shows standard admission and concludes with Release A.,9.0,release_d,6.0,0.007007239852100611,0.3369658291339874
V0194,release_a,The narrative shows standard admission and concludes with Release A.,7.0,release_c,4.0,0.004112033639103174,0.33387282490730286
V0195,release_a,The narrative shows standard admission and concludes with Release A.,6.0,release_e,6.0,0.022975211963057518,0.3350203037261963
V0196,release_e,"The narrative ends with Release E following an intensive care admission and complex monitoring steps, matching Release E.",24.0,release_d,15.0,0.37534478306770325,0.0017006737180054188
V0197,,The variant terminates on Leucocytes without reaching any release or discharge activity.,,release_a,2.0,,0.2589362859725952
V0198,release_a,The narrative shows a short standard admission and concludes with Release A.,7.0,release_b,3.0,0.36338770389556885,0.3402493894100189
V0199,release_a,The narrative shows standard admission and concludes with Release A prior to an ER return.,8.0,release_c,5.0,0.3642319440841675,0.0016942891525104642
V0200,release_a,The narrative shows standard admission and concludes with Release A prior to an ER return.,3.0,release_d,4.0,0.3446849584579468,0.021241284906864166
V0201,release_a,"The narrative ends with Release A after an admission via NC, representing the standard discharge pathway.",22.0,release_d,12.0,0.5107381343841553,0.010391023941338062
V0202,release_a,The narrative concludes with Release A following standard patient admission and care.,4.0,release_b,2.0,0.03572743013501167,0.3399299383163452
V0203,release_a,"The variant culminates in Release A before a post-discharge ER return, representing the standard discharge pathway.",7.0,release_b,6.0,0.3514786660671234,0.014447581022977829
V0204,release_a,The sequence ends with Release A after standard admission.,4.0,release_d,2.0,0.01453226525336504,0.3342151343822479
V0205,release_d,The narrative explicitly ends with Release D following complex monitoring and multiple admissions/lab repetitions.,17.0,release_e,9.0,0.012281385250389576,0.33384642004966736
V0206,release_b,"The narrative ends with Release B, representing an alternative discharge pathway.",7.0,release_a,3.0,0.3618699610233307,0.3340359926223755
V0207,release_a,The narrative concludes with Release A.,5.0,release_b,3.0,0.023259686306118965,0.33530476689338684
V0208,release_a,The narrative concludes with Release A.,8.0,release_c,8.0,0.1309460550546646,0.33372053503990173
V0209,release_a,The narrative ends with Release A.,7.0,release_b,2.0,0.3725452125072479,0.3346366882324219
V0210,release_a,The narrative terminates via Release A prior to returning to the ER.,6.0,release_d,5.0,0.40527936816215515,0.009435187093913555
V0211,release_a,The narrative terminates via Release A prior to returning to the ER.,5.0,release_d,3.0,0.38099586963653564,0.014848300255835056
V0212,release_a,The narrative terminates via Release A prior to returning to the ER.,6.0,release_c,5.0,0.4665276110172272,0.0005257689044810832
V0213,release_a,The narrative terminates via Release A prior to returning to the ER.,9.0,release_d,5.0,0.6754417419433594,0.2360561490058899
V0214,release_a,The narrative concludes with Release A.,4.0,release_b,3.0,0.029877597466111183,0.3340801000595093
V0215,release_a,The narrative concludes with Release A.,8.0,release_d,4.0,0.005709651857614517,0.3356682360172272
V0216,release_a,The narrative terminates via Release A prior to returning to the ER.,8.0,release_b,4.0,0.4960401952266693,0.015897588804364204
V0217,,The narrative terminates at IV Antibiotics without reaching any discharge category.,,release_a,4.0,,0.36824917793273926
V0218,release_b,"The narrative ends with Release B, representing an alternative discharge pathway.",13.0,release_a,10.0,0.11421734094619751,0.33996978402137756
V0219,,The narrative terminates at Leucocytes without reaching any discharge category.,,release_a,2.0,,0.23908162117004395
V0220,release_a,The narrative terminates via Release A prior to returning to the ER.,5.0,release_d,4.0,0.3738143742084503,0.007888146676123142
V0221,release_a,The narrative concludes with Release A.,6.0,release_b,5.0,0.2601582705974579,0.44998446106910706
V0222,release_a,The narrative concludes with Release A.,12.0,release_c,7.0,0.11626961827278137,0.3357127606868744
V0223,release_a,The narrative concludes with Release A.,2.0,release_c,3.0,0.22295308113098145,0.4474475383758545
V0224,release_a,The narrative terminates via Release A prior to returning to the ER.,5.0,release_d,4.0,0.43993258476257324,0.02000712789595127
V0225,release_b,"The narrative ends with Release B, representing an alternative discharge pathway.",10.0,release_a,4.0,0.28348779678344727,0.34730076789855957
V0226,release_a,"The variant ends with Release A, representing the standard discharge pathway for captured discharges.",6.0,release_b,3.0,0.1361798644065857,0.33530184626579285
V0227,release_d,"The variant ends with Release D, reflecting a complex discharge pathway requiring extensive monitoring.",7.0,release_a,3.0,0.336277037858963,0.00023641105508431792
V0228,release_a,"The variant culminates in Release A, aligning with the standard discharge pathway.",6.0,release_b,3.0,0.2226647585630417,0.44627413153648376
V0229,release_a,The representative case completes through Release A before a subsequent return to the ER.,6.0,release_c,5.0,0.350872278213501,0.050131842494010925
V0230,release_a,The patient sequence reaches Release A prior to returning to the ER.,5.0,release_c,4.0,0.4922597408294678,0.012117087841033936
V0231,release_a,The sequence leads to Release A as the primary discharge event.,5.0,release_d,4.0,0.5268587470054626,0.004765125457197428
V0232,,The variant terminates at IV Antibiotics without reaching any discharge or release activity.,,release_a,3.0,,0.3529844284057617
V0233,release_a,The narrative records a path concluding with Release A.,7.0,release_b,5.0,0.3725866973400116,0.006660438608378172
V0234,,The process terminates at Leucocytes and does not reach a discharge pathway.,,release_a,3.0,,0.37387049198150635
V0235,release_a,"The variant finishes at Release A, corresponding to the standard discharge pathway.",7.0,release_c,3.0,0.20105893909931183,0.3492058515548706
V0236,release_a,The sequence leads directly to Release A.,8.0,release_b,3.0,0.3615235984325409,0.34211352467536926
V0237,release_a,The narrative incorporates Release A before the patient returns to the ER.,5.0,release_b,5.0,0.4483007490634918,0.01875261403620243
V0238,release_a,The trajectory culminates in Release A.,6.0,release_b,5.0,0.11533799767494202,0.3338310420513153
V0239,release_c,"The variant terminates in Release C, representing an alternative pathway for long-stay or complex cases.",10.0,release_b,6.0,0.023911429569125175,0.3335825204849243
V0240,release_a,The pathway concludes with Release A.,4.0,release_d,3.0,0.026784874498844147,0.335679292678833
V0241,release_a,The process records a discharge via Release A prior to ER return.,9.0,release_e,6.0,0.4904552400112152,0.0103125786408782
V0242,release_a,The narrative features Release A before an eventual ER return.,8.0,release_d,2.0,0.5743157863616943,0.178471639752388
V0243,release_a,"Despite high complexity and multiple admissions, the final discharge before ER return is Release A.",27.0,release_c,15.0,0.5606067776679993,0.07910116761922836
V0244,release_a,The sequence finishes with Release A.,9.0,release_d,6.0,0.12062031775712967,0.33387815952301025
V0245,release_a,The pathway concludes with Release A.,11.0,release_d,8.0,0.12756291031837463,0.3360151946544647
V0246,release_a,The narrative documents a standard discharge via Release A.,8.0,release_b,5.0,0.12170948833227158,0.33423009514808655
V0247,release_b,"The variant concludes with Release B, representing an alternative discharge pathway for admitted cases.",11.0,release_a,8.0,0.02369135431945324,0.33369529247283936
V0248,release_a,The process sequence hits Release A before the subsequent return to the ER.,13.0,release_b,8.0,0.5210248827934265,0.01719762571156025
V0249,release_a,The pathway ends with Release A.,4.0,release_b,4.0,0.0434001199901104,0.3411509096622467
V0250,release_a,The variant includes Release A as its endpoint before an ER return.,7.0,release_b,4.0,0.40860211849212646,0.01132335513830185
V0251,release_a,"The narrative ends with Release A, representing the standard discharge pathway for patients reaching a captured discharge.",12.0,release_b,7.0,0.50956130027771,0.009214191697537899
V0252,release_a,"The narrative ends with Release A, representing the standard discharge pathway for patients reaching a captured discharge.",2.0,release_d,4.0,0.12025514990091324,0.3342433273792267
V0253,release_a,"The narrative ends with Release A, representing the standard discharge pathway for patients reaching a captured discharge.",5.0,release_b,3.0,0.35614868998527527,0.3617938756942749
V0254,release_d,"The narrative ends with Release D, representing an alternative discharge pathway for complex admitted cases requiring extensive monitoring.",17.0,release_a,9.0,0.02873574197292328,0.3336470127105713
V0255,release_a,"The narrative ends with Release A, representing the standard discharge pathway for patients reaching a captured discharge.",4.0,release_b,4.0,0.13124220073223114,0.33401668071746826
V0256,release_a,"The narrative reaches Release A before returning to the ER, aligning with the standard discharge pathway category.",7.0,release_b,5.0,0.5127949714660645,0.018828921020030975
V0257,release_a,"The narrative ends with Release A, representing the standard discharge pathway for patients reaching a captured discharge.",13.0,release_b,10.0,0.1164441704750061,0.33431413769721985
V0258,release_b,"The narrative ends with Release B, representing an alternative discharge pathway for admitted cases.",7.0,release_a,5.0,0.08967594057321548,0.33365729451179504
V0259,release_a,"The narrative ends with Release A, representing the standard discharge pathway for patients reaching a captured discharge.",4.0,release_c,4.0,0.01242318656295538,0.33346179127693176
V0260,,The narrative terminates at IV Antibiotics and does not reach any discharge pathway category.,,release_a,3.0,,0.344614714384079
V0261,release_a,"The narrative reaches Release A prior to returning to the ER, aligning with the standard discharge pathway.",7.0,release_d,7.0,0.38321423530578613,0.012629917822778225
V0262,release_a,"The narrative reaches Release A prior to returning to the ER, aligning with the standard discharge pathway.",8.0,release_d,6.0,0.3523252308368683,0.013600993901491165
V0263,release_a,"The narrative reaches Release A prior to returning to the ER, aligning with the standard discharge pathway.",6.0,release_c,4.0,0.3893526792526245,0.006491479929536581
V0264,release_a,"The narrative ends with Release A, representing the standard discharge pathway for patients reaching a captured discharge.",4.0,release_b,4.0,0.12553153932094574,0.3363933265209198
V0265,release_a,"The narrative reaches Release A prior to returning to the ER, aligning with the standard discharge pathway.",5.0,release_c,5.0,0.5382117629051208,0.1722855120897293
V0266,release_a,"The narrative ends with Release A, representing the standard discharge pathway for patients reaching a captured discharge.",7.0,release_e,3.0,0.11332252621650696,0.33584651350975037
V0267,release_a,"The narrative ends with Release A, representing the standard discharge pathway for patients reaching a captured discharge.",7.0,release_b,3.0,0.11280400305986404,0.3363650143146515
V0268,,The narrative terminates at Leucocytes and does not reach a discharge pathway category.,,release_a,2.0,,0.07482597976922989
V0269,release_a,"The narrative reaches Release A prior to returning to the ER, aligning with the standard discharge pathway.",7.0,release_d,2.0,0.40858182311058044,0.011343632824718952
V0270,release_a,"The narrative reaches Release A prior to returning to the ER, aligning with the standard discharge pathway.",8.0,release_b,7.0,0.4015417993068695,0.005697633605450392
V0271,release_b,"The narrative ends with Release B, representing an alternative discharge pathway for admitted cases.",10.0,release_a,7.0,0.09532690048217773,0.33333897590637207
V0272,release_a,"The narrative ends with Release A, representing the standard discharge pathway for patients reaching a captured discharge.",7.0,release_b,4.0,0.006986679509282112,0.3369452655315399
V0273,release_d,"The narrative ends with Release D, representing an alternative discharge pathway for complex admitted cases requiring extensive monitoring.",74.0,release_b,43.0,0.10799303650856018,0.33679652214050293
V0274,release_c,"The narrative ends with Release C, representing an alternative discharge pathway for long-stay or complex admitted cases.",6.0,release_a,1.0,0.3399371802806854,0.34070172905921936
V0275,release_a,"The narrative ends with Release A, representing the standard discharge pathway for patients reaching a captured discharge.",19.0,release_b,14.0,0.12780678272247314,0.33714303374290466
V0276,release_a,Standard discharge pathway via Admission NC culminating in Release A.,2.0,release_c,4.0,0.02872403711080551,0.33374011516571045
V0277,release_b,Alternative discharge pathway involving ICU admission (Admission IC) before release and subsequent ER return.,14.0,release_a,6.0,0.5296732783317566,0.0020984276197850704
V0278,release_a,Standard discharge pathway via Admission NC culminating in Release A.,7.0,release_d,4.0,0.008478380739688873,0.33367541432380676
V0279,release_a,Standard discharge pathway via Admission NC leading to Release A.,9.0,release_b,6.0,0.3420928716659546,0.0238333810120821
V0280,release_a,Standard discharge pathway via Admission NC leading to Release A with a post-discharge ER return.,11.0,release_c,7.0,0.39825907349586487,0.0024149182718247175
V0281,release_a,Standard discharge pathway via Admission NC culminating in Release A.,9.0,release_c,5.0,0.0,0.33546218276023865
V0282,release_a,Standard discharge pathway via Admission NC culminating in Release A.,5.0,release_b,4.0,0.008243681862950325,0.33344075083732605
V0283,release_c,Alternative discharge pathway featuring multiple readmissions and complex long-stay indicators leading to Release C.,22.0,release_a,8.0,0.3595908582210541,0.00026249856455251575
V0284,release_a,Standard discharge pathway via Admission NC culminating in Release A with a post-discharge ER return.,6.0,release_b,6.0,0.5196502208709717,0.011973642744123936
V0285,release_a,Standard discharge pathway via Admission NC culminating in Release A.,10.0,release_b,6.0,0.12538917362689972,0.3338414430618286
V0286,release_a,Standard discharge pathway via Admission NC leading to Release A.,10.0,release_b,6.0,0.3497038781642914,0.3509347438812256
V0287,,Incomplete case ending in CRP without reaching a release or discharge outcome.,,release_a,2.0,,0.3802435100078583
V0288,release_a,Standard discharge pathway via Admission NC leading to Release A with a post-discharge ER return.,5.0,release_d,4.0,0.3398141860961914,0.026112079620361328
V0289,release_a,Standard discharge pathway via Admission NC culminating in Release A.,5.0,release_d,4.0,0.04279036447405815,0.3417607247829437
V0290,release_a,Standard discharge pathway via Admission NC leading to Release A.,8.0,release_d,6.0,0.547349750995636,0.015725955367088318
V0291,release_a,Standard discharge pathway via Admission NC culminating in Release A.,5.0,release_b,4.0,0.27393171191215515,0.4639088213443756
V0292,,Incomplete case terminating at Leucocytes without reaching a discharge or release state.,,release_a,2.0,,0.4186955988407135
V0293,release_a,Standard discharge pathway via Admission NC leading to Release A.,5.0,release_b,2.0,0.19374795258045197,0.3448047637939453
V0294,release_a,Standard discharge pathway via Admission NC leading to Release A.,6.0,release_d,4.0,0.12159737944602966,0.33376553654670715
V0295,,Incomplete case ending at IV Antibiotics without reaching a discharge or release category.,,release_a,2.0,,0.33373406529426575
V0296,release_a,Standard discharge pathway via Admission NC leading to Release A with a post-discharge ER return.,5.0,release_d,4.0,0.4500752389431,0.02140643261373043
V0297,release_a,Standard discharge pathway via Admission NC leading to Release A with a post-discharge ER return.,5.0,release_c,4.0,0.4024328291416168,0.006588665768504143
V0298,release_a,Standard discharge pathway via Admission NC culminating in Release A.,3.0,release_c,5.0,0.025149350985884666,0.33719444274902344
V0299,release_a,Standard discharge pathway via Admission NC culminating in Release A.,11.0,release_c,7.0,0.007761087734252214,0.3375544846057892
V0300,release_b,Alternative discharge pathway involving ICU admission (Admission IC) and extensive monitoring before Release A/Return ER.,18.0,release_a,8.0,0.4415987432003021,0.0014559595147147775
V0301,release_a,"The narrative ends with Release A, representing the standard discharge pathway for patients reaching a captured discharge.",7.0,release_e,4.0,0.35932886600494385,0.006597386207431555
V0302,,The process terminates at ER Sepsis Triage and does not reach any discharge pathway.,,release_a,4.0,,0.3863014876842499
V0303,release_a,The narrative concludes with Release A following admission and treatment.,7.0,release_b,6.0,0.5115706920623779,0.02005315199494362
V0304,release_a,"The process finishes with Release A, representing the standard discharge pathway.",8.0,release_b,4.0,0.12737880647182465,0.3345460593700409
V0305,,The variant stops at IV Antibiotics in the ER phase without reaching a discharge destination.,,release_a,4.0,,0.38954201340675354
V0306,release_a,"The narrative ends with Release A, corresponding to the standard discharge pathway.",9.0,release_b,6.0,0.17380867898464203,0.3447110652923584
V0307,release_a,The process concludes via Release A prior to an ER return.,5.0,release_b,3.0,0.392280250787735,0.003563901409506798
V0308,release_a,The narrative terminates with Release A before a post-discharge ER return.,9.0,release_b,5.0,0.45454955101013184,0.04579761251807213
V0309,release_b,"The narrative includes Release B, representing an alternative discharge pathway for admitted cases.",10.0,release_a,3.0,0.7723467946052551,0.3983713686466217
V0310,release_a,"The variant ends with Release A, realizing the standard discharge pathway.",6.0,release_c,5.0,0.12883637845516205,0.3335781991481781
V0311,release_a,The narrative completes with Release A after intensive care and ward stay.,17.0,release_b,10.0,0.5112898349761963,0.010942717082798481
V0312,release_a,"The process ends with Release A, matching the standard discharge pathway.",7.0,release_b,6.0,0.0371929407119751,0.33793333172798157
V0313,release_c,"The narrative culminates in Release C, representing an alternative discharge pathway for long-stay or complex admitted cases.",4.0,release_a,4.0,0.01756977289915085,0.3333558142185211
V0314,release_c,"The narrative terminates with Release C, corresponding to long-stay or complex admitted cases.",7.0,release_a,5.0,0.0014328566612675786,0.33351871371269226
V0315,release_a,The process ends with Release A after an extensive sequence of diagnostics and treatments.,25.0,release_c,14.0,0.14669133722782135,0.3372878134250641
V0316,release_e,"The narrative explicitly concludes with Release E, representing an alternative discharge pathway for captured discharges.",9.0,release_a,3.0,0.09367720037698746,0.3334403932094574
V0317,release_a,The narrative terminates via Release A prior to a subsequent return to the ER.,159.0,release_b,67.0,0.5921003222465515,0.07397598773241043
V0318,release_a,"The process concludes with Release A, matching the standard discharge pathway.",23.0,release_d,14.0,0.13843142986297607,0.34554776549339294
V0319,release_a,The narrative ends with Release A following inpatient care.,12.0,release_e,7.0,0.00566081702709198,0.33561941981315613
V0320,release_a,The process reaches Release A before a post-discharge ER return.,6.0,release_d,4.0,0.6259834170341492,0.12786266207695007
V0321,release_a,The narrative terminates with Release A following admission and monitoring.,8.0,release_d,6.0,0.5596616864204407,0.008204028010368347
V0322,,The variant ends at IV Antibiotics without reaching a discharge category.,,release_a,3.0,,0.3656140863895416
V0323,release_a,"The narrative ends with Release A, representing standard discharge after admission.",9.0,release_b,2.0,0.39320409297943115,0.3333403766155243
V0324,release_a,The process finishes with Release A before a subsequent ER return.,28.0,release_b,16.0,0.5408617854118347,0.0011538139078766108
V0325,,"The variant terminates at IV Antibiotics in the emergency department, lacking any discharge step.",,release_a,3.0,,0.43959906697273254
V0326,release_a,"The narrative ends with Release A, representing the standard discharge pathway.",3.0,release_c,4.0,0.024564573541283607,0.3366096317768097
V0327,release_a,The narrative records Release A as the discharge pathway before a post-discharge ER return.,6.0,release_b,5.0,0.47147274017333984,0.002864725887775421
V0328,release_a,The narrative records Release A as the discharge pathway before a post-discharge ER return.,7.0,release_b,5.0,0.42954739928245544,0.009621920995414257
V0329,release_a,The narrative concludes with Release A for a captured discharge.,16.0,release_b,9.0,0.12512390315532684,0.33357617259025574
V0330,,The process terminates at IV Liquid and does not reach a discharge category.,,release_b,2.0,,0.33358609676361084
V0331,release_a,The process concludes with Release A.,14.0,release_d,8.0,0.026756444945931435,0.3344758450984955
V0332,release_b,"The process concludes with Release B, representing an alternative discharge pathway for admitted cases.",8.0,release_a,2.0,0.3064051866531372,0.3702181577682495
V0333,release_b,"The process concludes with Release B, representing an alternative discharge pathway for admitted cases.",12.0,release_a,8.0,0.0,0.33387038111686707
V0334,release_d,"The process concludes with Release D, representing an alternative discharge pathway requiring extensive monitoring.",25.0,release_a,14.0,0.43670937418937683,0.0011538139078766108
V0335,release_a,The process records Release A prior to a post-discharge ER return.,6.0,release_c,5.0,0.4546571671962738,0.012396258302032948
V0336,,The process ends at CRP and does not reach any discharge pathway.,,release_a,1.0,,0.3399571478366852
V0337,release_a,The process concludes with Release A.,6.0,release_d,4.0,0.026122162118554115,0.3363419771194458
V0338,release_a,The process concludes with Release A.,5.0,release_b,4.0,0.11753436177968979,0.3350287973880768
V0339,release_a,The process records Release A prior to a post-discharge ER return.,22.0,release_b,15.0,0.5356420874595642,0.10406583547592163
V0340,release_a,The process concludes with Release A.,6.0,release_e,4.0,0.02773193269968033,0.33473220467567444
V0341,release_a,The process concludes with Release A.,4.0,release_d,4.0,0.129240944981575,0.3339827358722687
V0342,,The process ends at CRP without reaching a discharge destination.,,release_a,3.0,,0.3888669013977051
V0343,release_a,The process concludes with Release A.,6.0,release_b,4.0,0.11251717805862427,0.33665183186531067
V0344,release_b,"The process concludes with Release B, representing an alternative discharge pathway for admitted cases.",9.0,release_c,3.0,0.20155920088291168,0.33389756083488464
V0345,release_a,The process concludes with Release A.,16.0,release_d,11.0,0.18557457625865936,0.33592021465301514
V0346,release_a,The process records Release A prior to a post-discharge ER return.,16.0,release_b,10.0,0.5989297032356262,0.0067535401321947575
V0347,release_d,The process records Release D followed by a post-discharge ER return.,8.0,release_a,5.0,0.5113713145256042,0.0003271280147600919
V0348,release_a,The process records Release A prior to a post-discharge ER return.,6.0,release_d,7.0,0.46508607268333435,0.006395623087882996
V0349,,The process ends at ER Sepsis Triage without reaching any discharge destination.,,release_a,5.0,,0.349503755569458
V0350,release_a,The process records Release A prior to a post-discharge ER return.,9.0,release_d,3.0,0.7436292171478271,0.33522453904151917
V0351,release_a,"The narrative ends with Release A, representing the standard discharge pathway for a captured discharge.",9.0,release_b,4.0,0.35879865288734436,0.34183990955352783
V0352,release_a,"The pathway features Release A prior to a return to ER, aligning with the standard discharge category.",5.0,release_b,5.0,0.47988009452819824,0.00026249856455251575
V0353,release_a,"Contains Release A leading to a subsequent ER return, realizing the standard discharge pathway.",5.0,release_c,4.0,0.42025259137153625,0.0003271280147600919
V0354,release_a,"The case concludes with Release A following standard admission and monitoring, matching release_a.",18.0,release_b,14.0,0.17709660530090332,0.34213200211524963
V0355,release_a,"Ends with Release A after intensive care and ward stays, representing the standard discharge pathway.",6.0,release_b,4.0,0.17922227084636688,0.34000635147094727
V0356,release_a,"Concludes with Release A, fitting the standard discharge pathway category.",11.0,release_c,7.0,0.12765176594257355,0.3409789502620697
V0357,release_a,"Includes Release A before a later ER return, realizing the standard discharge pathway.",7.0,release_d,6.0,0.49894675612449646,0.018804095685482025
V0358,release_a,"Contains Release A followed by an ER return, mapping to the standard discharge pathway.",7.0,release_b,4.0,0.6771051287651062,0.23439276218414307
V0359,release_a,"Ends its primary hospital stay with Release A before a return, matching release_a.",6.0,release_d,5.0,0.4049387276172638,0.009094572626054287
V0360,release_a,"Directly concludes with Release A, fitting the standard discharge pathway.",6.0,release_b,5.0,0.34665119647979736,0.35398736596107483
V0361,release_a,Realizes the standard discharge pathway by concluding with Release A.,6.0,release_b,3.0,0.14672350883483887,0.3367006480693817
V0362,release_a,"Concludes with Release A after admission, realizing the standard discharge pathway.",3.0,release_b,4.0,0.019336139783263206,0.33483877778053284
V0363,release_a,"Terminates with Release A, mapping to the standard discharge pathway.",4.0,release_d,4.0,0.025239773094654083,0.33722439408302307
V0364,release_a,"Features Release A prior to a subsequent ER return, fitting the standard discharge pathway.",6.0,release_d,3.0,0.40764522552490234,0.011801066808402538
V0365,,"The outcome is Leucocytes rather than any discharge or release activity, so no release category applies.",,release_a,6.0,,0.06894596666097641
V0366,release_a,"Contains Release A before an ER return, representing the standard discharge pathway.",5.0,release_b,6.0,0.3505697548389435,0.015356481075286865
V0367,release_a,"Concludes with Release A following extensive monitoring and ICU care, matching release_a.",23.0,release_b,13.0,0.4926857054233551,0.007661447394639254
V0368,,The pathway terminates at Admission NC without reaching any discharge or release outcome.,,release_a,2.0,,0.010571219027042389
V0369,release_a,"Includes Release A before an ER return, fitting the standard discharge pathway.",11.0,release_d,7.0,0.4606533944606781,0.039693765342235565
V0370,release_a,"Features Release A prior to a return to ER, matching release_a.",6.0,release_b,6.0,0.5128738284111023,0.0125266769900918
V0371,release_b,"The narrative explicitly culminates in Release B, representing the alternative discharge pathway.",5.0,release_a,3.0,0.3649662733078003,0.3336716592311859
V0372,release_a,"Concludes with Release A after an extended course of tests, mapping to the standard discharge pathway.",13.0,release_e,8.0,0.1795930415391922,0.33384689688682556
V0373,release_a,"Terminates with Release A, realizing the standard discharge pathway.",6.0,release_b,3.0,0.005374075844883919,0.3340558707714081
V0374,,The sequence ends with Leucocytes and does not reach a recognized discharge pathway.,,release_a,2.0,,0.06948789209127426
V0375,release_a,"Concludes with Release A after intensive monitoring and multiple admissions, fitting release_a.",10.0,release_d,7.0,0.17921580374240875,0.3342241048812866
V0376,release_c,"The narrative ends with Release C, matching the alternative pathway for complex or long-stay admitted cases.",6.0,release_a,3.0,0.011736386455595493,0.3339240849018097
V0377,release_a,"The narrative concludes with Release A, realizing the standard discharge pathway for patients reaching a captured discharge.",3.0,release_d,5.0,0.01746964640915394,0.3335384130477905
V0378,,The narrative ends with IV Antibiotics rather than a recognized discharge category.,,release_a,2.0,,0.33538034558296204
V0379,,The narrative terminates at IV Antibiotics without reaching a discharge pathway.,,release_a,2.0,,0.33912718296051025
V0380,release_a,"The narrative concludes with Release A, realizing the standard discharge pathway.",8.0,release_b,4.0,0.35725829005241394,0.34338030219078064
V0381,release_a,"The outcome is Release A, corresponding to the standard discharge pathway.",6.0,release_b,3.0,0.1399073600769043,0.33384859561920166
V0382,,"The final outcome is Return ER after a Release A event, which does not map cleanly into a standard planned release category.",,release_a,3.0,,0.0010117589263245463
V0383,release_a,"The narrative ends with Release A, realizing the standard discharge pathway.",8.0,release_b,5.0,0.3658924996852875,0.3347460925579071
V0384,release_b,"The narrative concludes with Release B, representing an alternative discharge pathway for admitted cases.",9.0,release_a,6.0,0.1114569827914238,0.333635538816452
V0385,,"The narrative leads to Return ER after a Release A event, falling outside normal discharge categories.",,release_a,6.0,,0.00834730826318264
V0386,,"The outcome is Return ER following Release A, which does not fit standard discharge pathways.",,release_a,2.0,,0.0011227871291339397
V0387,release_a,"The narrative ends with Release A, realizing the standard discharge pathway.",5.0,release_c,5.0,0.1266583353281021,0.3351106345653534
V0388,release_a,"The final activity is Release A, aligning with the standard discharge pathway.",7.0,release_c,5.0,0.026262611150741577,0.336201548576355
V0389,release_a,"The narrative concludes with Release A, representing the standard discharge pathway.",6.0,release_b,3.0,0.37208226323127747,0.3351118564605713
V0390,release_b,"The outcome is Release B, realizing the alternative discharge pathway for admitted cases.",7.0,release_a,3.0,0.09634984284639359,0.3335118293762207
V0391,release_a,"The narrative ends with Release A, realizing the standard discharge pathway.",5.0,release_c,4.0,0.13463141024112701,0.34396764636039734
V0392,release_a,"The narrative concludes with Release A, corresponding to the standard discharge pathway.",4.0,release_d,4.0,0.25697556138038635,0.4469527304172516
V0393,release_b,"The outcome is Release B, realizing the alternative discharge pathway for admitted cases.",17.0,release_a,9.0,0.11633188277482986,0.3334762752056122
V0394,release_a,"The narrative finishes with Release A, representing the standard discharge pathway.",7.0,release_b,5.0,0.03250931203365326,0.3367117941379547
V0395,release_a,"The outcome is Release A, realizing the standard discharge pathway.",0.0,release_c,3.0,0.008465897291898727,0.3336629569530487
V0396,release_a,"The narrative ends with Release A, corresponding to the standard discharge pathway.",4.0,release_d,1.0,0.013027067296206951,0.3333362340927124
V0397,release_a,"The narrative finishes with Release A, realizing the standard discharge pathway.",7.0,release_d,6.0,0.13838781416416168,0.33357277512550354
V0398,,"The final outcome is Return ER after Release A, which falls outside the intended discharge taxonomy.",,release_a,6.0,,0.0004821291659027338
V0399,release_b,"The narrative ends with Release B, realizing an alternative discharge pathway for admitted cases.",9.0,release_a,2.0,0.43564072251319885,0.39499858021736145
V0400,release_a,"The narrative concludes with Release A, realizing the standard discharge pathway.",5.0,release_b,3.0,0.19016289710998535,0.33830979466438293
V0401,release_b,"The narrative ends with Release B following an admission for standard care, aligning with the Release B pathway.",8.0,release_a,4.0,0.16872632503509521,0.3336580693721771
V0402,release_a,The narrative records a standard discharge (Release A) prior to returning to the ER.,7.0,release_b,5.0,0.4163460433483124,0.0035794225987046957
V0403,release_a,The narrative contains a standard Release A event before a subsequent return to the ER.,9.0,release_b,7.0,0.5013084411621094,0.038399506360292435
V0404,release_a,The process variant concludes its initial inpatient phase with Release A before the patient returned to the ER.,6.0,release_d,5.0,0.5366268754005432,0.005003033671528101
V0405,release_a,The narrative concludes cleanly with Release A following an admission for standard care.,5.0,release_d,4.0,0.04253146052360535,0.34201958775520325
V0406,release_a,The narrative shows an admission followed directly by Release A.,6.0,release_b,4.0,0.19258244335651398,0.34072935581207275
V0407,release_b,"The narrative involves Admission IC and concludes with Release B, matching the alternative discharge pathway.",6.0,release_a,5.0,0.19865579903125763,0.3375103771686554
V0408,release_a,The narrative records Release A as the initial discharge event before a return to the ER.,7.0,release_b,4.0,0.3634699285030365,0.0024563290644437075
V0409,release_a,The narrative features a Release A event prior to a post-discharge ER return.,7.0,release_b,4.0,0.518430233001709,0.01319363247603178
V0410,release_d,"The narrative explicitly terminates with Release D, representing the alternative discharge pathway requiring extensive monitoring.",6.0,release_a,1.0,0.14332804083824158,0.33346179127693176
V0411,release_a,The process flow records a Release A event during the patient's course.,10.0,release_b,7.0,0.4456658363342285,0.3389069736003876
V0412,release_a,The narrative includes a Release A event prior to an ER return.,11.0,release_d,5.0,0.37763693928718567,0.011710703372955322
V0413,release_a,The narrative records a standard Release A followed by an ER return.,7.0,release_b,3.0,0.7562478184700012,0.3338777720928192
V0414,release_a,The narrative documents Release A as the discharge outcome before an ER return.,7.0,release_b,5.0,0.3752657473087311,0.00933949276804924
V0415,,The variant terminates at Admission NC and does not reach any discharge or release outcome.,,release_a,1.0,,0.005220815073698759
V0416,release_a,The narrative successfully concludes with Release A following admission.,8.0,release_b,4.0,0.3827272951602936,0.3348008692264557
V0417,,The variant loops back to ER Triage and does not reach any release pathway.,,release_a,3.0,,0.7037296891212463
V0418,release_a,The narrative records a Release A outcome prior to a return to the ER.,4.0,release_d,5.0,0.38543006777763367,0.010414083488285542
V0419,release_a,The narrative concludes with a standard Release A outcome.,4.0,release_b,3.0,0.012303211726248264,0.333581805229187
V0420,release_a,The narrative ends with a standard Release A outcome after admission and repeat care.,7.0,release_b,4.0,0.35955795645713806,0.3440791368484497
V0421,release_b,The narrative concludes with Release B after an extended admission and monitoring sequence.,7.0,release_a,4.0,0.09250786900520325,0.33376553654670715
V0422,release_a,The narrative features a Release A event prior to a post-discharge return to the ER.,11.0,release_c,7.0,0.53569096326828,0.0025315512903034687
V0423,release_c,"The narrative explicitly culminates in Release C, fitting the alternative discharge pathway for long-stay or complex cases.",6.0,release_a,4.0,0.021362587809562683,0.33396363258361816
V0424,release_a,The narrative records a Release A discharge event prior to an ER return.,7.0,release_b,4.0,0.6753427386283875,0.34070172905921936
V0425,release_a,The narrative concludes with a standard Release A discharge pathway.,3.0,release_c,2.0,0.014817595481872559,0.3345004618167877
V0426,release_c,"The narrative ends with Release C, matching the criteria for release_c.",4.0,release_a,2.0,0.0141684515401721,0.33333656191825867
V0427,,The narrative ends with Return ER rather than a recognized discharge category.,,release_a,4.0,,0.0008149051573127508
V0428,release_c,"The narrative ends with Release C, matching the criteria for release_c.",10.0,release_a,6.0,0.12520329654216766,0.33356547355651855
V0429,,"The narrative does not reach a discharge endpoint, ending with IV Antibiotics.",,release_a,2.0,,0.34038498997688293
V0430,release_a,"The narrative ends with Release A, matching the standard discharge pathway.",8.0,release_b,4.0,0.1183517575263977,0.33333897590637207
V0431,release_a,"The narrative ends with Release A, matching the standard discharge pathway.",2.0,release_d,3.0,0.022560274228453636,0.33460533618927
V0432,release_b,"The narrative ends with Release B, representing an alternative discharge pathway.",11.0,release_a,9.0,0.126958429813385,0.35271087288856506
V0433,release_c,"The narrative ends with Release C, matching the criteria for release_c.",6.0,release_a,2.0,0.22301410138607025,0.34123948216438293
V0434,release_a,"The narrative ends with Release A, matching the standard discharge pathway.",7.0,release_d,5.0,0.11280030012130737,0.33636870980262756
V0435,,"The narrative ultimately results in Return ER, not fitting any valid final release category.",,release_a,18.0,,0.00017225810734089464
V0436,release_b,"The narrative ends with Release B, representing an alternative discharge pathway.",8.0,release_a,5.0,0.11473110318183899,0.3347119092941284
V0437,,The narrative ends with Return ER after an intermediate Release D outcome.,,release_a,16.0,,0.0037863878533244133
V0438,release_a,"The narrative ends with Release A, matching the standard discharge pathway.",11.0,release_c,5.0,0.01035566721111536,0.3349599540233612
V0439,release_a,"The narrative ends with Release A, matching the standard discharge pathway.",28.0,release_b,12.0,0.03954935446381569,0.34028974175453186
V0440,,The narrative terminates with Return ER.,,release_a,5.0,,0.001840634853579104
V0441,,The narrative terminates with Return ER.,,release_a,1.0,,0.0024811013136059046
V0442,,The narrative terminates with Return ER.,,release_a,3.0,,1.9128923668176867e-05
V0443,,The narrative terminates with Return ER.,,release_a,2.0,,0.0003360187401995063
V0444,release_c,"The narrative ends with Release C, matching the criteria for release_c.",6.0,release_a,3.0,0.12268059700727463,0.333497554063797
V0445,release_a,"The narrative ends with Release A, matching the standard discharge pathway.",4.0,release_c,3.0,0.12949679791927338,0.33423861861228943
V0446,release_a,"The narrative ends with Release A, matching the standard discharge pathway.",5.0,release_c,5.0,0.12723098695278168,0.33469390869140625
V0447,,The narrative terminates with Return ER.,,release_a,5.0,,0.0008237233851104975
V0448,,The narrative terminates with Return ER.,,release_a,6.0,,0.0014339489862322807
V0449,,The narrative terminates with Return ER.,,release_a,3.0,,0.013261268846690655
V0450,release_a,"The narrative ends with Release A, matching the standard discharge pathway.",5.0,release_b,4.0,0.01357846986502409,0.33340534567832947
V0451,release_a,"The narrative ends with Release A, representing the standard discharge pathway for patients reaching a captured discharge.",6.0,release_b,2.0,0.3445344865322113,0.35910263657569885
V0452,release_a,"The narrative ends with Release A, representing the standard discharge pathway for patients reaching a captured discharge.",25.0,release_b,15.0,0.18643732368946075,0.33678293228149414
V0453,release_a,"The narrative includes Release A before a return to ER, matching the standard discharge pathway logic.",12.0,release_d,7.0,0.4713841378688812,0.0027760693337768316
V0454,release_a,"The narrative includes Release A before returning to the ER, aligning with the standard discharge category.",4.0,release_d,3.0,0.5140502452850342,0.017573602497577667
V0455,release_a,"The narrative ends with Release A, matching standard discharge.",5.0,release_c,4.0,0.1189335510134697,0.3333817720413208
V0456,release_a,"The narrative ends with Release A, matching standard discharge.",6.0,release_b,4.0,0.13777510821819305,0.3337065875530243
V0457,release_a,"The narrative ends with Release A, matching standard discharge.",18.0,release_b,14.0,0.1808280497789383,0.3340547978878021
V0458,release_a,"The narrative includes Release A prior to an ER return, mapping to standard discharge.",6.0,release_b,6.0,0.5639157295227051,0.16807156801223755
V0459,release_a,"The narrative ends with Release A, matching standard discharge.",7.0,release_c,3.0,0.11750491708517075,0.33499935269355774
V0460,release_a,The narrative includes Release A before returning to the ER.,5.0,release_d,4.0,0.45015034079551697,0.016903098672628403
V0461,release_a,"The narrative ends with Release A, matching standard discharge.",6.0,release_b,5.0,0.1326763927936554,0.3354508578777313
V0462,,The narrative does not culminate in any recognized discharge pathway (ends with CRP).,,release_a,1.0,,0.35143592953681946
V0463,release_a,The narrative includes Release A before returning to the ER.,8.0,release_b,4.0,0.7356338500976562,0.33593475818634033
V0464,release_a,The narrative includes Release A before returning to the ER.,8.0,release_d,6.0,0.573370635509491,0.0017006737180054188
V0465,release_a,"The narrative ends with Release A, matching standard discharge.",7.0,release_b,6.0,0.029156869277358055,0.33335936069488525
V0466,release_a,"The narrative ends with Release A, matching standard discharge.",3.0,release_b,4.0,0.1268327236175537,0.3352849781513214
V0467,release_a,The narrative includes Release A prior to a return to the ER.,8.0,release_d,5.0,0.4598911702632904,0.0071622333489358425
V0468,release_a,The narrative includes Release A prior to a return to the ER.,7.0,release_b,5.0,0.3360358774662018,0.029890360310673714
V0469,release_a,The narrative includes Release A prior to a return to the ER.,7.0,release_d,4.0,0.46728983521461487,0.00023641105508431792
V0470,release_d,"The narrative ends with Release D, representing an alternative discharge pathway for complex admitted cases requiring extensive monitoring.",5.0,release_a,2.0,0.14845110476016998,0.3334691524505615
V0471,release_a,"The narrative ends with Release A, matching standard discharge.",6.0,release_b,3.0,0.027528276666998863,0.33493587374687195
V0472,release_a,"The narrative ends with Release A, matching standard discharge.",5.0,release_d,3.0,0.023373208940029144,0.3354182541370392
V0473,release_a,The narrative includes Release A prior to returning to the ER.,7.0,release_c,4.0,0.3340323865413666,0.03329195827245712
V0474,release_a,The narrative includes Release A prior to returning to the ER.,5.0,release_b,4.0,0.4193924367427826,0.0005330360145308077
V0475,release_a,"The narrative ends with Release A, matching standard discharge.",5.0,release_b,4.0,0.01140838023275137,0.3335033357143402
V0476,release_a,The narrative ends with Release A following standard admission pathways for a captured discharge.,5.0,release_b,4.0,0.5692985653877258,0.1734543889760971
V0477,release_a,The variant ends with Release A representing the standard discharge pathway.,6.0,release_b,4.0,0.12026045471429825,0.33423805236816406
V0478,release_a,The variant concludes with Release A following standard patient treatment and discharge.,7.0,release_b,5.0,0.13156533241271973,0.33433976769447327
V0479,release_a,The process includes Release A as the discharge activity before returning to ER.,4.0,release_c,5.0,0.3352487087249756,0.030677542090415955
V0480,release_a,The narrative terminates with Release A representing a standard discharge.,6.0,release_b,3.0,0.0073051657527685165,0.33416447043418884
V0481,release_a,The case concludes with Release A following standard admission and treatment.,10.0,release_b,6.0,0.1176629364490509,0.3345555067062378
V0482,release_a,The process features Release A prior to a post-discharge ER return.,8.0,release_b,5.0,0.4542224407196045,0.012831001542508602
V0483,release_b,"The narrative ends with Release B, reflecting an alternative discharge pathway.",26.0,release_a,12.0,0.1422666311264038,0.3373398780822754
V0484,release_a,The sequence includes Release A prior to a subsequent ER return.,9.0,release_d,6.0,0.5556856393814087,0.004227946046739817
V0485,release_a,The narrative terminates with Release A as the primary discharge outcome.,22.0,release_c,16.0,0.17659664154052734,0.33397164940834045
V0486,release_d,"The narrative explicitly terminates with Release D, mapping to complex admitted cases requiring monitoring.",10.0,release_b,5.0,0.0,0.33352580666542053
V0487,release_a,The process results in Release A following standard care pathways.,7.0,release_c,7.0,0.17149139940738678,0.33369529247283936
V0488,,The narrative ends in IV Liquid without reaching any discharge category.,,release_a,3.0,,0.34470176696777344
V0489,release_a,The process successfully completes with Release A.,8.0,release_b,5.0,0.34834229946136475,0.35229626297950745
V0490,release_a,The narrative concludes with Release A.,4.0,release_b,5.0,0.18456299602985382,0.3346656262874603
V0491,release_a,The narrative terminates via Release A.,4.0,release_b,3.0,0.02745743840932846,0.3350067138671875
V0492,,The narrative ends in IV Liquid without reaching a discharge destination.,,release_a,3.0,,0.33516204357147217
V0493,release_b,"The narrative concludes with Release B, matching an alternative discharge pathway.",0.0,release_a,2.0,0.1892700046300888,0.3339519202709198
V0494,release_a,The case ends with Release A after standard admission.,7.0,release_b,6.0,0.01087894942611456,0.3336927890777588
V0495,,The process terminates at IV Antibiotics without reaching a discharge category.,,release_a,3.0,,0.33587193489074707
V0496,release_a,The narrative results in Release A.,8.0,release_c,5.0,0.12569154798984528,0.3350277841091156
V0497,release_a,The narrative includes Release A prior to an ER return.,9.0,release_b,4.0,0.6779162287712097,0.34912109375
V0498,release_d,"The narrative ends with Release D, aligning with complex monitoring and discharge.",8.0,release_a,4.0,0.11551537364721298,0.3337832987308502
V0499,release_a,The process ends with Release A.,4.0,release_c,4.0,0.1361808329820633,0.33530083298683167
V0500,release_a,The narrative successfully concludes with Release A.,8.0,release_b,4.0,0.19491763412952423,0.343064546585083
V0501,,The process terminates at IV Liquid rather than a recognized discharge category.,,release_a,2.0,,0.33455419540405273
V0502,,The process terminates at Admission NC without any discharge outcome.,,release_a,2.0,,0.014295171946287155
V0503,release_b,The narrative represents an alternative discharge pathway for admitted cases ending in Release B.,8.0,release_a,2.0,0.3765493631362915,0.3359071910381317
V0504,,"The outcome is Return ER after a standard discharge, meaning it represents a post-discharge ER return rather than a pure discharge category pathway realization.",,release_a,2.0,,0.00030690510175190866
V0505,,"The outcome is Return ER, not fitting any distinct release path category in the taxonomy.",,release_a,1.0,,0.00033978806459344923
V0506,release_a,The narrative shows standard discharge pathway culminating in Release A.,2.0,release_c,3.0,0.02511482499539852,0.3371599018573761
V0507,,The process ends at IV Antibiotics without discharge.,,release_b,3.0,,0.33435705304145813
V0508,,The process terminates with a Return ER event.,,release_a,5.0,,1.1670806998154148e-05
V0509,release_a,"The narrative concludes with Release A, representing the standard discharge pathway.",4.0,release_b,3.0,0.017429986968636513,0.33357807993888855
V0510,,The process ends at IV Antibiotics without reaching a discharge pathway.,,release_a,2.0,,0.34890270233154297
V0511,release_a,The narrative realizes the standard discharge pathway ending in Release A.,10.0,release_b,9.0,0.1878088116645813,0.3361193835735321
V0512,release_a,The narrative concludes with Release A following admission and monitoring.,6.0,release_e,7.0,0.1349440962076187,0.33653759956359863
V0513,release_a,"The narrative concludes with Release A, matching the standard discharge pathway.",4.0,release_b,5.0,0.14276130497455597,0.3339282274246216
V0514,release_a,"The narrative shows an extended stay with multiple monitoring steps, ultimately ending in Release A.",11.0,release_d,7.0,0.12473813444375992,0.33341261744499207
V0515,,The process results in a Return ER outcome.,,release_a,4.0,,0.00010612983169266954
V0516,,The process terminates prematurely at Leucocytes.,,release_a,6.0,,0.1273200362920761
V0517,,The process terminates prematurely at ER Triage.,,release_a,2.0,,0.6990668177604675
V0518,release_a,"The narrative finishes with Release A, representing the standard discharge pathway.",6.0,release_d,4.0,0.04100183770060539,0.3435492217540741
V0519,,The process results in a Return ER outcome.,,release_a,2.0,,0.0002972402435261756
V0520,,The process results in a Return ER outcome.,,release_a,1.0,,0.0032373873982578516
V0521,release_a,The narrative concludes with Release A following admission.,7.0,release_c,6.0,0.12286943197250366,0.33503758907318115
V0522,release_b,The narrative represents an alternative discharge pathway for admitted cases ending in Release B.,17.0,release_d,9.0,0.03554964065551758,0.33336952328681946
V0523,release_a,The narrative concludes with Release A after admission and monitoring.,6.0,release_b,6.0,0.17149531841278076,0.3407348394393921
V0524,release_a,"The narrative concludes with Release A, matching the standard discharge pathway.",4.0,release_d,3.0,0.008242017589509487,0.33343908190727234
V0525,release_a,"The narrative concludes with Release A, matching the standard discharge pathway.",4.0,release_d,2.0,0.17515772581100464,0.3433620035648346
V0526,release_a,"The narrative ends with Release A, representing the standard discharge pathway for patients reaching a captured discharge.",7.0,release_d,3.0,0.5423815250396729,0.010757647454738617
V0527,release_a,"The narrative concludes with Release A, which aligns with the standard discharge pathway.",8.0,release_b,5.0,0.17781539261341095,0.3414131700992584
V0528,release_a,The narrative features Release A as the discharge activity before returning to the ER.,10.0,release_d,7.0,0.563425600528717,0.008142935112118721
V0529,release_a,The variant ends its hospital stay with Release A prior to a subsequent ER return.,6.0,release_b,5.0,0.4224739074707031,0.002548444317653775
V0530,release_a,The narrative culminates in Release A before an ER return.,7.0,release_d,5.0,0.49827608466148376,0.018133459612727165
V0531,release_a,"Despite ICU admission, the patient is discharged via Release A before an ER return.",7.0,release_b,6.0,0.5021827816963196,0.1370532512664795
V0532,release_a,The narrative terminates with Release A as the final discharge event.,4.0,release_c,5.0,0.008701720274984837,0.3338777720928192
V0533,release_a,The case concludes successfully via Release A.,4.0,release_e,4.0,0.0027561839669942856,0.3337897062301636
V0534,release_a,The patient sequence ends with Release A.,5.0,release_d,3.0,0.132243350148201,0.3350178301334381
V0535,release_a,The narrative shows a discharge via Release A prior to an ER return.,6.0,release_b,4.0,0.40276864171028137,0.006924503017216921
V0536,release_a,The sequence leads to a discharge via Release A.,5.0,release_c,4.0,0.131252259016037,0.3340267241001129
V0537,release_a,The narrative terminates with Release A.,7.0,release_c,6.0,0.024813136085867882,0.33685818314552307
V0538,release_a,The sequence completes with Release A.,12.0,release_c,9.0,0.13058389723300934,0.33352580666542053
V0539,release_a,The narrative ends with Release A before a later ER return.,7.0,release_d,4.0,0.46743568778038025,0.0003822969738394022
V0540,release_b,"The narrative explicitly concludes with Release B, representing an alternative discharge pathway.",7.0,release_a,4.0,0.0934162437915802,0.3335843086242676
V0541,release_a,The process terminates with Release A representing the standard discharge pathway.,8.0,release_c,3.0,0.3619326055049896,0.33870598673820496
V0542,release_a,The sequence concludes with Release A following an admitted pathway.,8.0,release_b,8.0,0.12878413498401642,0.33812037110328674
V0543,release_a,The narrative ends with Release A before an eventual ER return.,21.0,release_b,14.0,0.4689401090145111,0.03140704333782196
V0544,release_a,The sequence terminates with Release A.,5.0,release_b,4.0,0.02286778949201107,0.33491286635398865
V0545,release_a,The narrative ends with Release A.,4.0,release_e,3.0,0.00817879568785429,0.33337584137916565
V0546,release_a,The case concludes with Release A prior to an ER return.,5.0,release_b,4.0,0.36610937118530273,0.0001831106055760756
V0547,release_b,"The narrative terminates with Release B, realizing the alternative discharge pathway for admitted cases.",16.0,release_a,10.0,0.11033594608306885,0.3333817720413208
V0548,release_a,The sequence concludes with Release A.,8.0,release_b,5.0,0.17528347671031952,0.34394514560699463
V0549,,"The narrative does not reach any discharge or release category, ending prematurely at IV Liquid.",,release_a,3.0,,0.3337417542934418
V0550,release_b,"The narrative terminates with Release B, representing an alternative discharge pathway.",9.0,release_a,3.0,0.2564503252506256,0.3768188953399658
V0551,release_a,"The narrative ends with Release A, representing the standard discharge pathway for patients reaching a captured discharge.",73.0,release_b,36.0,0.20091964304447174,0.3345264494419098
V0552,release_b,"The narrative ends with Release B, representing an alternative discharge pathway for admitted cases.",12.0,release_c,6.0,0.1828395575284958,0.3337821066379547
V0553,release_e,"The narrative ends with Release E, representing an alternative discharge pathway for captured discharges.",18.0,release_a,8.0,0.0,0.3345264494419098
V0554,release_a,"The narrative ends with Release A, matching the standard discharge pathway.",4.0,release_c,3.0,0.12063520401716232,0.3338632881641388
V0555,release_b,"The narrative ends with Release B, matching an alternative discharge pathway for admitted cases.",7.0,release_a,4.0,0.2536187469959259,0.33605316281318665
V0556,,"The narrative results in a Return ER outcome following Release A, meaning it does not fit the standard single discharge pathway scope of the categories without a return condition.",,release_a,3.0,,0.00037425188929773867
V0557,release_a,"The narrative ends with Release A, realizing the standard discharge pathway.",6.0,release_b,3.0,0.11624947935342789,0.3356926441192627
V0558,,"The narrative culminates in a Return ER outcome after Release A, so it does not cleanly match the final discharge categories.",,release_a,3.0,,0.0017119027907028794
V0559,,"The outcome is Return ER after Release A, making it part of the residual.",,release_a,4.0,,0.00030402603442780674
V0560,,"The narrative leads to Return ER after Release A, so it is excluded from the direct release categories.",,release_a,3.0,,0.0014909828314557672
V0561,release_a,"The narrative concludes with Release A, mapping to the standard discharge pathway.",6.0,release_c,5.0,0.0062007843516767025,0.33488258719444275
V0562,release_a,"The narrative concludes with Release A, matching the standard discharge pathway.",7.0,release_c,5.0,0.0044193877838552,0.33356547355651855
V0563,release_a,"The narrative ends with Release A, matching the standard discharge pathway.",13.0,release_e,9.0,0.18285870552062988,0.3363698720932007
V0564,,The case ends with Return ER following Release A.,,release_a,2.0,,0.003712746547535062
V0565,,The narrative terminates at Admission NC without a final release outcome.,,release_a,3.0,,0.017176801338791847
V0566,release_a,"The narrative ends with Release A, realizing the standard discharge pathway.",6.0,release_b,6.0,0.112700916826725,0.3364681005477905
V0567,,The narrative ends with Return ER after Release A.,,release_a,2.0,,0.0007786077912896872
V0568,release_a,"The narrative ends with Release A, representing the standard discharge pathway.",7.0,release_b,7.0,0.1692032366991043,0.3333696126937866
V0569,release_a,"The narrative ends with Release A, representing the standard discharge pathway.",2.0,release_d,2.0,0.12645457684993744,0.3354702889919281
V0570,release_a,"The narrative ends with Release A, matching the standard discharge pathway.",14.0,release_c,7.0,0.1209084764122963,0.3336900472640991
V0571,release_b,"The narrative ends with Release B, mapping to an alternative discharge pathway for admitted cases.",26.0,release_a,14.0,0.03266850486397743,0.3337017297744751
V0572,release_a,"The narrative ends with Release A, matching the standard discharge pathway.",20.0,release_b,11.0,0.1348622590303421,0.34818944334983826
V0573,,The narrative leads to a Return ER outcome after Release A.,,release_a,2.0,,5.731179771828465e-05
V0574,release_a,"The narrative ends with Release A, representing the standard discharge pathway.",13.0,release_b,10.0,0.18643230199813843,0.33387038111686707
V0575,,The narrative ends at Leucocytes without reaching a discharge or release category.,,release_a,2.0,,0.06940972059965134
V0576,release_a,"The narrative culminates in Release A, representing the standard discharge pathway for patients.",8.0,release_c,7.0,0.1437350958585739,0.33371222019195557
V0577,release_a,"The narrative ends with Release A before a return to ER, matching the standard discharge pathway.",13.0,release_c,10.0,0.4992400109767914,0.019097408279776573
V0578,release_a,"The narrative concludes with Release A, realizing the standard discharge pathway.",4.0,release_c,4.0,0.35785284638404846,0.008073407225310802
V0579,release_a,The narrative includes a standard Release A endpoint before a post-discharge ER return.,47.0,release_e,28.0,0.5581687092781067,0.0067110187374055386
V0580,,"The narrative does not reach any release or discharge outcome, ending on CRP instead.",,release_a,2.0,,0.34905365109443665
V0581,release_d,"The narrative concludes with Release D, representing an alternative discharge pathway for complex cases requiring extensive monitoring.",5.0,release_a,3.0,0.3378317058086395,0.0006664472748525441
V0582,release_a,"The narrative results in Release A, indicating the standard discharge pathway.",6.0,release_b,4.0,0.1795566827058792,0.33605316281318665
V0583,release_a,"The narrative ends with Release A, matching the standard discharge pathway.",4.0,release_c,4.0,0.12276815623044968,0.33493635058403015
V0584,,The process terminates at IV Liquid without reaching any discharge category.,,release_a,3.0,,0.33377358317375183
V0585,,The process ends at LacticAcid and does not reach a discharge pathway.,,release_a,3.0,,0.34067413210868835
V0586,release_b,"The narrative concludes with Release B, representing an alternative discharge pathway for admitted cases.",6.0,release_a,1.0,0.17465685307979584,0.3333382308483124
V0587,,The process stops at CRP without reaching a release event.,,release_a,2.0,,0.4022698402404785
V0588,release_c,"The narrative culminates in Release C, representing an alternative discharge pathway for long-stay or complex admitted cases.",12.0,release_a,5.0,0.5464620590209961,0.004931775387376547
V0589,release_b,"The narrative results in Release B, corresponding to the alternative discharge pathway for admitted cases.",7.0,release_a,5.0,0.09820970147848129,0.33431413769721985
V0590,release_a,The narrative features a Release A event before a return to ER.,6.0,release_d,5.0,0.5225982666015625,0.009025554172694683
V0591,release_a,"The narrative ends with Release A, realizing the standard discharge pathway.",7.0,release_b,4.0,0.6680858731269836,0.3479585349559784
V0592,,The process ends at IV Antibiotics without any discharge outcome.,,release_a,4.0,,0.3633485734462738
V0593,release_a,"The narrative terminates at Release A, representing standard discharge.",4.0,release_c,4.0,0.0018113679252564907,0.3336507976055145
V0594,release_b,"The narrative ends with Release B, matching the alternative discharge pathway for admitted cases.",6.0,release_a,4.0,0.0172345582395792,0.3404475748538971
V0595,release_a,The narrative includes Release A prior to a post-discharge ER return.,6.0,release_b,5.0,0.594740092754364,0.0025638891384005547
V0596,release_a,"The narrative concludes with Release A, representing the standard discharge pathway.",6.0,release_b,4.0,0.01631731167435646,0.33469077944755554
V0597,release_a,"The narrative ends with Release A, matching the standard discharge pathway.",10.0,release_c,8.0,0.16910122334957123,0.3334716260433197
V0598,release_e,"The narrative culminates in Release E, representing an alternative discharge pathway for captured discharges.",14.0,release_a,7.0,0.08387475460767746,0.3335825204849243
V0599,release_a,"The narrative concludes with Release A, realizing the standard discharge pathway.",6.0,release_b,5.0,0.03277847543358803,0.3369809687137604
V0600,release_a,"The narrative results in Release A, corresponding to the standard discharge pathway.",25.0,release_b,15.0,0.17848633229732513,0.33495357632637024
V0601,release_c,The narrative ends with Release C for a standard complex/long-stay case.,2.0,release_a,2.0,0.1286880522966385,0.33337584137916565
V0602,release_d,"The narrative ends with Release D, reflecting a complex admitted case requiring intensive monitoring.",7.0,release_a,5.0,0.10042574256658554,0.3333696126937866
V0603,release_e,"The narrative ends with Release E, matching the alternative discharge pathway for captured discharges.",9.0,release_a,2.0,0.17411257326602936,0.33371493220329285
V0604,release_a,"The narrative ends with Release A, representing the standard discharge pathway.",6.0,release_b,5.0,0.007151877973228693,0.3371104896068573
V0605,,"The outcome is Return ER, meaning it does not successfully complete a standard discharge pathway category.",,release_a,6.0,,0.014873138628900051
V0606,release_a,"The narrative ends with Release A, matching the standard discharge pathway.",6.0,release_b,5.0,0.022827768698334694,0.334872841835022
V0607,release_a,"The narrative ends with Release A, matching the standard discharge pathway.",9.0,release_c,5.0,0.13351012766361237,0.3362846076488495
V0608,release_a,"The narrative ends with Release A, matching the standard discharge pathway.",4.0,release_b,4.0,0.12172398716211319,0.3338921368122101
V0609,release_a,"The narrative ends with Release A, matching the standard discharge pathway.",7.0,release_d,6.0,0.011013012379407883,0.33355870842933655
V0610,release_a,"The narrative ends with Release A, matching the standard discharge pathway.",4.0,release_b,3.0,0.12767040729522705,0.3342544734477997
V0611,release_a,"The narrative ends with Release A, matching the standard discharge pathway.",9.0,release_c,6.0,0.18047498166561127,0.3337017297744751
V0612,release_a,"The narrative ends with Release A, matching the standard discharge pathway.",5.0,release_c,5.0,0.1352260708808899,0.33625563979148865
V0613,release_a,"The narrative ends with Release A, matching the standard discharge pathway.",4.0,release_d,4.0,0.19947297871112823,0.347619891166687
V0614,,"The outcome is Return ER, so it does not realize a final discharge category.",,release_a,1.0,,0.0008848587167449296
V0615,,The outcome is Return ER despite ending temporarily with Release C.,,release_a,2.0,,0.0017379781929776073
V0616,release_a,"The narrative ends with Release A, matching the standard discharge pathway.",4.0,release_c,4.0,0.18333519995212555,0.3351845443248749
V0617,release_a,"The narrative ends with Release A, matching the standard discharge pathway.",5.0,release_c,3.0,0.14317771792411804,0.3335118293762207
V0618,release_c,"The narrative ends with Release C, matching long-stay or complex admitted cases.",8.0,release_a,5.0,0.004107105545699596,0.33340775966644287
V0619,release_a,"The narrative ends with Release A, matching the standard discharge pathway.",7.0,release_b,4.0,0.19019611179828644,0.3383430242538452
V0620,release_a,"The narrative ends with Release A, matching the standard discharge pathway.",5.0,release_e,3.0,0.12958134710788727,0.33891761302948
V0621,release_b,"The narrative ends with Release B, realizing the alternative discharge pathway for admitted cases.",6.0,release_a,3.0,0.32662442326545715,0.40637096762657166
V0622,release_a,"The narrative ends with Release A, matching the standard discharge pathway.",21.0,release_d,13.0,0.11278945952653885,0.3360072076320648
V0623,release_a,"The narrative ends with Release A, matching the standard discharge pathway.",5.0,release_c,3.0,0.03045712597668171,0.334659606218338
V0624,release_a,"The narrative ends with Release A, matching the standard discharge pathway.",5.0,release_c,3.0,0.18131394684314728,0.33791467547416687
V0625,,"The outcome is Return ER, meaning it does not fall into a successful discharge category.",,release_d,2.0,,0.0017444564728066325
V0626,release_a,"The narrative culminates in Release A after standard admission to NC and stabilizing care, representing the standard discharge pathway.",5.0,release_c,3.0,0.24104434251785278,0.4450700283050537
V0627,release_a,"The case involves admission to NC and IC followed by Release A, though it later returned to ER.",14.0,release_b,11.0,0.5539644956588745,0.002506805816665292
V0628,release_a,The narrative represents a direct standard admission and concludes with Release A.,5.0,release_b,4.0,0.20116396248340607,0.34931087493896484
V0629,release_e,"The narrative concludes with Release E, matching the alternative discharge pathway for captured discharges.",0.0,release_a,5.0,0.15986932814121246,0.33996978402137756
V0630,release_a,The pathway includes IC and NC admissions and results in Release A.,10.0,release_b,8.0,0.13024896383285522,0.33958521485328674
V0631,release_a,The sequence shows standard admission to NC and ends with Release A before a later ER return.,5.0,release_d,3.0,0.3760167062282562,0.010090467520058155
V0632,release_a,Standard patient pathway featuring NC admission and Release A prior to readmission.,4.0,release_b,4.0,0.4170700013637543,0.002855469472706318
V0633,release_d,"The narrative concludes with Release D, reflecting the discharge pathway for complex cases requiring extensive monitoring.",0.0,release_a,3.0,0.48728999495506287,0.0007203731220215559
V0634,release_a,Straightforward sequence with standard NC admission and Release A.,6.0,release_c,4.0,0.02488708682358265,0.33693215250968933
V0635,release_a,"Involves repetitive NC admissions and laboratory work, ultimately leading to Release A.",6.0,release_b,7.0,0.5470108985900879,0.015387039631605148
V0636,,"The narrative does not conclude with a recognized release activity, ending instead with LacticAcid.",,release_a,2.0,,0.0962497815489769
V0637,release_a,Represents a standard discharge pathway with repeat NC admissions and Release A.,4.0,release_d,3.0,0.13627980649471283,0.3352018892765045
V0638,release_a,"Features standard NC admission and diagnostic repetition, ending with Release A.",6.0,release_d,4.0,0.5963672399520874,0.004191058222204447
V0639,release_a,"Includes IC and multiple NC admissions, culminating in Release A.",8.0,release_b,7.0,0.5310020446777344,0.008705905638635159
V0640,release_a,"Involves prolonged monitoring and repeated diagnostics, concluding with Release A.",9.0,release_d,6.0,0.37057051062583923,0.0046442607417702675
V0641,release_a,Represents a standard admitted pathway with NC admission and Release A.,3.0,release_d,4.0,0.4207822382450104,0.0008567627519369125
V0642,release_a,"Features IC and NC admissions with intensive monitoring, resulting in Release A.",10.0,release_c,7.0,0.13333897292613983,0.34267520904541016
V0643,release_a,"Complex course with multiple admissions to IC and NC, ultimately concluding with Release A.",23.0,release_e,11.0,0.5247435569763184,0.014964391477406025
V0644,,The process variant ends with CRP instead of a discharge event.,,release_b,1.0,,0.3505743443965912
V0645,,The process variant terminates with LacticAcid without completing a discharge path.,,release_a,2.0,,0.3411502540111542
V0646,release_a,"Despite the long sequence of labs and readmission, the discharge is via Release A.",14.0,release_c,8.0,0.4600101411342621,0.34000399708747864
V0647,release_a,Standard patient journey with NC admission and Release A.,3.0,release_b,3.0,0.2389843463897705,0.44516268372535706
V0648,release_a,Standard pathway featuring repeated lab tests and ending in Release A.,8.0,release_d,6.0,0.0046077934093773365,0.3345663845539093
V0649,release_a,"Involves multiple NC admissions and diagnostic checks, concluding with Release A.",8.0,release_b,7.0,0.4600659906864166,0.006987418979406357
V0650,release_a,Short admitted pathway involving NC admission and Release A.,8.0,release_b,3.0,0.7570047974586487,0.22538095712661743
V0651,release_a,"The narrative ends with Release A, representing the standard discharge pathway for patients reaching a captured discharge.",8.0,release_b,4.0,0.6066513657569885,0.1867259293794632
V0652,release_a,The narrative ends with Release A following a standard admission and discharge sequence.,4.0,release_c,4.0,0.5978289246559143,0.11768632382154465
V0653,release_a,"The narrative ends with Release A, representing the standard discharge pathway.",4.0,release_b,5.0,0.1299365609884262,0.33395564556121826
V0654,,The narrative ends with Leucocytes and does not reach any discharge pathway category.,,release_a,4.0,,0.08748802542686462
V0655,release_a,"The narrative concludes with Release A, representing the standard discharge pathway.",8.0,release_b,6.0,0.19601555168628693,0.3404475748538971
V0656,release_d,"The narrative explicitly ends with Release D, representing an alternative discharge pathway for complex cases requiring extensive monitoring.",10.0,release_c,6.0,0.01688617654144764,0.33352211117744446
V0657,release_a,"The narrative ends with Release A, representing the standard discharge pathway.",3.0,release_c,3.0,0.17822229862213135,0.3410062789916992
V0658,release_a,"The narrative includes Release A before an ER return, mapping to the standard discharge pathway.",7.0,release_b,4.0,0.5737728476524353,0.17792867124080658
V0659,release_a,"The narrative concludes with Release A, representing the standard discharge pathway.",7.0,release_b,3.0,0.3677331209182739,0.33376121520996094
V0660,release_a,"The narrative ends with Release A, realizing the standard discharge pathway.",18.0,release_d,11.0,0.11951271444559097,0.3337271511554718
V0661,release_a,"The narrative terminates with Release A, corresponding to the standard discharge pathway.",19.0,release_b,12.0,0.11970394849777222,0.333635538816452
V0662,release_a,"The narrative features Release A before returning to the ER, aligning with the standard discharge pathway.",10.0,release_e,7.0,0.5052788853645325,0.004931775387376547
V0663,,The narrative terminates at Admission NC and does not reach any release or discharge category.,,release_a,1.0,,0.011053969152271748
V0664,,The narrative terminates at IV Liquid and does not reach any discharge category.,,release_a,4.0,,0.367952436208725
V0665,release_a,"The narrative concludes with Release A, representing the standard discharge pathway.",4.0,release_c,4.0,0.0037342903669923544,0.33401191234588623
V0666,release_a,"The narrative ends with Release A, representing the standard discharge pathway.",7.0,release_b,2.0,0.15067389607429504,0.3406510353088379
V0667,release_a,"The narrative includes Release A prior to an ER return, mapping to the standard discharge pathway.",7.0,release_b,2.0,0.4127430021762848,0.007182460743933916
V0668,release_a,"The narrative terminates with Release A, corresponding to the standard discharge pathway.",6.0,release_c,3.0,0.38385656476020813,0.3336716592311859
V0669,release_a,"The narrative concludes with Release A, representing the standard discharge pathway.",3.0,release_b,4.0,0.025268977507948875,0.33719518780708313
V0670,release_a,"The narrative contains Release A before an additional ER visit and laboratory check, realizing the standard discharge pathway.",10.0,release_d,4.0,0.3466305732727051,0.33360064029693604
V0671,release_a,"The narrative contains Release A prior to an ER return, aligning with the standard discharge pathway.",8.0,release_b,4.0,0.3844194710254669,0.011424671858549118
V0672,release_b,"The narrative explicitly terminates with Release B, representing an alternative discharge pathway for admitted cases.",18.0,release_a,12.0,0.09286033362150192,0.33423009514808655
V0673,release_a,"The narrative ends with Release A, representing the standard discharge pathway.",9.0,release_b,6.0,0.1147889569401741,0.33438006043434143
V0674,release_a,"The narrative concludes with Release A, representing the standard discharge pathway.",39.0,release_b,22.0,0.15325964987277985,0.3359471559524536
V0675,release_d,"The narrative concludes with Release D before an ER return, representing the alternative discharge pathway for complex cases requiring extensive monitoring.",7.0,release_a,5.0,0.40084752440452576,0.0009016120457090437
V0676,,The narrative ends with IV Antibiotics and does not reach a discharge pathway.,,release_a,4.0,,0.3567776679992676
V0677,release_a,"The narrative ends with Release A, representing the standard discharge pathway.",8.0,release_b,3.0,0.7154855728149414,0.3359721601009369
V0678,release_a,"The narrative ends with Release A, representing the standard discharge pathway.",6.0,release_b,5.0,0.13449282944202423,0.3369888365268707
V0679,,The narrative ends with IV Antibiotics and does not reach a discharge pathway.,,release_a,2.0,,0.33444395661354065
V0680,release_a,"The narrative ends with Release A, representing the standard discharge pathway.",9.0,release_d,7.0,0.4765861928462982,0.023760927841067314
V0681,release_a,"The narrative ends with Release A, representing the standard discharge pathway.",5.0,release_d,5.0,0.5655896067619324,0.16974543035030365
V0682,release_b,"The narrative ends with Release B, representing an alternative discharge pathway for admitted cases.",8.0,release_a,6.0,0.002525369171053171,0.33532166481018066
V0683,release_a,"The narrative ends with Release A, representing the standard discharge pathway.",8.0,release_d,6.0,0.12473329901695251,0.33340775966644287
V0684,release_a,"The narrative ends with Release A, representing the standard discharge pathway.",5.0,release_b,4.0,0.11871606856584549,0.3338575065135956
V0685,,The narrative ends with IV Antibiotics and does not reach a discharge pathway.,,release_a,2.0,,0.3453831672668457
V0686,release_a,"The narrative ends with Release A, representing the standard discharge pathway.",8.0,release_b,3.0,0.7565216422080994,0.3341515064239502
V0687,release_a,"The narrative ends with Release A, representing the standard discharge pathway.",5.0,release_d,4.0,0.4758780002593994,0.004264625255018473
V0688,release_a,"The narrative ends with Release A, representing the standard discharge pathway.",5.0,release_b,4.0,0.37733104825019836,0.011404822580516338
V0689,,The narrative ends with IV Antibiotics and does not reach a discharge pathway.,,release_a,4.0,,0.3464854955673218
V0690,release_a,"The narrative ends with Release A, representing the standard discharge pathway.",10.0,release_b,8.0,0.12367311865091324,0.33365729451179504
V0691,release_b,"The narrative ends with Release B, representing an alternative discharge pathway for admitted cases.",8.0,release_a,2.0,0.39484599232673645,0.35420385003089905
V0692,release_b,"The narrative ends with Release B, representing an alternative discharge pathway for admitted cases.",6.0,release_a,3.0,0.3739825189113617,0.3333403766155243
V0693,release_a,"The narrative ends with Release A, representing the standard discharge pathway.",5.0,release_c,5.0,0.5024300217628479,0.11563631892204285
V0694,,The narrative ends with ER Sepsis Triage and does not reach a discharge pathway.,,release_a,4.0,,0.4308895766735077
V0695,release_a,"The narrative ends with Release A, representing the standard discharge pathway.",3.0,release_c,5.0,0.11651227623224258,0.3357062041759491
V0696,release_a,"The narrative ends with Release A, representing the standard discharge pathway.",10.0,release_b,7.0,0.5904927849769592,0.0014559595147147775
V0697,release_a,"The narrative ends with Release A, representing the standard discharge pathway.",7.0,release_b,3.0,0.034189946949481964,0.3383924663066864
V0698,release_a,"The narrative ends with Release A, representing the standard discharge pathway.",4.0,release_d,4.0,0.14458529651165009,0.33456242084503174
V0699,release_a,"The narrative ends with Release A, representing the standard discharge pathway.",6.0,release_b,5.0,0.02719779498875141,0.3352663516998291
V0700,release_b,"The narrative ends with Release B, representing an alternative discharge pathway for admitted cases.",8.0,release_a,2.0,0.2677418291568756,0.33369848132133484
V0701,release_c,"The narrative ends with Release C, representing the alternative discharge pathway for long-stay or complex admitted cases.",8.0,release_a,3.0,0.0,0.33367064595222473
V0702,release_a,"The narrative ends with Release A, representing the standard discharge pathway for patients reaching a captured discharge.",4.0,release_b,4.0,0.1191369891166687,0.3334365785121918
V0703,,"The narrative does not conclude with any release pathway matching the taxonomy, ending in IV Liquid instead.",,release_a,2.0,,0.33499279618263245
V0704,release_a,"The narrative ends with Release A, matching the standard discharge pathway.",5.0,release_c,6.0,0.11694128066301346,0.3363982141017914
V0705,release_a,"The narrative includes Release A before concluding with a return to the ER, thus realizing the standard discharge pathway initially.",6.0,release_d,5.0,0.46777501702308655,0.0007216189987957478
V0706,release_a,"The narrative ends with Release A, representing the standard discharge pathway.",6.0,release_b,1.0,0.39301106333732605,0.333533376455307
V0707,,The narrative terminates at Admission NC and does not reach any release pathway.,,release_a,1.0,,0.0033132981043308973
V0708,,The narrative terminates at IV Antibiotics without reaching a discharge pathway.,,release_b,5.0,,0.3469402492046356
V0709,release_b,"The narrative ends with Release B, representing an alternative discharge pathway for admitted cases.",4.0,release_a,2.0,0.16827966272830963,0.3341047465801239
V0710,release_c,"The narrative ends with Release C, reflecting a long-stay or complex admitted case pathway.",173.0,release_a,70.0,0.14703625440597534,0.33356043696403503
V0711,release_a,"The narrative concludes with Release A, matching the standard discharge pathway.",6.0,release_b,3.0,0.12385710328817368,0.33602526783943176
V0712,release_a,The narrative includes Release A as its discharge step before a return to the ER.,13.0,release_b,10.0,0.5280026793479919,0.011705269105732441
V0713,,The narrative terminates at IV Antibiotics without any discharge outcome.,,release_a,3.0,,0.3506447970867157
V0714,release_a,"The narrative ends with Release A, realizing the standard discharge pathway.",5.0,release_c,4.0,0.019645793363451958,0.33452916145324707
V0715,release_b,"The narrative concludes with Release B, representing an alternative discharge pathway for admitted cases.",7.0,release_a,4.0,0.13050569593906403,0.3562581539154053
V0716,release_a,"The narrative ends with Release A, matching the standard discharge pathway.",6.0,release_b,2.0,0.11757367849349976,0.33464479446411133
V0717,release_a,"The narrative ends with Release A, realizing the standard discharge pathway.",6.0,release_d,4.0,0.12177345156669617,0.33394160866737366
V0718,release_d,"The narrative concludes with Release D, representing an alternative discharge pathway for complex admitted cases requiring extensive monitoring.",20.0,release_a,13.0,0.4685699939727783,0.0018020950956270099
V0719,release_a,The narrative includes Release A as its discharge pathway before a return to the ER.,8.0,release_d,6.0,0.37977495789527893,0.013848703354597092
V0720,release_a,The narrative includes Release A as its discharge pathway before a return to the ER.,3.0,release_d,4.0,0.46927452087402344,0.0006664472748525441
V0721,release_a,The narrative includes Release A as its discharge pathway before a return to the ER.,15.0,release_c,8.0,0.38407477736473083,0.011769384145736694
V0722,release_a,"The narrative ends with Release A, realizing the standard discharge pathway.",6.0,release_b,3.0,0.0359409861266613,0.34014347195625305
V0723,release_a,"The narrative ends with Release A, realizing the standard discharge pathway.",7.0,release_b,5.0,0.1264108568429947,0.33551403880119324
V0724,release_a,The narrative includes Release A as its discharge pathway before a return to the ER.,6.0,release_b,4.0,0.3349176347255707,0.034177206456661224
V0725,release_d,"The narrative ends with Release D, representing an alternative discharge pathway for complex admitted cases requiring extensive monitoring.",10.0,release_a,2.0,0.2604072391986847,0.33486512303352356
V0726,release_a,The narrative ends with Release A after standard admission and treatment pathway.,18.0,release_b,11.0,0.11614701896905899,0.33719244599342346
V0727,release_a,The narrative records a discharge via Release A before a subsequent return to the ER.,5.0,release_b,4.0,0.4270525276660919,0.007127065677195787
V0728,release_a,The narrative results in Release A following standard admission.,6.0,release_b,5.0,0.12967358529567719,0.3390098512172699
V0729,release_a,The narrative results in Release A following standard admission.,6.0,release_b,5.0,0.12968988716602325,0.3390261232852936
V0730,release_a,The narrative results in Release A following standard admission.,4.0,release_c,3.0,0.024499090388417244,0.3365441560745239
V0731,release_a,The narrative results in Release A following standard admission.,7.0,release_d,3.0,0.19812722504138947,0.34647223353385925
V0732,release_a,The narrative results in Release A following standard admission.,8.0,release_b,3.0,0.33383914828300476,0.34988364577293396
V0733,release_a,The narrative results in Release A following standard admission.,7.0,release_d,3.0,0.13468647003173828,0.33679521083831787
V0734,release_a,The narrative records Release A before a subsequent return to the ER.,3.0,release_c,4.0,0.5904808044433594,0.17055530846118927
V0735,release_a,The narrative results in Release A following standard admission.,6.0,release_d,3.0,0.3575335741043091,0.3461035192012787
V0736,release_a,The narrative results in Release A following standard admission.,5.0,release_c,4.0,0.012299719266593456,0.33358529210090637
V0737,release_a,The narrative results in Release A following standard admission.,6.0,release_d,5.0,0.023074278607964516,0.335119366645813
V0738,release_a,The narrative results in Release A following standard admission.,5.0,release_b,4.0,0.0470406748354435,0.3375103771686554
V0739,release_a,The narrative results in Release A following standard admission.,8.0,release_d,6.0,0.12996411323547363,0.33930036425590515
V0740,release_a,The narrative results in Release A following standard admission.,7.0,release_d,5.0,0.018446197733283043,0.3341048061847687
V0741,release_a,The narrative results in Release A following standard admission.,6.0,release_b,4.0,0.025398142635822296,0.33706602454185486
V0742,,"The narrative does not culminate in any discharge pathway, ending instead in LacticAcid.",,release_a,3.0,,0.10897424817085266
V0743,release_a,The narrative results in Release A following standard admission.,8.0,release_b,3.0,0.01184309646487236,0.33393803238868713
V0744,release_a,The narrative records Release A before a subsequent return to the ER.,15.0,release_d,10.0,0.4942150115966797,0.006132142152637243
V0745,release_a,The narrative records Release A before a subsequent return to the ER.,8.0,release_b,5.0,0.5699175596237183,0.11935805529356003
V0746,release_a,The narrative records Release A before a subsequent return to the ER.,25.0,release_b,16.0,0.5137736797332764,0.013426513411104679
V0747,release_c,"The narrative explicitly culminates in Release C, representing an alternative discharge for long-stay or complex cases.",5.0,release_a,5.0,0.09782085567712784,0.33414873480796814
V0748,release_a,The narrative records Release A before a subsequent return to the ER.,7.0,release_b,5.0,0.49486541748046875,0.014722787775099277
V0749,release_a,The narrative results in Release A following standard admission.,4.0,release_c,2.0,0.02470836229622364,0.3367534577846527
V0750,,The narrative terminates at IV Antibiotics without reaching any discharge pathway.,,release_a,3.0,,0.34315261244773865
V0751,release_a,The narrative represents a standard discharge pathway ending in Release A for an admitted patient.,4.0,release_b,3.0,0.021613003686070442,0.3336580693721771
V0752,release_a,The narrative contains a captured discharge via Release A before a post-discharge return to the ER.,19.0,release_b,6.0,0.4925965368747711,0.007750561460852623
V0753,release_a,The narrative shows a captured discharge through Release A followed by an ER return.,6.0,release_b,4.0,0.3835885524749756,0.012255621142685413
V0754,release_a,The narrative concludes with Release A prior to an ER return.,5.0,release_d,4.0,0.3475821912288666,0.018344061449170113
V0755,release_a,The narrative represents the standard discharge pathway ending in Release A.,5.0,release_e,4.0,0.13611070811748505,0.3353709876537323
V0756,release_a,The narrative includes a standard Release A event prior to a subsequent ER return.,31.0,release_d,15.0,0.5799259543418884,0.004854610655456781
V0757,release_a,The narrative shows a standard discharge via Release A before an ER return.,6.0,release_d,6.0,0.462573379278183,0.004480055999010801
V0758,release_a,"The narrative ends in Release A, representing the standard discharge pathway.",4.0,release_c,3.0,0.15794743597507477,0.3479245603084564
V0759,,"The outcome is IV Antibiotics rather than a discharge pathway, so no release category applies.",,release_a,3.0,,0.3767373561859131
V0760,release_a,The narrative concludes with Release A following standard admission.,6.0,release_b,5.0,0.11168402433395386,0.3361785113811493
V0761,release_a,The narrative leads to Release A as the standard discharge outcome.,6.0,release_c,6.0,0.02651035040616989,0.33595380187034607
V0762,release_a,The narrative represents an admitted case leading to Release A.,23.0,release_b,14.0,0.14204779267311096,0.34193137288093567
V0763,release_a,The narrative contains a Release A event prior to a post-discharge ER return.,41.0,release_b,21.0,0.5355496406555176,0.004158315248787403
V0764,,The case terminates at ER Sepsis Triage without reaching a discharge or release pathway.,,release_a,3.0,,0.33717337250709534
V0765,release_a,The narrative shows a discharge via Release A followed by an ER return.,6.0,release_b,6.0,0.5380800366401672,0.006456186529248953
V0766,release_a,The narrative concludes with Release A representing the standard discharge pathway.,6.0,release_b,3.0,0.19434989988803864,0.3424968421459198
V0767,release_a,The narrative exhibits a Release A event prior to an ER return.,9.0,release_b,2.0,0.7184297442436218,0.33363866806030273
V0768,release_a,The narrative ends in Release A after an admission.,9.0,release_b,4.0,0.3512434959411621,0.3493950664997101
V0769,release_a,The narrative leads to a standard Release A discharge.,4.0,release_b,4.0,0.004380641505122185,0.3343392312526703
V0770,release_a,The narrative includes a Release A discharge followed by an ER return.,7.0,release_b,6.0,0.5289331078529358,0.010774829424917698
V0771,release_a,The narrative results in a standard Release A discharge pathway.,4.0,release_b,2.0,0.11896464228630066,0.3336088955402374
V0772,,The process terminates at CRP and does not reach a discharge pathway.,,release_a,2.0,,0.35271406173706055
V0773,release_a,The narrative concludes with a standard Release A discharge.,5.0,release_b,2.0,0.18858051300048828,0.33672741055488586
V0774,,The variant ends at ER Sepsis Triage and does not complete a discharge pathway.,,release_a,3.0,,0.35368454456329346
V0775,,The process ends at CRP without reaching a release or discharge event.,,release_a,2.0,,0.35355398058891296
V0776,release_a,"The narrative ends with Release A, representing the standard discharge pathway for patients reaching a captured discharge.",4.0,release_c,3.0,0.13475339114665985,0.3367283046245575
V0777,,"The narrative does not conclude with a discharge pathway, ending instead at Leucocytes.",,release_b,4.0,,0.3730004131793976
V0778,,The narrative ends with Leucocytes rather than any discharge category.,,release_b,4.0,,0.24414904415607452
V0779,release_a,"The narrative includes Release A before ending in Return ER, realizing the standard discharge pathway category.",6.0,release_b,3.0,0.33798572421073914,0.027940519154071808
V0780,release_a,"The narrative concludes with Release A, matching the standard discharge pathway.",15.0,release_c,8.0,0.0181291364133358,0.3357985317707062
V0781,release_c,"The narrative concludes with Release C, matching the alternative discharge pathway for long-stay or complex cases.",8.0,release_a,5.0,0.11365271359682083,0.33335208892822266
V0782,release_a,"The narrative concludes with Release A, matching the standard discharge pathway.",8.0,release_c,5.0,0.00953094381839037,0.3357846736907959
V0783,release_a,"The narrative concludes with Release A, matching the standard discharge pathway.",7.0,release_d,6.0,0.004400331526994705,0.33435893058776855
V0784,release_a,"The narrative concludes with Release A, matching the standard discharge pathway.",9.0,release_b,7.0,0.019454825669527054,0.337124228477478
V0785,release_a,"The narrative includes Release A before a return to ER, realizing the standard discharge pathway.",5.0,release_b,4.0,0.5280287265777588,0.011679232120513916
V0786,release_a,"The narrative concludes with Release A, matching the standard discharge pathway.",8.0,release_e,6.0,0.11122780293226242,0.33756887912750244
V0787,release_a,"The narrative includes Release A before a return to ER, realizing the standard discharge pathway.",6.0,release_d,5.0,0.479013055562973,0.001129603828303516
V0788,release_a,"The narrative concludes with Release A, matching the standard discharge pathway.",3.0,release_d,3.0,0.022650590166449547,0.3346956670284271
V0789,release_a,"The narrative concludes with Release A, matching the standard discharge pathway.",4.0,release_b,4.0,0.13127081096172333,0.33404529094696045
V0790,release_d,"The narrative concludes with Release D, matching the alternative discharge pathway for complex admitted cases requiring extensive monitoring.",9.0,release_a,4.0,0.017393022775650024,0.3333390951156616
V0791,,The narrative terminates at IV Antibiotics and does not reach any discharge category.,,release_b,3.0,,0.36149027943611145
V0792,release_b,"The narrative concludes with Release B, matching the alternative discharge pathway for admitted cases.",4.0,release_a,2.0,0.17286531627178192,0.3333362340927124
V0793,release_a,"The narrative concludes with Release A, matching the standard discharge pathway.",6.0,release_e,6.0,0.12049741297960281,0.33382460474967957
V0794,release_a,"The narrative includes Release A before a return to ER, realizing the standard discharge pathway.",10.0,release_c,6.0,0.3745177090167999,0.008591464720666409
V0795,release_a,"The narrative concludes with Release A, matching the standard discharge pathway.",41.0,release_e,21.0,0.18302392959594727,0.33336952328681946
V0796,release_a,"The narrative concludes with Release A, matching the standard discharge pathway.",8.0,release_b,3.0,0.3542153537273407,0.3464232385158539
V0797,release_a,"The narrative includes Release A before a return to ER, realizing the standard discharge pathway.",7.0,release_e,5.0,0.5307222008705139,0.0009016120457090437
V0798,release_a,"The narrative includes Release A before a return to ER, realizing the standard discharge pathway.",4.0,release_d,3.0,0.39378252625465393,0.0020616312976926565
V0799,release_a,"The narrative concludes with Release A, matching the standard discharge pathway.",6.0,release_b,4.0,0.06552668660879135,0.34764230251312256
V0800,release_a,"The narrative concludes with Release A, matching the standard discharge pathway.",6.0,release_c,4.0,0.13509836792945862,0.34443461894989014
V0801,release_a,"The narrative ends with Release A, representing the standard discharge pathway for patients reaching a captured discharge.",6.0,release_d,5.0,0.11179050803184509,0.3362849950790405
V0802,release_d,"The narrative ends with Release D, representing the alternative discharge pathway for complex admitted cases requiring extensive monitoring.",7.0,release_a,2.0,0.024389848113059998,0.33333656191825867
V0803,release_b,"The narrative ends with Release B, representing an alternative discharge pathway for admitted cases.",8.0,release_a,6.0,0.019882751628756523,0.3430957794189453
V0804,release_a,The narrative includes Release A as a discharge pathway before returning to the ER.,6.0,release_c,4.0,0.4178171157836914,0.0021083580795675516
V0805,release_a,"The narrative concludes with Release A, matching the standard discharge pathway.",31.0,release_d,14.0,0.13241270184516907,0.34573987126350403
V0806,release_a,The narrative shows an intermediate Release A before returning to the ER.,9.0,release_d,7.0,0.510651171207428,0.010304062627255917
V0807,release_a,"The narrative ends with Release A, representing the standard discharge pathway.",6.0,release_b,2.0,0.1988704353570938,0.3457289934158325
V0808,release_a,The narrative features Release A as the discharge activity before an ER return.,8.0,release_c,6.0,0.3854053020477295,0.010438856668770313
V0809,release_a,"The narrative terminates with Release A, aligning with the standard discharge pathway.",8.0,release_b,6.0,0.11820659786462784,0.33401188254356384
V0810,release_a,"The narrative terminates with Release A, standard discharge pathway.",4.0,release_d,4.0,0.1253625899553299,0.33656227588653564
V0811,release_a,"The narrative concludes with Release A, representing standard discharge.",7.0,release_d,5.0,0.12202084809541702,0.3345414698123932
V0812,release_a,The narrative contains Release A prior to a return to the ER.,7.0,release_b,3.0,0.6908172965049744,0.22223521769046783
V0813,release_a,"The narrative finishes with Release A, the standard discharge pathway.",13.0,release_b,9.0,0.015099708922207355,0.33389756083488464
V0814,release_a,"The narrative ends with Release A, matching standard discharge.",5.0,release_c,4.0,0.016053332015872,0.33495473861694336
V0815,release_a,The narrative includes Release A as the discharge point prior to ER return.,13.0,release_c,6.0,0.46016526222229004,0.006888128817081451
V0816,,The process terminates at IV Antibiotics without reaching any release or discharge outcome.,,release_b,4.0,,0.3515796959400177
V0817,release_c,"The narrative concludes with Release C, representing an alternative discharge pathway for long-stay or complex admitted cases.",11.0,release_a,6.0,0.4675966799259186,0.0001831106055760756
V0818,release_a,"The narrative ends with Release A, representing the standard discharge pathway.",14.0,release_d,6.0,0.012001019902527332,0.33335208892822266
V0819,release_a,"The narrative ends with Release A, standard discharge.",5.0,release_b,6.0,0.11598672717809677,0.33348116278648376
V0820,,The process ends at LacticAcid without completing any discharge pathway.,,release_a,2.0,,0.36585330963134766
V0821,release_a,The narrative shows Release A before a return to the ER.,8.0,release_e,4.0,0.4936908185482025,0.013548166491091251
V0822,release_a,The narrative terminates with Release A prior to an ER return.,49.0,release_b,24.0,0.5787975192070007,0.00372619298286736
V0823,release_a,The narrative features Release A before an ER return.,7.0,release_b,4.0,0.7632786631584167,0.3361673057079315
V0824,release_a,"The narrative ends with Release A, representing the standard discharge pathway.",5.0,release_b,4.0,0.000614195829257369,0.335931658744812
V0825,release_a,The narrative includes Release A prior to a subsequent ER return.,6.0,release_b,3.0,0.5761169791221619,0.17714180052280426
V0826,,"The narrative ends in Admission NC without a release activity, so it does not realize any discharge pathway category.",,release_b,2.0,,0.033031780272722244
V0827,release_a,"The narrative concludes with Release A following standard admission and monitoring, matching the standard discharge pathway for captured discharges.",7.0,release_d,5.0,0.3705711364746094,0.004644878674298525
V0828,release_a,"The narrative ends with Release A, realizing the standard discharge pathway for captured discharges.",9.0,release_b,7.0,0.6842108368873596,0.23171526193618774
V0829,release_a,"The narrative concludes with Release A, representing the standard discharge pathway.",4.0,release_c,4.0,0.11125414818525314,0.3357486426830292
V0830,release_a,"The narrative ends with Release A, realizing the standard discharge pathway.",9.0,release_d,7.0,0.11260849237442017,0.33656051754951477
V0831,release_d,"The narrative concludes with Release D, representing an alternative discharge pathway for complex admitted cases requiring extensive monitoring.",8.0,release_a,4.0,0.13306941092014313,0.333497554063797
V0832,,The narrative terminates at IV Antibiotics and does not reach any release activity.,,release_a,2.0,,0.36087003350257874
V0833,release_a,"The narrative ends with Release A, realizing the standard discharge pathway.",11.0,release_c,7.0,0.11691275984048843,0.33530569076538086
V0834,release_a,"The narrative includes a discharge via Release A before a return to ER, realizing the standard discharge pathway.",15.0,release_b,11.0,0.5128048062324524,0.012457691133022308
V0835,release_a,"The narrative ends with Release A, realizing the standard discharge pathway.",2.0,release_c,2.0,0.025480633601546288,0.3369835317134857
V0836,release_a,"The narrative concludes with Release A, representing the standard discharge pathway.",8.0,release_b,8.0,0.11273980885744095,0.3339768648147583
V0837,release_a,"The narrative ends with Release A after intensive care and normal care admissions, matching the standard discharge pathway.",5.0,release_b,6.0,0.011088811792433262,0.333482950925827
V0838,release_a,"The narrative concludes with Release A, realizing the standard discharge pathway.",7.0,release_b,3.0,0.3727737367153168,0.334408164024353
V0839,release_a,"The narrative ends with Release A, representing the standard discharge pathway.",6.0,release_d,5.0,0.0231174249202013,0.33516252040863037
V0840,release_b,"The narrative concludes with Release B following an extended and complex stay, realizing the alternative discharge pathway for admitted cases.",53.0,release_a,22.0,0.19891108572483063,0.37749969959259033
V0841,release_a,"The narrative ends with Release A, realizing the standard discharge pathway.",6.0,release_d,2.0,0.06519128382205963,0.34730687737464905
V0842,release_a,"The narrative includes Release A prior to an ER return, realizing the standard discharge pathway.",7.0,release_b,5.0,0.35160019993782043,0.01432603970170021
V0843,,The narrative ends with IV Liquid and does not reach a release activity.,,release_b,1.0,,0.33354461193084717
V0844,release_a,"The narrative concludes with Release A, representing the standard discharge pathway.",14.0,release_b,10.0,0.17567569017410278,0.3886915147304535
V0845,release_a,"The narrative ends with Release A, realizing the standard discharge pathway.",18.0,release_b,11.0,0.11915761232376099,0.33418187499046326
V0846,release_a,"The narrative concludes with Release A, representing the standard discharge pathway.",4.0,release_c,3.0,0.12995310127735138,0.3392893373966217
