variant_id,category_id,rationale,structural_distance_to_category_medoid,nearest_other_category_id,nearest_other_category_structural_distance,profile_distance_to_category_medoid,nearest_other_category_profile_distance
V0001,,The narrative ends at ER Sepsis Triage and does not involve any discharge or release pathway.,,release_a,2.0,,0.3996862471103668
V0002,,The narrative terminates at CRP testing in the ER and does not represent a discharge pathway.,,release_a,2.0,,0.3868909180164337
V0003,,The process ends at Leucocytes testing and does not lead to a patient release.,,release_a,2.0,,0.3938073217868805
V0004,,The process ends at IV Antibiotics administration without admission or discharge.,,release_a,2.0,,0.3561701476573944
V0005,,The sequence concludes with LacticAcid testing in the emergency department.,,release_a,2.0,,0.38819071650505066
V0006,,The narrative finishes after administering IV Antibiotics in the ER.,,release_b,2.0,,0.33371415734291077
V0007,,The trace stops at IV Antibiotics without any admission or discharge activity.,,release_b,2.0,,0.33662155270576477
V0008,release_a,The patient is admitted and successfully processed through the standard release pathway (Release A).,7.0,release_b,2.0,0.36189985275268555,0.3369273245334625
V0009,,The narrative concludes with IV Antibiotics treatment in the ER.,,release_a,2.0,,0.3448009192943573
V0010,,The process trace ends at ER Sepsis Triage.,,release_a,2.0,,0.3493982255458832
V0011,,The sequence terminates at IV Antibiotics without reaching any discharge activity.,,release_b,2.0,,0.3334716260433197
V0012,,The narrative ends with IV Antibiotics administration in the ER.,,release_a,2.0,,0.3901524841785431
V0013,,The process stops at Leucocytes testing in the emergency department.,,release_a,3.0,,0.3775876760482788
V0014,release_a,The patient is admitted and discharged via the standard Release A pathway.,8.0,release_b,2.0,0.3577549159526825,0.34107232093811035
V0015,release_a,The patient undergoes admission and standard release via Release A.,4.0,release_b,3.0,0.03566834703087807,0.34168222546577454
V0016,release_a,"Following admission, the patient is discharged through the standard Release A pathway.",2.0,release_b,3.0,0.023234130814671516,0.3370905816555023
V0017,,The sequence terminates at ER Sepsis Triage.,,release_a,3.0,,0.3776973485946655
V0018,release_a,The patient is admitted and reaches the standard Release A pathway.,6.0,release_c,3.0,0.3568616807460785,0.34196552634239197
V0019,,The narrative ends at IV Antibiotics administration in the ER.,,release_a,3.0,,0.34530603885650635
V0020,,The process terminates with CRP testing in the ER.,,release_a,3.0,,0.38946422934532166
V0021,release_a,"The patient was discharged via Release A after admission, despite experiencing a subsequent ER return.",5.0,release_b,4.0,0.3730107843875885,0.005273167043924332
V0022,release_a,The patient is admitted and discharged via the standard Release A pathway.,6.0,release_c,1.0,0.3563199043273926,0.34250733256340027
V0023,release_a,The patient underwent standard discharge via Release A following admission.,8.0,release_c,4.0,0.37762269377708435,0.009885069914162159
V0024,,The narrative stops at Admission NC without showing a release pathway.,,release_a,2.0,,0.004364368971437216
V0025,,The sequence ends with IV Antibiotics administration in the ER.,,release_a,2.0,,0.33436623215675354
V0026,release_a,The patient was released via the standard Release A pathway after admission.,4.0,release_d,4.0,0.5199500918388367,0.1811208873987198
V0027,,The narrative terminates after IV Antibiotics treatment in the ER.,,release_b,3.0,,0.3358197510242462
V0028,release_a,The patient is admitted and discharged through the standard Release A pathway.,5.0,release_b,2.0,0.4048873484134674,0.007231835275888443
V0029,,The process ends at Leucocytes testing in the emergency department.,,release_b,2.0,,0.3802293837070465
V0030,release_a,"Following admission, the patient is released via the standard Release A pathway.",4.0,release_e,4.0,0.024563884362578392,0.3360888957977295
V0031,,The narrative ends at LacticAcid testing in the ER.,,release_b,3.0,,0.3646189868450165
V0032,release_a,The patient is admitted and undergoes standard release via Release A.,4.0,release_d,5.0,0.35336101055145264,0.01437660213559866
V0033,release_a,The patient is admitted and discharged via the standard Release A pathway.,6.0,release_d,4.0,0.5885335206985474,0.16679668426513672
V0034,,The process terminates with IV Liquid administration in the ER.,,release_a,2.0,,0.33619096875190735
V0035,release_a,The patient is admitted and follows the standard Release A discharge pathway.,1.0,release_c,2.0,0.0025110591668635607,0.3336624205112457
V0036,,The narrative finishes at CRP testing in the ER.,,release_b,3.0,,0.39477190375328064
V0037,release_b,The patient is admitted and processed through the alternative discharge pathway Release B.,5.0,release_a,1.0,0.3478574752807617,0.33376121520996094
V0038,,The narrative terminates after IV Antibiotics administration in the ER.,,release_a,3.0,,0.33445248007774353
V0039,release_a,The patient is admitted and discharged via the standard Release A pathway.,4.0,release_b,4.0,0.11471235752105713,0.33401814103126526
V0040,,The sequence ends at Admission NC without an explicit release activity.,,release_b,1.0,,0.009225305169820786
V0041,release_a,The patient is admitted and successfully processed through the standard Release A pathway.,2.0,release_c,3.0,0.13836026191711426,0.3335843086242676
V0042,release_a,"Following admission, the patient is discharged via the standard Release A pathway.",4.0,release_b,3.0,0.02587503381073475,0.33477774262428284
V0043,,The narrative ends with LacticAcid testing in the ER.,,release_a,2.0,,0.37702012062072754
V0044,release_a,The patient is admitted and discharged via the standard Release A pathway.,4.0,release_b,3.0,0.028955580666661263,0.3349694311618805
V0045,release_a,The patient undergoes admission and standard release via Release A.,8.0,release_d,3.0,0.7144916653633118,0.3387773036956787
V0046,release_a,"Following admission, the patient is released via the standard Release A pathway.",4.0,release_c,4.0,0.010306290350854397,0.3337673246860504
V0047,release_a,The patient is admitted and discharged through the standard Release A pathway.,6.0,release_c,3.0,0.37708672881126404,0.33553382754325867
V0048,release_a,The patient is admitted and follows the standard Release A discharge pathway.,2.0,release_d,2.0,0.012953873723745346,0.33444809913635254
V0049,release_a,"The patient is admitted and discharged via the standard Release A pathway, despite a later return to the ER.",7.0,release_c,5.0,0.42897769808769226,0.007240867242217064
V0050,,The narrative concludes with CRP testing in the ER.,,release_a,3.0,,0.38090047240257263
V0051,release_a,"The narrative shows standard admission (Admission NC) and ends with Release A, supporting discharge for admitted patients.",3.0,release_c,3.0,0.1270235776901245,0.3335767686367035
V0052,release_a,"The narrative follows the standard admission pathway ending in Release A, followed by post-discharge ER return.",3.0,release_d,3.0,0.4060424268245697,0.006109035108238459
V0053,release_a,Standard admission and discharge path resulting in Release A.,9.0,release_b,4.0,0.3799898624420166,0.3340359926223755
V0054,release_a,"Standard admission and discharge path resulting in Release A, followed by return to ER.",5.0,release_d,4.0,0.3784903585910797,0.010752740316092968
V0055,release_a,Standard admission and discharge path culminating in Release A.,3.0,release_c,4.0,0.5013391971588135,0.016950344666838646
V0056,,The process ends at IV Antibiotics without reaching any release pathway.,,release_a,3.0,,0.3599989414215088
V0057,release_a,Standard admission and discharge path resulting in Release A.,4.0,release_b,3.0,0.37765857577323914,0.33496198058128357
V0058,release_a,Standard admission and discharge path resulting in Release A.,8.0,release_b,3.0,0.3724132776260376,0.33370938897132874
V0059,release_a,Standard admission and discharge path resulting in Release A.,2.0,release_d,3.0,0.03337796777486801,0.339391827583313
V0060,release_a,Standard admission and discharge path resulting in Release A.,6.0,release_b,5.0,0.41556021571159363,0.0018295705085620284
V0061,release_a,Standard admission and discharge path resulting in Release A.,4.0,release_d,2.0,0.004335192497819662,0.33482837677001953
V0062,,The process terminates at IV Antibiotics without discharge.,,release_a,2.0,,0.33633720874786377
V0063,release_a,Standard admission and discharge path resulting in Release A.,12.0,release_b,6.0,0.007880558259785175,0.33602777123451233
V0064,release_a,Standard admission and discharge path resulting in Release A.,6.0,release_b,4.0,0.1804744452238083,0.3362339437007904
V0065,release_a,Standard admission and discharge path resulting in Release A.,3.0,release_c,3.0,0.12324347347021103,0.3368700444698334
V0066,release_a,Standard admission and discharge path resulting in Release A.,6.0,release_b,2.0,0.3804495334625244,0.3344956636428833
V0067,release_a,Standard admission and discharge path resulting in Release A.,6.0,release_b,3.0,0.006527781952172518,0.33353617787361145
V0068,release_b,"Includes Admission IC and Admission NC, ending with Release B as an alternative discharge pathway.",5.0,release_a,4.0,0.0,0.33354225754737854
V0069,release_a,Standard admission and discharge path resulting in Release A.,5.0,release_b,4.0,0.005077439360320568,0.33458080887794495
V0070,release_a,Standard admission and discharge path resulting in Release A.,5.0,release_d,2.0,0.19032622873783112,0.3402844965457916
V0071,release_a,Standard admission and discharge path resulting in Release A.,7.0,release_d,5.0,0.5174746513366699,0.0008149051573127508
V0072,release_a,Standard admission and discharge path resulting in Release A.,4.0,release_c,4.0,0.34131014347076416,0.02642747573554516
V0073,release_a,Standard admission and discharge path resulting in Release A.,5.0,release_b,4.0,0.014500699937343597,0.3346960246562958
V0074,release_a,Standard admission and discharge path resulting in Release A.,8.0,release_b,4.0,0.6776034832000732,0.3476223945617676
V0075,release_a,"Standard admission and discharge path resulting in Release A, featuring intermediate intensive care.",5.0,release_b,6.0,0.5939875245094299,0.017104841768741608
V0076,release_b,Discharged via Release B as an alternative discharge pathway.,2.0,release_a,2.0,0.35440078377723694,0.33370938897132874
V0077,release_b,Discharged via Release B as an alternative discharge pathway.,5.0,release_a,4.0,0.24737389385700226,0.3457289934158325
V0078,release_a,Standard admission and discharge path resulting in Release A.,11.0,release_e,5.0,0.5099713206291199,0.007812818512320518
V0079,release_a,Standard admission and discharge path resulting in Release A.,7.0,release_b,4.0,0.19036279618740082,0.34032106399536133
V0080,release_a,Standard admission and discharge path resulting in Release A.,8.0,release_b,6.0,0.5379354357719421,0.03577690199017525
V0081,,The process terminates at IV Liquid without reaching a release event.,,release_b,3.0,,0.3669639527797699
V0082,release_a,Standard admission and discharge path resulting in Release A.,7.0,release_b,3.0,0.3548559248447418,0.3469698131084442
V0083,release_a,Standard admission and discharge path resulting in Release A.,6.0,release_d,4.0,0.39993640780448914,0.0022808730136603117
V0084,release_c,"Ends with Release C, which corresponds to the specific discharge pathway for long-stay admitted patients.",5.0,release_b,3.0,0.1383093148469925,0.33340534567832947
V0085,release_a,Standard admission and discharge path resulting in Release A.,3.0,release_d,4.0,0.5299811363220215,0.0034540959168225527
V0086,release_a,Standard admission and discharge path resulting in Release A.,6.0,release_d,3.0,0.021165311336517334,0.3350217342376709
V0087,release_a,Standard admission and discharge path resulting in Release A.,5.0,release_c,5.0,0.12160622328519821,0.33558574318885803
V0088,,The process terminates at IV Antibiotics without reaching any release event.,,release_a,4.0,,0.3839285373687744
V0089,release_a,Standard admission and discharge path resulting in Release A.,9.0,release_d,6.0,0.5609965920448303,0.007727517280727625
V0090,release_a,Standard admission and discharge path resulting in Release A.,6.0,release_c,3.0,0.01440924871712923,0.3347874581813812
V0091,release_c,"Ends with Release C, matching the specific discharge pathway for long-stay admitted patients.",13.0,release_a,8.0,0.08758944272994995,0.3336044251918793
V0092,,The process terminates at LacticAcid without any patient discharge.,,release_a,2.0,,0.3436554968357086
V0093,release_d,"Ends with Release D, mapping to the alternative discharge pathway for complex admitted cases.",6.0,release_a,3.0,0.14002251625061035,0.3338777720928192
V0094,release_a,Standard admission and discharge path resulting in Release A.,4.0,release_c,3.0,0.39941057562828064,0.0017550437478348613
V0095,release_a,Standard admission and discharge path resulting in Release A.,5.0,release_e,2.0,0.03115191124379635,0.33716580271720886
V0096,release_a,Standard admission and discharge path resulting in Release A.,6.0,release_b,3.0,0.34859856963157654,0.3675326108932495
V0097,release_a,Standard admission and discharge path resulting in Release A.,4.0,release_b,3.0,0.12303313612937927,0.3370126783847809
V0098,release_a,Standard admission and discharge path resulting in Release A.,9.0,release_d,3.0,0.6787959933280945,0.23451322317123413
V0099,release_a,Standard admission and discharge path resulting in Release A.,4.0,release_b,3.0,0.11745133996009827,0.3333558142185211
V0100,release_a,Standard admission and discharge path resulting in Release A.,4.0,release_b,1.0,0.015533894300460815,0.3336627781391144
V0101,release_a,"The narrative ends with Release A, matching the standard release pathway.",8.0,release_d,6.0,0.43035420775413513,0.00861735362559557
V0102,release_a,"The narrative ends with Release A, matching the standard release pathway.",4.0,release_c,3.0,0.12722377479076385,0.33377695083618164
V0103,release_a,"The narrative ends with Release A, matching the standard release pathway.",6.0,release_d,5.0,0.13726980984210968,0.33426615595817566
V0104,release_a,"The narrative includes Release A before returning to the ER, aligning with the standard release pathway.",9.0,release_b,4.0,0.7483763098716736,0.33464565873146057
V0105,release_b,"The narrative ends with Release B, mapping to the alternative discharge pathway.",9.0,release_a,4.0,0.021725786849856377,0.3333390951156616
V0106,release_a,"The narrative terminates with Release A, following the standard release pathway.",9.0,release_c,3.0,0.16749773919582367,0.3368864953517914
V0107,release_a,"The narrative ends with Release A, representing the standard release pathway.",6.0,release_c,5.0,0.0016931082354858518,0.3337821066379547
V0108,release_a,The narrative features Release A before a post-discharge return to the ER.,4.0,release_c,4.0,0.35670483112335205,0.011032790876924992
V0109,release_a,The narrative includes Release A followed by a return to the ER.,7.0,release_d,5.0,0.6285412907600403,0.11197053641080856
V0110,release_a,The narrative includes Release A followed by a return to the ER.,8.0,release_b,4.0,0.7524129748344421,0.3359905481338501
V0111,,The narrative ends with Admission NC and does not complete a discharge pathway.,,release_a,1.0,,0.0036192431580275297
V0112,release_a,The narrative includes Release A prior to a post-discharge ER return.,4.0,release_b,4.0,0.5086876749992371,0.009601925499737263
V0113,release_b,"The narrative terminates with Release B, representing the alternative discharge pathway.",6.0,release_a,2.0,0.3651614487171173,0.3617938756942749
V0114,release_a,"The narrative ends with Release A, matching the standard release pathway.",6.0,release_b,4.0,0.1330917626619339,0.3365785777568817
V0115,release_a,The narrative includes Release A followed by a post-discharge ER return.,5.0,release_d,5.0,0.4310690462589264,0.009332234971225262
V0116,release_a,The narrative features Release A before an ER return.,5.0,release_c,3.0,0.39376959204673767,0.0038859627675265074
V0117,release_d,"The narrative terminates with Release D, indicating the alternative discharge pathway for complex admitted cases.",7.0,release_a,2.0,0.3800358474254608,0.006395623087882996
V0118,release_a,"The narrative ends with Release A, fitting the standard release pathway.",5.0,release_c,6.0,0.01994798518717289,0.3358060121536255
V0119,release_a,"The narrative concludes with Release A, fitting the standard release pathway.",6.0,release_b,5.0,0.009431925602257252,0.3333382308483124
V0120,release_a,The narrative includes Release A followed by an ER return.,9.0,release_c,5.0,0.5580114722251892,0.17297738790512085
V0121,release_a,The narrative includes Release A followed by an ER return.,5.0,release_c,4.0,0.39837589859962463,0.0007203731220215559
V0122,release_a,"The narrative ends with Release A, mapping to the standard release pathway.",3.0,release_c,2.0,0.020091786980628967,0.3359498083591461
V0123,release_a,The narrative includes Release A before an ER return.,10.0,release_c,6.0,0.4744272232055664,0.00400783633813262
V0124,release_a,The narrative features Release A followed by an ER return.,4.0,release_d,5.0,0.3374367952346802,0.030300823971629143
V0125,release_a,The narrative includes Release A prior to an ER return.,12.0,release_b,9.0,0.5422167778015137,0.04005826637148857
V0126,release_a,The narrative includes Release A followed by an ER return.,6.0,release_d,4.0,0.5569661855697632,0.13412079215049744
V0127,,The narrative ends at LacticAcid and does not reach any discharge category.,,release_b,2.0,,0.3336338698863983
V0128,release_a,The narrative includes Release A followed by a return to the ER.,14.0,release_e,10.0,0.5293669700622559,0.02720847725868225
V0129,release_a,The narrative features Release A followed by a return to the ER.,21.0,release_b,14.0,0.5557566285133362,0.0024876133538782597
V0130,release_a,"The narrative ends with Release A, matching the standard release pathway.",4.0,release_b,4.0,0.020846961066126823,0.3347034156322479
V0131,release_a,The narrative includes Release A followed by an ER return.,9.0,release_d,5.0,0.6722011566162109,0.24110810458660126
V0132,,The narrative terminates at IV Antibiotics without reaching a discharge destination.,,release_b,4.0,,0.3541009724140167
V0133,,The narrative terminates at IV Antibiotics without completing a discharge pathway.,,release_a,4.0,,0.3394845724105835
V0134,release_a,The narrative features Release A prior to an ER return.,17.0,release_d,11.0,0.5800336599349976,0.0031509532127529383
V0135,release_a,"The narrative ends with Release A, mapping to the standard release pathway.",5.0,release_b,3.0,0.027157960459589958,0.33349481225013733
V0136,release_a,The narrative includes Release A followed by an ER return.,19.0,release_e,11.0,0.5304161906242371,0.0030190572142601013
V0137,,The narrative terminates at LacticAcid without achieving a discharge outcome.,,release_a,2.0,,0.36040544509887695
V0138,release_c,"The narrative ends with Release C, representing the specific discharge pathway for long-stay admitted patients.",2.0,release_a,2.0,0.13761679828166962,0.33340248465538025
V0139,release_a,"The narrative ends with Release A, matching the standard release pathway.",21.0,release_d,14.0,0.17549864947795868,0.3903258740901947
V0140,release_a,The narrative includes Release A followed by an ER return.,7.0,release_b,7.0,0.5381738543510437,0.004738577641546726
V0141,release_a,The narrative includes Release A followed by an ER return.,8.0,release_b,8.0,0.5211367011070251,0.0189781803637743
V0142,release_a,"The narrative concludes with Release A, corresponding to the standard release pathway.",4.0,release_c,3.0,0.004889489617198706,0.33476877212524414
V0143,release_a,The narrative includes Release A followed by an ER return.,7.0,release_b,4.0,0.346970796585083,0.02076682634651661
V0144,release_a,"The narrative ends with Release A, matching the standard release pathway.",6.0,release_c,5.0,0.12304461747407913,0.33702418208122253
V0145,release_b,"The narrative terminates with Release B, mapping to the alternative discharge pathway.",107.0,release_a,47.0,0.2256491780281067,0.3359471559524536
V0146,,The narrative terminates at Leucocytes without reaching a discharge status.,,release_a,4.0,,0.29986533522605896
V0147,release_b,"The narrative ends with Release B, corresponding to the alternative discharge pathway.",5.0,release_a,2.0,0.0019673386123031378,0.3335767686367035
V0148,,The narrative stops at IV Antibiotics without a completion event matching any discharge category.,,release_a,2.0,,0.34093284606933594
V0149,release_a,"The narrative ends with Release A, fulfilling the standard release pathway.",7.0,release_b,5.0,0.014519348740577698,0.3346773386001587
V0150,release_b,"The narrative concludes with Release B, representing the alternative discharge pathway.",7.0,release_a,4.0,0.02203805185854435,0.33352211117744446
V0151,release_d,"The narrative explicitly ends with Release D, representing the discharge pathway for complex admitted cases.",15.0,release_a,8.0,0.44845911860466003,0.001840634853579104
V0152,release_a,"The narrative explicitly ends with Release A, representing the standard release pathway.",9.0,release_b,6.0,0.3688575327396393,0.33369848132133484
V0153,release_a,"The narrative explicitly ends with Release A, representing the standard release pathway.",8.0,release_b,3.0,0.3485146462917328,0.35031259059906006
V0154,release_a,"The narrative ends with Release A after an admission, matching standard release.",5.0,release_c,7.0,0.579602062702179,0.002719367854297161
V0155,release_a,The narrative ends with Release A after an admission.,5.0,release_d,4.0,0.5422325730323792,0.008797337301075459
V0156,release_a,The narrative ends with Release A following standard admission care.,6.0,release_b,2.0,0.3368574380874634,0.3720165193080902
V0157,release_a,The narrative ends with Release A following standard admission care.,9.0,release_b,6.0,0.366325706243515,0.0014119163388386369
V0158,release_a,The narrative ends with Release A following standard admission care.,4.0,release_c,3.0,0.11690915375947952,0.3338530361652374
V0159,release_a,The narrative ends with Release A following standard admission care.,6.0,release_c,5.0,0.1165686771273613,0.33419349789619446
V0160,release_a,The narrative ends with Release A following standard admission care.,5.0,release_d,5.0,0.46405839920043945,0.004806386306881905
V0161,release_a,The narrative ends with Release A following standard admission care.,7.0,release_c,5.0,0.55052250623703,0.017087256535887718
V0162,release_b,"The narrative explicitly ends with Release B, representing the alternative discharge pathway.",5.0,release_a,2.0,0.12079416960477829,0.33335936069488525
V0163,release_a,The narrative ends with Release A following standard admission care.,5.0,release_c,5.0,0.40829119086265564,0.003860282711684704
V0164,release_a,The narrative ends with Release A following standard admission care.,9.0,release_d,6.0,0.5084202885627747,0.006261757109314203
V0165,release_a,The narrative ends with Release A following standard admission care.,6.0,release_b,3.0,0.3508651554584503,0.34796205163002014
V0166,release_a,The narrative ends with Release A following standard admission care.,7.0,release_b,4.0,0.11860229820013046,0.3340848386287689
V0167,release_a,The narrative ends with Release A following standard admission care.,8.0,release_b,7.0,0.13510839641094208,0.3462560176849365
V0168,release_a,The narrative ends with Release A following standard admission care.,11.0,release_b,8.0,0.5295246243476868,0.02736610174179077
V0169,release_a,The narrative ends with Release A following standard admission care.,4.0,release_b,4.0,0.13301704823970795,0.3366532623767853
V0170,release_b,"The narrative explicitly ends with Release B, representing the alternative discharge pathway.",7.0,release_c,3.0,0.1337714046239853,0.3337897062301636
V0171,release_a,The narrative ends with Release A following standard admission care.,7.0,release_d,6.0,0.3464902341365814,0.021247394382953644
V0172,release_a,The narrative ends with Release A following standard admission care.,17.0,release_c,8.0,0.36319026350975037,0.004547347780317068
V0173,release_a,The narrative ends with Release A following standard admission care.,8.0,release_d,5.0,0.022977015003561974,0.33683347702026367
V0174,release_a,The narrative ends with Release A following standard admission care.,45.0,release_b,22.0,0.4923441410064697,0.009814383462071419
V0175,release_a,The narrative ends with Release A following standard admission care.,4.0,release_c,4.0,0.1232471689581871,0.3368663489818573
V0176,release_a,The narrative ends with Release A following standard admission care.,7.0,release_d,6.0,0.010911636985838413,0.33350467681884766
V0177,release_a,The narrative ends with Release A following standard admission care.,3.0,release_d,3.0,0.12895642220973969,0.33354225754737854
V0178,release_a,The narrative ends with Release A following standard admission care.,16.0,release_c,10.0,0.13350875675678253,0.3339240849018097
V0179,release_a,The narrative ends with Release A following standard admission care.,6.0,release_d,6.0,0.5264140963554382,0.007021170109510422
V0180,release_a,The narrative ends with Release A following standard admission care.,10.0,release_b,5.0,0.7176377177238464,0.23568369448184967
V0181,release_a,The narrative passes through Release A before further lab tests.,9.0,release_b,6.0,0.33669376373291016,0.3349968194961548
V0182,release_a,The narrative ends with Release A following standard admission care.,18.0,release_c,12.0,0.1704908162355423,0.33389338850975037
V0183,release_a,The narrative ends with Release A following standard admission care.,10.0,release_d,7.0,0.4949704706668854,0.013016493059694767
V0184,release_a,The narrative ends with Release A following standard admission care.,5.0,release_b,4.0,0.24692194163799286,0.44497060775756836
V0185,release_a,The narrative ends with Release A following standard admission care.,17.0,release_c,11.0,0.1780407875776291,0.3336044251918793
V0186,release_a,The narrative ends with Release A following standard admission care.,6.0,release_d,4.0,0.19213569164276123,0.33885976672172546
V0187,,"The process ends at CRP without any release activity, thus falling into the residual.",,release_a,4.0,,0.3404557704925537
V0188,release_a,The narrative ends with Release A following standard admission care.,7.0,release_e,3.0,0.25220751762390137,0.44489288330078125
V0189,release_a,The narrative ends with Release A following standard admission care.,3.0,release_c,4.0,0.015715472400188446,0.33348122239112854
V0190,release_a,The narrative ends with Release A following standard admission care.,7.0,release_b,4.0,0.18184323608875275,0.33486512303352356
V0191,release_a,The narrative ends with Release A following standard admission care.,9.0,release_b,6.0,0.3750523030757904,0.007314686197787523
V0192,release_a,The narrative ends with Release A following standard admission care.,6.0,release_d,3.0,0.557124137878418,0.023688888177275658
V0193,release_a,The narrative ends with Release A following standard admission care.,9.0,release_d,6.0,0.008818607777357101,0.3369658291339874
V0194,release_a,The narrative ends with Release A following standard admission care.,7.0,release_c,4.0,0.002300665946677327,0.33387282490730286
V0195,release_a,The narrative ends with Release A following standard admission care.,6.0,release_e,6.0,0.02116384357213974,0.3350203037261963
V0196,release_e,"The narrative explicitly ends with Release E, representing the alternative discharge pathway for specific admitted cases.",24.0,release_d,15.0,0.37534478306770325,0.0017006737180054188
V0197,,"The process ends at Leucocytes without any release activity, thus falling into the residual.",,release_a,2.0,,0.2737826108932495
V0198,release_a,The narrative ends with Release A following standard admission care.,7.0,release_b,3.0,0.3615763187408447,0.3402493894100189
V0199,release_a,The narrative ends with Release A following standard admission care.,8.0,release_c,5.0,0.3660433292388916,0.0016942891525104642
V0200,release_a,The narrative ends with Release A following standard admission care.,3.0,release_d,4.0,0.3464963436126709,0.021241284906864166
V0201,release_a,"The narrative culminates in Release A, representing the standard release pathway for an admitted patient.",22.0,release_d,12.0,0.5125495791435242,0.010391023941338062
V0202,release_a,"The narrative ends with Release A, matching the standard discharge pathway for admitted patients.",4.0,release_b,2.0,0.033916063606739044,0.3399299383163452
V0203,release_a,"The process includes Release A as its discharge activity, corresponding to the standard release pathway.",7.0,release_b,6.0,0.35329005122184753,0.014447581022977829
V0204,release_a,"The patient is discharged via Release A, fitting the standard release pathway.",4.0,release_d,2.0,0.012720897793769836,0.3342151343822479
V0205,release_d,"The narrative explicitly concludes with Release D, representing the alternative discharge pathway for complex cases.",17.0,release_e,9.0,0.012281385250389576,0.33384642004966736
V0206,release_b,"The narrative terminates with Release B, realizing the alternative discharge pathway for admitted patients.",5.0,release_a,3.0,0.36165082454681396,0.3340359926223755
V0207,release_a,"The pathway concludes with Release A, representing the standard release process.",5.0,release_b,3.0,0.021448319777846336,0.33530476689338684
V0208,release_a,"Discharge occurs via Release A, fulfilling the standard release pathway criteria.",8.0,release_c,8.0,0.12913468480110168,0.33372053503990173
V0209,release_a,"The narrative ends with Release A, aligning with the standard release pathway.",7.0,release_b,2.0,0.3707338571548462,0.3346366882324219
V0210,release_a,"Despite a later return to ER, the initial discharge is through Release A, realizing the standard pathway.",6.0,release_d,5.0,0.4070906937122345,0.005060744937509298
V0211,release_a,"The patient is released via Release A prior to an ER return, mapping to the standard release pathway.",5.0,release_d,3.0,0.3828072249889374,0.014848300255835056
V0212,release_a,"Initial discharge is marked by Release A, matching the standard release pathway.",6.0,release_c,5.0,0.46833905577659607,0.0005257689044810832
V0213,release_a,"The narrative features Release A as the discharge mechanism, supporting the standard pathway.",9.0,release_d,5.0,0.6772530674934387,0.2360561490058899
V0214,release_a,Discharge via Release A places this variant under the standard release pathway.,4.0,release_b,3.0,0.028066230937838554,0.3340801000595093
V0215,release_a,"The case concludes with Release A, fitting the standard release pathway.",8.0,release_d,4.0,0.007521019782871008,0.3356682360172272
V0216,release_a,Release A represents the primary discharge event in this narrative's admission phase.,8.0,release_b,4.0,0.4978516101837158,0.015897588804364204
V0217,,The process terminates at IV Antibiotics without reaching any discharge or release activity.,,release_a,4.0,,0.36824917793273926
V0218,release_b,"The workflow ends with Release B, realizing the alternative discharge pathway for admitted patients.",14.0,release_a,10.0,0.197331503033638,0.33996978402137756
V0219,,The process ends prematurely at Leucocytes without reaching any release event.,,release_a,2.0,,0.25392794609069824
V0220,release_a,Discharge occurs through Release A before a subsequent ER return.,5.0,release_d,4.0,0.37562575936317444,0.007888146676123142
V0221,release_a,"The narrative finishes with Release A, fitting the standard release pathway.",6.0,release_b,5.0,0.25834691524505615,0.44998446106910706
V0222,release_a,"Release A marks the end of the hospital stay, matching the standard pathway.",12.0,release_c,7.0,0.1180809810757637,0.3357127606868744
V0223,release_a,"The pathway concludes with Release A, matching the standard release category.",2.0,release_c,3.0,0.2233027070760727,0.4474475383758545
V0224,release_a,"The patient is discharged via Release A, aligning with the standard pathway.",5.0,release_c,3.0,0.44174396991729736,0.02000712789595127
V0225,release_b,"The narrative ends with Release B, matching the alternative discharge pathway.",7.0,release_a,4.0,0.25549080967903137,0.34730076789855957
V0226,release_a,Discharge via Release A corresponds to the standard release pathway.,6.0,release_b,3.0,0.13436849415302277,0.33530184626579285
V0227,release_d,"The narrative concludes with Release D, realizing the alternative discharge pathway for complex cases.",7.0,release_a,3.0,0.336277037858963,0.00023641105508431792
V0228,release_a,"The sequence ends in Release A, matching the standard release pathway.",6.0,release_b,3.0,0.22447611391544342,0.44627413153648376
V0229,release_a,"Initial discharge is achieved via Release A, fulfilling the standard release criteria.",6.0,release_c,5.0,0.34906089305877686,0.050131842494010925
V0230,release_a,The patient experiences a standard discharge via Release A prior to an ER return.,5.0,release_c,4.0,0.4940710961818695,0.012117087841033936
V0231,release_a,"Discharge is marked by Release A, aligning with the standard release pathway.",5.0,release_d,4.0,0.528670072555542,0.004765125457197428
V0232,,The process terminates at IV Antibiotics without any release event.,,release_a,3.0,,0.3529844284057617
V0233,release_a,"The workflow concludes with Release A, corresponding to the standard pathway.",7.0,release_c,3.0,0.3743980824947357,0.006660438608378172
V0234,,The process stops at Leucocytes without reaching a discharge or release state.,,release_a,3.0,,0.37387049198150635
V0235,release_a,"Discharge occurs through Release A, fitting the standard pathway.",7.0,release_c,3.0,0.1992475539445877,0.3492058515548706
V0236,release_a,"The narrative terminates with Release A, realizing the standard release pathway.",8.0,release_b,3.0,0.3597122132778168,0.34211352467536926
V0237,release_a,"The patient is released via Release A, matching the standard pathway.",5.0,release_b,5.0,0.4501121938228607,0.01875261403620243
V0238,release_a,Discharge via Release A aligns with the standard release pathway.,6.0,release_b,5.0,0.11352663487195969,0.3338310420513153
V0239,release_c,"The narrative explicitly concludes with Release C, representing the specific discharge pathway for long-stay patients.",10.0,release_b,6.0,0.019804323092103004,0.3335825204849243
V0240,release_a,"The process ends with Release A, matching the standard release pathway.",4.0,release_d,3.0,0.02497350610792637,0.335679292678833
V0241,release_a,"Initial discharge is marked by Release A, fitting the standard release pathway.",9.0,release_e,6.0,0.49226656556129456,0.0103125786408782
V0242,release_a,"The narrative concludes with Release A before an ER return, fitting the standard release pathway.",8.0,release_d,2.0,0.5761271715164185,0.16935761272907257
V0243,release_a,Discharge via Release A aligns with the standard release pathway.,27.0,release_c,15.0,0.5624181628227234,0.07910116761922836
V0244,release_a,"The sequence ends in Release A, matching the standard release pathway.",9.0,release_d,6.0,0.11880894750356674,0.33387815952301025
V0245,release_a,"The patient is discharged via Release A, fitting the standard pathway.",11.0,release_d,8.0,0.12937428057193756,0.3360151946544647
V0246,release_a,"The narrative terminates with Release A, realizing the standard release pathway.",8.0,release_b,5.0,0.11989811807870865,0.33423009514808655
V0247,release_b,"The workflow concludes with Release B, matching the alternative discharge pathway for admitted patients.",13.0,release_a,8.0,0.1072438582777977,0.33369529247283936
V0248,release_a,Discharge via Release A matches the standard release pathway.,13.0,release_b,8.0,0.5228362083435059,0.020677702501416206
V0249,release_a,"The narrative finishes with Release A, fulfilling the standard release pathway.",4.0,release_b,4.0,0.04158875346183777,0.3411509096622467
V0250,release_a,"The patient is released via Release A prior to a subsequent ER return, fitting the standard pathway.",7.0,release_b,4.0,0.4104134738445282,0.0017379781929776073
V0251,release_a,"The narrative ends with Release A, supporting standard discharge for admitted patients.",12.0,release_b,7.0,0.5113727450370789,0.009214191697537899
V0252,release_a,"The narrative ends with Release A, matching the standard discharge pathway.",2.0,release_d,4.0,0.11844378709793091,0.3342433273792267
V0253,release_a,"The narrative finishes with Release A, indicating standard discharge.",5.0,release_b,3.0,0.35433733463287354,0.3617938756942749
V0254,release_d,"The narrative ends with Release D, reflecting a discharge pathway for complex cases.",17.0,release_a,9.0,0.02873574197292328,0.3336470127105713
V0255,release_a,"The process terminates at Release A, aligning with standard discharge.",4.0,release_b,4.0,0.1294308453798294,0.33401668071746826
V0256,release_a,"The case includes Release A before a return to ER, matching the standard release pathway.",7.0,release_b,5.0,0.5146062970161438,0.0036832736805081367
V0257,release_a,"The process concludes with Release A, fulfilling standard discharge.",13.0,release_c,12.0,0.11463279277086258,0.33431413769721985
V0258,release_b,"The narrative ends with Release B, representing the alternative discharge pathway.",8.0,release_a,5.0,0.1732284426689148,0.33365729451179504
V0259,release_a,"The narrative concludes with Release A, fitting the standard release pathway.",4.0,release_c,4.0,0.010611818172037601,0.33346179127693176
V0260,,The process terminates at IV Antibiotics and does not reach any discharge category.,,release_a,3.0,,0.344614714384079
V0261,release_a,"The process includes Release A prior to ER return, aligning with standard discharge.",7.0,release_d,7.0,0.38502562046051025,0.012629917822778225
V0262,release_a,"The variant features Release A before an ER return, mapping to standard discharge.",8.0,release_d,6.0,0.3541366159915924,0.013600993901491165
V0263,release_a,"Release A is observed before ER return, matching the standard discharge pathway.",6.0,release_c,4.0,0.39116406440734863,0.006491479929536581
V0264,release_a,"The process ends with Release A, satisfying standard discharge.",4.0,release_b,4.0,0.12372016906738281,0.3363933265209198
V0265,release_a,"The narrative records Release A before returning to the ER, aligning with standard release.",5.0,release_c,5.0,0.540023148059845,0.1722855120897293
V0266,release_a,"The narrative concludes with Release A, representing standard discharge.",7.0,release_e,3.0,0.11151116341352463,0.33584651350975037
V0267,release_a,"The process terminates with Release A, indicating standard discharge.",7.0,release_b,3.0,0.11122956871986389,0.3363650143146515
V0268,,The process stops at Leucocytes and does not culminate in any discharge category.,,release_a,2.0,,0.08967228978872299
V0269,release_a,"Release A is present before the final ER return, realizing standard discharge.",7.0,release_d,2.0,0.41039320826530457,0.0017582564614713192
V0270,release_a,"The variant includes Release A before returning to the ER, matching standard discharge.",8.0,release_b,7.0,0.40335318446159363,0.005697633605450392
V0271,release_b,"The narrative culminates in Release B, matching the alternative discharge pathway.",10.0,release_a,7.0,0.17887942492961884,0.33333897590637207
V0272,release_a,"The process ends with Release A, representing standard discharge.",7.0,release_b,4.0,0.008798046968877316,0.3369452655315399
V0273,release_d,"The process concludes with Release D, mapping to the complex case discharge pathway.",74.0,release_b,43.0,0.10799303650856018,0.33679652214050293
V0274,release_c,"The narrative ends with Release C, corresponding to the long-stay discharge pathway.",6.0,release_a,1.0,0.33583006262779236,0.34070172905921936
V0275,release_a,"The narrative finishes with Release A, fulfilling standard discharge.",19.0,release_d,15.0,0.12599541246891022,0.33714303374290466
V0276,release_a,"The variant terminates with Release A, indicating standard discharge.",2.0,release_c,4.0,0.026912668719887733,0.33374011516571045
V0277,release_a,"Release A is observed prior to the return to ER, matching standard discharge.",13.0,release_b,10.0,0.5400338172912598,0.037875328212976456
V0278,release_a,"The process ends with Release A, realizing standard discharge.",7.0,release_d,4.0,0.006667012814432383,0.33367541432380676
V0279,release_a,"The narrative includes Release A before ER return, aligning with standard discharge.",9.0,release_b,6.0,0.3439042270183563,0.0238333810120821
V0280,release_a,"The variant records Release A prior to an ER return, mapping to standard discharge.",11.0,release_c,7.0,0.4000704288482666,0.0024149182718247175
V0281,release_a,"The process concludes with Release A, representing standard discharge.",9.0,release_c,5.0,0.0018113679252564907,0.33546218276023865
V0282,release_a,"The narrative ends with Release A, matching standard discharge.",5.0,release_b,4.0,0.006432313937693834,0.33344075083732605
V0283,release_c,"The process finishes with Release C, reflecting the long-stay discharge pathway.",22.0,release_d,10.0,0.3554837703704834,0.00026249856455251575
V0284,release_a,"Release A occurs before the ER return, fitting standard discharge.",6.0,release_b,6.0,0.521461546421051,0.003172004595398903
V0285,release_a,"The narrative terminates with Release A, indicating standard discharge.",10.0,release_b,6.0,0.12720052897930145,0.3338414430618286
V0286,release_a,"The process ends with Release A, fulfilling standard discharge.",10.0,release_b,6.0,0.34789249300956726,0.3509347438812256
V0287,,The process stops at CRP testing and does not reach any release category.,,release_a,2.0,,0.3802435100078583
V0288,release_a,"The variant records Release A before an ER return, aligning with standard discharge.",5.0,release_d,4.0,0.34162554144859314,0.026112079620361328
V0289,release_a,"The narrative ends with Release A, mapping to standard discharge.",5.0,release_d,4.0,0.040978994220495224,0.3417607247829437
V0290,release_a,"Release A is recorded prior to the final ER return, realizing standard discharge.",8.0,release_d,6.0,0.5491611957550049,0.015725955367088318
V0291,release_a,"The process concludes with Release A, representing standard discharge.",5.0,release_b,4.0,0.27212032675743103,0.4639088213443756
V0292,,The narrative halts at Leucocytes without reaching any discharge pathway.,,release_a,2.0,,0.4186955988407135
V0293,release_a,"The narrative terminates with Release A, matching standard discharge.",5.0,release_b,2.0,0.19193659722805023,0.3448047637939453
V0294,release_a,"The process ends with Release A, indicating standard discharge.",6.0,release_d,4.0,0.11978600174188614,0.33376553654670715
V0295,,The sequence stops at IV Antibiotics without completing a discharge milestone.,,release_a,2.0,,0.33373406529426575
V0296,release_a,"Release A is observed before ER return, fitting the standard discharge pathway.",5.0,release_d,4.0,0.44826388359069824,0.02140643261373043
V0297,release_a,"The variant features Release A prior to an ER return, mapping to standard discharge.",5.0,release_c,3.0,0.40424418449401855,0.006588665768504143
V0298,release_a,"The narrative finishes with Release A, realizing standard discharge.",3.0,release_c,5.0,0.02333798259496689,0.33719444274902344
V0299,release_a,"The process concludes with Release A, representing standard discharge.",11.0,release_c,7.0,0.009572455659508705,0.3375544846057892
V0300,release_a,"Release A occurs before the ER return, aligning with standard discharge.",17.0,release_d,10.0,0.5908481478691101,0.013965456746518612
V0301,release_a,"The narrative ends with Release A, matching the standard release pathway.",7.0,release_e,4.0,0.36114025115966797,0.006597386207431555
V0302,,The narrative terminates at ER Sepsis Triage and does not complete any discharge pathway.,,release_a,4.0,,0.3863014876842499
V0303,release_a,"The narrative concludes with Release A after admission, realizing the standard release pathway.",7.0,release_c,5.0,0.5133820176124573,0.004907504189759493
V0304,release_a,"The narrative ends with Release A, reflecting the standard release pathway.",8.0,release_b,4.0,0.12556743621826172,0.3345460593700409
V0305,,The process terminates at IV Antibiotics without reaching a discharge pathway.,,release_a,4.0,,0.38954201340675354
V0306,release_a,"The narrative finishes with Release A, representing the standard discharge pathway.",9.0,release_b,6.0,0.1719973087310791,0.3447110652923584
V0307,release_a,"The narrative includes Release A before a post-discharge ER return, matching the standard release pathway.",5.0,release_c,2.0,0.3940916061401367,0.003563901409506798
V0308,release_a,The narrative realizes Release A prior to an ER return.,9.0,release_b,5.0,0.45636090636253357,0.009890234097838402
V0309,release_b,"The narrative includes Release B and admission to NC, matching an alternative discharge pathway.",8.0,release_a,3.0,0.772127628326416,0.3983713686466217
V0310,release_a,"The narrative concludes with Release A, fulfilling the standard release pathway.",6.0,release_c,5.0,0.12702499330043793,0.3335781991481781
V0311,release_a,The narrative terminates via Release A before an ER return.,17.0,release_c,11.0,0.5131012797355652,0.010942717082798481
V0312,release_a,"The narrative records Release A, corresponding to the standard release pathway.",7.0,release_b,6.0,0.039004307240247726,0.33793333172798157
V0313,release_c,"The narrative explicitly terminates with Release C, matching the specific discharge pathway for long-stay admitted patients.",4.0,release_a,4.0,0.02167687751352787,0.3333558142185211
V0314,release_c,"The narrative ends with Release C, realizing the specific discharge pathway for long-stay admitted cases.",7.0,release_a,5.0,0.0055399625562131405,0.33351871371269226
V0315,release_a,The narrative finishes with Release A after extended admission.,25.0,release_c,14.0,0.14850270748138428,0.3372878134250641
V0316,release_e,"The narrative ends with Release E, mapping to the alternative discharge pathway for specific admitted cases.",9.0,release_a,3.0,0.09367720037698746,0.3334403932094574
V0317,release_a,The narrative terminates with Release A before a return to the ER.,159.0,release_b,67.0,0.5939117074012756,0.07397598773241043
V0318,release_a,"The narrative concludes with Release A, matching the standard release pathway.",23.0,release_d,14.0,0.140242800116539,0.3406583368778229
V0319,release_a,"The narrative ends with Release A, reflecting the standard release pathway.",12.0,release_e,7.0,0.007472184952348471,0.33561941981315613
V0320,release_a,The narrative realizes Release A before an ER return.,6.0,release_d,4.0,0.6277948021888733,0.11271701008081436
V0321,release_a,The narrative terminates with Release A prior to an ER return.,8.0,release_d,6.0,0.5614730715751648,0.008204028010368347
V0322,,The process stops at IV Antibiotics without reaching any release category.,,release_a,3.0,,0.3656140863895416
V0323,release_a,"The narrative finishes with Release A, representing the standard release pathway.",9.0,release_b,2.0,0.39139270782470703,0.3333403766155243
V0324,release_a,The narrative ends with Release A before a return to the ER.,28.0,release_d,17.0,0.5426731705665588,0.0011538139078766108
V0325,,The sequence ends at IV Antibiotics without discharge activities.,,release_a,3.0,,0.43959906697273254
V0326,release_a,"The narrative concludes with Release A, matching the standard release pathway.",3.0,release_c,4.0,0.02275320701301098,0.3366096317768097
V0327,release_a,The narrative terminates with Release A before an ER return.,6.0,release_c,4.0,0.47328415513038635,0.002864725887775421
V0328,release_a,The narrative finishes with Release A prior to a post-discharge ER return.,7.0,release_b,5.0,0.4313587248325348,0.009621920995414257
V0329,release_a,"The narrative ends with Release A, matching the standard release pathway.",16.0,release_b,9.0,0.12693527340888977,0.33357617259025574
V0330,,The process ends at IV Liquid and does not reach a discharge category.,,release_b,2.0,,0.33358609676361084
V0331,release_a,"The narrative concludes with Release A, realizing the standard release pathway.",14.0,release_d,8.0,0.028567813336849213,0.3344758450984955
V0332,release_b,"The narrative ends with Release B, matching the alternative discharge pathway for admitted patients.",6.0,release_a,2.0,0.2784082293510437,0.3702181577682495
V0333,release_b,"The narrative terminates with Release B, fulfilling the alternative discharge pathway.",13.0,release_a,8.0,0.08355250954627991,0.33387038111686707
V0334,release_d,"The narrative concludes with Release D, mapping to the alternative discharge pathway for complex admitted cases.",25.0,release_a,14.0,0.43670937418937683,0.0011538139078766108
V0335,release_a,The narrative finishes with Release A before an ER return.,6.0,release_c,5.0,0.45646849274635315,0.012396258302032948
V0336,,The narrative terminates at CRP without reaching a release activity.,,release_a,1.0,,0.3399571478366852
V0337,release_a,"The narrative ends with Release A, reflecting the standard release pathway.",6.0,release_d,4.0,0.024310795590281487,0.3363419771194458
V0338,release_a,"The narrative concludes with Release A, matching the standard release pathway.",5.0,release_b,4.0,0.11572299152612686,0.3350287973880768
V0339,release_a,The narrative terminates with Release A before a post-discharge ER return.,22.0,release_b,16.0,0.5374534726142883,0.10406583547592163
V0340,release_a,"The narrative ends with Release A, fulfilling the standard release pathway.",6.0,release_e,4.0,0.02592056430876255,0.33473220467567444
V0341,release_a,"The narrative finishes with Release A, corresponding to the standard release pathway.",4.0,release_d,4.0,0.12742957472801208,0.3339827358722687
V0342,,The sequence stops at CRP without reaching any release pathway.,,release_a,3.0,,0.3888669013977051
V0343,release_a,"The narrative concludes with Release A, matching the standard release pathway.",6.0,release_b,4.0,0.11151639372110367,0.33665183186531067
V0344,release_b,"The narrative ends with Release B, realizing the alternative discharge pathway for admitted patients.",10.0,release_c,3.0,0.1462228149175644,0.33389756083488464
V0345,release_a,"The narrative finishes with Release A, reflecting the standard release pathway.",16.0,release_d,11.0,0.1873859316110611,0.33592021465301514
V0346,release_a,The narrative terminates with Release A prior to an ER return.,16.0,release_c,11.0,0.6007410883903503,0.023858383297920227
V0347,release_d,"The narrative ends with Release D before an ER return, matching the alternative discharge pathway for complex cases.",8.0,release_a,5.0,0.5113713145256042,0.0003271280147600919
V0348,release_a,The narrative finishes with Release A prior to a post-discharge ER return.,6.0,release_d,7.0,0.4632747173309326,0.006395623087882996
V0349,,The process terminates at ER Sepsis Triage without completing a discharge pathway.,,release_a,5.0,,0.349503755569458
V0350,release_a,The narrative concludes with Release A before a post-discharge ER return.,9.0,release_d,3.0,0.745440661907196,0.33337751030921936
V0351,release_a,"The narrative culminates in Release A, standard discharge pathway supporting discharge for admitted patients.",9.0,release_b,4.0,0.356987327337265,0.34183990955352783
V0352,release_a,The narrative shows standard discharge via Release A before returning to the ER.,5.0,release_d,5.0,0.48169150948524475,0.00026249856455251575
V0353,release_a,The narrative leads to Release A before returning to the ER.,5.0,release_c,4.0,0.4220639765262604,0.0003271280147600919
V0354,release_a,"The narrative ends with Release A, matching the standard discharge pathway.",18.0,release_b,14.0,0.1752852201461792,0.34213200211524963
V0355,release_a,The patient follows the standard discharge pathway leading to Release A.,6.0,release_b,6.0,0.17741090059280396,0.34000635147094727
V0356,release_a,"The narrative concludes with Release A, realizing the standard discharge category.",11.0,release_c,7.0,0.12946315109729767,0.33678796887397766
V0357,release_a,The variant culminates in Release A prior to a return to the ER.,7.0,release_c,5.0,0.5007581114768982,0.0175314974039793
V0358,release_a,The patient is discharged via Release A before the post-discharge ER return.,7.0,release_b,4.0,0.6789164543151855,0.23439276218414307
V0359,release_a,The narrative shows discharge through Release A.,6.0,release_d,5.0,0.4067500829696655,0.0054013594053685665
V0360,release_a,"The outcome activity is Release A, representing the standard release pathway.",6.0,release_b,5.0,0.34483981132507324,0.35398736596107483
V0361,release_a,"The narrative terminates with Release A, supporting standard discharge.",6.0,release_b,3.0,0.14491213858127594,0.3367006480693817
V0362,release_a,The process ends with Release A for standard discharge.,3.0,release_b,4.0,0.017524773254990578,0.33483877778053284
V0363,release_a,The representative case concludes with Release A.,4.0,release_d,4.0,0.023428404703736305,0.33722439408302307
V0364,release_a,The discharge event is Release A prior to an ER return.,6.0,release_d,3.0,0.4094565808773041,0.002694865921512246
V0365,,"The outcome is Leucocytes, not culminating in any release category.",,release_a,6.0,,0.06894596666097641
V0366,release_a,The discharge step is Release A before returning to the ER.,5.0,release_c,6.0,0.3523811399936676,0.015356481075286865
V0367,release_a,The narrative ends in Release A before an ER return.,23.0,release_b,16.0,0.49449706077575684,0.007661447394639254
V0368,,"The outcome is Admission NC, therefore it does not realize a release category.",,release_a,2.0,,0.010571219027042389
V0369,release_a,The pathway concludes with Release A before the ER return.,11.0,release_d,7.0,0.46246472001075745,0.0037863878533244133
V0370,release_a,The narrative shows a standard Release A discharge followed by an ER return.,6.0,release_b,6.0,0.5146851539611816,0.0125266769900918
V0371,release_b,"The outcome activity is Release B, realizing the alternative discharge pathway.",5.0,release_a,3.0,0.36474713683128357,0.3336716592311859
V0372,release_a,The discharge pathway taken is Release A.,13.0,release_e,8.0,0.18140441179275513,0.33384689688682556
V0373,release_a,The patient is discharged via Release A.,6.0,release_b,3.0,0.0035627076867967844,0.3340558707714081
V0374,,"The process ends with Leucocytes, not a release category.",,release_a,2.0,,0.08433420211076736
V0375,release_a,The narrative leads to Release A as the discharge mechanism.,10.0,release_d,7.0,0.18102717399597168,0.3342241048812866
V0376,release_c,"The outcome is Release C, representing the specific discharge pathway for long-stay patients.",6.0,release_a,3.0,0.007629280909895897,0.3339240849018097
V0377,release_a,The process concludes with Release A.,3.0,release_d,5.0,0.01565827801823616,0.3335384130477905
V0378,,"The outcome is IV Antibiotics, not a release pathway.",,release_a,2.0,,0.33538034558296204
V0379,,"The outcome is IV Antibiotics, not a release category.",,release_a,2.0,,0.33912718296051025
V0380,release_a,The narrative terminates with Release A.,8.0,release_b,4.0,0.3554469048976898,0.34338030219078064
V0381,release_a,The case is discharged via Release A.,6.0,release_b,3.0,0.13809598982334137,0.33384859561920166
V0382,release_a,The narrative shows Release A discharge prior to ER return.,6.0,release_d,5.0,0.45502200722694397,0.01384276058524847
V0383,release_a,The outcome activity is Release A.,8.0,release_b,5.0,0.36408111453056335,0.3347460925579071
V0384,release_b,"The narrative ends with Release B, an alternative discharge pathway.",10.0,release_a,6.0,0.1950094848871231,0.333635538816452
V0385,release_a,The process terminates with Release A before an ER return.,11.0,release_c,7.0,0.44801363348960876,0.018237542361021042
V0386,release_a,The discharge pathway is Release A prior to a return to the ER.,6.0,release_c,3.0,0.4022303819656372,0.004574846010655165
V0387,release_a,The narrative concludes with Release A.,5.0,release_c,5.0,0.12846970558166504,0.3351106345653534
V0388,release_a,The outcome is Release A supporting standard discharge.,7.0,release_c,5.0,0.0244512427598238,0.336201548576355
V0389,release_a,The process ends with Release A.,6.0,release_b,3.0,0.3702709376811981,0.3351118564605713
V0390,release_b,"The narrative culminates in Release B, an alternative discharge pathway.",7.0,release_a,3.0,0.012797337956726551,0.3335118293762207
V0391,release_a,The representative case ends with Release A.,5.0,release_c,4.0,0.13282005488872528,0.34396764636039734
V0392,release_a,The process terminates with Release A.,4.0,release_d,4.0,0.2551642060279846,0.4469527304172516
V0393,release_b,"The narrative ends with Release B, representing the alternative discharge pathway.",19.0,release_a,9.0,0.03321772441267967,0.3334762752056122
V0394,release_a,The outcome is Release A.,7.0,release_b,5.0,0.03069794364273548,0.3367117941379547
V0395,release_a,The narrative shows completion via Release A.,0.0,release_c,3.0,0.006654529366642237,0.3336629569530487
V0396,release_a,The patient is discharged through Release A.,4.0,release_d,1.0,0.011215698905289173,0.3333362340927124
V0397,release_a,The narrative terminates with Release A.,7.0,release_d,6.0,0.13657642900943756,0.33357277512550354
V0398,release_a,The discharge activity is Release A before a return to the ER.,16.0,release_e,9.0,0.4727133810520172,0.002293940167874098
V0399,release_b,"The outcome is Release B, realizing the alternative discharge pathway.",7.0,release_a,2.0,0.43542158603668213,0.39499858021736145
V0400,release_a,The process concludes with Release A.,5.0,release_b,3.0,0.18835152685642242,0.33830979466438293
V0401,release_b,"The narrative ends with Release B, realizing the alternative discharge pathway for admitted patients.",9.0,release_a,4.0,0.1129515990614891,0.3336580693721771
V0402,release_a,"The narrative ends with Release A followed by Return ER, matching the standard discharge pathway.",7.0,release_b,5.0,0.4181574285030365,0.0035794225987046957
V0403,release_a,"The narrative concludes with Release A and subsequent Return ER, corresponding to the standard release pathway.",9.0,release_b,7.0,0.5031198263168335,0.038399506360292435
V0404,release_a,"The process variant results in Release A prior to Return ER, matching the standard release category.",6.0,release_d,5.0,0.5384382605552673,0.005003033671528101
V0405,release_a,"The narrative ends with Release A, realizing the standard discharge pathway.",5.0,release_d,4.0,0.04072009399533272,0.34201958775520325
V0406,release_a,"The narrative terminates with Release A, realizing the standard release pathway.",6.0,release_b,4.0,0.19077108800411224,0.34072935581207275
V0407,release_b,"The narrative culminates in Release B, realizing the alternative discharge pathway for admitted patients.",5.0,release_a,5.0,0.14288106560707092,0.3375103771686554
V0408,release_a,"The narrative finishes with Release A before a return to the ER, aligning with the standard release pathway.",7.0,release_b,4.0,0.3652813136577606,0.0024563290644437075
V0409,release_a,"The variant ends with Release A and subsequent Return ER, matching the standard discharge pathway.",7.0,release_b,4.0,0.5202415585517883,0.0019520153291523457
V0410,release_d,"The narrative terminates with Release D, realizing the alternative discharge pathway for complex admitted cases.",6.0,release_a,1.0,0.14332804083824158,0.33346179127693176
V0411,release_a,"The narrative shows a standard release event (Release A) prior to further uncompleted steps, realizing the standard release pathway.",10.0,release_b,7.0,0.447477251291275,0.3389069736003876
V0412,release_a,"The narrative includes Release A before Return ER, mapping to the standard release category.",11.0,release_d,5.0,0.3794483244419098,0.011710703372955322
V0413,release_a,"The narrative concludes with Release A and Return ER, matching the standard release pathway.",7.0,release_b,3.0,0.7580592632293701,0.33573511242866516
V0414,release_a,"The sequence includes Release A followed by Return ER, corresponding to the standard discharge pathway.",7.0,release_b,5.0,0.3770771026611328,0.00933949276804924
V0415,,The narrative terminates at Admission NC without reaching any discharge pathway category.,,release_a,1.0,,0.005220815073698759
V0416,release_a,"The narrative ends with Release A, realizing the standard discharge pathway.",8.0,release_b,4.0,0.38091596961021423,0.3348008692264557
V0417,,The narrative terminates at ER Triage and does not complete a discharge pathway.,,release_a,3.0,,0.7037296891212463
V0418,release_a,"The narrative concludes with Release A followed by Return ER, matching the standard release pathway.",4.0,release_d,5.0,0.3872414529323578,0.010414083488285542
V0419,release_a,"The narrative ends with Release A, realizing the standard discharge pathway.",4.0,release_b,3.0,0.010491844266653061,0.333581805229187
V0420,release_a,"The narrative terminates with Release A, realizing the standard discharge pathway.",7.0,release_b,4.0,0.35774660110473633,0.3440791368484497
V0421,release_b,"The narrative concludes with Release B, realizing the alternative discharge pathway for admitted patients.",7.0,release_a,4.0,0.00939370971173048,0.33376553654670715
V0422,release_a,"The narrative finishes with Release A before a return to the ER, aligning with the standard release pathway.",11.0,release_c,7.0,0.5375022888183594,0.035343777388334274
V0423,release_c,"The narrative concludes with Release C, realizing the specific discharge pathway for long-stay admitted patients.",6.0,release_a,4.0,0.01725548319518566,0.33396363258361816
V0424,release_a,"The narrative finishes with Release A before Return ER, corresponding to the standard release pathway.",7.0,release_b,4.0,0.6771540641784668,0.34070172905921936
V0425,release_a,"The narrative terminates with Release A, realizing the standard discharge pathway.",3.0,release_c,2.0,0.013006228022277355,0.3345004618167877
V0426,release_c,"The narrative ends with Release C, realizing the specific discharge pathway for long-stay admitted patients.",4.0,release_a,2.0,0.018275557085871696,0.33333656191825867
V0427,release_c,"The narrative ends with Release C followed by Return ER, realizing the specific discharge pathway for long-stay admitted patients.",8.0,release_a,4.0,0.3918193578720093,0.0008149051573127508
V0428,release_c,"The narrative concludes with Release C, realizing the specific discharge pathway for long-stay admitted patients.",10.0,release_a,6.0,0.12931039929389954,0.33356547355651855
V0429,,The narrative ends at IV Antibiotics without reaching any discharge pathway category.,,release_a,2.0,,0.34038498997688293
V0430,release_a,"The narrative ends with Release A, realizing the standard discharge pathway.",8.0,release_b,4.0,0.11654037982225418,0.33333897590637207
V0431,release_a,"The narrative terminates with Release A, realizing the standard discharge pathway.",2.0,release_d,3.0,0.020748905837535858,0.33460533618927
V0432,release_b,"The narrative ends with Release B, realizing the alternative discharge pathway for admitted patients.",11.0,release_a,9.0,0.2100725919008255,0.35271087288856506
V0433,release_c,"The narrative terminates with Release C, realizing the specific discharge pathway for long-stay admitted patients.",6.0,release_a,2.0,0.22553741931915283,0.34123948216438293
V0434,release_a,"The narrative ends with Release A, realizing the standard discharge pathway.",7.0,release_d,5.0,0.11123327165842056,0.33636870980262756
V0435,release_a,"The narrative concludes with Release A prior to Return ER, aligning with the standard release pathway.",36.0,release_d,20.0,0.537188708782196,0.004330573603510857
V0436,release_b,"The narrative terminates with Release B, realizing the alternative discharge pathway for admitted patients.",8.0,release_a,5.0,0.0316169448196888,0.3347119092941284
V0437,release_d,"The narrative ends with Release D and subsequent Return ER, realizing the alternative discharge pathway for complex cases.",30.0,release_a,16.0,0.5003300905227661,0.0037863878533244133
V0438,release_a,"The narrative ends with Release A, realizing the standard discharge pathway.",11.0,release_c,5.0,0.012167033739387989,0.3349599540233612
V0439,release_a,"The narrative terminates with Release A, realizing the standard discharge pathway.",28.0,release_b,12.0,0.04136072099208832,0.34028974175453186
V0440,release_a,"The narrative ends with Release A followed by Return ER, matching the standard release pathway.",11.0,release_c,5.0,0.5514284372329712,0.001840634853579104
V0441,release_a,"The narrative finishes with Release A before Return ER, realizing the standard discharge pathway.",5.0,release_c,3.0,0.4442250728607178,0.022488228976726532
V0442,release_a,"The narrative concludes with Release A followed by Return ER, corresponding to the standard release pathway.",8.0,release_d,6.0,0.513401210308075,0.0048883757553994656
V0443,release_a,"The narrative ends with Release A prior to Return ER, realizing the standard discharge pathway.",5.0,release_d,2.0,0.38192233443260193,0.014184721745550632
V0444,release_c,"The narrative ends with Release C, realizing the specific discharge pathway for long-stay admitted patients.",6.0,release_a,3.0,0.1267877072095871,0.333497554063797
V0445,release_a,"The narrative terminates with Release A, realizing the standard discharge pathway.",4.0,release_c,3.0,0.12768542766571045,0.33423861861228943
V0446,release_a,"The narrative ends with Release A, realizing the standard discharge pathway.",5.0,release_c,4.0,0.12541960179805756,0.33469390869140625
V0447,release_c,"The narrative terminates with Release C followed by Return ER, realizing the specific discharge pathway for long-stay admitted patients.",10.0,release_a,5.0,0.5094826221466064,0.0008237233851104975
V0448,release_a,"The narrative concludes with Release A before Return ER, aligning with the standard release pathway.",11.0,release_c,7.0,0.5197027325630188,0.017544230446219444
V0449,release_a,"The narrative finishes with Release A followed by Return ER, matching the standard release pathway.",6.0,release_b,6.0,0.555478036403656,0.0533195324242115
V0450,release_a,"The narrative ends with Release A, realizing the standard discharge pathway.",5.0,release_b,4.0,0.011767101474106312,0.33340534567832947
V0451,release_a,"The narrative ends with Release A, representing the standard discharge pathway.",6.0,release_b,2.0,0.3427231013774872,0.35910263657569885
V0452,release_a,"The narrative includes Admission IC and Admission NC, ending with Release A for a standard discharge.",25.0,release_b,15.0,0.18824869394302368,0.33678293228149414
V0453,release_a,The narrative includes Release A before ending with a return to the ER.,12.0,release_d,7.0,0.47319546341896057,0.0027760693337768316
V0454,release_a,The narrative ends with Release A prior to a post-discharge ER return.,4.0,release_d,3.0,0.5158615708351135,0.002427955623716116
V0455,release_a,The narrative shows Admission NC and concludes with Release A.,5.0,release_c,4.0,0.12074491381645203,0.3333817720413208
V0456,release_a,"The narrative follows the standard pathway, ending with Release A.",6.0,release_b,4.0,0.13596373796463013,0.3337065875530243
V0457,release_a,"The narrative includes both NC and IC admissions, eventually concluding with Release A.",18.0,release_b,14.0,0.18263942003250122,0.3340547978878021
V0458,release_a,The narrative records Release A before returning to the ER.,6.0,release_b,6.0,0.5657270550727844,0.16807156801223755
V0459,release_a,The narrative concludes with Release A following a normal admission.,7.0,release_c,3.0,0.11569353938102722,0.33499935269355774
V0460,release_a,The narrative shows Release A followed by an ER return.,5.0,release_d,4.0,0.4519616663455963,0.016903098672628403
V0461,release_a,The narrative concludes with Release A.,6.0,release_b,5.0,0.13086502254009247,0.3354508578777313
V0462,,The narrative terminates at CRP and does not reach any discharge activity.,,release_a,1.0,,0.35143592953681946
V0463,release_a,The narrative contains Release A prior to an ER return.,8.0,release_b,4.0,0.7374451756477356,0.33593475818634033
V0464,release_a,The narrative contains Release A prior to a subsequent ER return.,8.0,release_d,6.0,0.5751820206642151,0.0017006737180054188
V0465,release_a,The narrative ends with Release A.,7.0,release_b,6.0,0.027345500886440277,0.33335936069488525
V0466,release_a,The narrative concludes with Release A after an extended stay.,3.0,release_c,4.0,0.12864409387111664,0.3352849781513214
V0467,release_a,The narrative features Release A before an ER return.,8.0,release_d,5.0,0.4617025852203369,0.0071622333489358425
V0468,release_a,The narrative features Release A before an ER return.,7.0,release_b,5.0,0.3378472626209259,0.029890360310673714
V0469,release_a,The narrative includes Release A before an ER return.,7.0,release_d,4.0,0.4691011905670166,0.00023641105508431792
V0470,release_d,"The narrative explicitly ends with Release D, realizing the category for complex admitted cases.",5.0,release_a,2.0,0.14845110476016998,0.3334691524505615
V0471,release_a,The narrative ends with Release A.,6.0,release_b,3.0,0.025716908276081085,0.33493587374687195
V0472,release_a,The narrative ends with Release A.,5.0,release_d,3.0,0.021561838686466217,0.3354182541370392
V0473,release_a,The narrative includes Release A before an ER return.,7.0,release_c,4.0,0.33444568514823914,0.03329195827245712
V0474,release_a,The narrative includes Release A before an ER return.,5.0,release_b,4.0,0.4212038218975067,0.0005330360145308077
V0475,release_a,The narrative ends with Release A.,5.0,release_b,4.0,0.009597011841833591,0.3335033357143402
V0476,release_a,The narrative features Release A prior to a return to the ER.,5.0,release_b,4.0,0.57110995054245,0.1734543889760971
V0477,release_a,The narrative ends with Release A.,6.0,release_b,4.0,0.11844909191131592,0.33423805236816406
V0478,release_a,The narrative concludes with Release A.,7.0,release_b,5.0,0.1297539621591568,0.33433976769447327
V0479,release_a,The narrative includes Release A before an ER return.,4.0,release_c,5.0,0.3370600938796997,0.030677542090415955
V0480,release_a,The narrative ends with Release A.,6.0,release_b,3.0,0.005493797827512026,0.33416447043418884
V0481,release_a,The narrative concludes with Release A.,10.0,release_b,6.0,0.11947431415319443,0.3345555067062378
V0482,release_a,The narrative includes Release A prior to an ER return.,8.0,release_b,5.0,0.4560337960720062,0.012831001542508602
V0483,release_b,"The narrative explicitly concludes with Release B, realizing the alternative discharge pathway.",28.0,release_a,12.0,0.059152472764253616,0.3373398780822754
V0484,release_a,The narrative contains Release A before an ER return.,9.0,release_d,6.0,0.557496964931488,0.004227946046739817
V0485,release_a,The narrative concludes with Release A.,22.0,release_c,16.0,0.17840801179409027,0.33397164940834045
V0486,release_d,"The narrative concludes with Release D, representing complex case discharge.",10.0,release_b,5.0,0.0,0.33352580666542053
V0487,release_a,The narrative ends with Release A.,7.0,release_c,7.0,0.1733027696609497,0.33369529247283936
V0488,,The narrative ends at IV Liquid and does not reach any discharge activity.,,release_a,3.0,,0.34470176696777344
V0489,release_a,The narrative concludes with Release A.,8.0,release_b,5.0,0.3465309143066406,0.35229626297950745
V0490,release_a,The narrative concludes with Release A.,4.0,release_c,4.0,0.1827516406774521,0.3346656262874603
V0491,release_a,The narrative ends with Release A.,4.0,release_b,3.0,0.025646070018410683,0.3350067138671875
V0492,,The narrative terminates at IV Liquid without reaching discharge.,,release_a,3.0,,0.33516204357147217
V0493,release_b,"The narrative ends with Release B, realizing the alternative discharge pathway category.",4.0,release_a,2.0,0.13393361866474152,0.3339519202709198
V0494,release_a,The narrative concludes with Release A.,7.0,release_b,6.0,0.009067581035196781,0.3336927890777588
V0495,,The narrative ends at IV Antibiotics without reaching a discharge activity.,,release_a,3.0,,0.33587193489074707
V0496,release_a,The narrative concludes with Release A.,8.0,release_c,5.0,0.12388018518686295,0.3350277841091156
V0497,release_a,The narrative includes Release A prior to an ER return.,9.0,release_b,4.0,0.6761047840118408,0.34912109375
V0498,release_d,"The narrative concludes with Release D, realizing the alternative discharge for complex cases.",8.0,release_a,4.0,0.11551537364721298,0.33487775921821594
V0499,release_a,The narrative ends with Release A.,4.0,release_c,4.0,0.13436946272850037,0.33530083298683167
V0500,release_a,The narrative ends with Release A.,8.0,release_b,4.0,0.1931062787771225,0.343064546585083
V0501,,The narrative ends with IV Liquid and does not reach a discharge or release outcome.,,release_a,2.0,,0.33455419540405273
V0502,,The narrative ends with Admission NC and does not reach a release outcome.,,release_a,2.0,,0.014295171946287155
V0503,release_b,"The narrative ends with Release B, which is an alternative discharge pathway.",6.0,release_a,2.0,0.37633016705513,0.3359071910381317
V0504,release_a,"The narrative records Release A and then Return ER, which aligns with standard release supporting discharge and measured against ER return.",3.0,release_c,4.0,0.3655881881713867,0.00214942405000329
V0505,release_a,"The narrative records Release A and then Return ER, realizing the standard release pathway.",5.0,release_c,3.0,0.39731574058532715,0.00033978806459344923
V0506,release_a,"The narrative ends with Release A, realizing the standard release pathway.",2.0,release_c,3.0,0.023303456604480743,0.3371599018573761
V0507,,The narrative ends with IV Antibiotics and does not reach any release pathway.,,release_b,3.0,,0.33435705304145813
V0508,release_a,"The narrative records Release A before Return ER, realizing the standard release pathway.",11.0,release_c,6.0,0.4000821113586426,0.0024265889078378677
V0509,release_a,"The narrative ends with Release A, realizing the standard release pathway.",4.0,release_b,3.0,0.015618618577718735,0.33357807993888855
V0510,,The narrative ends with IV Antibiotics and does not reach a discharge or release pathway.,,release_a,2.0,,0.34890270233154297
V0511,release_a,"The narrative ends with Release A, realizing the standard release pathway.",10.0,release_b,9.0,0.18962018191814423,0.3361193835735321
V0512,release_a,"The narrative ends with Release A, realizing the standard release pathway.",6.0,release_e,7.0,0.1331327110528946,0.33653759956359863
V0513,release_a,"The narrative ends with Release A, realizing the standard release pathway.",4.0,release_b,5.0,0.14094991981983185,0.3339282274246216
V0514,release_a,"The narrative ends with Release A, realizing the standard release pathway.",11.0,release_d,7.0,0.12654951214790344,0.33341261744499207
V0515,release_a,"The narrative records Release A followed by Return ER, realizing the standard release pathway.",9.0,release_b,4.0,0.5132759213447571,0.005013633985072374
V0516,,The narrative terminates at Leucocytes without reaching any discharge or release pathway.,,release_a,6.0,,0.1273200362920761
V0517,,The narrative terminates at ER Triage without reaching a release pathway.,,release_a,2.0,,0.6990668177604675
V0518,release_a,"The narrative ends with Release A, realizing the standard release pathway.",6.0,release_d,4.0,0.039190471172332764,0.3435492217540741
V0519,release_a,"The narrative records Release A followed by Return ER, realizing the standard release pathway.",5.0,release_e,5.0,0.44981494545936584,0.019049854949116707
V0520,release_a,"The narrative records Release A followed by Return ER, realizing the standard release pathway.",6.0,release_b,4.0,0.5573822855949402,0.13451026380062103
V0521,release_a,"The narrative ends with Release A, realizing the standard release pathway.",7.0,release_c,6.0,0.12105806916952133,0.33503758907318115
V0522,release_b,"The narrative ends with Release B, which matches an alternative discharge pathway.",20.0,release_d,9.0,0.11910214275121689,0.33336952328681946
V0523,release_a,"The narrative ends with Release A, realizing the standard release pathway.",6.0,release_b,6.0,0.16968394815921783,0.3407348394393921
V0524,release_a,"The narrative ends with Release A, realizing the standard release pathway.",4.0,release_d,3.0,0.006430650129914284,0.33343908190727234
V0525,release_a,"The narrative ends with Release A, realizing the standard release pathway.",4.0,release_d,2.0,0.1733463555574417,0.3433620035648346
V0526,release_a,"The narrative records Release A followed by Return ER, realizing the standard release pathway.",7.0,release_d,3.0,0.5441928505897522,0.010757647454738617
V0527,release_a,"The narrative ends with Release A, realizing the standard release pathway.",8.0,release_b,5.0,0.17600403726100922,0.3414131700992584
V0528,release_a,"The narrative records Release A followed by Return ER, realizing the standard release pathway.",10.0,release_d,7.0,0.5652369856834412,0.008142935112118721
V0529,release_a,"The narrative records Release A followed by Return ER, realizing the standard release pathway.",6.0,release_b,5.0,0.42428529262542725,0.002548444317653775
V0530,release_a,"The narrative records Release A followed by Return ER, realizing the standard release pathway.",7.0,release_d,5.0,0.5000874400138855,0.018133459612727165
V0531,release_a,"The narrative records Release A followed by Return ER, realizing the standard release pathway.",7.0,release_b,6.0,0.5039941668510437,0.10114588588476181
V0532,release_a,"The narrative ends with Release A, realizing the standard release pathway.",4.0,release_c,3.0,0.006890352349728346,0.3338777720928192
V0533,release_a,"The narrative ends with Release A, realizing the standard release pathway.",4.0,release_e,4.0,0.004567551892250776,0.3337897062301636
V0534,release_a,"The narrative ends with Release A, realizing the standard release pathway.",5.0,release_d,3.0,0.13043199479579926,0.3350178301334381
V0535,release_a,"The narrative records Release A followed by Return ER, realizing the standard release pathway.",6.0,release_b,4.0,0.4045800268650055,0.006924503017216921
V0536,release_a,"The narrative ends with Release A, realizing the standard release pathway.",5.0,release_c,4.0,0.12944088876247406,0.3340267241001129
V0537,release_a,"The narrative ends with Release A, realizing the standard release pathway.",7.0,release_c,6.0,0.023001767694950104,0.33685818314552307
V0538,release_a,"The narrative ends with Release A, realizing the standard release pathway.",12.0,release_c,9.0,0.13239526748657227,0.33352580666542053
V0539,release_a,"The narrative records Release A followed by Return ER, realizing the standard release pathway.",7.0,release_d,4.0,0.46924710273742676,0.0003822969738394022
V0540,release_b,"The narrative ends with Release B, which matches an alternative discharge pathway.",7.0,release_a,4.0,0.009863734245300293,0.3335843086242676
V0541,release_a,"The narrative ends with Release A, realizing the standard release pathway.",8.0,release_c,3.0,0.3601212203502655,0.33870598673820496
V0542,release_a,"The narrative ends with Release A, realizing the standard release pathway.",8.0,release_b,8.0,0.12697277963161469,0.33812037110328674
V0543,release_a,"The narrative records Release A followed by Return ER, realizing the standard release pathway.",21.0,release_d,15.0,0.47075143456459045,0.004500335548073053
V0544,release_a,"The narrative ends with Release A, realizing the standard release pathway.",5.0,release_b,4.0,0.021056421101093292,0.33491286635398865
V0545,release_a,"The narrative ends with Release A, realizing the standard release pathway.",4.0,release_e,3.0,0.006367427762597799,0.33337584137916565
V0546,release_a,"The narrative records Release A followed by Return ER, realizing the standard release pathway.",5.0,release_b,4.0,0.36792072653770447,0.0001831106055760756
V0547,release_b,"The narrative ends with Release B, which matches an alternative discharge pathway.",18.0,release_a,10.0,0.027221789583563805,0.3333817720413208
V0548,release_a,"The narrative ends with Release A, realizing the standard release pathway.",8.0,release_b,5.0,0.1734721064567566,0.34394514560699463
V0549,,The narrative ends with IV Liquid and does not reach any release pathway.,,release_a,3.0,,0.3337417542934418
V0550,release_b,"The narrative ends with Release B, which matches an alternative discharge pathway.",8.0,release_a,3.0,0.2006756067276001,0.3768188953399658
V0551,release_a,"The narrative ends with Release A, representing the standard release pathway.",73.0,release_b,36.0,0.20273101329803467,0.3345264494419098
V0552,release_b,"The narrative ends with Release B, representing the alternative discharge pathway.",14.0,release_c,6.0,0.1275031715631485,0.3337821066379547
V0553,release_e,"The narrative ends with Release E, corresponding to the alternative discharge pathway for specific admitted cases.",18.0,release_a,8.0,0.0,0.3345264494419098
V0554,release_a,"The narrative ends with Release A, matching the standard release pathway.",4.0,release_c,3.0,0.1188238337635994,0.3338632881641388
V0555,release_b,"The narrative ends with Release B, corresponding to the alternative discharge pathway.",6.0,release_a,4.0,0.22606010735034943,0.33605316281318665
V0556,,"The narrative results in Return ER after an intermediate Release A, not cleanly mapping to a distinct final discharge category variant.",,release_a,3.0,,0.0006483563338406384
V0557,release_a,"The narrative ends with Release A, mapping to the standard release pathway.",6.0,release_b,3.0,0.11806085705757141,0.3356926441192627
V0558,,The narrative ends with Return ER after an intermediate Release A.,,release_a,3.0,,0.0017119027907028794
V0559,,The narrative ends with Return ER following a standard Release A.,,release_a,4.0,,0.00030402603442780674
V0560,,The narrative terminates with Return ER after an intermediate Release A.,,release_a,3.0,,0.0014909828314557672
V0561,release_a,"The narrative concludes with Release A, realizing the standard release pathway.",6.0,release_c,5.0,0.004389416426420212,0.33488258719444275
V0562,release_a,"The narrative concludes with Release A, realizing the standard release pathway.",7.0,release_c,5.0,0.002608019858598709,0.33356547355651855
V0563,release_a,"The narrative concludes with Release A, realizing the standard release pathway.",13.0,release_c,8.0,0.18104733526706696,0.3363698720932007
V0564,,The variant results in Return ER following a Release A.,,release_a,2.0,,0.003712746547535062
V0565,,"The outcome is Admission NC, lacking any final release category.",,release_a,3.0,,0.017176801338791847
V0566,release_a,"The narrative ends with Release A, mapping to the standard release pathway.",6.0,release_b,6.0,0.11133266240358353,0.3364681005477905
V0567,,The variant ends with Return ER after Release A.,,release_a,2.0,,0.0007967143319547176
V0568,release_a,"The narrative concludes with Release A, realizing the standard release pathway.",7.0,release_b,7.0,0.17101460695266724,0.3333696126937866
V0569,release_a,"The narrative concludes with Release A, realizing the standard release pathway.",2.0,release_d,2.0,0.12464320659637451,0.3354702889919281
V0570,release_a,"The narrative concludes with Release A, realizing the standard release pathway.",14.0,release_c,7.0,0.12271984666585922,0.3336900472640991
V0571,release_b,"The narrative concludes with Release B, representing the alternative discharge pathway.",28.0,release_a,14.0,0.11622101068496704,0.3337017297744751
V0572,release_a,"The narrative concludes with Release A, realizing the standard release pathway.",20.0,release_b,13.0,0.13667364418506622,0.3370891809463501
V0573,,The narrative ends with Return ER following an intermediate Release A.,,release_a,2.0,,5.731179771828465e-05
V0574,release_a,"The narrative concludes with Release A, realizing the standard release pathway.",13.0,release_b,10.0,0.1846209317445755,0.33387038111686707
V0575,,"The outcome is Leucocytes, lacking any final release event.",,release_a,2.0,,0.08425603061914444
V0576,release_a,"The narrative concludes with Release A, realizing the standard release pathway.",8.0,release_c,7.0,0.141923725605011,0.33371222019195557
V0577,,The narrative ends with Return ER following a Release A.,,release_a,9.0,,0.00028784008463844657
V0578,,The narrative ends with Return ER following a Release A.,,release_a,2.0,,0.0014760210178792477
V0579,,The narrative ends with Return ER following an intermediate Release A.,,release_a,21.0,,0.0010164988925680518
V0580,,"The narrative ends at CRP, with no final release event.",,release_a,2.0,,0.34905365109443665
V0581,release_d,"The narrative explicitly concludes with Release D, representing the alternative discharge pathway for complex admitted cases.",5.0,release_a,3.0,0.3378317058086395,0.0011723353527486324
V0582,release_a,"The narrative concludes with Release A, realizing the standard release pathway.",6.0,release_b,4.0,0.1777452975511551,0.33605316281318665
V0583,release_a,"The narrative concludes with Release A, realizing the standard release pathway.",4.0,release_c,4.0,0.12095678597688675,0.33493635058403015
V0584,,"The outcome is IV Liquid, with no final release activity.",,release_a,3.0,,0.33377358317375183
V0585,,"The outcome is LacticAcid, lacking any final release category.",,release_a,3.0,,0.34067413210868835
V0586,release_b,"The narrative concludes with Release B, realizing the alternative discharge pathway.",4.0,release_a,1.0,0.11932045966386795,0.3333382308483124
V0587,,"The outcome is CRP, with no final release event.",,release_a,2.0,,0.4022698402404785
V0588,release_c,"The narrative contains a terminal Release C event prior to Return ER, realizing the specific discharge pathway for long-stay admitted patients.",12.0,release_a,5.0,0.542354941368103,0.004931775387376547
V0589,release_b,"The narrative concludes with Release B, realizing the alternative discharge pathway.",9.0,release_a,5.0,0.1817622035741806,0.33431413769721985
V0590,,The narrative ends with Return ER after Release A.,,release_a,3.0,,0.0020043847616761923
V0591,,The narrative ends with Return ER after an intermediate Release A.,,release_a,1.0,,0.007256778422743082
V0592,,"The outcome is IV Antibiotics, lacking any final release category.",,release_a,4.0,,0.3633485734462738
V0593,release_a,"The narrative concludes with Release A, realizing the standard release pathway.",4.0,release_c,4.0,0.0,0.3336507976055145
V0594,release_b,"The narrative concludes with Release B, realizing the alternative discharge pathway.",7.0,release_a,4.0,0.10034871846437454,0.3404475748538971
V0595,,The narrative ends with Return ER following a Release A.,,release_a,3.0,,0.0025638891384005547
V0596,release_a,"The narrative concludes with Release A, realizing the standard release pathway.",6.0,release_b,4.0,0.014505942352116108,0.33469077944755554
V0597,release_a,"The narrative concludes with Release A, realizing the standard release pathway.",10.0,release_c,8.0,0.17091257870197296,0.3334716260433197
V0598,release_e,"The narrative concludes with Release E, matching the alternative discharge pathway for specific admitted cases.",14.0,release_a,7.0,0.08387475460767746,0.3335825204849243
V0599,release_a,"The narrative concludes with Release A, realizing the standard release pathway.",6.0,release_b,5.0,0.0309671089053154,0.3369809687137604
V0600,release_a,"The narrative concludes with Release A, realizing the standard release pathway.",25.0,release_e,16.0,0.18029768764972687,0.33495357632637024
V0601,release_c,"The narrative outcome is Release C, matching a specific discharge pathway for long-stay admitted patients.",0.0,release_a,2.0,0.13279515504837036,0.33337584137916565
V0602,release_d,"The narrative outcome is Release D, matching an alternative discharge pathway for complex admitted cases.",7.0,release_a,5.0,0.10042574256658554,0.3333696126937866
V0603,release_e,"The narrative outcome is Release E, matching an alternative discharge pathway for specific admitted cases.",9.0,release_a,2.0,0.17411257326602936,0.33371493220329285
V0604,release_a,"The narrative outcome is Release A, matching the standard release pathway for admitted patients.",6.0,release_b,5.0,0.008963245898485184,0.3371104896068573
V0605,,"The outcome is Return ER, so it does not realize a standard release pathway category.",,release_a,6.0,,0.0016118697822093964
V0606,release_a,"The narrative ends with Release A, matching the standard discharge pathway.",6.0,release_b,5.0,0.021016402170062065,0.334872841835022
V0607,release_a,"The narrative ends with Release A, realizing the standard discharge pathway.",9.0,release_c,5.0,0.13169875741004944,0.3362846076488495
V0608,release_a,"The narrative ends with Release A, realizing the standard discharge pathway.",4.0,release_b,4.0,0.11991262435913086,0.3338921368122101
V0609,release_a,"The narrative ends with Release A, realizing the standard discharge pathway.",7.0,release_d,6.0,0.00920164491981268,0.33355870842933655
V0610,release_a,"The narrative ends with Release A, realizing the standard discharge pathway.",4.0,release_b,3.0,0.12585903704166412,0.3342544734477997
V0611,release_a,"The narrative ends with Release A, realizing the standard discharge pathway.",9.0,release_c,6.0,0.182286337018013,0.3337017297744751
V0612,release_a,"The narrative ends with Release A, realizing the standard discharge pathway.",5.0,release_c,5.0,0.13341470062732697,0.33625563979148865
V0613,release_a,"The narrative ends with Release A, realizing the standard discharge pathway.",4.0,release_d,4.0,0.1976615935564041,0.347619891166687
V0614,,"The outcome involves returning to the ER, not fitting any release category.",,release_a,2.0,,0.0008848587167449296
V0615,release_c,"The narrative ends with Release C despite a later return to ER, matching the long-stay discharge pathway.",5.0,release_a,2.0,0.5079033970832825,0.0017379781929776073
V0616,release_a,"The narrative ends with Release A, realizing the standard discharge pathway.",4.0,release_c,4.0,0.18152384459972382,0.3351845443248749
V0617,release_a,"The narrative ends with Release A, realizing the standard discharge pathway.",5.0,release_c,3.0,0.14136634767055511,0.3335118293762207
V0618,release_c,"The narrative ends with Release C, matching the specific discharge pathway for long-stay patients.",8.0,release_a,5.0,0.0,0.33340775966644287
V0619,release_a,"The narrative ends with Release A, realizing the standard discharge pathway.",7.0,release_b,4.0,0.1883847564458847,0.3383430242538452
V0620,release_a,"The narrative ends with Release A, realizing the standard discharge pathway.",5.0,release_e,3.0,0.12776999175548553,0.33891761302948
V0621,release_b,"The narrative ends with Release B, matching an alternative discharge pathway.",4.0,release_a,3.0,0.40973857045173645,0.40637096762657166
V0622,release_a,"The narrative ends with Release A, realizing the standard discharge pathway.",21.0,release_d,13.0,0.11124411970376968,0.3360072076320648
V0623,release_a,"The narrative ends with Release A, realizing the standard discharge pathway.",5.0,release_c,3.0,0.02864575944840908,0.334659606218338
V0624,release_a,"The narrative ends with Release A, realizing the standard discharge pathway.",5.0,release_c,3.0,0.17950259149074554,0.33791467547416687
V0625,,"The outcome is Return ER, so it does not realize a category.",,release_d,2.0,,0.0007366447825916111
V0626,release_a,"The narrative ends with Release A, realizing the standard discharge pathway.",5.0,release_c,3.0,0.23923297226428986,0.4450700283050537
V0627,,"The outcome is Return ER, so it does not realize a category.",,release_a,11.0,,1.9192344552720897e-05
V0628,release_a,"The narrative ends with Release A, realizing the standard discharge pathway.",5.0,release_b,4.0,0.19935260713100433,0.34931087493896484
V0629,release_e,"The narrative ends with Release E, matching an alternative discharge pathway for specific admitted cases.",0.0,release_a,5.0,0.15986932814121246,0.33996978402137756
V0630,release_a,"The narrative ends with Release A, realizing the standard discharge pathway.",10.0,release_b,8.0,0.1284375935792923,0.33958521485328674
V0631,,"The outcome is Return ER, so it does not realize a category.",,release_a,2.0,,0.00020539744582492858
V0632,,"The outcome is Return ER, so it does not realize a category.",,release_a,1.0,,0.0007239529513753951
V0633,release_d,"The narrative ends with Release D before returning to ER, matching the alternative pathway for complex cases.",0.0,release_a,3.0,0.48728999495506287,0.00033978806459344923
V0634,release_a,"The narrative ends with Release A, realizing the standard discharge pathway.",6.0,release_c,4.0,0.02307572029531002,0.33693215250968933
V0635,,"The outcome is Return ER, so it does not realize a category.",,release_a,3.0,,0.0003389155026525259
V0636,,"The outcome is LacticAcid, lacking a discharge event.",,release_a,2.0,,0.34761643409729004
V0637,release_a,"The narrative ends with Release A, realizing the standard discharge pathway.",4.0,release_d,3.0,0.1344684362411499,0.3352018892765045
V0638,,"The outcome involves returning to the ER, not fitting any release category.",,release_a,2.0,,0.0025624819099903107
V0639,,"The outcome involves returning to the ER, not fitting any release category.",,release_a,4.0,,0.0020689237862825394
V0640,,"The outcome involves returning to the ER, not fitting any release category.",,release_a,3.0,,0.0006289064767770469
V0641,,"The outcome involves returning to the ER, not fitting any release category.",,release_a,1.0,,0.0005296347080729902
V0642,release_a,"The narrative ends with Release A, realizing the standard discharge pathway.",10.0,release_c,7.0,0.1315275877714157,0.34267520904541016
V0643,,"The outcome involves returning to the ER, not fitting any release category.",,release_a,11.0,,0.0032851595897227526
V0644,,"The outcome is CRP, lacking a discharge event.",,release_b,1.0,,0.3505743443965912
V0645,,"The outcome is LacticAcid, lacking a discharge event.",,release_a,2.0,,0.3411502540111542
V0646,,"The outcome involves returning to the ER, not fitting any release category.",,release_a,7.0,,0.33397653698921204
V0647,release_a,"The narrative ends with Release A, realizing the standard discharge pathway.",3.0,release_b,3.0,0.23717297613620758,0.44516268372535706
V0648,release_a,"The narrative ends with Release A, realizing the standard discharge pathway.",8.0,release_d,6.0,0.006419161334633827,0.3345663845539093
V0649,,"The outcome involves returning to the ER, not fitting any release category.",,release_a,4.0,,0.00017481461691204458
V0650,,"The outcome involves returning to the ER, not fitting any release category.",,release_a,1.0,,0.04117850214242935
V0651,release_a,"The narrative ends with Release A, representing the standard release pathway for an admitted patient.",8.0,release_b,4.0,0.6084627509117126,0.1867259293794632
V0652,release_a,"The narrative ends with Release A, matching the standard release pathway.",4.0,release_c,4.0,0.5996403098106384,0.11768632382154465
V0653,release_a,"The process terminates with Release A, supporting standard discharge.",4.0,release_b,5.0,0.12812519073486328,0.33395564556121826
V0654,,"The narrative does not culminate in any release activity, ending prematurely at Leucocytes.",,release_a,4.0,,0.08748802542686462
V0655,release_a,"The narrative concludes with Release A, matching the standard release pathway.",8.0,release_b,6.0,0.1942041963338852,0.3404475748538971
V0656,release_d,"The narrative explicitly terminates with Release D, corresponding to the alternative discharge pathway for complex admitted cases.",10.0,release_c,6.0,0.01688617654144764,0.33352211117744446
V0657,release_a,"The process concludes with Release A, realizing the standard discharge pathway.",3.0,release_c,3.0,0.17641092836856842,0.3410062789916992
V0658,release_a,"The patient goes through Release A before a return ER, realizing the standard release pathway.",7.0,release_b,4.0,0.5755842328071594,0.16990059614181519
V0659,release_a,"The narrative ends with Release A, representing the standard release pathway.",7.0,release_b,3.0,0.3659217357635498,0.33376121520996094
V0660,release_a,"The narrative terminates with Release A, representing the standard release pathway.",18.0,release_d,11.0,0.1213240921497345,0.3337271511554718
V0661,release_a,"The process concludes with Release A, realizing the standard release pathway.",19.0,release_b,12.0,0.12151531130075455,0.333635538816452
V0662,release_a,"The narrative records Release A before returning to the ER, aligning with the standard release pathway.",10.0,release_c,7.0,0.5070902705192566,0.004931775387376547
V0663,,The process stops at Admission NC and does not complete any release pathway.,,release_a,1.0,,0.011053969152271748
V0664,,The narrative terminates at IV Liquid and contains no discharge or release steps.,,release_a,4.0,,0.367952436208725
V0665,release_a,"The process ends with Release A, reflecting the standard release pathway.",4.0,release_c,4.0,0.0019229223253205419,0.33401191234588623
V0666,release_a,"The narrative finishes with Release A, mapping to the standard release pathway.",7.0,release_b,2.0,0.14886252582073212,0.3406510353088379
V0667,release_a,"The narrative features Release A prior to a return ER visit, realizing the standard release pathway.",7.0,release_b,2.0,0.4145543575286865,0.0008237233851104975
V0668,release_a,"The process concludes with Release A, matching the standard release pathway.",6.0,release_c,3.0,0.382045179605484,0.3336716592311859
V0669,release_a,"The narrative terminates with Release A, corresponding to the standard release pathway.",3.0,release_b,4.0,0.023457609117031097,0.33719518780708313
V0670,,"Although Release A appears midway, the variant ultimately ends with Leucocytes following an ER return, fitting none of the clean terminal release categories.",,release_a,4.0,,0.014846313744783401
V0671,release_a,"The narrative includes Release A before an ER return, realizing the standard release pathway.",8.0,release_b,4.0,0.38623085618019104,0.011424671858549118
V0672,release_b,"The narrative explicitly terminates with Release B, corresponding to the alternative discharge pathway.",19.0,release_a,12.0,0.17641283571720123,0.33423009514808655
V0673,release_a,"The process ends with Release A, realizing the standard release pathway.",9.0,release_b,6.0,0.11297759413719177,0.33438006043434143
V0674,release_a,"The narrative terminates with Release A, matching the standard release pathway.",39.0,release_d,22.0,0.15507103502750397,0.3359471559524536
V0675,release_d,"The narrative includes Release D, indicating the alternative discharge pathway for complex cases.",7.0,release_a,5.0,0.40084752440452576,0.0009016120457090437
V0676,,The process stops at IV Antibiotics and does not reach any release pathway.,,release_a,4.0,,0.3567776679992676
V0677,release_a,"The narrative records Release A prior to a return ER visit, realizing the standard release pathway.",8.0,release_b,3.0,0.7172968983650208,0.3359721601009369
V0678,release_a,"The process concludes with Release A, matching the standard release pathway.",6.0,release_b,5.0,0.1326814591884613,0.3369888365268707
V0679,,The narrative terminates at IV Antibiotics without any discharge event.,,release_a,2.0,,0.33444395661354065
V0680,release_a,"The narrative features Release A before an ER return, representing the standard release pathway.",9.0,release_d,7.0,0.4783976078033447,0.012146451510488987
V0681,release_a,"The process includes Release A prior to a return ER, realizing the standard release pathway.",5.0,release_d,5.0,0.5674009919166565,0.16974543035030365
V0682,release_b,"The narrative culminates in Release B, corresponding to the alternative discharge pathway.",9.0,release_a,6.0,0.08563952893018723,0.33532166481018066
V0683,release_a,"The narrative ends with Release A, realizing the standard release pathway.",8.0,release_d,6.0,0.12654466927051544,0.33340775966644287
V0684,release_a,"The process terminates with Release A, matching the standard release pathway.",5.0,release_b,4.0,0.11690470576286316,0.3338575065135956
V0685,,The process stops at IV Antibiotics with no release or discharge activity.,,release_a,2.0,,0.3453831672668457
V0686,release_a,"The narrative features Release A before an ER return, realizing the standard release pathway.",8.0,release_b,3.0,0.7583330273628235,0.33600887656211853
V0687,release_a,"The process records Release A prior to a return ER, matching the standard release pathway.",5.0,release_d,4.0,0.47768935561180115,0.004264625255018473
V0688,release_a,"The narrative includes Release A before an ER return, realizing the standard release pathway.",5.0,release_b,4.0,0.3791424334049225,0.011404822580516338
V0689,,The narrative terminates at IV Antibiotics without reaching a release activity.,,release_a,4.0,,0.3464854955673218
V0690,release_a,"The process concludes with Release A, realizing the standard release pathway.",10.0,release_b,8.0,0.12186175584793091,0.33365729451179504
V0691,release_b,"The narrative terminates with Release B, mapping to the alternative discharge pathway.",6.0,release_a,2.0,0.39462682604789734,0.35420385003089905
V0692,release_b,"The process ends with Release B, corresponding to the alternative discharge pathway.",6.0,release_a,3.0,0.3737633228302002,0.3333403766155243
V0693,release_a,"The narrative records Release A before returning to the ER, matching the standard release pathway.",5.0,release_c,5.0,0.504241406917572,0.11563631892204285
V0694,,The process stops early at ER Sepsis Triage and does not reach any release pathway.,,release_a,4.0,,0.4308895766735077
V0695,release_a,"The narrative concludes with Release A, realizing the standard release pathway.",3.0,release_c,5.0,0.11832365393638611,0.3357062041759491
V0696,release_a,"The narrative features Release A before an ER return, matching the standard release pathway.",10.0,release_b,7.0,0.5923041701316833,0.01542141567915678
V0697,release_a,"The process ends with Release A, realizing the standard release pathway.",7.0,release_b,3.0,0.032378580421209335,0.3383924663066864
V0698,release_a,"The narrative terminates with Release A, representing the standard release pathway.",4.0,release_d,4.0,0.14277391135692596,0.33456242084503174
V0699,release_a,"The process finishes with Release A, matching the standard release pathway.",6.0,release_b,5.0,0.025386428460478783,0.3352663516998291
V0700,release_b,"The narrative concludes with Release B, corresponding to the alternative discharge pathway.",6.0,release_a,2.0,0.2397448867559433,0.33369848132133484
V0701,release_c,"The narrative culminates in Release C, matching the criteria for a specific discharge pathway for long-stay admitted patients.",8.0,release_a,3.0,0.004107105545699596,0.33367064595222473
V0702,release_a,"The narrative culminates in Release A, representing the standard release pathway supporting discharge for admitted patients.",4.0,release_b,4.0,0.11732562631368637,0.3334365785121918
V0703,,The process terminates with IV Liquid and does not reach any discharge or release category.,,release_a,2.0,,0.33499279618263245
V0704,release_a,"The process ends with Release A, representing the standard release pathway for admitted patients.",5.0,release_c,6.0,0.11875265091657639,0.3363982141017914
V0705,,"The narrative results in a Return ER outcome after Release A, so it does not fit cleanly into a standard category evaluation without residual post-discharge return context.",,release_a,1.0,,0.0003393219958525151
V0706,release_a,"The process terminates with Release A, matching the standard release pathway for admitted patients.",6.0,release_b,1.0,0.39119967818260193,0.333533376455307
V0707,,The narrative terminates at Admission NC and does not reach a completion or release state.,,release_a,1.0,,0.0033132981043308973
V0708,,The process ends at IV Antibiotics without reaching any discharge or release outcome.,,release_b,5.0,,0.3469402492046356
V0709,release_b,"The narrative terminates with Release B, realizing the alternative discharge pathway for admitted patients.",0.0,release_a,2.0,0.11250493675470352,0.3341047465801239
V0710,release_c,The narrative represents a long-stay admission (over 100 days duration) concluding with Release C.,173.0,release_a,70.0,0.14292915165424347,0.33356043696403503
V0711,release_a,"The process concludes with Release A, matching the standard release pathway.",6.0,release_b,3.0,0.12204573303461075,0.33602526783943176
V0712,,"The narrative ends with a Return ER outcome following initial release, failing to fit standard single-release definitions cleanly.",,release_a,7.0,,2.603729626571294e-05
V0713,,The process terminates at IV Antibiotics without a final release or discharge activity.,,release_a,3.0,,0.3506447970867157
V0714,release_a,"The narrative terminates with Release A, reflecting the standard release pathway.",5.0,release_c,4.0,0.01783442497253418,0.33452916145324707
V0715,release_b,"The narrative ends with Release B, matching the alternative discharge pathway for admitted patients.",8.0,release_a,4.0,0.2136198729276657,0.3562581539154053
V0716,release_a,"The process concludes with Release A, aligning with the standard release pathway.",6.0,release_b,2.0,0.11938504129648209,0.33464479446411133
V0717,release_a,"The narrative terminates with Release A, representing the standard release pathway.",6.0,release_d,4.0,0.11996208876371384,0.33394160866737366
V0718,release_d,"The narrative specifically includes Release D, corresponding to the alternative discharge pathway for complex cases.",20.0,release_a,10.0,0.4685699939727783,0.0018020950956270099
V0719,,"The narrative ends with a Return ER outcome after Release A, so it does not match standard release definitions.",,release_a,2.0,,0.0003360187401995063
V0720,,The process results in a Return ER outcome following Release A.,,release_a,1.0,,0.0006664472748525441
V0721,,The narrative concludes with a Return ER outcome after Release A.,,release_a,5.0,,0.00034471272374503314
V0722,release_a,"The process terminates with Release A, matching the standard release pathway.",6.0,release_b,3.0,0.03412961959838867,0.34014347195625305
V0723,release_a,"The narrative ends with Release A, reflecting the standard release pathway.",7.0,release_b,5.0,0.12459948658943176,0.33551403880119324
V0724,,The narrative concludes with a Return ER outcome following initial release.,,release_a,1.0,,0.0008852484170347452
V0725,release_d,"The narrative concludes with Release D, directly realizing the alternative discharge pathway for complex admitted cases.",10.0,release_a,2.0,0.2604072391986847,0.33486512303352356
V0726,release_a,"The process terminates with Release A, matching the standard release pathway for admitted patients.",18.0,release_b,11.0,0.11795839667320251,0.33719244599342346
V0727,,The narrative results in a Return ER outcome following Release A.,,release_a,2.0,,0.00011380133219063282
V0728,release_a,"The process concludes with Release A, representing the standard release pathway.",6.0,release_b,5.0,0.12786221504211426,0.3390098512172699
V0729,release_a,"The narrative terminates with Release A, aligning with the standard release pathway.",6.0,release_c,6.0,0.12787853181362152,0.3390261232852936
V0730,release_a,"The process ends with Release A, realizing the standard release pathway.",4.0,release_c,3.0,0.022687723860144615,0.3365441560745239
V0731,release_a,"The narrative terminates with Release A, representing the standard release pathway.",7.0,release_d,3.0,0.19631586968898773,0.34647223353385925
V0732,release_a,"The process concludes with Release A, reflecting the standard release pathway.",8.0,release_b,3.0,0.3346388638019562,0.34988364577293396
V0733,release_a,"The narrative ends with Release A, matching the standard release pathway.",7.0,release_d,3.0,0.13287509977817535,0.33679521083831787
V0734,,The process results in a Return ER outcome following Release A.,,release_a,1.0,,0.003758639097213745
V0735,release_a,"The process concludes with Release A, aligning with the standard release pathway.",6.0,release_d,3.0,0.35572221875190735,0.3461035192012787
V0736,release_a,"The narrative ends with Release A, representing the standard release pathway.",5.0,release_c,4.0,0.010488350875675678,0.33358529210090637
V0737,release_a,"The process terminates with Release A, matching the standard release pathway.",6.0,release_c,4.0,0.021262912079691887,0.335119366645813
V0738,release_a,"The narrative concludes with Release A, reflecting the standard release pathway.",5.0,release_b,4.0,0.04522930458188057,0.3375103771686554
V0739,release_a,"The process ends with Release A, realizing the standard release pathway.",8.0,release_d,6.0,0.1281527429819107,0.33930036425590515
V0740,release_a,"The narrative terminates with Release A, representing the standard release pathway.",7.0,release_d,5.0,0.016634829342365265,0.3341048061847687
V0741,release_a,"The process concludes with Release A, matching the standard release pathway.",6.0,release_b,4.0,0.023586774244904518,0.33706602454185486
V0742,,The narrative terminates at LacticAcid and does not reach any release or discharge outcome.,,release_a,3.0,,0.3603408634662628
V0743,release_a,"The process ends with Release A, reflecting the standard release pathway.",8.0,release_b,3.0,0.010031728073954582,0.33393803238868713
V0744,,The narrative results in a Return ER outcome following Release A.,,release_a,7.0,,0.0015293057076632977
V0745,,The process concludes with a Return ER outcome after Release A.,,release_a,3.0,,0.027911365032196045
V0746,,The narrative results in a Return ER outcome following Release A.,,release_a,11.0,,0.0008998369448818266
V0747,release_c,"The process terminates with Release C, matching the specific discharge pathway for long-stay admitted patients.",5.0,release_a,5.0,0.09371375292539597,0.3361193835735321
V0748,,The narrative ends with a Return ER outcome following Release A.,,release_a,2.0,,0.001174799632281065
V0749,release_a,"The process concludes with Release A, matching the standard release pathway.",4.0,release_c,2.0,0.02289699576795101,0.3367534577846527
V0750,,The narrative terminates at IV Antibiotics without reaching a discharge or release state.,,release_a,3.0,,0.34315261244773865
V0751,release_a,"The narrative ends with Release A, representing the standard release pathway for an admitted patient.",4.0,release_b,3.0,0.019801635295152664,0.3336580693721771
V0752,release_a,The narrative shows a discharge via Release A before a return to the ER.,19.0,release_d,8.0,0.49440798163414,0.007750561460852623
V0753,release_a,The process includes an initial discharge through Release A.,6.0,release_b,4.0,0.3853999078273773,0.012255621142685413
V0754,release_a,The sequence concludes the hospital stay with Release A.,5.0,release_d,4.0,0.3493935763835907,0.018344061449170113
V0755,release_a,The patient is discharged via the standard Release A pathway.,5.0,release_e,4.0,0.13429932296276093,0.3353709876537323
V0756,release_a,The patient's initial discharge is accomplished via Release A.,31.0,release_d,15.0,0.5817373394966125,0.004854610655456781
V0757,release_a,The sequence leads to a discharge via Release A prior to an ER return.,6.0,release_d,6.0,0.46438470482826233,0.004480055999010801
V0758,release_a,"The narrative finishes with Release A, matching the standard pathway.",4.0,release_c,3.0,0.15613608062267303,0.3479245603084564
V0759,,The narrative terminates at IV Antibiotics without reaching any discharge activity.,,release_a,3.0,,0.3767373561859131
V0760,release_a,The patient is discharged using the standard Release A pathway.,6.0,release_b,5.0,0.11234954744577408,0.3361785113811493
V0761,release_a,The patient follows the standard pathway ending in Release A.,6.0,release_c,6.0,0.024698982015252113,0.33595380187034607
V0762,release_a,The case is concluded via the standard Release A pathway.,23.0,release_b,14.0,0.1438591629266739,0.34193137288093567
V0763,release_a,The admission is resolved by a discharge through Release A.,41.0,release_b,21.0,0.5373609662055969,0.004158315248787403
V0764,,The variant ends at ER Sepsis Triage and does not involve an inpatient release pathway.,,release_a,3.0,,0.33717337250709534
V0765,release_a,The initial hospital stay concludes with Release A.,6.0,release_b,7.0,0.5398914217948914,0.006456186529248953
V0766,release_a,The standard Release A is used to discharge the patient.,6.0,release_b,3.0,0.1925385445356369,0.3424968421459198
V0767,release_a,"The patient undergoes the standard release pathway, Release A.",9.0,release_b,2.0,0.7202410697937012,0.33363866806030273
V0768,release_a,The patient is released via Release A after admission.,9.0,release_b,4.0,0.349432110786438,0.3493950664997101
V0769,release_a,The narrative concludes with a standard Release A.,4.0,release_b,4.0,0.0061920094303786755,0.3343392312526703
V0770,release_a,The patient is discharged via Release A before returning to the ER.,7.0,release_b,7.0,0.5307444930076599,0.010774829424917698
V0771,release_a,The case concludes using the standard Release A pathway.,4.0,release_b,2.0,0.11715327948331833,0.3336088955402374
V0772,,The trace stops at CRP and does not complete a discharge activity.,,release_a,2.0,,0.35271406173706055
V0773,release_a,The standard Release A activity concludes the inpatient stay.,5.0,release_b,2.0,0.18676914274692535,0.33672741055488586
V0774,,The process trace terminates at ER Sepsis Triage without an admission or release.,,release_a,3.0,,0.35368454456329346
V0775,,The process terminates at CRP without reaching a release activity.,,release_a,2.0,,0.35355398058891296
V0776,release_a,The narrative ends with the standard Release A.,4.0,release_c,3.0,0.13294202089309692,0.3367283046245575
V0777,,The narrative ends at Leucocytes without reaching a discharge or release.,,release_b,4.0,,0.3730004131793976
V0778,,The narrative terminates at Leucocytes without an inpatient release.,,release_b,4.0,,0.2589953541755676
V0779,release_a,The stay concludes via the standard Release A.,6.0,release_b,3.0,0.33979710936546326,0.027940519154071808
V0780,release_a,The standard Release A pathway is used for discharge.,15.0,release_c,8.0,0.019940504804253578,0.3357985317707062
V0781,release_c,"The narrative explicitly realizes Release C, representing the specific discharge pathway for long-stay admitted patients.",8.0,release_a,5.0,0.11267659813165665,0.33335208892822266
V0782,release_a,The case is discharged via the standard Release A pathway.,8.0,release_c,5.0,0.011342312209308147,0.3357846736907959
V0783,release_a,The patient is discharged through the standard Release A pathway.,7.0,release_d,6.0,0.006211699452251196,0.33435893058776855
V0784,release_a,The standard Release A is used at the end of the inpatient stay.,9.0,release_b,7.0,0.021266192197799683,0.337124228477478
V0785,release_a,The narrative records an initial discharge via Release A.,5.0,release_d,6.0,0.5298400521278381,0.011679232120513916
V0786,release_a,"The patient follows the standard discharge pathway, Release A.",8.0,release_c,6.0,0.11280578374862671,0.33756887912750244
V0787,release_a,The inpatient stay concludes with Release A.,6.0,release_d,5.0,0.48082438111305237,0.001129603828303516
V0788,release_a,The standard Release A pathway is executed.,3.0,release_d,3.0,0.02083921991288662,0.3346956670284271
V0789,release_a,The patient is discharged via Release A.,4.0,release_b,4.0,0.1294594556093216,0.33404529094696045
V0790,release_d,"The narrative explicitly realizes Release D, representing the alternative discharge pathway for complex admitted cases.",9.0,release_a,4.0,0.017393022775650024,0.3333390951156616
V0791,,The process terminates at IV Antibiotics with no discharge or release.,,release_b,3.0,,0.36149027943611145
V0792,release_b,"The narrative explicitly realizes Release B, representing the alternative discharge pathway for admitted patients.",4.0,release_a,2.0,0.11752891540527344,0.3333362340927124
V0793,release_a,The patient follows the standard Release A pathway after an intensive care admission.,6.0,release_e,6.0,0.12230879068374634,0.33382460474967957
V0794,release_a,The initial stay concludes via the standard Release A.,10.0,release_c,6.0,0.37632909417152405,0.008591464720666409
V0795,release_a,The patient is discharged via the standard Release A.,41.0,release_d,20.0,0.1848352998495102,0.33336952328681946
V0796,release_a,The narrative concludes with the standard Release A.,8.0,release_b,3.0,0.3524039685726166,0.3464232385158539
V0797,release_a,The patient's initial discharge goes through Release A.,7.0,release_e,5.0,0.5325336456298828,0.0009016120457090437
V0798,release_a,The admission concludes with a standard Release A.,4.0,release_d,3.0,0.39559388160705566,0.0020616312976926565
V0799,release_a,The patient is released using the standard Release A pathway.,6.0,release_b,4.0,0.06371531635522842,0.34764230251312256
V0800,release_a,The patient undergoes the standard Release A pathway.,6.0,release_c,4.0,0.1332869976758957,0.34443461894989014
V0801,release_a,"Outcome is Release A, representing the standard discharge pathway for admitted patients.",6.0,release_c,4.0,0.11224306374788284,0.3362849950790405
V0802,release_d,"Outcome is Release D, corresponding to the alternative discharge pathway for complex cases.",7.0,release_a,2.0,0.024389848113059998,0.33333656191825867
V0803,release_b,"Outcome is Release B, which represents an alternative discharge pathway.",8.0,release_a,6.0,0.10299691557884216,0.3430957794189453
V0804,,"The narrative results in a Return ER event after initial Release A, falling outside standard success criteria.",,release_a,2.0,,0.001471064519137144
V0805,release_a,"Outcome is Release A, representing the standard discharge pathway.",31.0,release_d,14.0,0.134224072098732,0.3346395790576935
V0806,,The narrative terminates with Return ER after an initial Release A.,,release_a,3.0,,8.696131408214569e-05
V0807,release_a,"Outcome is Release A, representing the standard discharge pathway.",6.0,release_b,2.0,0.19705908000469208,0.3457289934158325
V0808,,The narrative concludes with a Return ER event.,,release_a,2.0,,2.477323323546443e-05
V0809,release_a,"Outcome is Release A, representing the standard discharge pathway.",8.0,release_b,6.0,0.12001796811819077,0.33401188254356384
V0810,release_a,"Outcome is Release A, representing the standard discharge pathway.",4.0,release_d,4.0,0.12355121225118637,0.33656227588653564
V0811,release_a,"Outcome is Release A, representing the standard discharge pathway.",7.0,release_d,5.0,0.12020948529243469,0.3345414698123932
V0812,,The narrative concludes with a Return ER event following Release A.,,release_a,1.0,,0.013712174259126186
V0813,release_a,"Outcome is Release A, representing the standard discharge pathway.",13.0,release_b,9.0,0.01691107638180256,0.33389756083488464
V0814,release_a,"Outcome is Release A, representing the standard discharge pathway.",5.0,release_c,4.0,0.014241963624954224,0.33495473861694336
V0815,,The narrative terminates with a Return ER event.,,release_a,4.0,,0.00027410444454289973
V0816,,"Outcome is IV Antibiotics, not a discharge category.",,release_b,4.0,,0.3515796959400177
V0817,release_c,"Outcome is Release C, representing the specific discharge pathway for long-stay admitted patients.",12.0,release_a,6.0,0.4634896218776703,0.0001831106055760756
V0818,release_a,"Outcome is Release A, representing the standard discharge pathway.",14.0,release_c,5.0,0.01381238829344511,0.33335208892822266
V0819,release_a,"Outcome is Release A, representing the standard discharge pathway.",5.0,release_b,6.0,0.11417535692453384,0.33348116278648376
V0820,,"Outcome is LacticAcid, not a discharge category.",,release_a,2.0,,0.36585330963134766
V0821,,The narrative concludes with a Return ER event.,,release_a,4.0,,0.0005316729075275362
V0822,,The narrative terminates with a Return ER event.,,release_a,23.0,,0.0005752397119067609
V0823,,The narrative terminates with a Return ER event.,,release_a,1.0,,0.006757034454494715
V0824,release_a,"Outcome is Release A, representing the standard discharge pathway.",5.0,release_b,4.0,0.0024255637545138597,0.335931658744812
V0825,,The narrative concludes with a Return ER event.,,release_a,1.0,,0.001801188918761909
V0826,,"Outcome is Admission NC, not a discharge category.",,release_b,2.0,,0.033031780272722244
V0827,,The narrative terminates with a Return ER event.,,release_a,3.0,,0.0006282883114181459
V0828,,The narrative concludes with a Return ER event.,,release_a,3.0,,0.021267281845211983
V0829,release_a,"Outcome is Release A, representing the standard discharge pathway.",4.0,release_c,4.0,0.11277943104505539,0.3357486426830292
V0830,release_a,"Outcome is Release A, representing the standard discharge pathway.",9.0,release_d,7.0,0.11142507940530777,0.33656051754951477
V0831,release_d,"Outcome is Release D, corresponding to the alternative discharge pathway for complex cases.",8.0,release_c,5.0,0.13306941092014313,0.333497554063797
V0832,,"Outcome is IV Antibiotics, not a discharge category.",,release_a,2.0,,0.36087003350257874
V0833,release_a,"Outcome is Release A, representing the standard discharge pathway.",11.0,release_c,7.0,0.11872413009405136,0.33530569076538086
V0834,,The narrative terminates with a Return ER event.,,release_a,9.0,,6.898649007780477e-05
V0835,release_a,"Outcome is Release A, representing the standard discharge pathway.",2.0,release_c,2.0,0.02366926521062851,0.3369835317134857
V0836,release_a,"Outcome is Release A, representing the standard discharge pathway.",8.0,release_e,8.0,0.11455117911100388,0.3339768648147583
V0837,release_a,"Outcome is Release A, representing the standard discharge pathway.",5.0,release_b,6.0,0.009277445264160633,0.333482950925827
V0838,release_a,"Outcome is Release A, representing the standard discharge pathway.",7.0,release_b,3.0,0.37096238136291504,0.334408164024353
V0839,release_a,"Outcome is Release A, representing the standard discharge pathway.",6.0,release_d,5.0,0.021306058391928673,0.33516252040863037
V0840,release_b,"Outcome is Release B, representing an alternative discharge pathway.",55.0,release_a,22.0,0.2657969295978546,0.37749969959259033
V0841,release_a,"Outcome is Release A, representing the standard discharge pathway.",6.0,release_d,2.0,0.0633799210190773,0.34730687737464905
V0842,,The narrative terminates with a Return ER event.,,release_a,3.0,,5.056213922216557e-05
V0843,,"Outcome is IV Liquid, not a discharge category.",,release_b,1.0,,0.33354461193084717
V0844,release_a,"Outcome is Release A, representing the standard discharge pathway.",14.0,release_b,10.0,0.17386431992053986,0.3886915147304535
V0845,release_a,"Outcome is Release A, representing the standard discharge pathway.",18.0,release_b,12.0,0.12096897512674332,0.33418187499046326
V0846,release_a,"Outcome is Release A, representing the standard discharge pathway.",4.0,release_c,3.0,0.12814171612262726,0.3392893373966217
