variant_id,category_id,rationale,structural_distance_to_category_medoid,nearest_other_category_id,nearest_other_category_structural_distance,profile_distance_to_category_medoid,nearest_other_category_profile_distance
V0001,,This narrative ends with ER Sepsis Triage and does not reach a patient release step.,,release_a,2.0,,0.4030590355396271
V0002,,This narrative ends with CRP and does not reach a patient release step.,,release_a,2.0,,0.3902636766433716
V0003,,This narrative ends with Leucocytes and does not reach a patient release step.,,release_a,2.0,,0.39718008041381836
V0004,,This narrative ends with IV Antibiotics and does not reach a patient release step.,,release_a,2.0,,0.3595428764820099
V0005,,This narrative ends with LacticAcid and does not reach a patient release step.,,release_a,2.0,,0.3915635049343109
V0006,,This narrative ends with IV Antibiotics and does not reach a patient release step.,,release_b,2.0,,0.337086945772171
V0007,,This narrative ends with IV Antibiotics and does not reach a patient release step.,,release_b,2.0,,0.33662155270576477
V0008,release_a,This variant ends with Release A representing standard patient release.,7.0,release_b,2.0,0.3602067530155182,0.3369273245334625
V0009,,This narrative ends with IV Antibiotics and does not reach a patient release step.,,release_a,2.0,,0.34817370772361755
V0010,,This narrative ends with ER Sepsis Triage and does not reach a patient release step.,,release_a,2.0,,0.35277101397514343
V0011,,This narrative ends with IV Antibiotics and does not reach a patient release step.,,release_b,2.0,,0.3334716260433197
V0012,,This narrative ends with IV Antibiotics and does not reach a patient release step.,,release_a,2.0,,0.39352524280548096
V0013,,This narrative ends with Leucocytes and does not reach a patient release step.,,release_a,3.0,,0.3809604346752167
V0014,release_a,This variant ends with Release A representing standard patient release.,8.0,release_b,2.0,0.35606178641319275,0.34107232093811035
V0015,release_a,This variant ends with Release A representing standard patient release.,4.0,release_b,3.0,0.03397523984313011,0.34168222546577454
V0016,release_a,This variant ends with Release A representing standard patient release.,2.0,release_b,3.0,0.02154102362692356,0.3370905816555023
V0017,,This narrative ends with ER Sepsis Triage and does not reach a patient release step.,,release_a,3.0,,0.3810701370239258
V0018,release_a,This variant ends with Release A representing standard patient release.,6.0,release_c,3.0,0.35516858100891113,0.34196552634239197
V0019,,This narrative ends with IV Antibiotics and does not reach a patient release step.,,release_a,3.0,,0.3486788272857666
V0020,,This narrative ends with CRP and does not reach a patient release step.,,release_a,3.0,,0.39283695816993713
V0021,,"This narrative results in a Return ER outcome after release, which falls outside standard release tracking categories.",,release_a,1.0,,0.0006282883114181459
V0022,release_a,This variant ends with Release A representing standard patient release.,6.0,release_c,1.0,0.35462677478790283,0.34250733256340027
V0023,,"This narrative results in a Return ER outcome after release, which falls outside standard release tracking categories.",,release_a,1.0,,0.00020539744582492858
V0024,,This narrative ends with Admission NC and does not reach a patient release step.,,release_a,3.0,,0.3410704433917999
V0025,,This narrative ends with IV Antibiotics and does not reach a patient release step.,,release_a,2.0,,0.3356732130050659
V0026,release_a,"The narrative ends with Release A, representing standard patient release.",4.0,release_d,4.0,0.5216431617736816,0.1811208873987198
V0027,,The variant ends with IV Antibiotics and does not reach any release activity.,,release_a,3.0,,0.3358197510242462
V0028,release_a,"The narrative includes Release A, representing standard patient release.",5.0,release_b,2.0,0.40658044815063477,0.007231835275888443
V0029,,The variant terminates at Leucocytes without performing a release activity.,,release_b,2.0,,0.3836021423339844
V0030,release_a,"The narrative terminates with Release A, matching standard patient release.",4.0,release_d,4.0,0.022870777174830437,0.3360888957977295
V0031,,The variant ends at LacticAcid without a release activity.,,release_b,3.0,,0.36799171566963196
V0032,release_a,"The narrative contains Release A, aligning with standard patient release.",4.0,release_d,5.0,0.3550541400909424,0.01437660213559866
V0033,release_a,"The narrative concludes with Release A, corresponding to standard patient release.",6.0,release_d,4.0,0.5902265906333923,0.16679668426513672
V0034,,The variant ends at IV Liquid and does not execute a release activity.,,release_a,2.0,,0.33619096875190735
V0035,release_a,"The narrative ends with Release A, representing standard patient release.",1.0,release_c,2.0,0.0008179508149623871,0.3336624205112457
V0036,,The variant stops at CRP without reaching a release step.,,release_b,3.0,,0.3981446325778961
V0037,release_b,"The narrative ends with Release B, representing alternative release processing.",5.0,release_a,1.0,0.3478574752807617,0.33376121520996094
V0038,,The variant ends at IV Antibiotics without a release activity.,,release_a,3.0,,0.33445248007774353
V0039,release_a,"The narrative finishes with Release A, matching standard patient release.",4.0,release_b,4.0,0.11301925033330917,0.33401814103126526
V0040,,The variant terminates at Admission NC and lacks any release activity.,,release_b,1.0,,0.3391858637332916
V0041,release_a,"The narrative includes Release A, representing standard patient release.",2.0,release_c,3.0,0.1366671621799469,0.3335843086242676
V0042,release_a,"The narrative ends with Release A, corresponding to standard patient release.",4.0,release_b,3.0,0.024181924760341644,0.33477774262428284
V0043,,The variant stops at LacticAcid without any release processing.,,release_a,2.0,,0.3803929090499878
V0044,release_a,"The narrative ends with Release A, matching standard patient release.",4.0,release_b,3.0,0.027262473478913307,0.3349694311618805
V0045,release_a,"The narrative includes Release A, representing standard patient release.",8.0,release_d,3.0,0.7161848545074463,0.3387773036956787
V0046,release_a,"The narrative concludes with Release A, corresponding to standard patient release.",4.0,release_c,4.0,0.008613181300461292,0.3337673246860504
V0047,release_a,"The narrative finishes with Release A, matching standard patient release.",6.0,release_c,3.0,0.3753935992717743,0.33553382754325867
V0048,release_a,"The narrative ends with Release A, representing standard patient release.",2.0,release_d,2.0,0.011260765604674816,0.33444809913635254
V0049,release_a,"The narrative contains Release A, corresponding to standard patient release.",7.0,release_c,5.0,0.430670827627182,0.007240867242217064
V0050,,The variant terminates at CRP without reaching a release activity.,,release_a,3.0,,0.3842732608318329
V0051,release_a,"The narrative ends with Release A, representing standard patient release.",3.0,release_c,3.0,0.12533046305179596,0.3335767686367035
V0052,release_a,"The narrative includes Release A before a return to ER, realizing standard patient release processing.",3.0,release_d,3.0,0.40773555636405945,0.006109035108238459
V0053,release_a,"The narrative terminates with Release A, representing standard patient release.",9.0,release_b,4.0,0.37829676270484924,0.3340359926223755
V0054,release_a,"The narrative contains Release A followed by an ER return, realizing standard patient release.",5.0,release_d,4.0,0.38018345832824707,0.010752740316092968
V0055,release_a,"The narrative features Release A prior to a return to the ER, representing standard patient release.",3.0,release_c,4.0,0.503032386302948,0.01938524842262268
V0056,,The narrative ends with IV Antibiotics and does not reach any release activity.,,release_a,3.0,,0.36337172985076904
V0057,release_a,"The narrative terminates with Release A, realizing standard patient release.",4.0,release_b,3.0,0.3759654760360718,0.33496198058128357
V0058,release_a,"The narrative ends with Release A, representing standard patient release.",8.0,release_b,3.0,0.37072017788887024,0.33370938897132874
V0059,release_a,"The narrative ends with Release A, realizing standard patient release.",2.0,release_d,3.0,0.03168485686182976,0.339391827583313
V0060,release_a,"The narrative features Release A before an ER return, representing standard patient release.",6.0,release_b,5.0,0.4172533452510834,0.0034087628591805696
V0061,release_a,"The narrative culminates in Release A, representing standard patient release.",4.0,release_d,2.0,0.002642084611579776,0.33482837677001953
V0062,,The narrative ends with IV Antibiotics without concluding with a release activity.,,release_a,2.0,,0.339709997177124
V0063,release_a,"The narrative concludes with Release A, realizing standard patient release.",12.0,release_b,6.0,0.009573666378855705,0.33602777123451233
V0064,release_a,"The narrative terminates with Release A, representing standard patient release.",6.0,release_b,4.0,0.17878133058547974,0.3362339437007904
V0065,release_a,"The narrative ends with Release A, representing standard patient release.",3.0,release_c,3.0,0.12155035883188248,0.3368700444698334
V0066,release_a,"The narrative concludes with Release A, realizing standard patient release.",6.0,release_b,2.0,0.37875643372535706,0.3344956636428833
V0067,release_a,"The narrative finishes with Release A, representing standard patient release.",6.0,release_b,3.0,0.004834673833101988,0.33353617787361145
V0068,release_b,"The narrative concludes with Release B, realizing alternative release processing.",5.0,release_a,4.0,0.0,0.33354225754737854
V0069,release_a,"The narrative ends with Release A, realizing standard patient release.",5.0,release_b,4.0,0.003384331241250038,0.33458080887794495
V0070,release_a,"The narrative culminates in Release A, representing standard patient release.",5.0,release_d,2.0,0.18863312900066376,0.3402844965457916
V0071,release_a,"The narrative includes Release A prior to a return to the ER, representing standard patient release.",7.0,release_d,5.0,0.5191677212715149,0.015960553660988808
V0072,release_a,"The narrative features Release A before an ER return, realizing standard patient release.",4.0,release_c,4.0,0.3430032432079315,0.02642747573554516
V0073,release_a,"The narrative terminates with Release A, representing standard patient release.",5.0,release_b,4.0,0.012807591818273067,0.3346960246562958
V0074,release_a,"The narrative shows Release A followed by an ER return, realizing standard patient release.",8.0,release_b,4.0,0.6759102940559387,0.3476223945617676
V0075,release_a,"The narrative includes Release A before an ER return, representing standard patient release.",5.0,release_b,6.0,0.5956806540489197,0.020607611164450645
V0076,release_b,"The narrative concludes with Release B, representing alternative release processing.",2.0,release_a,2.0,0.35440078377723694,0.33370938897132874
V0077,release_b,"The narrative concludes with Release B, representing alternative release processing.",5.0,release_a,4.0,0.24737389385700226,0.3457289934158325
V0078,release_a,"The narrative concludes with Release A, representing standard patient release.",11.0,release_d,8.0,0.5116644501686096,0.007812818512320518
V0079,release_a,"The narrative concludes with Release A, representing standard patient release.",7.0,release_b,4.0,0.18866968154907227,0.34032106399536133
V0080,release_a,"The narrative concludes with Release A, representing standard patient release.",8.0,release_b,6.0,0.5396285057067871,0.03577690199017525
V0081,,"The narrative outcome is IV Liquid, not any form of patient release.",,release_b,3.0,,0.3703366816043854
V0082,release_a,"The narrative concludes with Release A, representing standard patient release.",7.0,release_b,3.0,0.35316285490989685,0.3469698131084442
V0083,release_a,"The narrative concludes with Release A, representing standard patient release.",6.0,release_d,4.0,0.4016295373439789,0.0022808730136603117
V0084,release_c,"The narrative concludes with Release C, representing complex or extended patient release.",5.0,release_b,3.0,0.1383093148469925,0.33340534567832947
V0085,release_a,"The narrative concludes with Release A, representing standard patient release.",3.0,release_d,4.0,0.5316742062568665,0.0034540959168225527
V0086,release_a,"The narrative concludes with Release A, representing standard patient release.",6.0,release_d,3.0,0.01947220228612423,0.3350217342376709
V0087,release_a,"The narrative concludes with Release A, representing standard patient release.",5.0,release_c,5.0,0.11991310864686966,0.33558574318885803
V0088,,"The narrative outcome is IV Antibiotics, not any form of patient release.",,release_a,4.0,,0.3873012959957123
V0089,release_a,"The narrative concludes with Release A, representing standard patient release.",9.0,release_d,6.0,0.5626897215843201,0.007727517280727625
V0090,release_a,"The narrative concludes with Release A, representing standard patient release.",6.0,release_c,3.0,0.0127161405980587,0.3347874581813812
V0091,release_c,"The narrative concludes with Release C, representing complex or extended patient release.",13.0,release_a,8.0,0.08758944272994995,0.3336044251918793
V0092,,"The narrative outcome is LacticAcid, not any form of patient release.",,release_a,2.0,,0.09228887408971786
V0093,release_d,"The narrative concludes with Release D, representing alternate disposition processing.",6.0,release_a,2.0,0.14002251625061035,0.3338777720928192
V0094,release_a,"The narrative concludes with Release A, representing standard patient release.",4.0,release_c,3.0,0.4011036455631256,0.0017550437478348613
V0095,release_a,"The narrative concludes with Release A, representing standard patient release.",5.0,release_d,3.0,0.029458804056048393,0.33716580271720886
V0096,release_a,"The narrative concludes with Release A, representing standard patient release.",6.0,release_b,3.0,0.3469054698944092,0.3675326108932495
V0097,release_a,"The narrative concludes with Release A, representing standard patient release.",4.0,release_b,3.0,0.12134002894163132,0.3370126783847809
V0098,release_a,"The narrative concludes with Release A, representing standard patient release.",9.0,release_d,3.0,0.6804890632629395,0.23451322317123413
V0099,release_a,"The narrative concludes with Release A, representing standard patient release.",4.0,release_b,3.0,0.11575823277235031,0.3333558142185211
V0100,release_a,"The narrative concludes with Release A, representing standard patient release.",4.0,release_b,1.0,0.013840786181390285,0.3336627781391144
V0101,release_a,"The process variant ends with Release A, representing standard patient release.",8.0,release_d,6.0,0.4320472776889801,0.00861735362559557
V0102,release_a,"The process variant ends with Release A, representing standard patient release.",4.0,release_c,3.0,0.1255306750535965,0.33377695083618164
V0103,release_a,"The process variant ends with Release A, representing standard patient release.",6.0,release_d,5.0,0.13557669520378113,0.33426615595817566
V0104,release_a,The process variant ends with Release A before a return to ER.,9.0,release_b,4.0,0.7500694394111633,0.33622482419013977
V0105,release_b,"The process variant ends with Release B, representing alternative release processing.",9.0,release_a,4.0,0.021725786849856377,0.3333390951156616
V0106,release_a,"The process variant ends with Release A, representing standard patient release.",9.0,release_c,3.0,0.16919083893299103,0.3368864953517914
V0107,release_a,"The process variant ends with Release A, representing standard patient release.",6.0,release_c,5.0,0.0,0.3337821066379547
V0108,release_a,The process variant ends with Release A before a return to ER.,4.0,release_c,4.0,0.3583979308605194,0.011032790876924992
V0109,release_a,The process variant ends with Release A before a return to ER.,7.0,release_d,5.0,0.6302343606948853,0.12711618840694427
V0110,release_a,The process variant ends with Release A before a return to ER.,8.0,release_b,4.0,0.7541060447692871,0.3359905481338501
V0111,,"The process variant ends with Admission NC, which does not match any of the release categories.",,release_a,1.0,,0.33357980847358704
V0112,release_a,The process variant ends with Release A before a return to ER.,4.0,release_b,4.0,0.510380744934082,0.0247475728392601
V0113,release_b,"The process variant ends with Release B, representing alternative release processing.",6.0,release_a,2.0,0.3651614487171173,0.3617938756942749
V0114,release_a,"The process variant ends with Release A, representing standard patient release.",6.0,release_b,4.0,0.13139866292476654,0.3365785777568817
V0115,release_a,The process variant ends with Release A before a return to ER.,5.0,release_d,5.0,0.43276217579841614,0.009332234971225262
V0116,release_a,The process variant ends with Release A before a return to ER.,5.0,release_c,3.0,0.39546266198158264,0.0038859627675265074
V0117,release_d,"The process variant ends with Release D, representing alternate disposition processing.",7.0,release_a,2.0,0.3800358474254608,0.006395623087882996
V0118,release_a,"The process variant ends with Release A, representing standard patient release.",5.0,release_c,6.0,0.021641092374920845,0.3358060121536255
V0119,release_a,"The process variant ends with Release A, representing standard patient release.",6.0,release_b,5.0,0.0077388170175254345,0.3333382308483124
V0120,release_a,The process variant ends with Release A before a return to ER.,9.0,release_b,6.0,0.559704601764679,0.17297738790512085
V0121,release_a,The process variant ends with Release A before a return to ER.,5.0,release_d,5.0,0.400068998336792,0.0007203731220215559
V0122,release_a,"The process variant ends with Release A, representing standard patient release.",3.0,release_c,2.0,0.021784894168376923,0.3359498083591461
V0123,release_a,The process variant ends with Release A before a return to ER.,10.0,release_c,6.0,0.47612038254737854,0.00400783633813262
V0124,release_a,The process variant ends with Release A before a return to ER.,4.0,release_d,5.0,0.33912989497184753,0.030300823971629143
V0125,release_a,The process variant ends with Release A before a return to ER.,12.0,release_b,9.0,0.5439098477363586,0.04005826637148857
V0126,release_a,"The narrative ends with Release A, representing standard patient release.",6.0,release_d,4.0,0.5586593151092529,0.13412079215049744
V0127,,The variant ends with LacticAcid and does not reach any release stage.,,release_b,2.0,,0.3333404064178467
V0128,release_a,The narrative concludes with Release A following standard processing.,14.0,release_b,11.0,0.5310600399971008,0.02720847725868225
V0129,release_a,The narrative ends with Release A indicating standard patient discharge.,21.0,release_b,14.0,0.5574497580528259,0.0024876133538782597
V0130,release_a,The narrative ends with Release A representing standard patient release.,4.0,release_b,4.0,0.019153853878378868,0.3347034156322479
V0131,release_a,The narrative concludes with Release A representing standard patient release.,9.0,release_d,5.0,0.6738942265510559,0.24110810458660126
V0132,,The variant terminates at IV Antibiotics without any patient release event.,,release_a,5.0,,0.3541009724140167
V0133,,The variant terminates at IV Antibiotics without any patient release event.,,release_a,4.0,,0.3394845724105835
V0134,release_a,The narrative culminates in Release A before an ER return.,17.0,release_d,11.0,0.5817267894744873,0.006653722375631332
V0135,release_a,The narrative ends with Release A representing standard patient release.,5.0,release_b,3.0,0.025464853271842003,0.33349481225013733
V0136,release_a,The narrative finishes with Release A prior to returning to the ER.,19.0,release_d,14.0,0.532109260559082,0.0030190572142601013
V0137,,The variant terminates at LacticAcid without completing any release processing.,,release_a,2.0,,0.10903880000114441
V0138,release_c,"The narrative specifically ends with Release C, representing complex or extended patient release.",0.0,release_a,2.0,0.13761679828166962,0.33340248465538025
V0139,release_a,The narrative concludes with Release A representing standard patient release.,21.0,release_d,14.0,0.17380553483963013,0.3903258740901947
V0140,release_a,The narrative finishes with Release A before a subsequent ER return.,7.0,release_b,7.0,0.5398669242858887,0.004738577641546726
V0141,release_a,The narrative concludes with Release A representing standard patient release.,8.0,release_b,8.0,0.5228297710418701,0.0189781803637743
V0142,release_a,The narrative ends with Release A representing standard patient release.,4.0,release_c,3.0,0.0031963817309588194,0.33476877212524414
V0143,release_a,The narrative terminates with Release A as standard release processing.,7.0,release_b,4.0,0.34866389632225037,0.02076682634651661
V0144,release_a,The narrative ends with Release A representing standard patient release.,6.0,release_c,5.0,0.12135151028633118,0.33702418208122253
V0145,release_b,"The narrative culminates in Release B, representing alternative release processing.",107.0,release_a,47.0,0.2256491780281067,0.3359471559524536
V0146,,The variant ends at Leucocytes without reaching any discharge or release category.,,release_a,4.0,,0.29986533522605896
V0147,release_b,"The narrative concludes with Release B, representing alternative release processing.",5.0,release_a,2.0,0.0019673386123031378,0.3335767686367035
V0148,,The variant ends at IV Antibiotics without reaching a release phase.,,release_a,2.0,,0.34093284606933594
V0149,release_a,The narrative concludes with Release A representing standard patient release.,7.0,release_b,5.0,0.012826240621507168,0.3346773386001587
V0150,release_b,"The narrative ends with Release B, representing alternative release processing.",7.0,release_a,4.0,0.02203805185854435,0.33352211117744446
V0151,release_d,"The narrative concludes with the activity Release D, representing alternate disposition processing while advancing the goal of avoiding post-discharge deterioration.",15.0,release_a,8.0,0.44845911860466003,0.0024876133538782597
V0152,release_a,"The narrative concludes with the activity Release A, representing standard patient release processing.",9.0,release_b,6.0,0.3671644628047943,0.33369848132133484
V0153,release_a,"The narrative concludes with the activity Release A, representing standard patient release processing.",8.0,release_b,3.0,0.34682151675224304,0.35031259059906006
V0154,release_a,"The narrative concludes with the activity Release A, representing standard patient release processing.",5.0,release_c,7.0,0.5812951922416687,0.006222136784344912
V0155,release_a,"The narrative concludes with the activity Release A, representing standard patient release processing.",5.0,release_d,4.0,0.5439257025718689,0.008797337301075459
V0156,release_a,"The narrative concludes with the activity Release A, representing standard patient release processing.",6.0,release_b,2.0,0.3385505676269531,0.3720165193080902
V0157,release_a,"The narrative concludes with the activity Release A, representing standard patient release processing.",9.0,release_b,6.0,0.36801883578300476,0.0014119163388386369
V0158,release_a,"The narrative concludes with the activity Release A, representing standard patient release processing.",4.0,release_c,3.0,0.11521605402231216,0.3338530361652374
V0159,release_a,"The narrative concludes with the activity Release A, representing standard patient release processing.",6.0,release_c,5.0,0.11487556248903275,0.33419349789619446
V0160,release_a,"The narrative concludes with the activity Release A, representing standard patient release processing.",5.0,release_d,5.0,0.4657514989376068,0.004806386306881905
V0161,release_a,"The narrative concludes with the activity Release A, representing standard patient release processing.",7.0,release_c,5.0,0.552215576171875,0.017087256535887718
V0162,release_b,"The narrative concludes with the activity Release B, representing alternative release processing.",5.0,release_a,2.0,0.12079416960477829,0.33335936069488525
V0163,release_a,"The narrative concludes with the activity Release A, representing standard patient release processing.",5.0,release_c,5.0,0.4099842607975006,0.003860282711684704
V0164,release_a,"The narrative concludes with the activity Release A, representing standard patient release processing.",9.0,release_d,6.0,0.5101134181022644,0.006261757109314203
V0165,release_a,"The narrative concludes with the activity Release A, representing standard patient release processing.",6.0,release_b,3.0,0.34917202591896057,0.34796205163002014
V0166,release_a,"The narrative concludes with the activity Release A, representing standard patient release processing.",7.0,release_b,4.0,0.11690918356180191,0.3340848386287689
V0167,release_a,"The narrative concludes with the activity Release A, representing standard patient release processing.",8.0,release_b,7.0,0.13341528177261353,0.3462560176849365
V0168,release_a,"The narrative concludes with the activity Release A, representing standard patient release processing.",11.0,release_b,8.0,0.5312177538871765,0.02736610174179077
V0169,release_a,"The narrative concludes with the activity Release A, representing standard patient release processing.",4.0,release_b,4.0,0.1313239485025406,0.3366532623767853
V0170,release_b,"The narrative concludes with the activity Release B, representing alternative release processing.",7.0,release_c,3.0,0.1337714046239853,0.3337897062301636
V0171,release_a,"The narrative concludes with the activity Release A, representing standard patient release processing.",7.0,release_d,6.0,0.3481833040714264,0.021247394382953644
V0172,release_a,"The narrative concludes with the activity Release A, representing standard patient release processing.",17.0,release_c,8.0,0.3648833930492401,0.004547347780317068
V0173,release_a,"The narrative concludes with the activity Release A, representing standard patient release processing.",8.0,release_d,5.0,0.021283907815814018,0.33683347702026367
V0174,release_a,"The narrative concludes with the activity Release A, representing standard patient release processing.",45.0,release_b,22.0,0.4940372407436371,0.009814383462071419
V0175,release_a,"The narrative concludes with the activity Release A, representing standard patient release processing.",4.0,release_c,4.0,0.12155406922101974,0.3368663489818573
V0176,release_a,"The narrative concludes with Release A, representing standard patient release.",7.0,release_d,6.0,0.009218528866767883,0.33350467681884766
V0177,release_a,"The narrative concludes with Release A, representing standard patient release.",3.0,release_d,3.0,0.12726332247257233,0.33354225754737854
V0178,release_a,"The narrative concludes with Release A, representing standard patient release.",16.0,release_c,10.0,0.13520187139511108,0.3339240849018097
V0179,release_a,"The narrative includes Release A before ending with Return ER, thereby realizing release processing.",6.0,release_d,6.0,0.5281071662902832,0.007021170109510422
V0180,release_a,"The narrative includes Release A before ending with Return ER, thereby realizing release processing.",10.0,release_b,5.0,0.7193307876586914,0.23568369448184967
V0181,release_a,"The narrative includes Release A prior to final monitoring steps, realizing release processing.",9.0,release_b,6.0,0.3383868634700775,0.3349968194961548
V0182,release_a,"The narrative concludes with Release A, representing standard patient release.",18.0,release_c,12.0,0.17218393087387085,0.33389338850975037
V0183,release_a,"The narrative includes Release A before concluding with Return ER, realizing release processing.",10.0,release_d,7.0,0.49666357040405273,0.013016493059694767
V0184,release_a,"The narrative concludes with Release A, representing standard patient release.",5.0,release_b,4.0,0.2452288269996643,0.44497060775756836
V0185,release_a,"The narrative concludes with Release A, representing standard patient release.",17.0,release_c,11.0,0.17973388731479645,0.3336044251918793
V0186,release_a,"The narrative concludes with Release A, representing standard patient release.",6.0,release_d,4.0,0.19044257700443268,0.33885976672172546
V0187,,"The narrative does not reach any release activity, terminating early at CRP.",,release_a,4.0,,0.3404557704925537
V0188,release_a,"The narrative concludes with Release A, representing standard patient release.",7.0,release_b,4.0,0.250514417886734,0.44489288330078125
V0189,release_a,"The narrative concludes with Release A, representing standard patient release.",3.0,release_c,4.0,0.014022364281117916,0.33348122239112854
V0190,release_a,"The narrative concludes with Release A, representing standard patient release.",7.0,release_b,4.0,0.1801501363515854,0.33486512303352356
V0191,release_a,"The narrative includes Release A before concluding with Return ER, realizing release processing.",9.0,release_b,6.0,0.37674543261528015,0.007314686197787523
V0192,release_a,"The narrative includes Release A before concluding with Return ER, realizing release processing.",6.0,release_d,3.0,0.5588172078132629,0.023688888177275658
V0193,release_a,"The narrative concludes with Release A, representing standard patient release.",9.0,release_d,6.0,0.010511715896427631,0.3369658291339874
V0194,release_a,"The narrative concludes with Release A, representing standard patient release.",7.0,release_c,4.0,0.0006075576529838145,0.33387282490730286
V0195,release_a,"The narrative concludes with Release A, representing standard patient release.",6.0,release_d,6.0,0.019470734521746635,0.3350203037261963
V0196,,The narrative ends with Release E which does not correspond to any defined release category in the taxonomy.,,release_d,15.0,,0.002719367854297161
V0197,,"The narrative does not reach any release activity, terminating early at Leucocytes.",,release_a,2.0,,0.2737826108932495
V0198,release_a,"The narrative concludes with Release A, representing standard patient release.",7.0,release_b,3.0,0.35988321900367737,0.3402493894100189
V0199,release_a,"The narrative includes Release A before concluding with Return ER, realizing release processing.",8.0,release_c,5.0,0.36773642897605896,0.0016942891525104642
V0200,release_a,"The narrative includes Release A before concluding with Return ER, realizing release processing.",3.0,release_d,4.0,0.34818944334983826,0.021241284906864166
V0201,release_a,"The narrative ends with Release A, representing standard patient release.",22.0,release_d,12.0,0.5142426490783691,0.010391023941338062
V0202,release_a,"The narrative ends with Release A, representing standard patient release.",4.0,release_b,2.0,0.03222295641899109,0.3399299383163452
V0203,release_a,The narrative ends with Release A prior to a return to ER.,7.0,release_b,6.0,0.3549831211566925,0.014447581022977829
V0204,release_a,"The narrative ends with Release A, representing standard patient release.",4.0,release_d,2.0,0.011027790606021881,0.3342151343822479
V0205,release_d,"The narrative ends with Release D, representing alternate disposition processing.",17.0,release_a,9.0,0.012281385250389576,0.33384642004966736
V0206,release_b,"The narrative ends with Release B, representing alternative release processing.",5.0,release_a,3.0,0.36165082454681396,0.3340359926223755
V0207,release_a,"The narrative ends with Release A, representing standard patient release.",5.0,release_b,3.0,0.019755210727453232,0.33530476689338684
V0208,release_a,"The narrative ends with Release A, representing standard patient release.",8.0,release_c,8.0,0.12744157016277313,0.33372053503990173
V0209,release_a,"The narrative ends with Release A, representing standard patient release.",7.0,release_b,2.0,0.36904072761535645,0.3346366882324219
V0210,release_a,The narrative includes Release A prior to a return to ER.,6.0,release_d,5.0,0.40878382325172424,0.005060744937509298
V0211,release_a,The narrative includes Release A prior to a return to ER.,5.0,release_d,3.0,0.3845003545284271,0.014848300255835056
V0212,release_a,The narrative includes Release A prior to a return to ER.,6.0,release_c,5.0,0.47003212571144104,0.0005257689044810832
V0213,release_a,The narrative includes Release A prior to a return to ER.,9.0,release_d,5.0,0.6789461970329285,0.2360561490058899
V0214,release_a,"The narrative ends with Release A, representing standard patient release.",4.0,release_b,3.0,0.0263731200248003,0.3340801000595093
V0215,release_a,"The narrative ends with Release A, representing standard patient release.",8.0,release_d,4.0,0.009214128367602825,0.3356682360172272
V0216,release_a,The narrative includes Release A prior to a return to ER.,8.0,release_b,4.0,0.4995447099208832,0.015897588804364204
V0217,,"The narrative outcome is IV Antibiotics, which does not match any discharge category.",,release_a,4.0,,0.3716219663619995
V0218,release_b,"The narrative ends with Release B, representing alternative release processing.",14.0,release_a,10.0,0.197331503033638,0.35763728618621826
V0219,,"The narrative outcome is Leucocytes, which does not match any discharge category.",,release_a,2.0,,0.25392794609069824
V0220,release_a,The narrative includes Release A prior to a return to ER.,5.0,release_d,4.0,0.3773188591003418,0.007888146676123142
V0221,release_a,"The narrative ends with Release A, representing standard patient release.",6.0,release_b,5.0,0.2566538155078888,0.4566209316253662
V0222,release_a,"The narrative ends with Release A, representing standard patient release.",12.0,release_c,7.0,0.11977409571409225,0.3357127606868744
V0223,release_a,"The narrative ends with Release A, representing standard patient release.",2.0,release_c,3.0,0.22499580681324005,0.4474475383758545
V0224,release_a,The narrative includes Release A prior to a return to ER.,5.0,release_c,3.0,0.4434370696544647,0.02000712789595127
V0225,release_b,"The narrative ends with Release B, representing alternative release processing.",7.0,release_a,4.0,0.25549080967903137,0.34730076789855957
V0226,release_a,"The narrative ends with Release A, representing standard patient release.",6.0,release_b,3.0,0.1326753944158554,0.33530184626579285
V0227,release_d,"The narrative culminates in Release D, reflecting alternate disposition processing.",7.0,release_a,3.0,0.336277037858963,0.0003822969738394022
V0228,release_a,"The narrative ends with Release A, matching standard patient release.",6.0,release_b,3.0,0.22616922855377197,0.44627413153648376
V0229,release_a,"The narrative terminates with Release A before returning to the ER, aligning with standard patient release.",6.0,release_c,5.0,0.3473677933216095,0.050131842494010925
V0230,release_a,The narrative concludes its main treatment path with Release A before a return to the ER.,5.0,release_c,4.0,0.4957641661167145,0.012117087841033936
V0231,release_a,The narrative results in Release A prior to an ER return.,5.0,release_d,4.0,0.5303632616996765,0.004765125457197428
V0232,,The narrative ends at IV Antibiotics without reaching a discharge or release category.,,release_b,3.0,,0.3563571870326996
V0233,release_a,The narrative includes Release A prior to the post-discharge ER return.,7.0,release_c,3.0,0.3760911524295807,0.006660438608378172
V0234,,The narrative ends at Leucocytes without completing a patient release.,,release_a,3.0,,0.3772432506084442
V0235,release_a,"The narrative finishes with Release A, indicating standard patient release.",7.0,release_c,3.0,0.19755446910858154,0.3492058515548706
V0236,release_a,"The narrative ends with Release A, realizing standard patient release.",8.0,release_b,3.0,0.3580191135406494,0.34211352467536926
V0237,release_a,The narrative records Release A before a subsequent return to the ER.,5.0,release_b,5.0,0.4518052637577057,0.01875261403620243
V0238,release_a,"The narrative concludes with Release A, representing standard discharge processing.",6.0,release_b,5.0,0.11183352023363113,0.3338310420513153
V0239,release_c,"The narrative finishes with Release C, matching complex or extended patient release.",10.0,release_b,6.0,0.019804323092103004,0.33473876118659973
V0240,release_a,"The narrative ends with Release A, indicative of standard patient release.",4.0,release_d,3.0,0.023280398920178413,0.335679292678833
V0241,release_a,The narrative includes Release A before a later ER return.,9.0,release_c,6.0,0.4939596652984619,0.0103125786408782
V0242,release_a,The narrative displays Release A prior to a return to the ER.,8.0,release_d,2.0,0.5778203010559082,0.16935761272907257
V0243,release_a,The narrative shows Release A before a subsequent ER return event.,27.0,release_c,15.0,0.5641112923622131,0.07910116761922836
V0244,release_a,"The narrative concludes with Release A, matching standard patient release.",9.0,release_d,6.0,0.11711584776639938,0.33387815952301025
V0245,release_a,"The narrative ends with Release A, representing standard patient release.",11.0,release_d,8.0,0.13106738030910492,0.3360151946544647
V0246,release_a,"The narrative terminates with Release A, indicating standard release processing.",8.0,release_b,5.0,0.1182050108909607,0.33423009514808655
V0247,release_b,"The narrative ends with Release B, realizing alternative release processing.",13.0,release_a,8.0,0.1072438582777977,0.33369529247283936
V0248,release_a,The narrative features Release A before an eventual return to the ER.,13.0,release_b,8.0,0.5245292782783508,0.020677702501416206
V0249,release_a,"The narrative concludes with Release A, fitting standard patient release.",4.0,release_b,4.0,0.039895642548799515,0.3411509096622467
V0250,release_a,The narrative shows Release A before a post-discharge ER return.,7.0,release_b,4.0,0.41210660338401794,0.0017379781929776073
V0251,release_a,"The narrative concludes with Release A, representing standard patient release.",12.0,release_b,7.0,0.5130658149719238,0.009214191697537899
V0252,release_a,"The narrative concludes with Release A, representing standard patient release.",2.0,release_d,4.0,0.11675067991018295,0.3342433273792267
V0253,release_a,"The narrative concludes with Release A, representing standard patient release.",5.0,release_b,3.0,0.3526442050933838,0.3617938756942749
V0254,release_d,"The narrative concludes with Release D, representing alternate disposition processing.",17.0,release_a,9.0,0.02873574197292328,0.3336470127105713
V0255,release_a,"The narrative concludes with Release A, representing standard patient release.",4.0,release_b,4.0,0.12773773074150085,0.33401668071746826
V0256,release_a,The narrative includes Release A prior to a return to the ER.,7.0,release_b,5.0,0.5162994265556335,0.018828921020030975
V0257,release_a,"The narrative concludes with Release A, representing standard patient release.",13.0,release_c,12.0,0.11293969303369522,0.33431413769721985
V0258,release_b,"The narrative concludes with Release B, representing alternative release processing.",8.0,release_a,5.0,0.1732284426689148,0.33365729451179504
V0259,release_a,"The narrative concludes with Release A, representing standard patient release.",4.0,release_c,4.0,0.008918710052967072,0.33346179127693176
V0260,,The narrative terminates at IV Antibiotics and does not reach any release category.,,release_a,3.0,,0.344614714384079
V0261,release_a,The narrative includes Release A prior to a return to the ER.,7.0,release_d,7.0,0.3867187201976776,0.012629917822778225
V0262,release_a,The narrative includes Release A prior to a return to the ER.,8.0,release_d,6.0,0.35582971572875977,0.013600993901491165
V0263,release_a,The narrative includes Release A prior to a return to the ER.,6.0,release_c,4.0,0.392857164144516,0.006491479929536581
V0264,release_a,"The narrative concludes with Release A, representing standard patient release.",4.0,release_b,4.0,0.12202706187963486,0.3363933265209198
V0265,release_a,The narrative includes Release A prior to a return to the ER.,5.0,release_c,5.0,0.5417162775993347,0.1722855120897293
V0266,release_a,"The narrative concludes with Release A, representing standard patient release.",7.0,release_b,4.0,0.11240416020154953,0.33584651350975037
V0267,release_a,"The narrative concludes with Release A, representing standard patient release.",7.0,release_b,3.0,0.11292267590761185,0.3363650143146515
V0268,,The narrative terminates at Leucocytes and does not reach any release category.,,release_a,2.0,,0.08967228978872299
V0269,release_a,The narrative includes Release A prior to a return to the ER.,7.0,release_d,2.0,0.4120863378047943,0.0017582564614713192
V0270,release_a,The narrative includes Release A prior to a return to the ER.,8.0,release_b,7.0,0.4050462543964386,0.005697633605450392
V0271,release_b,"The narrative concludes with Release B, representing alternative release processing.",10.0,release_a,7.0,0.17887942492961884,0.33333897590637207
V0272,release_a,"The narrative concludes with Release A, representing standard patient release.",7.0,release_b,4.0,0.010491155087947845,0.3369452655315399
V0273,release_d,"The narrative concludes with Release D, representing alternate disposition processing.",74.0,release_b,43.0,0.10799303650856018,0.33679652214050293
V0274,release_c,"The narrative concludes with Release C, representing complex or extended patient release.",6.0,release_a,1.0,0.33583006262779236,0.34070172905921936
V0275,release_a,"The narrative concludes with Release A, representing standard patient release.",19.0,release_d,15.0,0.12430230528116226,0.33714303374290466
V0276,release_a,"The narrative concludes with Release A following standard inpatient admission and monitoring, matching standard patient release.",2.0,release_c,4.0,0.02521955966949463,0.33374011516571045
V0277,release_a,"The narrative ends with Release A (though later followed by Return ER), thus realizing standard patient release processing.",13.0,release_b,10.0,0.5417270064353943,0.037875328212976456
V0278,release_a,"The narrative culminates in Release A after standard admission and lab checks, matching standard patient release.",7.0,release_d,4.0,0.004973904695361853,0.33367541432380676
V0279,release_a,"The patient undergoes standard care culminating in Release A before an ER return, realizing standard patient release.",9.0,release_b,6.0,0.34559735655784607,0.0238333810120821
V0280,release_a,"The variant ends with Release A prior to a later ER return, realizing standard patient release.",11.0,release_c,7.0,0.40176355838775635,0.0024149182718247175
V0281,release_a,"The narrative features standard admission and monitoring, concluding with Release A.",9.0,release_c,5.0,0.0035044762771576643,0.33546218276023865
V0282,release_a,"The narrative represents standard care and monitoring, culminating in Release A.",5.0,release_b,4.0,0.004739205818623304,0.33344075083732605
V0283,release_c,"The narrative includes repeated admissions and extensive lab work over a longer duration, concluding with Release C.",22.0,release_d,10.0,0.3554837703704834,0.004264625255018473
V0284,release_a,The narrative shows standard release processing via Release A prior to a return to the ER.,6.0,release_b,6.0,0.5231546759605408,0.011973642744123936
V0285,release_a,"The patient undergoes routine care with multiple intermediate checks, culminating in Release A.",10.0,release_b,6.0,0.12889364361763,0.3338414430618286
V0286,release_a,The narrative is a short standard pathway concluding with Release A.,10.0,release_b,6.0,0.3461993634700775,0.3509347438812256
V0287,,"The process terminates at CRP and does not reach any release activity, so no release category applies.",,release_a,2.0,,0.38361629843711853
V0288,release_a,The pathway shows standard care ending with Release A before a subsequent ER return.,5.0,release_d,4.0,0.3433186709880829,0.026112079620361328
V0289,release_a,"The narrative follows a standard treatment and monitoring sequence, ending in Release A.",5.0,release_d,4.0,0.03928588703274727,0.3417607247829437
V0290,release_a,The patient experiences extended stay and monitoring but ultimately undergoes Release A.,8.0,release_d,6.0,0.5508542656898499,0.015725955367088318
V0291,release_a,The narrative shows standard processing and concludes with Release A.,5.0,release_b,4.0,0.27042722702026367,0.4639088213443756
V0292,,The variant terminates prematurely at Leucocytes without reaching any patient release category.,,release_a,2.0,,0.42206838726997375
V0293,release_a,The narrative follows a typical acute pathway and concludes with Release A.,5.0,release_b,2.0,0.19024348258972168,0.3448047637939453
V0294,release_a,The patient receives standard inpatient care and is discharged via Release A.,6.0,release_d,4.0,0.11809290200471878,0.33376553654670715
V0295,,The process terminates at IV Antibiotics and does not reach a release outcome.,,release_a,2.0,,0.33373406529426575
V0296,release_a,The narrative shows standard release processing via Release A prior to an ER return.,5.0,release_d,4.0,0.4465707838535309,0.02140643261373043
V0297,release_a,The narrative concludes with Release A before a subsequent post-discharge ER return.,5.0,release_c,3.0,0.4059373140335083,0.006588665768504143
V0298,release_a,The narrative follows a standard treatment flow and ends with Release A.,3.0,release_c,5.0,0.021644875407218933,0.33719444274902344
V0299,release_a,The narrative includes multiple lab tests during admission and ultimately leads to Release A.,11.0,release_c,7.0,0.011265563778579235,0.3375544846057892
V0300,release_a,"Despite intensive care unit visits and prolonged stays, the patient is ultimately discharged via Release A.",17.0,release_d,10.0,0.5925412774085999,0.017468225210905075
V0301,release_a,"The narrative ends with Release A, representing standard patient release.",7.0,release_b,5.0,0.3628333508968353,0.006597386207431555
V0302,,"The narrative does not culminate in any release or disposition activity, ending prematurely at ER Sepsis Triage.",,release_a,4.0,,0.38967427611351013
V0303,release_a,"The narrative finishes with Release A, indicating a standard patient release process.",7.0,release_c,5.0,0.5150752067565918,0.02005315199494362
V0304,release_a,"The final activity is Release A, corresponding to standard patient release.",8.0,release_b,4.0,0.12387432903051376,0.3345460593700409
V0305,,The process terminates at IV Antibiotics without reaching a release phase.,,release_a,4.0,,0.3929148018360138
V0306,release_a,"The narrative concludes with Release A, realizing standard patient release.",9.0,release_b,6.0,0.17030419409275055,0.3447110652923584
V0307,release_a,The patient is discharged via Release A prior to returning to the ER.,5.0,release_c,2.0,0.39578473567962646,0.003563901409506798
V0308,release_a,Release A marks the discharge event in the narrative flow.,9.0,release_b,5.0,0.45805397629737854,0.04579761251807213
V0309,,"The sequence contains Release B but terminates at Admission NC, making it an incomplete or non-standard disposition path for classification.",,release_a,3.0,,0.3367060720920563
V0310,release_a,"The narrative terminates with Release A, indicating standard discharge.",6.0,release_c,5.0,0.12533189356327057,0.3335781991481781
V0311,release_a,Standard release is achieved through Release A before the patient returns to the ER.,17.0,release_c,11.0,0.5147943496704102,0.010942717082798481
V0312,release_a,"The trajectory ends with Release A, representing standard discharge processing.",7.0,release_b,6.0,0.04069741442799568,0.33793333172798157
V0313,release_c,"The narrative concludes with Release C, representing complex or extended patient release.",4.0,release_a,4.0,0.02167687751352787,0.3333558142185211
V0314,release_c,"The final activity is Release C, matching complex or extended patient release processing.",7.0,release_a,5.0,0.0055399625562131405,0.33351871371269226
V0315,release_a,The sequence concludes with Release A for standard patient release.,25.0,release_c,14.0,0.15019582211971283,0.3372878134250641
V0316,,"The narrative ends with Release E, which does not exist in the defined taxonomy categories.",,release_a,3.0,,0.3334403932094574
V0317,release_a,The narrative incorporates Release A prior to an ER return event.,159.0,release_b,67.0,0.5956048369407654,0.07397598773241043
V0318,release_a,Standard patient release is realized via the Release A activity.,23.0,release_d,14.0,0.14193589985370636,0.34554776549339294
V0319,release_a,"The narrative terminates with Release A, reflecting standard discharge.",12.0,release_c,8.0,0.009165292605757713,0.33561941981315613
V0320,release_a,Release A represents the discharge event prior to a subsequent ER return.,6.0,release_d,4.0,0.6294878721237183,0.12786266207695007
V0321,release_a,The narrative includes Release A as the primary discharge step.,8.0,release_d,6.0,0.5631662011146545,0.008204028010368347
V0322,,The process concludes at IV Antibiotics without any release or disposition step.,,release_a,3.0,,0.3689868450164795
V0323,release_a,"The sequence ends with Release A, indicating standard patient discharge.",9.0,release_b,2.0,0.3896996080875397,0.3333403766155243
V0324,release_a,Standard release is achieved via Release A before an eventual return to the ER.,28.0,release_b,17.0,0.5443662405014038,0.0011538139078766108
V0325,,The variant ends at IV Antibiotics without reaching a discharge or release category.,,release_a,3.0,,0.43959906697273254
V0326,release_a,"The narrative ends with Release A, representing standard patient release.",3.0,release_c,4.0,0.021060099825263023,0.3366096317768097
V0327,release_a,The narrative includes Release A prior to a post-discharge ER return.,6.0,release_c,4.0,0.4749772548675537,0.002864725887775421
V0328,release_a,The narrative concludes with Release A followed by Return ER.,7.0,release_b,5.0,0.43305185437202454,0.009621920995414257
V0329,release_a,"The narrative ends with Release A, matching standard patient release.",16.0,release_b,9.0,0.12862838804721832,0.33357617259025574
V0330,,The narrative ends with IV Liquid and does not reach a recognized discharge category.,,release_b,2.0,,0.33358609676361084
V0331,release_a,"The narrative ends with Release A, representing standard patient release.",14.0,release_d,8.0,0.030260920524597168,0.33602026104927063
V0332,release_b,"The narrative terminates with Release B, representing alternative release processing.",6.0,release_a,2.0,0.2784082293510437,0.3702181577682495
V0333,release_b,"The narrative terminates with Release B, representing alternative release processing.",13.0,release_a,8.0,0.08355250954627991,0.33387038111686707
V0334,release_d,"The narrative terminates with Release D, representing alternate disposition processing.",25.0,release_a,14.0,0.43670937418937683,0.0011538139078766108
V0335,release_a,The narrative features Release A before a post-discharge ER return.,6.0,release_c,5.0,0.4581615924835205,0.012396258302032948
V0336,,The narrative ends with CRP and lacks a discharge activity.,,release_a,1.0,,0.3399571478366852
V0337,release_a,"The narrative terminates with Release A, representing standard patient release.",6.0,release_d,4.0,0.02261768840253353,0.3363419771194458
V0338,release_a,"The narrative terminates with Release A, representing standard patient release.",5.0,release_b,4.0,0.1140298843383789,0.3350287973880768
V0339,release_a,The narrative features Release A prior to Return ER.,22.0,release_b,16.0,0.5391466021537781,0.10406583547592163
V0340,release_a,"The narrative terminates with Release A, representing standard patient release.",6.0,release_d,6.0,0.024227455258369446,0.33473220467567444
V0341,release_a,"The narrative terminates with Release A, representing standard patient release.",4.0,release_d,4.0,0.12573646008968353,0.3339827358722687
V0342,,The narrative ends with CRP and does not include any release activity.,,release_a,3.0,,0.3888669013977051
V0343,release_a,"The narrative terminates with Release A, representing standard patient release.",6.0,release_b,4.0,0.11320950835943222,0.33665183186531067
V0344,release_b,"The narrative terminates with Release B, representing alternative release processing.",10.0,release_c,3.0,0.1462228149175644,0.33389756083488464
V0345,release_a,"The narrative terminates with Release A, representing standard patient release.",16.0,release_d,11.0,0.18907904624938965,0.33592021465301514
V0346,release_a,The narrative features Release A prior to a post-discharge ER return.,16.0,release_c,12.0,0.6024342179298401,0.027361152693629265
V0347,release_d,"The narrative terminates with Release D, representing alternate disposition processing.",8.0,release_a,5.0,0.5113713145256042,0.0008567627519369125
V0348,release_a,The narrative features Release A before Return ER.,6.0,release_d,7.0,0.4615815579891205,0.006395623087882996
V0349,,The narrative ends with ER Sepsis Triage and does not complete a discharge process.,,release_a,5.0,,0.349503755569458
V0350,release_a,The narrative features Release A followed by Return ER.,9.0,release_d,3.0,0.747133731842041,0.33337751030921936
V0351,release_a,"The narrative outcome is Release A, directly realizing standard patient release.",9.0,release_b,4.0,0.35529419779777527,0.34183990955352783
V0352,,"The narrative outcome is Return ER following Release A, meaning it does not cleanly realize standard unproblematic release.",,release_a,3.0,,0.00026249856455251575
V0353,,The narrative results in a Return ER outcome after Release A.,,release_a,2.0,,0.0003271280147600919
V0354,release_a,The process terminates with Release A representing standard patient discharge.,18.0,release_b,14.0,0.17359213531017303,0.34213200211524963
V0355,release_a,The process concludes successfully with Release A.,6.0,release_b,6.0,0.1757177859544754,0.34000635147094727
V0356,release_a,The variant ends with standard patient release (Release A).,11.0,release_c,7.0,0.13115625083446503,0.3409789502620697
V0357,,Ends with a Return ER event after Release A.,,release_a,2.0,,0.00029331285622902215
V0358,,Followed by a Return ER event after the release.,,release_a,1.0,,0.00012047109339619055
V0359,,Resulted in Return ER.,,release_a,3.0,,0.00034061408950947225
V0360,release_a,Concludes with Release A indicating standard release.,6.0,release_b,5.0,0.3431467115879059,0.35398736596107483
V0361,release_a,Ends cleanly with Release A.,6.0,release_b,3.0,0.14321903884410858,0.3367006480693817
V0362,release_a,The variant terminates with Release A.,3.0,release_b,4.0,0.015831664204597473,0.33483877778053284
V0363,release_a,"Ends in Release A, representing standard patient discharge.",4.0,release_d,4.0,0.02173529751598835,0.33722439408302307
V0364,,Finished with Return ER after initial release.,,release_a,2.0,,0.0009366095182485878
V0365,,The outcome is Leucocytes rather than any release category.,,release_a,6.0,,0.06894596666097641
V0366,,Followed by Return ER.,,release_a,3.0,,0.0009089004597626626
V0367,,Results in Return ER after Release A.,,release_a,11.0,,8.911366603570059e-05
V0368,,"The process stops at Admission NC, not reaching any release category.",,release_a,2.0,,0.34727731347084045
V0369,,Ends with Return ER.,,release_a,6.0,,0.006103845778852701
V0370,,The outcome is Return ER.,,release_a,3.0,,6.898649007780477e-05
V0371,release_b,"The narrative outcome is Release B, realizing alternative release processing.",5.0,release_a,3.0,0.36474713683128357,0.3336716592311859
V0372,release_a,Concludes with Release A.,13.0,release_c,9.0,0.18309752643108368,0.33384689688682556
V0373,release_a,Ends with Release A representing standard discharge.,6.0,release_b,3.0,0.0018695996841415763,0.3340558707714081
V0374,,"Outcome is Leucocytes, not a release category.",,release_a,2.0,,0.08433420211076736
V0375,release_a,The variant finishes with Release A.,10.0,release_d,7.0,0.18272028863430023,0.3342241048812866
V0376,release_c,"The narrative explicitly ends with Release C, representing complex or extended patient release.",6.0,release_a,3.0,0.007629280909895897,0.3339240849018097
V0377,release_a,"The narrative ends with Release A, matching standard patient release.",3.0,release_d,5.0,0.01396516989916563,0.3335384130477905
V0378,,"The outcome is IV Antibiotics, meaning the patient was not discharged during this variant sequence.",,release_a,2.0,,0.33538034558296204
V0379,,"The outcome is IV Antibiotics, with no final discharge event present.",,release_a,2.0,,0.3424999415874481
V0380,release_a,"The outcome activity is Release A, corresponding to standard patient release.",8.0,release_b,4.0,0.35375380516052246,0.34338030219078064
V0381,release_a,"The outcome activity is Release A, corresponding to standard patient release.",6.0,release_b,3.0,0.136402890086174,0.33384859561920166
V0382,,"The outcome is Return ER following an initial Release A, which falls outside standard release classification criteria.",,release_a,3.0,,0.0010117589263245463
V0383,release_a,"The outcome activity is Release A, corresponding to standard patient release.",8.0,release_b,5.0,0.362388014793396,0.3347460925579071
V0384,release_b,"The narrative ends with Release B, representing alternative release processing.",10.0,release_a,6.0,0.1950094848871231,0.333635538816452
V0385,,"The outcome is Return ER after a Release A, representing a post-discharge ER return.",,release_a,6.0,,0.00834730826318264
V0386,,The outcome is Return ER following a Release A.,,release_a,2.0,,0.0011227871291339397
V0387,release_a,"The narrative ends with Release A, matching standard patient release.",5.0,release_c,5.0,0.1301628202199936,0.3351106345653534
V0388,release_a,"The outcome activity is Release A, corresponding to standard patient release.",7.0,release_c,5.0,0.022758135572075844,0.336201548576355
V0389,release_a,"The narrative ends with Release A, matching standard patient release.",6.0,release_b,3.0,0.3685778081417084,0.3351118564605713
V0390,release_b,"The narrative concludes with Release B, representing alternative release processing.",7.0,release_a,3.0,0.012797337956726551,0.3335118293762207
V0391,release_a,"The narrative ends with Release A, matching standard patient release.",5.0,release_c,4.0,0.13112694025039673,0.34396764636039734
V0392,release_a,"The narrative ends with Release A, matching standard patient release.",4.0,release_d,4.0,0.25347110629081726,0.4469527304172516
V0393,release_b,"The narrative concludes with Release B, representing alternative release processing.",19.0,release_a,9.0,0.03321772441267967,0.3334762752056122
V0394,release_a,"The narrative ends with Release A, matching standard patient release.",7.0,release_b,5.0,0.029004834592342377,0.3367117941379547
V0395,release_a,"The narrative ends with Release A, matching standard patient release.",0.0,release_c,3.0,0.004961421247571707,0.3336629569530487
V0396,release_a,"The narrative ends with Release A, matching standard patient release.",4.0,release_d,1.0,0.009522590786218643,0.3333362340927124
V0397,release_a,"The narrative ends with Release A, matching standard patient release.",7.0,release_d,6.0,0.1348833292722702,0.33357277512550354
V0398,,The outcome is Return ER following a Release A.,,release_a,6.0,,0.0005707857781089842
V0399,release_b,"The narrative concludes with Release B, representing alternative release processing.",7.0,release_a,2.0,0.43542158603668213,0.39499858021736145
V0400,release_a,"The narrative ends with Release A, matching standard patient release.",5.0,release_b,3.0,0.18665842711925507,0.33830979466438293
V0401,release_b,"The narrative outcome is Release B, which matches the release processing alternative corresponding to Release B.",9.0,release_a,4.0,0.1129515990614891,0.3336580693721771
V0402,release_a,"The narrative outcome is Release A, corresponding to standard patient release.",7.0,release_b,5.0,0.41985049843788147,0.0035794225987046957
V0403,release_a,"The narrative outcome is Release A before the return to ER, realizing standard patient release.",9.0,release_b,7.0,0.5048128962516785,0.038399506360292435
V0404,release_a,"The narrative ends with Release A prior to returning to the ER, aligning with standard patient release.",6.0,release_d,5.0,0.5401313304901123,0.005003033671528101
V0405,release_a,"The narrative outcome is Release A, matching standard patient release.",5.0,release_d,4.0,0.03902698680758476,0.34201958775520325
V0406,release_a,"The narrative outcome is Release A, matching standard patient release.",6.0,release_b,4.0,0.1890779733657837,0.34072935581207275
V0407,release_b,"The narrative outcome is Release B, matching alternative release processing.",5.0,release_a,5.0,0.14288106560707092,0.3375103771686554
V0408,release_a,"The narrative outcome is Release A prior to returning to the ER, aligning with standard patient release.",7.0,release_b,4.0,0.3669743835926056,0.0024563290644437075
V0409,release_a,"The narrative outcome is Release A, matching standard patient release.",7.0,release_b,4.0,0.5219346880912781,0.01319363247603178
V0410,release_d,"The narrative outcome is Release D, matching alternate disposition processing.",6.0,release_a,1.0,0.14332804083824158,0.33346179127693176
V0411,release_a,"The narrative includes Release A followed by return to ER and subsequent diagnostic work, but primarily realizes standard patient release.",10.0,release_b,7.0,0.4491703510284424,0.3389069736003876
V0412,release_a,"The narrative outcome includes Release A before returning to the ER, matching standard patient release.",11.0,release_d,5.0,0.38114142417907715,0.011710703372955322
V0413,release_a,"The narrative outcome is Release A, corresponding to standard patient release.",7.0,release_b,3.0,0.7597523331642151,0.33573511242866516
V0414,release_a,"The narrative outcome is Release A, matching standard patient release.",7.0,release_b,5.0,0.37877023220062256,0.00933949276804924
V0415,,"The narrative outcome is Admission NC without any release event, so it does not realize any discharge category.",,release_a,1.0,,0.3351813852787018
V0416,release_a,"The narrative outcome is Release A, matching standard patient release.",8.0,release_b,4.0,0.3792228400707245,0.3348008692264557
V0417,,"The narrative outcome is ER Triage, so it does not realize any discharge category.",,release_a,3.0,,0.7071024775505066
V0418,release_a,"The narrative outcome is Release A prior to returning to the ER, aligning with standard patient release.",4.0,release_d,5.0,0.38893452286720276,0.010414083488285542
V0419,release_a,"The narrative outcome is Release A, matching standard patient release.",4.0,release_b,3.0,0.008798736147582531,0.333581805229187
V0420,release_a,"The narrative outcome is Release A, matching standard patient release.",7.0,release_b,4.0,0.3560534715652466,0.3440791368484497
V0421,release_b,"The narrative outcome is Release B, matching alternative release processing.",7.0,release_a,4.0,0.00939370971173048,0.33376553654670715
V0422,release_a,"The narrative outcome is Release A prior to returning to the ER, matching standard patient release.",11.0,release_c,7.0,0.5391953587532043,0.035343777388334274
V0423,release_c,"The narrative outcome is Release C, matching complex or extended patient release.",6.0,release_a,4.0,0.01725548319518566,0.33396363258361816
V0424,release_a,"The narrative outcome is Release A, matching standard patient release.",7.0,release_b,4.0,0.6788471341133118,0.34070172905921936
V0425,release_a,"The narrative outcome is Release A, matching standard patient release.",3.0,release_c,2.0,0.01131311897188425,0.3345004618167877
V0426,release_c,"The narrative culminates in 'Release C', representing complex or extended patient release.",4.0,release_a,2.0,0.018275557085871696,0.33333656191825867
V0427,,The narrative ends with 'Return ER' rather than any patient release category.,,release_a,4.0,,0.0008149051573127508
V0428,release_c,"The narrative culminates in 'Release C', representing complex or extended patient release.",10.0,release_a,6.0,0.12931039929389954,0.33356547355651855
V0429,,The narrative ends with 'IV Antibiotics' without a patient release outcome.,,release_a,2.0,,0.3437577784061432
V0430,release_a,"The narrative culminates in 'Release A', representing standard patient release.",8.0,release_b,4.0,0.11484728008508682,0.33333897590637207
V0431,release_a,"The narrative culminates in 'Release A', representing standard patient release.",2.0,release_d,3.0,0.019055796787142754,0.33460533618927
V0432,release_b,"The narrative culminates in 'Release B', representing alternative release processing.",11.0,release_a,9.0,0.2100725919008255,0.37037837505340576
V0433,release_c,"The narrative culminates in 'Release C', representing complex or extended patient release.",6.0,release_a,2.0,0.22553741931915283,0.34123948216438293
V0434,release_a,"The narrative culminates in 'Release A', representing standard patient release.",7.0,release_d,5.0,0.11292638629674911,0.33636870980262756
V0435,,"The narrative ends with 'Return ER' after a prior 'Release A', indicating a post-discharge ER return.",,release_a,18.0,,0.00017225810734089464
V0436,release_b,"The narrative culminates in 'Release B', representing alternative release processing.",8.0,release_a,5.0,0.0316169448196888,0.3347119092941284
V0437,,"The narrative concludes with 'Return ER' following 'Release D', indicating a return to ER.",,release_a,16.0,,0.004500335548073053
V0438,release_a,"The narrative culminates in 'Release A', representing standard patient release.",11.0,release_c,5.0,0.013860142789781094,0.3349599540233612
V0439,release_a,"The narrative culminates in 'Release A', representing standard patient release.",28.0,release_b,12.0,0.04305383190512657,0.34028974175453186
V0440,,The narrative culminates in 'Return ER' after 'Release A'.,,release_a,5.0,,0.001840634853579104
V0441,,The narrative culminates in 'Return ER' after 'Release A'.,,release_a,1.0,,0.0007366447825916111
V0442,,The narrative culminates in 'Return ER' after 'Release A'.,,release_a,3.0,,1.9128923668176867e-05
V0443,,The narrative culminates in 'Return ER' after 'Release A'.,,release_a,2.0,,0.0008848860743455589
V0444,release_c,"The narrative culminates in 'Release C', representing complex or extended patient release.",6.0,release_a,3.0,0.1267877072095871,0.333497554063797
V0445,release_a,"The narrative culminates in 'Release A', representing standard patient release.",4.0,release_c,3.0,0.1259923130273819,0.33423861861228943
V0446,release_a,"The narrative culminates in 'Release A', representing standard patient release.",5.0,release_c,5.0,0.1237264946103096,0.33469390869140625
V0447,,The narrative culminates in 'Return ER' following 'Release C'.,,release_a,5.0,,0.0008237233851104975
V0448,,The narrative culminates in 'Return ER' following 'Release A'.,,release_a,6.0,,0.0014339489862322807
V0449,,The narrative culminates in 'Return ER' following 'Release A'.,,release_a,4.0,,0.0016118697822093964
V0450,release_a,"The narrative culminates in 'Release A', representing standard patient release.",5.0,release_b,4.0,0.010073993355035782,0.33340534567832947
V0451,release_a,The narrative culminates in standard patient release (Release A) following admission and standard sepsis care pathway.,6.0,release_b,2.0,0.34102997183799744,0.35910263657569885
V0452,release_a,The narrative shows standard patient release (Release A) after multiple lab tests and admission phases.,25.0,release_b,15.0,0.18994180858135223,0.33678293228149414
V0453,,"The patient experienced an ER return after initial Release A, which falls outside the scope of direct categorizable release types without fitting alternative release processing.",,release_a,4.0,,8.86566485860385e-05
V0454,,"The variant ends in a post-discharge ER return after Release A, categorizing as residual due to the return outcome.",,release_a,1.0,,0.001255317940376699
V0455,release_a,The pathway concludes with standard patient release (Release A).,5.0,release_c,4.0,0.12243802100419998,0.3333817720413208
V0456,release_a,The variant represents a straightforward clinical course concluding with Release A.,6.0,release_b,4.0,0.13427062332630157,0.3337065875530243
V0457,release_a,The sequence follows the standard care and monitoring path resulting in Release A.,18.0,release_b,14.0,0.18433253467082977,0.3340547978878021
V0458,,"The case involves a post-discharge ER return following Release A, making it part of the residual category.",,release_a,2.0,,0.0016738661797717214
V0459,release_a,Standard patient release (Release A) is observed at the end of the treatment sequence.,7.0,release_c,3.0,0.11400043219327927,0.33499935269355774
V0460,,"This case ends with a post-discharge ER return, classifying it as residual.",,release_a,2.0,,0.0018495162948966026
V0461,release_a,The narrative finishes with standard patient release (Release A).,6.0,release_b,5.0,0.1291719228029251,0.3354508578777313
V0462,,"The outcome is incomplete (CRP) rather than a final release disposition, placing it in the residual.",,release_a,1.0,,0.35143592953681946
V0463,,"The narrative ends with a return to the ER after Release A, making it residual.",,release_a,2.0,,0.007995419204235077
V0464,,"The sequence results in an ER return after Release A, therefore falling into the residual category.",,release_a,3.0,,0.0018020950956270099
V0465,release_a,The patient is discharged through standard release processing (Release A).,7.0,release_b,6.0,0.025652393698692322,0.33335936069488525
V0466,release_a,The variant concludes with standard patient release (Release A) after extended observation.,3.0,release_c,4.0,0.130337193608284,0.3352849781513214
V0467,,"The case features a return to the ER following Release A, categorizing as residual.",,release_a,3.0,,0.00017481461691204458
V0468,,"This sequence leads to an ER return following standard release, placing it in the residual category.",,release_a,3.0,,0.0004104606050532311
V0469,,"The patient returns to the ER post-discharge, meaning it falls under the residual category.",,release_a,4.0,,0.0001458859333069995
V0470,release_d,"The variant explicitly terminates in Release D, representing alternate disposition processing.",5.0,release_a,2.0,0.14845110476016998,0.3334691524505615
V0471,release_a,The patient follows the standard care path and is discharged with Release A.,6.0,release_b,3.0,0.02402380108833313,0.33493587374687195
V0472,release_a,The trajectory concludes with standard patient release (Release A).,5.0,release_d,3.0,0.01986873149871826,0.3354182541370392
V0473,,"An ER return occurs after Release A, classifying this narrative as residual.",,release_a,2.0,,0.002614416880533099
V0474,,"The narrative results in a subsequent return to the ER after release, placing it in the residual.",,release_a,2.0,,0.0005330360145308077
V0475,release_a,The pathway concludes with standard patient release (Release A).,5.0,release_b,4.0,0.007903903722763062,0.3335033357143402
V0476,release_a,"The narrative concludes with Release A, realizing standard patient release.",5.0,release_b,4.0,0.5728030204772949,0.1734543889760971
V0477,release_a,"The narrative concludes with Release A, realizing standard patient release.",6.0,release_b,4.0,0.11675598472356796,0.33423805236816406
V0478,release_a,"The narrative concludes with Release A, realizing standard patient release.",7.0,release_b,5.0,0.12806086242198944,0.33433976769447327
V0479,release_a,"The narrative includes Release A before ending in Return ER, realizing standard patient release processing.",4.0,release_c,5.0,0.33875319361686707,0.030677542090415955
V0480,release_a,"The narrative concludes with Release A, realizing standard patient release.",6.0,release_b,3.0,0.0038006894756108522,0.33416447043418884
V0481,release_a,"The narrative concludes with Release A, realizing standard patient release.",10.0,release_b,6.0,0.12116741389036179,0.3345555067062378
V0482,release_a,"The narrative includes Release A before returning to ER, realizing standard patient release processing.",8.0,release_b,5.0,0.4577268660068512,0.012831001542508602
V0483,release_b,"The narrative concludes with Release B, realizing alternative patient release processing.",28.0,release_a,12.0,0.059152472764253616,0.3373398780822754
V0484,release_a,"The narrative includes Release A before returning to ER, realizing standard patient release processing.",9.0,release_d,6.0,0.5591900944709778,0.004227946046739817
V0485,release_a,"The narrative concludes with Release A, realizing standard patient release.",22.0,release_c,16.0,0.18010111153125763,0.33397164940834045
V0486,release_d,"The narrative concludes with Release D, realizing alternate disposition processing.",10.0,release_b,5.0,0.0,0.33352580666542053
V0487,release_a,"The narrative concludes with Release A, realizing standard patient release.",7.0,release_c,7.0,0.17499588429927826,0.33369529247283936
V0488,,"The narrative does not reach a release activity, ending at IV Liquid.",,release_a,3.0,,0.3480745553970337
V0489,release_a,"The narrative concludes with Release A, realizing standard patient release.",8.0,release_b,5.0,0.34483781456947327,0.35229626297950745
V0490,release_a,"The narrative concludes with Release A, realizing standard patient release.",4.0,release_c,4.0,0.18105852603912354,0.3346656262874603
V0491,release_a,"The narrative concludes with Release A, realizing standard patient release.",4.0,release_b,3.0,0.023952962830662727,0.3350067138671875
V0492,,"The narrative does not reach a release activity, ending at IV Liquid.",,release_a,3.0,,0.33516204357147217
V0493,release_b,"The narrative concludes with Release B, realizing alternative patient release processing.",4.0,release_a,2.0,0.13393361866474152,0.3339519202709198
V0494,release_a,"The narrative concludes with Release A, realizing standard patient release.",7.0,release_b,6.0,0.007374472916126251,0.3336927890777588
V0495,,"The narrative does not reach a release activity, ending at IV Antibiotics.",,release_a,3.0,,0.33587193489074707
V0496,release_a,"The narrative concludes with Release A, realizing standard patient release.",8.0,release_c,5.0,0.12218707799911499,0.3350277841091156
V0497,release_a,"The narrative includes Release A before returning to ER, realizing standard patient release processing.",9.0,release_b,4.0,0.6744117140769958,0.34912109375
V0498,release_d,"The narrative concludes with Release D, realizing alternate disposition processing.",8.0,release_a,4.0,0.11551537364721298,0.3337832987308502
V0499,release_a,"The narrative concludes with Release A, realizing standard patient release.",4.0,release_c,4.0,0.132676362991333,0.33530083298683167
V0500,release_a,"The narrative concludes with Release A, realizing standard patient release.",8.0,release_b,4.0,0.19141316413879395,0.343064546585083
V0501,,The narrative ends with IV Liquid and does not reach a patient release outcome.,,release_a,2.0,,0.33455419540405273
V0502,,The narrative ends with Admission NC and does not reach a patient release outcome.,,release_a,2.0,,0.3442557156085968
V0503,release_b,"The narrative ends with Release B, realizing the alternative release processing category.",6.0,release_a,2.0,0.37633016705513,0.3359071910381317
V0504,,"The narrative ends with Return ER after Release A, representing a post-discharge ER return rather than a successful standard release.",,release_a,2.0,,0.00030690510175190866
V0505,,"The narrative ends with Return ER, indicating a post-discharge ER return.",,release_a,1.0,,0.00033978806459344923
V0506,release_a,"The narrative ends with Release A, realizing standard patient release.",2.0,release_c,3.0,0.02161034755408764,0.3371599018573761
V0507,,The narrative terminates at IV Antibiotics without any patient release activity.,,release_a,3.0,,0.33435705304145813
V0508,,The narrative results in a Return ER event following Release A.,,release_a,5.0,,1.1670806998154148e-05
V0509,release_a,"The narrative ends with Release A, realizing standard patient release.",4.0,release_b,3.0,0.013925510458648205,0.33357807993888855
V0510,,The narrative terminates at IV Antibiotics without reaching a release outcome.,,release_a,2.0,,0.35227546095848083
V0511,release_a,"The narrative concludes with Release A, realizing standard patient release.",10.0,release_b,9.0,0.19131331145763397,0.3361193835735321
V0512,release_a,"The narrative concludes with Release A, realizing standard patient release.",6.0,release_c,7.0,0.13143961131572723,0.33653759956359863
V0513,release_a,"The narrative concludes with Release A, realizing standard patient release.",4.0,release_b,5.0,0.1392568200826645,0.3339282274246216
V0514,release_a,"The narrative concludes with Release A, realizing standard patient release.",11.0,release_d,7.0,0.128242626786232,0.33341261744499207
V0515,,The narrative ends with Return ER following Release A.,,release_a,4.0,,0.00010612983169266954
V0516,,The narrative ends with Leucocytes and does not reach a patient release outcome.,,release_a,6.0,,0.1273200362920761
V0517,,The narrative ends prematurely with ER Triage and lacks a release outcome.,,release_a,2.0,,0.702439546585083
V0518,release_a,"The narrative concludes with Release A, realizing standard patient release.",6.0,release_d,4.0,0.03749736398458481,0.3435492217540741
V0519,,The narrative results in Return ER following a release.,,release_a,2.0,,0.0002972402435261756
V0520,,The narrative results in Return ER following a release.,,release_a,1.0,,0.0032373873982578516
V0521,release_a,"The narrative concludes with Release A, realizing standard patient release.",7.0,release_c,6.0,0.11936495453119278,0.33503758907318115
V0522,release_b,"The narrative concludes with Release B, realizing alternative release processing.",20.0,release_d,9.0,0.11910214275121689,0.33336952328681946
V0523,release_a,"The narrative concludes with Release A, realizing standard patient release.",6.0,release_b,6.0,0.16799084842205048,0.3407348394393921
V0524,release_a,"The narrative concludes with Release A, realizing standard patient release.",4.0,release_d,3.0,0.0047375415451824665,0.33343908190727234
V0525,release_a,"The narrative concludes with Release A, realizing standard patient release.",4.0,release_d,2.0,0.17165325582027435,0.3433620035648346
V0526,release_a,"The narrative ends with Release A, representing standard patient release.",7.0,release_d,3.0,0.5458859801292419,0.010757647454738617
V0527,release_a,The narrative concludes with Release A following standard care processing.,8.0,release_b,5.0,0.17431092262268066,0.3414131700992584
V0528,release_a,"The narrative culminates in Release A, aligning with standard patient release.",10.0,release_d,7.0,0.5669301152229309,0.008142935112118721
V0529,release_a,"Despite a subsequent return to ER, the primary discharge event is Release A.",6.0,release_b,5.0,0.4259783923625946,0.002548444317653775
V0530,release_a,The pathway concludes initial treatment with Release A before a later ER return.,7.0,release_d,5.0,0.5017805695533752,0.018133459612727165
V0531,release_a,The discharge step is recorded as Release A.,7.0,release_b,6.0,0.5056872963905334,0.1370532512664795
V0532,release_a,"The case finishes with Release A, matching standard patient release.",4.0,release_c,3.0,0.005197244230657816,0.3338777720928192
V0533,release_a,The narrative terminates with Release A.,4.0,release_b,5.0,0.006260660011321306,0.3337897062301636
V0534,release_a,The patient is successfully discharged via Release A.,5.0,release_d,3.0,0.1287388801574707,0.3350178301334381
V0535,release_a,Standard release is performed as Release A before a subsequent ER visit.,6.0,release_b,4.0,0.40627312660217285,0.006924503017216921
V0536,release_a,The process concludes with Release A.,5.0,release_c,4.0,0.1277477890253067,0.3340267241001129
V0537,release_a,The variant ends with standard Release A processing.,7.0,release_c,6.0,0.02130866050720215,0.33685818314552307
V0538,release_a,The patient is discharged through Release A.,12.0,release_c,9.0,0.13408836722373962,0.33352580666542053
V0539,release_a,Release A marks the final discharge event of the variant.,7.0,release_d,4.0,0.4709402024745941,0.0003822969738394022
V0540,release_b,"The process concludes explicitly with Release B, representing alternative release processing.",7.0,release_a,4.0,0.009863734245300293,0.3335843086242676
V0541,release_a,The variant finishes with Release A.,8.0,release_c,3.0,0.35842812061309814,0.33870598673820496
V0542,release_a,Discharge is achieved via Release A.,8.0,release_b,8.0,0.12527966499328613,0.33812037110328674
V0543,release_a,The primary discharge event in this sequence is Release A.,21.0,release_d,15.0,0.472444623708725,0.03140704333782196
V0544,release_a,The narrative ends with Release A.,5.0,release_b,4.0,0.019363312050700188,0.33491286635398865
V0545,release_a,Standard patient release is recorded as Release A.,4.0,release_b,4.0,0.004674319177865982,0.33337584137916565
V0546,release_a,The discharge step uses Release A.,5.0,release_b,4.0,0.3696138560771942,0.0001831106055760756
V0547,release_b,"The variant concludes with Release B, representing alternative release processing.",18.0,release_a,10.0,0.027221789583563805,0.3333817720413208
V0548,release_a,The narrative terminates with Release A.,8.0,release_b,5.0,0.17177899181842804,0.34394514560699463
V0549,,The variant ends prematurely at IV Liquid and does not realize any release category.,,release_a,3.0,,0.3337417542934418
V0550,release_b,"The process ends with Release B, mapping to alternative release processing.",8.0,release_a,3.0,0.2006756067276001,0.3768188953399658
V0551,release_a,"The narrative ends with Release A, matching standard patient release processing.",73.0,release_b,36.0,0.20442414283752441,0.33878830075263977
V0552,release_b,"The narrative ends with Release B, realizing alternative release processing.",14.0,release_c,6.0,0.1275031715631485,0.3337821066379547
V0553,,"The narrative ends with Release E, which is outside the defined taxonomy categories of A, B, C, and D.",,release_a,8.0,,0.3345264494419098
V0554,release_a,"The narrative ends with Release A, matching standard patient release processing.",4.0,release_c,3.0,0.11713072657585144,0.3338632881641388
V0555,release_b,"The narrative ends with Release B, realizing alternative release processing.",6.0,release_a,4.0,0.22606010735034943,0.33605316281318665
V0556,,"The narrative ends with Return ER after an intermediate Release A, representing a post-discharge ER return rather than a finalized release category from the primary axis.",,release_a,3.0,,0.0004735417023766786
V0557,release_a,"The narrative ends with Release A, matching standard patient release processing.",6.0,release_b,3.0,0.11975395679473877,0.3356926441192627
V0558,,"The narrative ends with Return ER following Release A, which falls outside standard release categorization.",,release_a,3.0,,0.0017119027907028794
V0559,,"The narrative ends with Return ER following Release A, representing a post-discharge ER return.",,release_a,4.0,,0.00030402603442780674
V0560,,"The narrative ends with Return ER after a release, falling outside the standard release categories.",,release_a,3.0,,0.0014909828314557672
V0561,release_a,"The narrative ends with Release A, matching standard patient release processing.",6.0,release_c,5.0,0.002696308074519038,0.33488258719444275
V0562,release_a,"The narrative ends with Release A, matching standard patient release processing.",7.0,release_c,5.0,0.0009149117977358401,0.33356547355651855
V0563,release_a,"The narrative ends with Release A, matching standard patient release processing.",13.0,release_c,9.0,0.1793542355298996,0.3363698720932007
V0564,,"The narrative ends with Return ER following a release outcome, rendering it part of the residual.",,release_a,2.0,,0.003712746547535062
V0565,,The narrative terminates at Admission NC and does not reach a discharge/release outcome.,,release_a,3.0,,0.34713736176490784
V0566,release_a,"The narrative ends with Release A, matching standard patient release processing.",6.0,release_b,6.0,0.11302577704191208,0.3364681005477905
V0567,,The narrative ends with Return ER following a release.,,release_a,2.0,,0.0013297502882778645
V0568,release_a,"The narrative ends with Release A, matching standard patient release processing.",7.0,release_b,7.0,0.1727077215909958,0.3333696126937866
V0569,release_a,"The narrative ends with Release A, matching standard patient release processing.",2.0,release_d,2.0,0.12295009940862656,0.3354702889919281
V0570,release_a,"The narrative ends with Release A, matching standard patient release processing.",14.0,release_c,7.0,0.12441295385360718,0.3336900472640991
V0571,release_b,"The narrative ends with Release B, realizing alternative release processing.",28.0,release_a,14.0,0.11622101068496704,0.3337017297744751
V0572,release_a,"The narrative ends with Release A, matching standard patient release processing.",20.0,release_b,13.0,0.13836674392223358,0.34818944334983826
V0573,,The narrative ends with Return ER following Release A.,,release_a,2.0,,5.731179771828465e-05
V0574,release_a,"The narrative ends with Release A, matching standard patient release processing.",13.0,release_b,10.0,0.18292783200740814,0.33387038111686707
V0575,,The narrative terminates early at Leucocytes without reaching any release outcome.,,release_a,2.0,,0.08425603061914444
V0576,release_a,"The narrative ends with Release A, representing standard patient release.",8.0,release_c,7.0,0.14023061096668243,0.33371222019195557
V0577,release_a,The narrative ends with Release A despite a subsequent return to the ER.,13.0,release_c,10.0,0.5027444958686829,0.019097408279776573
V0578,release_a,"The outcome is Release A, representing standard patient release.",4.0,release_c,4.0,0.36135733127593994,0.008073407225310802
V0579,release_a,"The outcome activity is Release A, corresponding to standard patient release.",47.0,release_d,29.0,0.5616731643676758,0.0067110187374055386
V0580,,The narrative ends with CRP and does not complete a patient release.,,release_a,2.0,,0.34905365109443665
V0581,release_d,"The narrative ends with Release D, representing alternate disposition processing.",5.0,release_a,3.0,0.3378317058086395,0.0011723353527486324
V0582,release_a,The outcome activity is Release A.,6.0,release_b,4.0,0.17605221271514893,0.33605316281318665
V0583,release_a,The outcome activity is Release A.,4.0,release_c,4.0,0.1192636787891388,0.33493635058403015
V0584,,The narrative ends with IV Liquid and does not reach a patient release.,,release_a,3.0,,0.33377358317375183
V0585,,The narrative ends with LacticAcid and does not reach a patient release.,,release_a,3.0,,0.34404686093330383
V0586,release_b,"The narrative ends with Release B, representing alternative release processing.",4.0,release_a,1.0,0.11932045966386795,0.3333382308483124
V0587,,The narrative ends with CRP and does not complete a patient release.,,release_a,2.0,,0.4022698402404785
V0588,release_c,"The narrative ends with Release C, representing complex or extended patient release.",12.0,release_a,5.0,0.542354941368103,0.004931775387376547
V0589,release_b,"The narrative concludes with Release B, representing alternative release processing.",9.0,release_a,5.0,0.1817622035741806,0.33431413769721985
V0590,release_a,The narrative reaches Release A before a later return to the ER.,6.0,release_d,5.0,0.5261027812957764,0.009025554172694683
V0591,release_a,The narrative concludes with Release A.,7.0,release_b,4.0,0.6715903878211975,0.3479585349559784
V0592,,The narrative ends with IV Antibiotics and does not reach a patient release.,,release_a,4.0,,0.3667213022708893
V0593,release_a,The narrative concludes with Release A.,4.0,release_c,4.0,0.0016931082354858518,0.3336507976055145
V0594,release_b,"The narrative concludes with Release B, representing alternative release processing.",7.0,release_a,4.0,0.10034871846437454,0.3404475748538971
V0595,release_a,The narrative concludes with Release A.,6.0,release_b,6.0,0.5982445478439331,0.023171499371528625
V0596,release_a,The narrative concludes with Release A.,6.0,release_b,4.0,0.012812835164368153,0.33469077944755554
V0597,release_a,The narrative concludes with Release A.,10.0,release_c,8.0,0.1726056933403015,0.3334716260433197
V0598,,"The narrative ends with Release E, which does not match any of the defined release categories in the taxonomy.",,release_a,7.0,,0.3335825204849243
V0599,release_a,The narrative concludes with Release A.,6.0,release_b,5.0,0.029273999854922295,0.3369809687137604
V0600,release_a,The narrative concludes with Release A.,25.0,release_b,16.0,0.18199080228805542,0.33495357632637024
V0601,release_c,"The narrative ends with Release C, realizing Release C.",2.0,release_a,2.0,0.13279515504837036,0.33337584137916565
V0602,release_d,"The narrative ends with Release D, realizing Release D.",7.0,release_a,5.0,0.10042574256658554,0.3333696126937866
V0603,,"The narrative ends with Release E, which does not match any of the defined release categories (release_a, release_b, release_c, release_d).",,release_a,2.0,,0.33371493220329285
V0604,release_a,"The narrative ends with Release A, realizing Release A.",6.0,release_b,5.0,0.010656354017555714,0.3371104896068573
V0605,release_a,"The narrative ends with Release A before a return to ER, thereby realizing Release A.",10.0,release_d,8.0,0.5587830543518066,0.0549314059317112
V0606,release_a,"The narrative ends with Release A, realizing Release A.",6.0,release_b,5.0,0.01932329498231411,0.334872841835022
V0607,release_a,"The narrative ends with Release A, realizing Release A.",9.0,release_c,5.0,0.1300056427717209,0.3362846076488495
V0608,release_a,"The narrative ends with Release A, realizing Release A.",4.0,release_b,4.0,0.1182195171713829,0.3338921368122101
V0609,release_a,"The narrative ends with Release A, realizing Release A.",7.0,release_d,6.0,0.007508536800742149,0.33355870842933655
V0610,release_a,"The narrative ends with Release A, realizing Release A.",4.0,release_b,3.0,0.12416592240333557,0.3342544734477997
V0611,release_a,"The narrative ends with Release A, realizing Release A.",9.0,release_c,6.0,0.18397945165634155,0.3337017297744751
V0612,release_a,"The narrative ends with Release A, realizing Release A.",5.0,release_c,5.0,0.1317216008901596,0.33625563979148865
V0613,release_a,"The narrative ends with Release A, realizing Release A.",4.0,release_d,4.0,0.19596850872039795,0.347619891166687
V0614,release_a,"The narrative includes Release A prior to a return to ER, realizing Release A.",7.0,release_b,2.0,0.7532212138175964,0.33687540888786316
V0615,release_c,"The narrative includes Release C prior to a return to ER, realizing Release C.",5.0,release_a,2.0,0.5079033970832825,0.0017379781929776073
V0616,release_a,"The narrative ends with Release A, realizing Release A.",4.0,release_c,4.0,0.17983072996139526,0.3351845443248749
V0617,release_a,"The narrative ends with Release A, realizing Release A.",5.0,release_c,3.0,0.13967324793338776,0.3335118293762207
V0618,release_c,"The narrative ends with Release C, realizing Release C.",8.0,release_a,5.0,0.0,0.33340775966644287
V0619,release_a,"The narrative ends with Release A, realizing Release A.",7.0,release_b,4.0,0.18669164180755615,0.3383430242538452
V0620,release_a,"The narrative ends with Release A, realizing Release A.",5.0,release_b,5.0,0.12607687711715698,0.33891761302948
V0621,release_b,"The narrative ends with Release B, realizing Release B.",4.0,release_a,3.0,0.40973857045173645,0.40637096762657166
V0622,release_a,"The narrative ends with Release A, realizing Release A.",21.0,release_d,13.0,0.11293721944093704,0.3360072076320648
V0623,release_a,"The narrative ends with Release A, realizing Release A.",5.0,release_c,3.0,0.026952648535370827,0.334659606218338
V0624,release_a,"The narrative ends with Release A, realizing Release A.",5.0,release_c,3.0,0.177809476852417,0.33791467547416687
V0625,release_a,"The narrative includes Release A prior to a return to ER, realizing Release A.",4.0,release_d,2.0,0.4451815187931061,0.021751584485173225
V0626,release_a,"The narrative ends with Release A, representing standard patient release.",5.0,release_c,3.0,0.2375398725271225,0.4450700283050537
V0627,release_a,"The narrative includes Release A prior to returning to the ER, matching standard release processing.",14.0,release_b,13.0,0.5574689507484436,0.002506805816665292
V0628,release_a,"The narrative ends with Release A, representing standard patient release.",5.0,release_b,4.0,0.19765949249267578,0.34931087493896484
V0629,,"The outcome is Release E, which does not match any of the defined categories (release_a, release_b, release_c, release_d).",,release_a,5.0,,0.33996978402137756
V0630,release_a,"The narrative concludes with Release A, representing standard patient release.",10.0,release_b,8.0,0.12674449384212494,0.33958521485328674
V0631,release_a,"The process contains Release A before an ER return, aligning with standard release.",5.0,release_d,3.0,0.3795212209224701,0.010090467520058155
V0632,release_a,"The process contains Release A before an ER return, aligning with standard release.",4.0,release_c,2.0,0.42057445645332336,0.002855469472706318
V0633,release_d,"The narrative ends with Release D, representing alternate disposition processing.",0.0,release_a,3.0,0.48728999495506287,0.0007203731220215559
V0634,release_a,"The narrative concludes with Release A, representing standard patient release.",6.0,release_c,4.0,0.021382609382271767,0.33693215250968933
V0635,release_a,The narrative contains Release A before returning to the ER.,6.0,release_b,7.0,0.550515353679657,0.015387039631605148
V0636,,"The outcome is LacticAcid, which does not represent any form of patient release.",,release_a,2.0,,0.0962497815489769
V0637,release_a,"The narrative concludes with Release A, representing standard patient release.",4.0,release_d,3.0,0.13277532160282135,0.3352018892765045
V0638,release_a,The narrative contains Release A before an ER return.,6.0,release_d,4.0,0.5998716950416565,0.024798668920993805
V0639,release_a,The narrative contains Release A before an ER return.,8.0,release_b,7.0,0.5345064997673035,0.008705905638635159
V0640,release_a,The narrative contains Release A before an ER return.,9.0,release_d,6.0,0.3740749657154083,0.0046442607417702675
V0641,release_a,The narrative contains Release A before an ER return.,3.0,release_d,4.0,0.42428669333457947,0.0008567627519369125
V0642,release_a,"The narrative concludes with Release A, representing standard patient release.",10.0,release_c,7.0,0.12983448803424835,0.34267520904541016
V0643,release_a,The narrative contains Release A before an ER return.,23.0,release_d,12.0,0.5282480120658875,0.014964391477406025
V0644,,"The outcome is CRP, which does not represent patient release.",,release_b,1.0,,0.3505743443965912
V0645,,"The outcome is LacticAcid, which does not represent patient release.",,release_a,2.0,,0.3411502540111542
V0646,release_a,The narrative contains Release A during its sequence.,14.0,release_c,8.0,0.46351465582847595,0.34000399708747864
V0647,release_a,"The narrative concludes with Release A, representing standard patient release.",3.0,release_b,3.0,0.23547987639904022,0.44516268372535706
V0648,release_a,"The narrative concludes with Release A, representing standard patient release.",8.0,release_d,6.0,0.008112269453704357,0.3345663845539093
V0649,release_a,The narrative contains Release A before an ER return.,8.0,release_c,6.0,0.4635704457759857,0.006987418979406357
V0650,release_a,The narrative contains Release A before an ER return.,8.0,release_b,3.0,0.7605093121528625,0.22538095712661743
V0651,release_a,"The narrative ends with the activity 'Release A', which represents standard patient release.",8.0,release_b,4.0,0.6101558804512024,0.1867259293794632
V0652,release_a,"The narrative concludes with 'Release A', indicating standard patient release processing.",4.0,release_c,4.0,0.6013334393501282,0.11768632382154465
V0653,release_a,"The narrative culminates in 'Release A', matching standard patient discharge.",4.0,release_b,5.0,0.12643209099769592,0.33395564556121826
V0654,,The narrative ends with 'Leucocytes' and does not involve any patient release activity.,,release_a,4.0,,0.08748802542686462
V0655,release_a,"The process variant ends with 'Release A', corresponding to standard patient release.",8.0,release_b,6.0,0.19251108169555664,0.3404475748538971
V0656,release_d,"The narrative concludes with 'Release D', representing alternate disposition processing.",10.0,release_c,6.0,0.01688617654144764,0.33352211117744446
V0657,release_a,"The final activity is 'Release A', which corresponds to standard patient release.",3.0,release_c,3.0,0.17471782863140106,0.3410062789916992
V0658,release_a,"The narrative includes 'Release A' before the patient returns to the ER, fitting standard release.",7.0,release_b,4.0,0.5772773027420044,0.16990059614181519
V0659,release_a,"The process terminates with 'Release A', matching standard patient release.",7.0,release_b,3.0,0.36422863602638245,0.33376121520996094
V0660,release_a,"The narrative concludes with 'Release A', indicating standard release processing.",18.0,release_d,11.0,0.12301719188690186,0.3337271511554718
V0661,release_a,"The case sequence ends with 'Release A', reflecting standard patient release.",19.0,release_b,12.0,0.1232084259390831,0.333635538816452
V0662,release_a,"The narrative incorporates 'Release A' prior to an ER return, aligning with standard release.",10.0,release_c,7.0,0.5087834000587463,0.004931775387376547
V0663,,The narrative ends with 'Admission NC' and does not reach any release stage.,,release_a,1.0,,0.3410145342350006
V0664,,The narrative concludes with 'IV Liquid' and contains no discharge or release steps.,,release_a,4.0,,0.37132522463798523
V0665,release_a,"The final activity is 'Release A', representing standard patient release.",4.0,release_c,4.0,0.00022981420625001192,0.33401191234588623
V0666,release_a,"The process variant terminates with 'Release A', matching standard patient release.",7.0,release_b,2.0,0.14716942608356476,0.3406510353088379
V0667,release_a,"The narrative features 'Release A' before an ER return, mapping to standard release.",7.0,release_b,2.0,0.41624748706817627,0.0024029158521443605
V0668,release_a,"The narrative finishes with 'Release A', indicating standard patient release.",6.0,release_c,3.0,0.38035210967063904,0.3336716592311859
V0669,release_a,"The case sequence ends with 'Release A', realizing standard patient release.",3.0,release_b,4.0,0.021764501929283142,0.33719518780708313
V0670,,"The narrative concludes with 'Leucocytes' after a return to the ER, with no final release categorization matching the end state.",,release_a,4.0,,0.014846313744783401
V0671,release_a,"The narrative contains 'Release A' prior to a return to the ER, aligning with standard release.",8.0,release_b,4.0,0.3879239559173584,0.011424671858549118
V0672,release_b,"The narrative terminates with 'Release B', realizing alternative release processing.",19.0,release_a,12.0,0.17641283571720123,0.33423009514808655
V0673,release_a,"The final activity is 'Release A', corresponding to standard patient release.",9.0,release_b,6.0,0.11128448694944382,0.33438006043434143
V0674,release_a,"The narrative concludes with 'Release A', matching standard patient release.",39.0,release_b,22.0,0.15676413476467133,0.3359471559524536
V0675,release_d,"The narrative ends with 'Release D' prior to an ER return, realizing alternate disposition processing.",7.0,release_a,6.0,0.40084752440452576,0.0030190572142601013
V0676,,The process ends with IV Antibiotics and does not reach a patient release activity.,,release_a,4.0,,0.36015045642852783
V0677,release_a,The narrative ends with standard patient release (Release A) and a subsequent return to ER.,8.0,release_b,3.0,0.7189900279045105,0.3359721601009369
V0678,release_a,The narrative concludes with standard patient release (Release A).,6.0,release_b,5.0,0.13098834455013275,0.3369888365268707
V0679,,The process terminates at IV Antibiotics without any release step.,,release_a,2.0,,0.3355954587459564
V0680,release_a,The narrative leads to standard patient release (Release A) followed by an ER return.,9.0,release_d,7.0,0.4800907075405121,0.023760927841067314
V0681,release_a,The process culminates in standard patient release (Release A) and subsequent ER return.,5.0,release_d,5.0,0.5690940618515015,0.16974543035030365
V0682,release_b,"The narrative concludes with Release B, representing alternative release processing.",9.0,release_a,6.0,0.08563952893018723,0.33532166481018066
V0683,release_a,The process ends with standard patient release (Release A).,8.0,release_d,6.0,0.1282377690076828,0.33340775966644287
V0684,release_a,The narrative finishes with standard patient release (Release A).,5.0,release_b,4.0,0.1152115985751152,0.3338575065135956
V0685,,The process terminates at IV Antibiotics and does not include release.,,release_a,2.0,,0.3453831672668457
V0686,release_a,The narrative shows standard patient release (Release A) followed by an ER return.,8.0,release_b,3.0,0.7600261569023132,0.33600887656211853
V0687,release_a,The narrative concludes with standard patient release (Release A) and a return to ER.,5.0,release_d,4.0,0.4793824255466461,0.004264625255018473
V0688,release_a,The process ends with standard patient release (Release A) and a subsequent ER return.,5.0,release_b,4.0,0.38083553314208984,0.011404822580516338
V0689,,The narrative terminates at IV Antibiotics without reaching a discharge activity.,,release_a,4.0,,0.3464854955673218
V0690,release_a,The process ends with standard patient release (Release A).,10.0,release_b,8.0,0.12016864866018295,0.33365729451179504
V0691,release_b,The narrative culminates in alternative release processing (Release B).,6.0,release_a,2.0,0.39462682604789734,0.35420385003089905
V0692,release_b,"The process ends with Release B, representing alternative release processing.",6.0,release_a,3.0,0.3737633228302002,0.3333403766155243
V0693,release_a,The narrative finishes with standard patient release (Release A) and a return to ER.,5.0,release_c,5.0,0.5059345364570618,0.11563631892204285
V0694,,The process ends prematurely at ER Sepsis Triage.,,release_a,4.0,,0.43426236510276794
V0695,release_a,The narrative concludes with standard patient release (Release A).,3.0,release_c,5.0,0.12001675367355347,0.3357062041759491
V0696,release_a,The process leads to standard patient release (Release A) followed by an ER return.,10.0,release_b,7.0,0.5939972400665283,0.018924184143543243
V0697,release_a,The narrative terminates with standard patient release (Release A).,7.0,release_b,3.0,0.03068547137081623,0.3383924663066864
V0698,release_a,The narrative ends with standard patient release (Release A).,4.0,release_d,4.0,0.1410808116197586,0.33456242084503174
V0699,release_a,The process concludes with standard patient release (Release A).,6.0,release_b,5.0,0.023693321272730827,0.3352663516998291
V0700,release_b,"The narrative culminates in Release B, corresponding to alternative release processing.",6.0,release_a,2.0,0.2397448867559433,0.33369848132133484
V0701,release_c,"The narrative outcome is Release C, representing complex or extended patient release.",8.0,release_a,3.0,0.004107105545699596,0.33367064595222473
V0702,release_a,"The narrative outcome is Release A, representing standard patient release.",4.0,release_b,4.0,0.11563251167535782,0.3334365785121918
V0703,,"The outcome is IV Liquid, which does not correspond to any of the release categories.",,release_a,2.0,,0.33499279618263245
V0704,release_a,"The narrative outcome is Release A, representing standard patient release.",5.0,release_c,6.0,0.12044575810432434,0.3363982141017914
V0705,,"The narrative outcome is Return ER following Release A, which does not map cleanly into the specified discharge release category goal.",,release_a,1.0,,0.0003393219958525151
V0706,release_a,"The narrative outcome is Release A, representing standard patient release.",6.0,release_b,1.0,0.38950657844543457,0.333533376455307
V0707,,"The narrative outcome is Admission NC, which is not a patient release category.",,release_a,1.0,,0.33339282870292664
V0708,,"The narrative outcome is IV Antibiotics, which is not a patient release category.",,release_b,5.0,,0.3469402492046356
V0709,release_b,"The narrative outcome is Release B, representing alternative release processing.",0.0,release_a,2.0,0.11250493675470352,0.3341047465801239
V0710,release_c,"The narrative outcome is Release C, representing complex or extended patient release.",173.0,release_a,70.0,0.14292915165424347,0.3349083364009857
V0711,release_a,"The narrative outcome is Release A, representing standard patient release.",6.0,release_b,3.0,0.12035262584686279,0.33602526783943176
V0712,,"The narrative outcome involves Return ER following a release, making it part of the residual.",,release_a,7.0,,0.0009304405539296567
V0713,,"The narrative outcome is IV Antibiotics, which is not a release category.",,release_a,3.0,,0.3506447970867157
V0714,release_a,"The narrative outcome is Release A, representing standard patient release.",5.0,release_c,4.0,0.016141315922141075,0.33452916145324707
V0715,release_b,"The narrative outcome is Release B, representing alternative release processing.",8.0,release_a,4.0,0.2136198729276657,0.37392565608024597
V0716,release_a,"The narrative outcome is Release A, representing standard patient release.",6.0,release_b,2.0,0.12107815593481064,0.33464479446411133
V0717,release_a,"The narrative outcome is Release A, representing standard patient release.",6.0,release_d,4.0,0.11826897412538528,0.33394160866737366
V0718,release_d,"The narrative outcome ends with Release D before Return ER, realizing alternative disposition processing.",20.0,release_a,13.0,0.4685699939727783,0.006222136784344912
V0719,,The narrative outcome includes a return to the ER after Release A.,,release_a,2.0,,0.0012209047563374043
V0720,,The narrative outcome includes a return to the ER after Release A.,,release_a,1.0,,0.0006664472748525441
V0721,,The narrative outcome includes a return to the ER after Release A.,,release_a,5.0,,0.00034471272374503314
V0722,release_a,"The narrative outcome is Release A, representing standard patient release.",6.0,release_b,3.0,0.03243651241064072,0.34014347195625305
V0723,release_a,"The narrative outcome is Release A, representing standard patient release.",7.0,release_b,5.0,0.12290637940168381,0.33551403880119324
V0724,,The narrative outcome includes a return to the ER after Release A.,,release_a,1.0,,0.0034996650647372007
V0725,release_d,"The narrative outcome is Release D, representing alternate disposition processing.",10.0,release_a,2.0,0.2604072391986847,0.33486512303352356
V0726,release_a,"The narrative culminates in standard release activity 'Release A', representing standard patient release.",18.0,release_b,11.0,0.11965150386095047,0.33719244599342346
V0727,release_a,The narrative shows standard release 'Release A' followed by an ER return.,5.0,release_b,4.0,0.4305570125579834,0.007127065677195787
V0728,release_a,The narrative culminates in standard release activity 'Release A'.,6.0,release_b,5.0,0.1261691004037857,0.3390098512172699
V0729,release_a,The narrative culminates in standard release activity 'Release A'.,6.0,release_c,6.0,0.12618541717529297,0.3390261232852936
V0730,release_a,The narrative culminates in standard release activity 'Release A'.,4.0,release_c,3.0,0.02099461667239666,0.3365441560745239
V0731,release_a,The narrative culminates in standard release activity 'Release A'.,7.0,release_d,3.0,0.19462275505065918,0.34647223353385925
V0732,release_a,The narrative culminates in standard release activity 'Release A'.,8.0,release_b,3.0,0.3363319933414459,0.34988364577293396
V0733,release_a,The narrative culminates in standard release activity 'Release A'.,7.0,release_d,3.0,0.131182000041008,0.33679521083831787
V0734,release_a,The narrative culminates in standard release activity 'Release A'.,3.0,release_c,4.0,0.5939852595329285,0.17055530846118927
V0735,release_a,The narrative culminates in standard release activity 'Release A'.,6.0,release_d,3.0,0.3540290892124176,0.3461035192012787
V0736,release_a,The narrative culminates in standard release activity 'Release A'.,5.0,release_c,4.0,0.008795243687927723,0.33358529210090637
V0737,release_a,The narrative culminates in standard release activity 'Release A'.,6.0,release_c,4.0,0.019569803029298782,0.335119366645813
V0738,release_a,The narrative culminates in standard release activity 'Release A'.,5.0,release_b,4.0,0.04353620111942291,0.3375103771686554
V0739,release_a,The narrative culminates in standard release activity 'Release A'.,8.0,release_d,6.0,0.12645964324474335,0.33930036425590515
V0740,release_a,The narrative culminates in standard release activity 'Release A'.,7.0,release_d,5.0,0.014941721223294735,0.3341048061847687
V0741,release_a,The narrative culminates in standard release activity 'Release A'.,6.0,release_b,4.0,0.021893667057156563,0.33706602454185486
V0742,,"The narrative does not reach any release activity, concluding with LacticAcid instead.",,release_a,3.0,,0.10897424817085266
V0743,release_a,The narrative culminates in standard release activity 'Release A'.,8.0,release_b,3.0,0.008338619954884052,0.33393803238868713
V0744,release_a,The narrative shows standard release 'Release A' followed by an ER return.,15.0,release_d,10.0,0.4977194368839264,0.006132142152637243
V0745,release_a,The narrative shows standard release 'Release A' followed by an ER return.,8.0,release_b,5.0,0.5734220147132874,0.11935805529356003
V0746,release_a,The narrative shows standard release 'Release A' followed by an ER return.,25.0,release_d,17.0,0.5172781348228455,0.013426513411104679
V0747,release_c,"The narrative culminates in extended release activity 'Release C', representing complex or extended patient release.",5.0,release_a,5.0,0.09371375292539597,0.33414873480796814
V0748,release_a,The narrative shows standard release 'Release A' followed by an ER return.,7.0,release_b,5.0,0.49836984276771545,0.014722787775099277
V0749,release_a,The narrative culminates in standard release activity 'Release A'.,4.0,release_c,2.0,0.021203888580203056,0.3367534577846527
V0750,,The narrative terminates early at IV Antibiotics without reaching a release activity.,,release_a,3.0,,0.34315261244773865
V0751,release_a,"The process variant ends with Release A, representing standard patient release.",4.0,release_b,3.0,0.01810852624475956,0.3336580693721771
V0752,release_a,"The process variant includes Release A followed by Return ER, representing standard patient release.",19.0,release_d,8.0,0.496101051568985,0.007750561460852623
V0753,release_a,"The process variant includes Release A followed by Return ER, representing standard patient release.",6.0,release_b,4.0,0.38709303736686707,0.012255621142685413
V0754,release_a,"The process variant includes Release A followed by Return ER, representing standard patient release.",5.0,release_d,4.0,0.35108664631843567,0.018344061449170113
V0755,release_a,"The process variant ends with Release A, representing standard patient release.",5.0,release_d,5.0,0.13260622322559357,0.3353709876537323
V0756,release_a,"The process variant includes Release A followed by Return ER, representing standard patient release.",31.0,release_d,15.0,0.5834304690361023,0.008357378654181957
V0757,release_a,"The process variant includes Release A followed by Return ER, representing standard patient release.",6.0,release_d,6.0,0.4660778045654297,0.004480055999010801
V0758,release_a,"The process variant ends with Release A, representing standard patient release.",4.0,release_c,3.0,0.15444296598434448,0.3479245603084564
V0759,,The variant ends with IV Antibiotics and does not reach any patient release category.,,release_a,3.0,,0.38011011481285095
V0760,release_a,"The process variant ends with Release A, representing standard patient release.",6.0,release_b,5.0,0.11404266208410263,0.3361785113811493
V0761,release_a,"The process variant ends with Release A, representing standard patient release.",6.0,release_c,6.0,0.02300587296485901,0.33595380187034607
V0762,release_a,"The process variant ends with Release A, representing standard patient release.",23.0,release_b,14.0,0.14555227756500244,0.34193137288093567
V0763,release_a,"The process variant includes Release A followed by Return ER, representing standard patient release.",41.0,release_b,21.0,0.5390540957450867,0.004158315248787403
V0764,,The variant ends with ER Sepsis Triage and does not reach any patient release category.,,release_a,3.0,,0.33717337250709534
V0765,release_a,"The process variant includes Release A followed by Return ER, representing standard patient release.",6.0,release_b,7.0,0.5415844917297363,0.006456186529248953
V0766,release_a,"The process variant ends with Release A, representing standard patient release.",6.0,release_b,3.0,0.19084542989730835,0.3424968421459198
V0767,release_a,"The process variant includes Release A followed by Return ER, representing standard patient release.",9.0,release_b,2.0,0.7219341397285461,0.33363866806030273
V0768,release_a,"The process variant ends with Release A, representing standard patient release.",9.0,release_b,4.0,0.34773901104927063,0.3493950664997101
V0769,release_a,"The process variant ends with Release A, representing standard patient release.",4.0,release_b,4.0,0.007885118015110493,0.3343392312526703
V0770,release_a,"The process variant includes Release A followed by Return ER, representing standard patient release.",7.0,release_b,7.0,0.5324376225471497,0.010774829424917698
V0771,release_a,"The process variant ends with Release A, representing standard patient release.",4.0,release_b,2.0,0.11546016484498978,0.3336088955402374
V0772,,The variant ends with CRP and does not reach any patient release category.,,release_a,2.0,,0.35271406173706055
V0773,release_a,"The process variant ends with Release A, representing standard patient release.",5.0,release_b,2.0,0.185076043009758,0.33672741055488586
V0774,,The variant ends with ER Sepsis Triage and does not reach any patient release category.,,release_a,3.0,,0.35368454456329346
V0775,,The variant ends with CRP and does not reach any patient release category.,,release_a,2.0,,0.35355398058891296
V0776,release_a,"The narrative ends with Release A, representing standard patient release.",4.0,release_c,3.0,0.13124890625476837,0.3367283046245575
V0777,,The narrative terminates at Leucocytes and does not complete a patient release process.,,release_b,4.0,,0.37637320160865784
V0778,,The narrative terminates at Leucocytes without reaching a patient release activity.,,release_a,4.0,,0.2589953541755676
V0779,,"The narrative ends with Return ER after an initial Release A, which does not fit standard clean categories.",,release_a,3.0,,0.001513043069280684
V0780,release_a,"The narrative concludes with Release A, matching standard patient release processing.",15.0,release_c,8.0,0.021633611992001534,0.3357985317707062
V0781,release_c,"The narrative concludes with Release C, representing complex or extended patient release.",8.0,release_a,5.0,0.11267659813165665,0.33335208892822266
V0782,release_a,"The narrative ends with Release A, representing standard patient release.",8.0,release_c,5.0,0.013035420328378677,0.3357846736907959
V0783,release_a,"The narrative ends with Release A, representing standard patient release.",7.0,release_d,6.0,0.007904808036983013,0.33435893058776855
V0784,release_a,"The narrative concludes with Release A, matching standard patient release.",9.0,release_b,7.0,0.022959301248192787,0.337124228477478
V0785,,"The narrative ends with Return ER following a Release A, indicating post-discharge ER return.",,release_a,4.0,,0.0009044032194651663
V0786,release_a,"The narrative concludes with Release A, matching standard patient release processing.",8.0,release_c,6.0,0.11449888348579407,0.33756887912750244
V0787,,"The narrative ends with Return ER after a standard release, representing post-discharge ER return.",,release_a,2.0,,0.001129603828303516
V0788,release_a,"The narrative ends with Release A, representing standard patient release.",3.0,release_d,3.0,0.019146112725138664,0.3346956670284271
V0789,release_a,"The narrative concludes with Release A, matching standard patient release processing.",4.0,release_b,4.0,0.12776634097099304,0.33404529094696045
V0790,release_d,"The narrative ends with Release D, representing alternate disposition processing.",9.0,release_a,4.0,0.017393022775650024,0.3333390951156616
V0791,,The narrative terminates at IV Antibiotics without reaching a discharge or release state.,,release_b,3.0,,0.3648630380630493
V0792,release_b,"The narrative concludes with Release B, representing alternative release processing.",4.0,release_a,2.0,0.11752891540527344,0.3333362340927124
V0793,release_a,"The narrative ends with Release A, representing standard patient release.",6.0,release_d,6.0,0.1240018978714943,0.33382460474967957
V0794,,"The narrative ends with Return ER, reflecting a post-discharge ER return after release.",,release_a,5.0,,0.00070331827737391
V0795,release_a,"The narrative concludes with Release A, representing standard patient release.",41.0,release_d,25.0,0.18652839958667755,0.33336952328681946
V0796,release_a,"The narrative ends with Release A, representing standard patient release.",8.0,release_b,3.0,0.3507108688354492,0.3464232385158539
V0797,,The narrative terminates in a Return ER event after release.,,release_a,3.0,,0.0009016120457090437
V0798,,The narrative terminates in a Return ER event after release.,,release_a,1.0,,0.001502270228229463
V0799,release_a,"The narrative concludes with Release A, representing standard patient release.",6.0,release_b,4.0,0.06202220916748047,0.34764230251312256
V0800,release_a,"The narrative ends with Release A, representing standard patient release.",6.0,release_c,4.0,0.13159389793872833,0.34443461894989014
V0801,release_a,The narrative culminates in standard patient release (Release A) after routine admission.,6.0,release_c,4.0,0.1139361783862114,0.3362849950790405
V0802,release_d,"The narrative culminates in Release D, reflecting alternative disposition processing.",7.0,release_a,2.0,0.024389848113059998,0.33333656191825867
V0803,release_b,"The narrative ends with Release B, representing alternative release processing.",8.0,release_a,6.0,0.10299691557884216,0.3430957794189453
V0804,,"The narrative results in a return to the ER after a release, which does not fit standard successful discharge categories.",,release_a,2.0,,0.0007471114513464272
V0805,release_a,"The narrative concludes with Release A, representing standard patient release.",31.0,release_d,14.0,0.13591717183589935,0.34573987126350403
V0806,,The narrative ends with a return to the ER following Release A.,,release_a,3.0,,8.696131408214569e-05
V0807,release_a,"The narrative concludes with Release A, representing standard patient release.",6.0,release_b,2.0,0.19536596536636353,0.3457289934158325
V0808,,The narrative results in a return to the ER.,,release_a,2.0,,2.477323323546443e-05
V0809,release_a,"The narrative concludes with Release A, representing standard patient release.",8.0,release_b,6.0,0.12171107530593872,0.33401188254356384
V0810,release_a,"The narrative concludes with Release A, representing standard patient release.",4.0,release_d,4.0,0.12185809761285782,0.33656227588653564
V0811,release_a,"The narrative concludes with Release A, representing standard patient release.",7.0,release_d,5.0,0.11851637810468674,0.3345414698123932
V0812,,The narrative results in a return to the ER.,,release_a,1.0,,0.013832646422088146
V0813,release_a,"The narrative concludes with Release A, representing standard patient release.",13.0,release_b,9.0,0.018604185432195663,0.33389756083488464
V0814,release_a,"The narrative concludes with Release A, representing standard patient release.",5.0,release_c,4.0,0.012548855505883694,0.33495473861694336
V0815,,The narrative results in a return to the ER.,,release_a,4.0,,9.928982035489753e-05
V0816,,The narrative terminates at IV Antibiotics without reaching a discharge or release state.,,release_b,4.0,,0.35495245456695557
V0817,release_c,"The narrative concludes with Release C, representing complex or extended patient release.",11.0,release_a,6.0,0.4634896218776703,0.0001831106055760756
V0818,release_a,"The narrative concludes with Release A, representing standard patient release.",14.0,release_d,6.0,0.01550549641251564,0.33335208892822266
V0819,release_a,"The narrative concludes with Release A, representing standard patient release.",5.0,release_b,6.0,0.11248224973678589,0.33348116278648376
V0820,,The narrative terminates at LacticAcid without reaching a release outcome.,,release_a,2.0,,0.3692260980606079
V0821,,The narrative results in a return to the ER.,,release_a,4.0,,0.0005316729075275362
V0822,,The narrative results in a return to the ER.,,release_a,23.0,,0.0005752397119067609
V0823,,The narrative results in a return to the ER.,,release_a,1.0,,0.006757034454494715
V0824,release_a,"The narrative concludes with Release A, representing standard patient release.",5.0,release_b,4.0,0.004118672106415033,0.335931658744812
V0825,,The narrative results in a return to the ER.,,release_a,1.0,,0.001801188918761909
V0826,,The narrative ends with Admission NC and does not feature a final release activity corresponding to any of the release categories.,,release_b,2.0,,0.3444690704345703
V0827,release_a,"The narrative ends with Release A, representing standard patient release.",7.0,release_d,5.0,0.37407562136650085,0.004644878674298525
V0828,release_a,"The narrative includes Release A as the discharge mechanism, representing standard patient release.",9.0,release_b,7.0,0.6807063221931458,0.23171526193618774
V0829,release_a,"The narrative terminates with Release A, denoting standard patient release.",4.0,release_c,4.0,0.11447253823280334,0.3357486426830292
V0830,release_a,"The narrative concludes with Release A, indicating standard patient release.",9.0,release_d,7.0,0.11311819404363632,0.33656051754951477
V0831,release_d,"The narrative terminates with Release D, representing alternate disposition processing.",8.0,release_c,5.0,0.13306941092014313,0.333497554063797
V0832,,The narrative ends at IV Antibiotics and does not reach a discharge or release phase.,,release_a,2.0,,0.3642427921295166
V0833,release_a,"The narrative concludes with Release A, representing standard patient release.",11.0,release_c,7.0,0.12041723728179932,0.33530569076538086
V0834,release_a,"The narrative contains Release A followed by Return ER, realizing standard patient release.",15.0,release_b,12.0,0.5163093209266663,0.012457691133022308
V0835,release_a,"The narrative concludes with Release A, representing standard patient release.",2.0,release_c,2.0,0.021976158022880554,0.3369835317134857
V0836,release_a,"The narrative finishes with Release A, representing standard patient release.",8.0,release_b,8.0,0.11624428629875183,0.3339768648147583
V0837,release_a,"The narrative ends with Release A, representing standard patient release.",5.0,release_b,6.0,0.007584336679428816,0.333482950925827
V0838,release_a,"The narrative terminates with Release A, representing standard patient release.",7.0,release_b,3.0,0.3692692518234253,0.334408164024353
V0839,release_a,"The narrative concludes with Release A, representing standard patient release.",6.0,release_d,5.0,0.019612949341535568,0.33516252040863037
V0840,release_b,"The narrative ends with Release B, representing alternative release processing.",55.0,release_a,22.0,0.2657969295978546,0.37749969959259033
V0841,release_a,"The narrative concludes with Release A, representing standard patient release.",6.0,release_d,2.0,0.06168681010603905,0.34730687737464905
V0842,release_a,"The narrative contains Release A before an ER return, representing standard patient release.",7.0,release_b,5.0,0.3551046848297119,0.01432603970170021
V0843,,The narrative terminates at IV Liquid and lacks any release or discharge activity.,,release_b,1.0,,0.33354461193084717
V0844,release_a,"The narrative ends with Release A, representing standard patient release.",14.0,release_b,10.0,0.1721712201833725,0.3886915147304535
V0845,release_a,"The narrative concludes with Release A, representing standard patient release.",18.0,release_b,12.0,0.12266208976507187,0.33418187499046326
V0846,release_a,"The narrative terminates with Release A, representing standard patient release.",4.0,release_c,3.0,0.1264486163854599,0.3392893373966217
