variant_id,category_id,rationale,structural_distance_to_category_medoid,nearest_other_category_id,nearest_other_category_structural_distance,profile_distance_to_category_medoid,nearest_other_category_profile_distance
V0001,rapid_assessment_triage,"Short encounter consisting only of registration, triage, and basic checks within minutes, resulting in quick completion without admission.",3.0,inpatient_admission_recovery,2.0,0.3814399242401123,0.3428671360015869
V0002,rapid_assessment_triage,"Fast-tracked encounter with registration, triage, and basic diagnostics (Leucocytes, CRP) completed quickly without admission or intensive treatment.",1.0,inpatient_admission_recovery,2.0,0.3686445653438568,0.002573289442807436
V0003,rapid_assessment_triage,"Short diagnostic evaluation including triage and labs, completed within minutes without admission or intensive intervention.",1.0,acute_emergency_treatment,1.0,0.3755609691143036,0.3369881808757782
V0004,acute_emergency_treatment,Involves triage and lab work followed by immediate acute stabilization with IV fluids and IV antibiotics in the emergency setting.,2.0,rapid_assessment_triage,1.0,0.03936171159148216,0.000607567373663187
V0005,rapid_assessment_triage,"Quick emergency encounter with triage and basic blood work, concluding in a short timeframe without admission.",1.0,acute_emergency_treatment,2.0,0.36994433403015137,0.334606796503067
V0006,acute_emergency_treatment,Patient path features emergency stabilization via IV fluids and IV antibiotics following triage and diagnostic lab work.,0.0,rapid_assessment_triage,1.0,0.01690577156841755,0.0014914828352630138
V0007,acute_emergency_treatment,Involves acute medical management in the emergency setting with lab work followed by IV fluids and IV antibiotics.,2.0,inpatient_admission_recovery,1.0,0.00986392144113779,0.000749628699850291
V0008,inpatient_admission_recovery,"Encounters requiring formal hospital admission (NC) following initial emergency stabilization and diagnostics, culminating in a discharge.",4.0,chronic_rework_readmission,1.0,0.34636595845222473,0.0017786488169804215
V0009,acute_emergency_treatment,Path involves triage and diagnostics followed by acute emergency stabilization using IV liquids and IV antibiotics.,2.0,rapid_assessment_triage,1.0,0.027992507442831993,0.004101776983588934
V0010,rapid_assessment_triage,Short diagnostic evaluation and triage completed within an hour without formal admission or acute intervention.,3.0,inpatient_admission_recovery,2.0,0.3355148136615753,0.33742550015449524
V0011,acute_emergency_treatment,Emergency setting encounter featuring diagnostics followed by immediate stabilization with IV liquid and IV antibiotics.,2.0,rapid_assessment_triage,1.0,0.013013869524002075,0.0024003193248063326
V0012,acute_emergency_treatment,"Short acute encounter involving triage, labs, and immediate stabilization via IV fluids and IV antibiotics.",3.0,rapid_assessment_triage,1.0,0.07334408164024353,0.0062239631079137325
V0013,rapid_assessment_triage,Brief patient encounter consisting of triage and blood work diagnostics without admission or intensive care.,2.0,acute_emergency_treatment,2.0,0.3593412935733795,0.3341836631298065
V0014,inpatient_admission_recovery,"Formal hospital admission (NC) following initial emergency triage and diagnostics, ending in a successful release.",5.0,rapid_assessment_triage,2.0,0.3422210216522217,0.0023663118481636047
V0015,chronic_rework_readmission,"Features extensive repetition of diagnostic tests (CRP, Leucocytes) and ward admission with subsequent lab rework.",7.0,inpatient_admission_recovery,1.0,0.5242221355438232,0.001538728945888579
V0016,chronic_rework_readmission,Complex prolonged variant exhibiting repeated diagnostic testing for CRP and Leucocytes during admission and recovery.,5.0,inpatient_admission_recovery,1.0,0.5117879509925842,0.00010385151108494028
V0017,rapid_assessment_triage,Short diagnostic evaluation and triage completed within minutes without hospital admission or intensive intervention.,2.0,inpatient_admission_recovery,3.0,0.35945096611976624,0.33429333567619324
V0018,inpatient_admission_recovery,"Requires formal hospital admission (NC) following emergency stabilization and diagnostics, ending in a standard release.",4.0,acute_emergency_treatment,1.0,0.3413277864456177,0.003259520046412945
V0019,acute_emergency_treatment,Emergency pathway involving diagnostics and subsequent acute stabilization via IV fluids and IV antibiotics.,4.0,rapid_assessment_triage,2.0,0.028497634455561638,0.003596652066335082
V0020,acute_emergency_treatment,"Emergency treatment involving triage, labs, and immediate IV fluid and antibiotic administration.",5.0,rapid_assessment_triage,2.0,0.4059891402721405,0.002573289442807436
V0021,chronic_rework_readmission,"Highly prolonged variant featuring extensive repetition of diagnostic tests (CRP, Leucocytes), ward admission, and returning to the emergency room.",6.0,inpatient_admission_recovery,2.0,0.11554303765296936,0.01972074806690216
V0022,inpatient_admission_recovery,"Encounters requiring formal hospital admission (NC) following emergency stabilization and diagnostics, culminating in discharge.",5.0,acute_emergency_treatment,1.0,0.34078601002693176,0.0038013113662600517
V0023,chronic_rework_readmission,"Complex prolonged variant featuring repetition of diagnostic tests (CRP, Leucocytes), ward admission, and a final return to the emergency room.",7.0,inpatient_admission_recovery,1.0,0.1112910807132721,0.024332650005817413
V0024,inpatient_admission_recovery,"Involves initial emergency triage, stabilization, and diagnostics followed by a formal hospital admission (NC).",6.0,rapid_assessment_triage,1.0,0.7785945534706116,0.006206849589943886
V0025,acute_emergency_treatment,Emergency room setting encounter with diagnostic labs and acute stabilization through IV fluids and IV antibiotics.,2.0,rapid_assessment_triage,2.0,0.015492026694118977,7.773804099997506e-05
V0026,chronic_rework_readmission,"Involves admission, repeated CRP tests, and a return to the emergency room.",5.0,inpatient_admission_recovery,2.0,0.24638152122497559,0.16667330265045166
V0027,acute_emergency_treatment,Includes immediate stabilization via IV fluids and IV antibiotics following labs and triage.,2.0,rapid_assessment_triage,2.0,0.01066573802381754,5.2188017434673384e-05
V0028,chronic_rework_readmission,"Features hospital admission, repeated diagnostic tests (CRP and Leucocytes), and a return ER visit.",6.0,inpatient_admission_recovery,1.0,0.13855575025081635,0.05159732699394226
V0029,rapid_assessment_triage,"Short encounter consisting of initial registration, triage, and basic diagnostics without admission.",3.0,acute_emergency_treatment,2.0,0.3619830310344696,0.3368253707885742
V0030,inpatient_admission_recovery,"Involves formal hospital admission following emergency diagnostics and stabilization, ending in release.",4.0,chronic_rework_readmission,2.0,0.009029990062117577,0.0012604283401742578
V0031,rapid_assessment_triage,Fast encounter with triage and diagnostics resulting in quick completion without admission.,3.0,acute_emergency_treatment,2.0,0.3463726043701172,0.33432844281196594
V0032,chronic_rework_readmission,"Shows extensive repetition of diagnostics, ward admission, and a return to the ER.",5.0,inpatient_admission_recovery,2.0,0.13519279658794403,7.097923662513494e-05
V0033,chronic_rework_readmission,"Involves hospital admission, repeated CRP, and a prolonged timeframe ending in return to the ER.",7.0,inpatient_admission_recovery,2.0,0.2666463553905487,0.23524348437786102
V0034,acute_emergency_treatment,Focuses on acute emergency management with IV antibiotics and IV liquid following triage and labs.,2.0,rapid_assessment_triage,1.0,0.36383357644081116,0.014998753555119038
V0035,inpatient_admission_recovery,"Requires hospital admission following emergency treatment and diagnostics, ending in a successful release.",4.0,chronic_rework_readmission,2.0,0.013022835366427898,0.010391617193818092
V0036,rapid_assessment_triage,Brief triage and diagnostic workup sequence completed quickly without admission.,4.0,acute_emergency_treatment,2.0,0.37652552127838135,0.005307679995894432
V0037,inpatient_admission_recovery,"Follows emergency triage and labs with a formal admission to NC, culminating in release.",4.0,rapid_assessment_triage,2.0,0.683293342590332,0.33376121520996094
V0038,acute_emergency_treatment,Standard acute emergency pathway ending with IV antibiotics administration.,2.0,rapid_assessment_triage,2.0,0.012033007107675076,0.001419456209987402
V0039,chronic_rework_readmission,"Contains repeated admission steps, extensive test rework, and a prolonged multi-day timeline.",7.0,inpatient_admission_recovery,2.0,0.381043940782547,0.0005369993159547448
V0040,inpatient_admission_recovery,Proceeds from emergency triage and stabilization to a formal admission.,5.0,acute_emergency_treatment,1.0,0.7650048732757568,0.0018286644481122494
V0041,inpatient_admission_recovery,Involves emergency care followed by hospital admission and ultimate release.,2.0,chronic_rework_readmission,1.0,0.12282637506723404,0.0025896632578223944
V0042,inpatient_admission_recovery,"Includes initial emergency stabilization, hospital admission, and final release.",5.0,chronic_rework_readmission,1.0,0.010341139510273933,0.0025715776719152927
V0043,rapid_assessment_triage,Short diagnostic evaluation following triage without hospital admission.,2.0,acute_emergency_treatment,1.0,0.35877373814582825,0.33361610770225525
V0044,inpatient_admission_recovery,Follows emergency diagnostics with inpatient admission and eventual release.,3.0,acute_emergency_treatment,1.0,0.013421688228845596,0.005652125924825668
V0045,chronic_rework_readmission,Features an extended overall duration resulting in a return to the emergency room.,9.0,inpatient_admission_recovery,2.0,0.3370490074157715,0.005749322474002838
V0046,inpatient_admission_recovery,"Includes emergency stabilization, admission, recovery, and final release.",4.0,chronic_rework_readmission,1.0,0.005227604415267706,0.004102958831936121
V0047,inpatient_admission_recovery,Proceeds from emergency care and IV treatment to admission and release.,5.0,acute_emergency_treatment,1.0,0.36155280470848083,0.00495850620791316
V0048,inpatient_admission_recovery,"Involves inpatient admission following emergency care, culminating in a successful discharge.",3.0,chronic_rework_readmission,2.0,0.002580020111054182,0.0014553748769685626
V0049,chronic_rework_readmission,"Extremely prolonged duration spanning months, featuring test repetitions and a return to the ER.",6.0,inpatient_admission_recovery,3.0,0.1626460999250412,0.07568766921758652
V0050,rapid_assessment_triage,"Brief encounter consisting strictly of registration, triage, and basic lab work.",2.0,acute_emergency_treatment,1.0,0.3626541197299957,0.008563732728362083
V0051,inpatient_admission_recovery,"Involves formal hospital admission (Admission NC) following diagnostics and stabilization, culminating in discharge (Release A), representing inpatient recovery.",4.0,chronic_rework_readmission,3.0,0.1114896833896637,0.003990439232438803
V0052,chronic_rework_readmission,"Features readmission to the emergency room (Return ER) after an initial admission and release, aligning with chronic readmission patterns.",4.0,inpatient_admission_recovery,2.0,0.13971081376075745,0.05275238677859306
V0053,inpatient_admission_recovery,"Proceeds from ER triage directly to hospital admission and subsequent release, matching standard inpatient admission and recovery.",6.0,rapid_assessment_triage,2.0,0.3644559681415558,0.0020553255453705788
V0054,chronic_rework_readmission,"Exhibits diagnostic rework and culminates in a return to the emergency room (Return ER), characteristic of chronic rework and readmission.",6.0,inpatient_admission_recovery,2.0,0.11215874552726746,0.025200320407748222
V0055,chronic_rework_readmission,"Includes repeated ward admissions, extensive diagnostic rework, and ends with a return to the emergency room.",4.0,inpatient_admission_recovery,1.0,0.012785417027771473,0.03695451095700264
V0056,acute_emergency_treatment,"Consists of acute medical management in the emergency setting with diagnostics and IV antibiotics, ending without admission.",2.0,rapid_assessment_triage,1.0,0.04319053888320923,0.000871086202096194
V0057,inpatient_admission_recovery,Follows emergency stabilization with an inpatient admission (Admission NC) and subsequent release.,3.0,acute_emergency_treatment,2.0,0.3621246814727783,0.0043866271153092384
V0058,inpatient_admission_recovery,Represents a straightforward emergency visit leading to ward admission and release.,5.0,chronic_rework_readmission,1.0,0.3568793833255768,0.0014509224565699697
V0059,inpatient_admission_recovery,"Involves initial emergency care, inpatient admission, and eventual release despite some localized test repetitions.",3.0,chronic_rework_readmission,1.0,0.017844071611762047,0.0022903818171471357
V0060,chronic_rework_readmission,Features a prolonged multi-month span ending in a return to the emergency room (Return ER).,7.0,inpatient_admission_recovery,1.0,0.14922861754894257,0.062270183116197586
V0061,inpatient_admission_recovery,"Includes inpatient admission following emergency diagnostics, ending in a successful release.",5.0,chronic_rework_readmission,3.0,0.01119870226830244,0.010074055753648281
V0062,acute_emergency_treatment,"Short acute emergency encounter involving lab work, IV fluids, and IV antibiotics without hospital admission.",2.0,rapid_assessment_triage,1.0,0.01952880434691906,0.004114513751119375
V0063,chronic_rework_readmission,"Highly prolonged variant with extensive repetition of diagnostic tests (CRP, Leucocytes) spanning multiple days before release.",11.0,inpatient_admission_recovery,8.0,0.480673223733902,0.0003595386224333197
V0064,inpatient_admission_recovery,"Involves emergency triage, diagnostics, admission, and final release.",5.0,chronic_rework_readmission,3.0,0.16839277744293213,0.001368804252706468
V0065,inpatient_admission_recovery,Features hospital admission following stabilization and concludes with a successful release.,4.0,chronic_rework_readmission,2.0,0.11451262980699539,0.00021033901430200785
V0066,inpatient_admission_recovery,Proceeds from emergency stabilization and diagnostics to inpatient admission and recovery.,3.0,acute_emergency_treatment,3.0,0.3649156391620636,0.0015956555726006627
V0067,inpatient_admission_recovery,"Involves standard emergency treatment, inpatient admission, and subsequent release.",4.0,rapid_assessment_triage,2.0,0.00900611188262701,0.007881467230618
V0068,inpatient_admission_recovery,"Includes intensive and normal care admissions (Admission IC, Admission NC) following stabilization, ending in release.",6.0,chronic_rework_readmission,4.0,0.4465469419956207,0.00939370971173048
V0069,inpatient_admission_recovery,"Follows emergency treatment and diagnostics with a ward admission, ending in recovery and release.",2.0,acute_emergency_treatment,2.0,0.010456454940140247,0.009331809356808662
V0070,inpatient_admission_recovery,Represents acute stabilization leading to inpatient admission and final release.,4.0,chronic_rework_readmission,2.0,0.1747923493385315,0.008482994511723518
V0071,chronic_rework_readmission,"Features repeated admissions, multiple diagnostic iterations, and a long-term return to the ER.",7.0,inpatient_admission_recovery,3.0,0.0289208572357893,0.05308994650840759
V0072,chronic_rework_readmission,Demonstrates extensive diagnostic rework (repeated Leucocytes and CRP) and ends with an emergency room return.,2.0,inpatient_admission_recovery,2.0,0.1472436785697937,0.00031539765768684447
V0073,inpatient_admission_recovery,"Involves emergency care, inpatient admission, and subsequent recovery resulting in release.",5.0,chronic_rework_readmission,3.0,0.0010331947123631835,9.145052899839357e-05
V0074,chronic_rework_readmission,Includes an initial emergency admission and release followed by a return to the emergency room.,9.0,acute_emergency_treatment,1.0,0.3883794844150543,0.0014986841706559062
V0075,chronic_rework_readmission,"Complex, highly prolonged variant spanning over 200 days with extensive test repetitions, multiple ward admissions, and a final return to the ER.",4.0,inpatient_admission_recovery,4.0,0.13321150839328766,0.06324306130409241
V0076,inpatient_admission_recovery,"Involves ER registration and triage, stabilization with IV fluids and antibiotics, diagnostic workup, hospital admission NC, and a successful discharge (Release B).",6.0,rapid_assessment_triage,2.0,0.6898366808891296,0.334408164024353
V0077,chronic_rework_readmission,"Shows heavy repetition of Leucocytes testing following admission NC, indicating chronic rework during the hospital stay.",8.0,inpatient_admission_recovery,3.0,0.6424530148506165,0.02898959070444107
V0078,chronic_rework_readmission,"Prolonged path with extensive rework of diagnostic tests (CRP, LacticAcid, Leucocytes) and culminating in a return to the emergency room after 77 days.",9.0,inpatient_admission_recovery,5.0,0.1880841851234436,0.11811574548482895
V0079,inpatient_admission_recovery,"Features standard emergency diagnostics and stabilization, formal inpatient admission (NC), and final release.",4.0,acute_emergency_treatment,1.0,0.17482890188694,0.008519552648067474
V0080,chronic_rework_readmission,"Extremely long duration (217 days) with repeated diagnostic tests, ward stay, and subsequent readmission/return to ER.",8.0,inpatient_admission_recovery,4.0,0.2160482555627823,0.14607982337474823
V0081,rapid_assessment_triage,Short fast-tracked encounter ending at IV Liquid without admission or intensive intervention.,3.0,acute_emergency_treatment,2.0,0.3487175703048706,0.0806557834148407
V0082,inpatient_admission_recovery,"Standard patient path involving ICU and NC admissions following emergency evaluation, concluding with a release.",5.0,chronic_rework_readmission,3.0,0.3393220603466034,0.22272121906280518
V0083,chronic_rework_readmission,"Long duration path with repeated CRP and Leucocytes tests, culminating in a return to the emergency room.",6.0,inpatient_admission_recovery,3.0,0.13360477983951569,0.0466463603079319
V0084,inpatient_admission_recovery,"Includes emergency stabilization, diagnostics, admission NC, and final release C.",4.0,acute_emergency_treatment,3.0,0.3370281457901001,0.025632724165916443
V0085,chronic_rework_readmission,"Highly prolonged variant spanning over 160 days with repeated admission NC events and multiple diagnostic repeats, ending in return to ER.",3.0,inpatient_admission_recovery,2.0,0.04142731428146362,0.06559640914201736
V0086,inpatient_admission_recovery,"Follows stabilization and diagnostics with hospital admission (NC), followed by recovery and release A.",6.0,chronic_rework_readmission,1.0,0.005631416570395231,0.002068821107968688
V0087,chronic_rework_readmission,Exhibits repeated admission NC events and multiple repetitions of CRP and Leucocytes tests.,8.0,inpatient_admission_recovery,3.0,0.3879378139972687,0.0004395149589981884
V0088,rapid_assessment_triage,Short diagnostic and triage sequence concluding quickly at IV Antibiotics without formal admission.,3.0,acute_emergency_treatment,2.0,0.03234883025288582,0.005613516550511122
V0089,chronic_rework_readmission,"Long duration (71 days) with duplicated admission NC and repeated laboratory tests, ending in a return to ER.",10.0,inpatient_admission_recovery,5.0,0.10022052377462387,0.030252082273364067
V0090,chronic_rework_readmission,Features repeated CRP and Leucocytes evaluations during and after inpatient admission.,8.0,inpatient_admission_recovery,2.0,0.5029630661010742,9.145052899839357e-05
V0091,chronic_rework_readmission,Complex and prolonged case with extensive repetition of Leucocytes and CRP tests along with repeated admissions.,12.0,inpatient_admission_recovery,10.0,0.44967302680015564,0.014636528678238392
V0092,rapid_assessment_triage,Short diagnostic sequence ending at LacticAcid without admission or progression.,6.0,inpatient_admission_recovery,2.0,0.7330986857414246,0.003960905596613884
V0093,inpatient_admission_recovery,Emergency treatment and diagnostics followed by hospital admission and ultimate discharge (Release D).,6.0,chronic_rework_readmission,2.0,0.34143245220184326,0.006953094154596329
V0094,chronic_rework_readmission,Prolonged encounter spanning 84 days with repeated lab testing and subsequent return to ER.,5.0,inpatient_admission_recovery,1.0,0.13307896256446838,0.046120535582304
V0095,inpatient_admission_recovery,Standard patient pathway from ER triage and diagnostics to inpatient admission and eventual release.,4.0,chronic_rework_readmission,3.0,0.015618017874658108,0.00451643718406558
V0096,acute_emergency_treatment,"Characterized by immediate stabilization, IV fluids, IV antibiotics, and subsequent admission after emergency lab work.",5.0,inpatient_admission_recovery,1.0,0.7579739093780518,0.005738748703151941
V0097,chronic_rework_readmission,Includes repeated admission NC events and multiple diagnostic rework actions.,7.0,inpatient_admission_recovery,1.0,0.38936474919319153,1.1487459232739639e-05
V0098,chronic_rework_readmission,Involves repeated admission NC activities and a relatively quick return to the emergency room.,10.0,inpatient_admission_recovery,2.0,0.254202276468277,0.00012047109339619055
V0099,chronic_rework_readmission,Shows recurring admission NC events and multiple repeated diagnostic tests.,6.0,inpatient_admission_recovery,1.0,0.3837829530239105,0.00012571847764775157
V0100,inpatient_admission_recovery,Typical emergency admission flow leading to recovery and release after hospital care.,3.0,chronic_rework_readmission,1.0,0.0,8.47243718453683e-05
V0101,chronic_rework_readmission,"This narrative involves hospital admission, repeated diagnostic testing (CRP, Leucocytes), and concludes with a return to the emergency room after a prolonged period, matching the chronic rework and readmission pattern.",9.0,inpatient_admission_recovery,2.0,0.16402257978916168,0.077064149081707
V0102,inpatient_admission_recovery,"The patient goes through emergency stabilization, formal inpatient admission (Admission NC), further recovery and repeat diagnostics, and is eventually successfully discharged (Release A).",6.0,chronic_rework_readmission,2.0,0.11168987303972244,0.0041906386613845825
V0103,inpatient_admission_recovery,"The pathway shows initial ER triage and diagnostics, followed by inpatient admission, recovery with some internal monitoring, and successful release.",7.0,chronic_rework_readmission,4.0,0.12173590809106827,0.0036801258102059364
V0104,chronic_rework_readmission,"Features formal admission following acute treatment, a short recovery release, but ultimately ends in a return to the emergency room after several days.",9.0,inpatient_admission_recovery,1.0,0.3709336221218109,0.028135254979133606
V0105,inpatient_admission_recovery,"Involves admission after acute treatment, extended ward stay with repeated monitoring and testing, culminating in a successful discharge (Release B).",12.0,chronic_rework_readmission,6.0,0.4640676975250244,0.005496002733707428
V0106,inpatient_admission_recovery,"Includes acute management and admission to the ward, followed by ward monitoring and diagnostics over several days before final release.",11.0,chronic_rework_readmission,5.0,0.1830316185951233,0.002993103116750717
V0107,inpatient_admission_recovery,Follows emergency triage and IV management with formal admission and subsequent recovery/discharge.,8.0,chronic_rework_readmission,3.0,0.013840786181390285,0.009573666378855705
V0108,chronic_rework_readmission,"After admission, treatment, and release, the case features a return to the emergency room, matching the readmission pattern.",3.0,inpatient_admission_recovery,3.0,0.1318489909172058,0.0034147901460528374
V0109,chronic_rework_readmission,"Features multiple admission steps and repeated diagnostic tests across a prolonged span, ending in an emergency room return.",7.0,inpatient_admission_recovery,3.0,0.13998743891716003,0.07157505303621292
V0110,chronic_rework_readmission,"Involves admission, release, and a very delayed return to the emergency room spanning a significant duration.",9.0,inpatient_admission_recovery,2.0,0.3749702274799347,0.03217189386487007
V0111,acute_emergency_treatment,"Consists of emergency triage, diagnostics, IV fluid and antibiotic treatment, immediately followed by an admission without extended rework or readmission loops.",3.0,inpatient_admission_recovery,1.0,0.34623900055885315,0.0003059449081774801
V0112,chronic_rework_readmission,"Shows ward readmission/repetition and diagnostic rework, culminating in a return to the emergency room.",5.0,inpatient_admission_recovery,2.0,0.020133836194872856,0.04430292919278145
V0113,inpatient_admission_recovery,Represents a straightforward emergency treatment followed by inpatient admission and successful discharge (Release B).,5.0,chronic_rework_readmission,2.0,0.7005972862243652,0.04457711800932884
V0114,inpatient_admission_recovery,"Involves standard emergency intervention, hospital admission, monitoring, and successful release.",6.0,chronic_rework_readmission,3.0,0.11755787581205368,4.095812619198114e-05
V0115,chronic_rework_readmission,"Shows extensive diagnostic testing repetition, delayed interventions after admission, and an eventual return to the ER.",5.0,inpatient_admission_recovery,3.0,0.16473746299743652,0.07777903228998184
V0116,chronic_rework_readmission,Includes hospital admission and diagnostics followed by a return to the emergency room after a prolonged interval.,6.0,inpatient_admission_recovery,2.0,0.12743794918060303,0.04047952964901924
V0117,chronic_rework_readmission,"Features repeated admission steps and diagnostics, ending in a return to the ER.",9.0,inpatient_admission_recovery,3.0,0.06933525949716568,0.02140643261373043
V0118,inpatient_admission_recovery,"Involves emergency care, formal admission, ward recovery with diagnostics, and final successful release.",7.0,chronic_rework_readmission,2.0,0.035481881350278854,7.481849479518132e-06
V0119,inpatient_admission_recovery,Represents an inpatient admission and recovery path resulting in a standard discharge.,5.0,acute_emergency_treatment,2.0,0.006101969163864851,0.004977323580533266
V0120,chronic_rework_readmission,"Features admission and subsequent recovery, but ends in a return to the emergency room.",10.0,inpatient_admission_recovery,4.0,0.23612429201602936,0.01309844758361578
V0121,chronic_rework_readmission,"Includes admission, repeated testing, and a final return to the emergency room.",6.0,inpatient_admission_recovery,3.0,0.13204430043697357,0.04508586227893829
V0122,inpatient_admission_recovery,"Follows standard emergency care and inpatient admission, ending in recovery and release.",3.0,chronic_rework_readmission,1.0,0.03562568128108978,0.00015128232189454138
V0123,chronic_rework_readmission,"Characterized by extensive repetition of diagnostic tests, repeated admission steps, and a return to the emergency room.",7.0,inpatient_admission_recovery,6.0,0.014126568101346493,0.0100425248965621
V0124,chronic_rework_readmission,"Involves hospital admission and subsequent diagnostics, concluding with a return to the emergency room.",5.0,inpatient_admission_recovery,2.0,0.15111702680587769,0.0003767184680327773
V0125,chronic_rework_readmission,"Highly complex, prolonged variant featuring extensive repetition of diagnostic tests, multiple admissions (NC and IC), and a final return to the emergency room.",9.0,inpatient_admission_recovery,6.0,0.2203296422958374,0.15036118030548096
V0126,inpatient_admission_recovery,"Follows initial emergency triage and stabilization with IV therapy and lab work, proceeds to formal hospital admission (NC), and ultimately ends in a release, fitting inpatient recovery despite a later return to ER.",6.0,chronic_rework_readmission,3.0,0.5725001096725464,0.0032373873982578516
V0127,acute_emergency_treatment,"Represents acute medical management within the emergency department consisting of triage, labs, and IV therapy without formal hospital admission.",4.0,inpatient_admission_recovery,2.0,0.679498016834259,0.2410515546798706
V0128,chronic_rework_readmission,"Prolonged encounter spanning months with extensive repetition of diagnostics (CRP, Leucocytes, LacticAcid) and ward admissions, ending in a return to the emergency room.",12.0,inpatient_admission_recovery,9.0,0.2074798345565796,0.13751138746738434
V0129,chronic_rework_readmission,"Long-duration case featuring extensive repeated diagnostic tests and ward admissions, concluding with a return to the emergency room.",18.0,inpatient_admission_recovery,14.0,0.0949806198477745,0.025012178346514702
V0130,inpatient_admission_recovery,"Involves admission to the ward following emergency treatment and diagnostics, culminating in a successful discharge.",4.0,chronic_rework_readmission,2.0,0.005313066765666008,0.002387170447036624
V0131,inpatient_admission_recovery,"Proceeds through emergency care to inpatient admission, resulting in release before a subsequent return to the ER.",6.0,chronic_rework_readmission,2.0,0.6877350211143494,0.006594869773834944
V0132,acute_emergency_treatment,"Consists of emergency triage, lab work, and IV antibiotic administration without admission.",4.0,rapid_assessment_triage,4.0,0.35542285442352295,0.3351621925830841
V0133,acute_emergency_treatment,"Short acute encounter involving initial evaluation, repeated lactic acid tests, and IV intervention within the emergency setting.",5.0,inpatient_admission_recovery,4.0,0.3397129476070404,0.3355536162853241
V0134,chronic_rework_readmission,"Highly prolonged pathway with intensive rework of diagnostic tests and multiple ward stays, ending in a return to the emergency room.",14.0,inpatient_admission_recovery,8.0,0.1192576214671135,0.049289170652627945
V0135,inpatient_admission_recovery,"Includes emergency stabilization, inpatient admission, and subsequent release.",3.0,chronic_rework_readmission,3.0,0.011624065227806568,0.0038545038551092148
V0136,chronic_rework_readmission,"Spans several months with heavy repetition of blood tests and repeated admissions, leading back to the ER.",16.0,inpatient_admission_recovery,11.0,0.041862353682518005,0.06603144854307175
V0137,acute_emergency_treatment,Fast-paced acute treatment in the emergency setting with diagnostics and IV administration without admission.,5.0,inpatient_admission_recovery,2.0,0.6815774440765381,0.016749927774071693
V0138,inpatient_admission_recovery,Follows emergency triage and IV therapy with an admission and subsequent release.,5.0,chronic_rework_readmission,3.0,0.337720662355423,0.024940207600593567
V0139,inpatient_admission_recovery,"Involves emergency care, intensive/ward admissions, and eventual discharge.",23.0,chronic_rework_readmission,10.0,0.17336857318878174,0.0016343308379873633
V0140,chronic_rework_readmission,Extremely long-duration case characterized by repeated diagnostic tests and ward admissions before an ER return.,8.0,inpatient_admission_recovery,4.0,0.04961998760700226,0.073789082467556
V0141,chronic_rework_readmission,"Prolonged pathway featuring diagnostic rework and ward admission, ending in a return to the emergency room.",8.0,inpatient_admission_recovery,7.0,0.19924955070018768,0.12928110361099243
V0142,inpatient_admission_recovery,Proceeds from emergency stabilization and diagnostics to inpatient admission and eventual release.,4.0,chronic_rework_readmission,2.0,0.010644405148923397,0.009519758634269238
V0143,inpatient_admission_recovery,"Involves admission to the ward following emergency care, ending in release before an ER return.",7.0,chronic_rework_readmission,2.0,0.3625046908855438,0.0004744593461509794
V0144,inpatient_admission_recovery,Features emergency treatment followed by ward admission and ultimate release.,7.0,chronic_rework_readmission,3.0,0.11471148580312729,1.1487459232739639e-05
V0145,chronic_rework_readmission,"Extremely prolonged encounter spanning over a month with massive repetition of lab tests (CRP, Leucocytes, LacticAcid) and ward care.",106.0,inpatient_admission_recovery,47.0,0.5027632713317871,0.043886978179216385
V0146,rapid_assessment_triage,"Very short encounter completed within two hours consisting of initial registration, triage, and basic diagnostics without admission.",5.0,acute_emergency_treatment,2.0,0.6781722903251648,0.22777320444583893
V0147,inpatient_admission_recovery,Follows emergency management and diagnostics with formal admission and subsequent discharge.,5.0,chronic_rework_readmission,3.0,0.4445796012878418,0.0074263704009354115
V0148,rapid_assessment_triage,"Short, fast-tracked patient encounter consisting strictly of initial registration, triage, and basic diagnostics and IV intervention without admission, lasting only a few hours.",2.0,acute_emergency_treatment,1.0,0.02921864204108715,0.004311275202780962
V0149,inpatient_admission_recovery,"Involves emergency stabilization, inpatient admission, and recovery leading to a release.",7.0,chronic_rework_readmission,4.0,0.0010145459091290832,0.00011009930312866345
V0150,inpatient_admission_recovery,"Includes emergency care, multiple ward admissions/transfers, and eventual discharge.",7.0,chronic_rework_readmission,6.0,0.4643799364566803,0.005183736328035593
V0151,chronic_rework_readmission,"Extensive repetition of CRP, Leucocytes, and LacticAcid alongside ward readmissions and return to the emergency room.",17.0,inpatient_admission_recovery,11.0,0.09249300509691238,0.02252456359565258
V0152,inpatient_admission_recovery,"Involves formal hospital admission following emergency stabilization and diagnostics, resulting in a release.",7.0,rapid_assessment_triage,3.0,0.35332366824150085,0.22394537925720215
V0153,inpatient_admission_recovery,"Includes hospital admission following stabilization and diagnostics, culminating in a successful discharge.",5.0,rapid_assessment_triage,3.0,0.333685964345932,0.011606592684984207
V0154,chronic_rework_readmission,"Complex prolonged variant with repeated diagnostic tests, ward readmissions, and a return to the emergency room.",5.0,inpatient_admission_recovery,3.0,0.11882603168487549,0.04885758459568024
V0155,chronic_rework_readmission,"Features recurring admissions, repeated labs, and a return to the emergency room over an extended duration.",5.0,inpatient_admission_recovery,3.0,0.05367874726653099,0.07784783840179443
V0156,inpatient_admission_recovery,"Involves emergency stabilization, inpatient admission, and subsequent release.",4.0,chronic_rework_readmission,1.0,0.3523913323879242,0.2223062515258789
V0157,chronic_rework_readmission,Displays extensive repeated lab work and a return to the emergency room.,6.0,inpatient_admission_recovery,4.0,0.12222811579704285,0.013035665266215801
V0158,inpatient_admission_recovery,"Follows a standard path of emergency stabilization, inpatient admission, and final release.",5.0,chronic_rework_readmission,3.0,0.1208469495177269,0.0005421796231530607
V0159,inpatient_admission_recovery,Features initial stabilization and inpatient admission leading to release.,8.0,chronic_rework_readmission,3.0,0.12118742614984512,0.0008826654520817101
V0160,chronic_rework_readmission,Involves repeated diagnostic checks and an eventual return to the emergency room.,5.0,inpatient_admission_recovery,2.0,0.024495422840118408,0.00032633054070174694
V0161,chronic_rework_readmission,Highly prolonged path with multiple repeated diagnostics and a return to the emergency room.,6.0,inpatient_admission_recovery,3.0,0.061968665570020676,0.08613776415586472
V0162,inpatient_admission_recovery,"Inpatient admission following emergency care, leading to release.",4.0,acute_emergency_treatment,1.0,0.3451188802719116,0.04479476809501648
V0163,chronic_rework_readmission,Prolonged encounter featuring repeated lab work and a return to the emergency room.,6.0,inpatient_admission_recovery,2.0,0.1419595628976822,0.055001139640808105
V0164,chronic_rework_readmission,Extensive repetition of diagnostic testing and a return to the emergency room.,7.0,inpatient_admission_recovery,6.0,0.1865331083536148,0.11656468361616135
V0165,inpatient_admission_recovery,Standard emergency treatment and inpatient admission resulting in release.,4.0,acute_emergency_treatment,1.0,0.3353312313556671,0.009256060235202312
V0166,inpatient_admission_recovery,"Inpatient admission following emergency triage and diagnostics, ending in release.",9.0,chronic_rework_readmission,4.0,0.11915380507707596,0.00020665327610913664
V0167,inpatient_admission_recovery,"Emergency treatment and admission to intensive care, culminating in release.",10.0,chronic_rework_readmission,6.0,0.11957449465990067,0.008135616779327393
V0168,chronic_rework_readmission,Prolonged duration with repeated diagnostic tests and a return to the emergency room.,10.0,inpatient_admission_recovery,7.0,0.2076374739408493,0.13766902685165405
V0169,inpatient_admission_recovery,Emergency stabilization followed by inpatient admission and release.,3.0,chronic_rework_readmission,1.0,0.11748314648866653,0.00011567438923520967
V0170,inpatient_admission_recovery,"Inpatient admission after emergency triage and diagnostics, ending in release.",7.0,chronic_rework_readmission,4.0,0.35389113426208496,0.012451402842998505
V0171,chronic_rework_readmission,Repeated lab tests and a subsequent return to the emergency room.,6.0,inpatient_admission_recovery,4.0,0.14206360280513763,0.0004805695207323879
V0172,chronic_rework_readmission,Prolonged encounter with extensive repetitions of diagnostics and a return to the emergency room.,14.0,inpatient_admission_recovery,8.0,0.1253635436296463,0.009900233708322048
V0173,inpatient_admission_recovery,"Initial diagnostics, emergency triage, inpatient admission, and release.",7.0,chronic_rework_readmission,5.0,0.007443120703101158,0.0002571165969129652
V0174,chronic_rework_readmission,"Extremely prolonged variant characterized by heavy repetition of CRP, Leucocytes, and LacticAcid alongside a return to the emergency room.",42.0,inpatient_admission_recovery,28.0,0.17045699059963226,0.10048853605985641
V0175,inpatient_admission_recovery,Emergency care with inpatient admission and final release.,2.0,chronic_rework_readmission,2.0,0.11450892686843872,0.00021403661230579019
V0176,inpatient_admission_recovery,"Involves formal hospital admission following emergency stabilization, diagnostics, and lab work, eventually leading to release.",8.0,chronic_rework_readmission,4.0,0.004622256848961115,0.0034976117312908173
V0177,inpatient_admission_recovery,Follows emergency management with formal hospital admission and subsequent recovery leading to release.,6.0,chronic_rework_readmission,3.0,0.11342253535985947,0.004176292102783918
V0178,chronic_rework_readmission,"Features extensive repetition of diagnostic tests (CRP, Leucocytes) and prolonged stays over multiple weeks, typical of chronic rework.",15.0,inpatient_admission_recovery,8.0,0.35504505038261414,0.004864672664552927
V0179,chronic_rework_readmission,Involves prolonged duration with rework and ultimately results in a return to the emergency room.,5.0,inpatient_admission_recovery,3.0,0.037860240787267685,0.06202933192253113
V0180,chronic_rework_readmission,Involves admission followed by release and a subsequent return to the emergency room after a span of days.,11.0,inpatient_admission_recovery,4.0,0.229083850979805,0.0387212373316288
V0181,chronic_rework_readmission,Characterized by repeat tests and a prolonged course of care with rework.,9.0,inpatient_admission_recovery,4.0,0.4851934015750885,0.08425603061914444
V0182,chronic_rework_readmission,"Extensive repetition of diagnostics such as LacticAcid, CRP, and Leucocytes spanning multiple admissions and days.",17.0,inpatient_admission_recovery,7.0,0.45695188641548157,0.00042176127317361534
V0183,chronic_rework_readmission,"Features ward readmissions, repeated tests, and a final return to the ER after a prolonged period.",8.0,inpatient_admission_recovery,6.0,0.006416662130504847,0.030585752800107002
V0184,inpatient_admission_recovery,Standard acute emergency treatment leading to inpatient admission and subsequent successful release.,2.0,chronic_rework_readmission,2.0,0.23138803243637085,0.11378920823335648
V0185,chronic_rework_readmission,High repetition of diagnostic tests and multiple admissions spanning several days.,16.0,inpatient_admission_recovery,11.0,0.44940194487571716,0.004245556425303221
V0186,inpatient_admission_recovery,"Inpatient admission following initial emergency stabilization and diagnostics, culminating in release.",5.0,chronic_rework_readmission,4.0,0.1766018122434616,0.014724799431860447
V0187,rapid_assessment_triage,"Short encounter consisting strictly of initial registration, triage, and basic diagnostics without admission.",3.0,inpatient_admission_recovery,4.0,0.38862478733062744,0.09317597001791
V0188,inpatient_admission_recovery,Emergency triage and stabilization followed by inpatient admission and successful discharge.,5.0,chronic_rework_readmission,4.0,0.23667360842227936,0.11125758290290833
V0189,inpatient_admission_recovery,Emergency diagnostics and stabilization followed by admission and final release.,6.0,chronic_rework_readmission,1.0,0.00018157791055273265,9.685352415544912e-05
V0190,acute_emergency_treatment,"Immediate stabilization via IV fluids and antibiotics following triage, leading to admission and quick recovery.",6.0,inpatient_admission_recovery,1.0,0.7580625414848328,0.00031941215274855494
V0191,chronic_rework_readmission,Complex course with extensive repetition of Leucocytes and a return to the emergency room.,8.0,inpatient_admission_recovery,6.0,0.11350151896476746,0.021762266755104065
V0192,chronic_rework_readmission,Highly prolonged variant spanning over a year with repeated diagnostics and a return to the emergency room.,5.0,inpatient_admission_recovery,1.0,0.06857029348611832,0.09273939579725266
V0193,chronic_rework_readmission,Extensive repetition of Leucocytes and prolonged diagnostic tracking over several days.,10.0,inpatient_admission_recovery,5.0,0.47973522543907166,2.0560904886224307e-05
V0194,inpatient_admission_recovery,"Inpatient admission following emergency intervention and diagnostics, ending in release.",5.0,chronic_rework_readmission,2.0,0.013233228586614132,0.010181223973631859
V0195,inpatient_admission_recovery,Emergency care and stabilization leading to inpatient admission and eventual release.,6.0,chronic_rework_readmission,4.0,0.005629948806017637,0.002070288872346282
V0196,chronic_rework_readmission,"Very long duration spanning over 100 days with extensive repeated tests (LacticAcid, CRP, Leucocytes) and a return to the ER.",27.0,inpatient_admission_recovery,17.0,0.11610666662454605,0.0461382158100605
V0197,rapid_assessment_triage,Short diagnostic encounter consisting of triage and basic blood work without admission.,0.0,inpatient_admission_recovery,2.0,0.7042549252510071,0.24275393784046173
V0198,inpatient_admission_recovery,Initial emergency triage and diagnostics followed by inpatient admission and release.,4.0,acute_emergency_treatment,2.0,0.3460424244403839,0.22381801903247833
V0199,chronic_rework_readmission,Encounters featuring rework and a final return to the emergency room after a multi-week span.,8.0,inpatient_admission_recovery,3.0,0.12251049280166626,0.012753291986882687
V0200,chronic_rework_readmission,"Involves initial emergency care, inpatient admission, and subsequent return to the emergency room.",4.0,inpatient_admission_recovery,1.0,0.14205749332904816,0.0004744593461509794
V0201,chronic_rework_readmission,Shows a prolonged multi-month course with extensive test repetitions and an ER return.,20.0,inpatient_admission_recovery,13.0,0.19066238403320312,0.12069394439458847
V0202,inpatient_admission_recovery,"Involves emergency stabilization, formal inpatient admission, and subsequent release.",2.0,chronic_rework_readmission,2.0,0.01838216930627823,0.0017522848211228848
V0203,inpatient_admission_recovery,Follows a standard inpatient admission path ending in release before an eventual ER return.,8.0,chronic_rework_readmission,3.0,0.36882391571998596,7.097923662513494e-05
V0204,inpatient_admission_recovery,"Includes acute treatment, hospital admission, and recovery leading to a standard release.",5.0,chronic_rework_readmission,3.0,0.002812995808199048,0.0016883508069440722
V0205,inpatient_admission_recovery,Characterized by formal hospital admission following emergency treatment and ward recovery.,22.0,chronic_rework_readmission,9.0,0.4937363564968109,0.016454355791211128
V0206,inpatient_admission_recovery,Represents an acute admission with IV management and subsequent ward release.,5.0,acute_emergency_treatment,1.0,0.6970866322517395,0.33568069338798523
V0207,inpatient_admission_recovery,Progresses from triage and diagnostics to inpatient admission and final release.,2.0,chronic_rework_readmission,1.0,0.005914424080401659,0.0017858132487162948
V0208,inpatient_admission_recovery,Involves hospital admission after emergency treatment with recurring ward tests.,11.0,chronic_rework_readmission,5.0,0.11360079050064087,0.003998038824647665
V0209,inpatient_admission_recovery,Proceeds directly from emergency interventions and diagnostics to inpatient admission and release.,4.0,acute_emergency_treatment,1.0,0.3551999628543854,0.0002285104856127873
V0210,chronic_rework_readmission,Long duration featuring test repetition and a readmission/return to the emergency room.,6.0,inpatient_admission_recovery,4.0,0.14075909554958344,0.05380067601799965
V0211,chronic_rework_readmission,Extended timeline with repeat tests and a subsequent return to the ER.,6.0,inpatient_admission_recovery,1.0,0.11647561192512512,0.029517188668251038
V0212,chronic_rework_readmission,Demonstrates prolonged care with readmission elements and repeat diagnostics.,5.0,inpatient_admission_recovery,4.0,0.020214805379509926,0.003954286687076092
V0213,inpatient_admission_recovery,Standard inpatient admission path with initial stabilization and eventual discharge.,8.0,chronic_rework_readmission,3.0,0.6927869915962219,0.0015429140767082572
V0214,inpatient_admission_recovery,"Involves emergency treatment, inpatient admission, and routine recovery/release.",4.0,chronic_rework_readmission,2.0,0.01253233477473259,0.004762772936373949
V0215,inpatient_admission_recovery,Hospital admission following diagnostics and subsequent monitored recovery.,9.0,chronic_rework_readmission,4.0,0.02305491268634796,0.0003595386224333197
V0216,chronic_rework_readmission,Prolonged encounter spanning nearly two months with test rework and an ER return.,7.0,inpatient_admission_recovery,3.0,0.009297756478190422,0.033466849476099014
V0217,rapid_assessment_triage,"Short, fast-tracked encounter ending quickly without hospital admission.",6.0,acute_emergency_treatment,2.0,0.016669491305947304,0.0026350945699959993
V0218,chronic_rework_readmission,Extensive repetition of multiple laboratory tests over a complex inpatient/IC stay.,13.0,inpatient_admission_recovery,10.0,0.5924106240272522,0.0127410888671875
V0219,rapid_assessment_triage,Very short duration focused entirely on initial assessment and basic lab tests.,1.0,inpatient_admission_recovery,2.0,0.7241096496582031,0.23908162117004395
V0220,chronic_rework_readmission,Spans over a month with diagnostic repetition and a return to the emergency room.,6.0,inpatient_admission_recovery,2.0,0.11292805522680283,0.022335728630423546
V0221,inpatient_admission_recovery,"Includes acute management, inpatient admission, and recovery leading to release.",6.0,chronic_rework_readmission,4.0,0.24281300604343414,0.13137413561344147
V0222,inpatient_admission_recovery,Inpatient admission and recovery path featuring repeated monitoring and testing.,13.0,chronic_rework_readmission,6.0,0.13361488282680511,0.0006431419751606882
V0223,inpatient_admission_recovery,Follows emergency care with an inpatient admission and successful discharge.,3.0,chronic_rework_readmission,2.0,0.23883658647537231,0.1116989329457283
V0224,chronic_rework_readmission,"Extremely prolonged encounter lasting a year, ending in a return to the ER.",4.0,inpatient_admission_recovery,2.0,0.1754123568534851,0.08845392614603043
V0225,inpatient_admission_recovery,Short inpatient admission and recovery pathway ending in a ward release.,6.0,rapid_assessment_triage,4.0,0.7020378112792969,0.2648845314979553
V0226,inpatient_admission_recovery,"Involves formal hospital admission (Admission NC) following diagnostics and emergency care, ultimately culminating in a discharge (Release A).",5.0,chronic_rework_readmission,3.0,0.11883460730314255,0.0012357790255919099
V0227,chronic_rework_readmission,"Shows extensive repetition of tests (CRP, Leucocytes), multiple admissions, and ends with a return to the emergency room.",7.0,inpatient_admission_recovery,3.0,0.019689036533236504,0.004480055999010801
V0228,inpatient_admission_recovery,"Features formal admission (Admission NC) after emergency stabilization and diagnostics, ending in a successful release.",5.0,chronic_rework_readmission,4.0,0.24001002311706543,0.11169669777154922
V0229,chronic_rework_readmission,"Features test repetitions, ward admission, and ultimately ends in a return to the emergency room.",7.0,inpatient_admission_recovery,3.0,0.17094804346561432,0.01945430226624012
V0230,chronic_rework_readmission,"Characterized by repeat admissions and diagnostics, spanning a long duration and culminating in a return to the emergency room.",4.0,inpatient_admission_recovery,3.0,0.005517255514860153,0.029686346650123596
V0231,chronic_rework_readmission,"Extremely prolonged duration spanning months with test rework and admission, ending in a return to the emergency room.",6.0,inpatient_admission_recovery,1.0,0.04011628404259682,0.06428537517786026
V0232,rapid_assessment_triage,"Short, fast-tracked encounter consisting of registration, triage, diagnostics, and IV administration without admission or intensive intervention.",3.0,inpatient_admission_recovery,1.0,0.0014047264121472836,0.0031856950372457504
V0233,chronic_rework_readmission,"Prolonged encounter featuring multiple diagnostic repeats, ward admission, and returning to the emergency room.",6.0,inpatient_admission_recovery,3.0,0.11415576189756393,0.02110801823437214
V0234,rapid_assessment_triage,"Very short duration encounter consisting only of initial assessment, triage, and basic blood work without admission.",1.0,acute_emergency_treatment,2.0,0.35562410950660706,0.33620020747184753
V0235,inpatient_admission_recovery,Follows initial emergency care with hospital admission and subsequent recovery and discharge.,5.0,acute_emergency_treatment,3.0,0.18371367454528809,0.01740432344377041
V0236,inpatient_admission_recovery,"Includes hospital admission following triage and diagnostics, ending in a standard discharge.",5.0,acute_emergency_treatment,2.0,0.34417831897735596,0.22568215429782867
V0237,chronic_rework_readmission,"Features repeated test sequences, multiple admissions, and an ultimate return to the emergency room.",6.0,inpatient_admission_recovery,3.0,0.038441650569438934,0.005921613425016403
V0238,chronic_rework_readmission,Extensive repetition of diagnostic tests and multiple admissions over a prolonged period before release.,6.0,inpatient_admission_recovery,3.0,0.37985825538635254,0.0006487197824753821
V0239,chronic_rework_readmission,High amount of test rework and prolonged multi-week timeline involving multiple repetitions.,11.0,inpatient_admission_recovery,6.0,0.3422792851924896,0.012175043113529682
V0240,inpatient_admission_recovery,"Involves hospital admission after emergency treatment, leading to a standard release.",5.0,chronic_rework_readmission,2.0,0.009439612738788128,0.0016700509004294872
V0241,chronic_rework_readmission,"Long duration involving repeated diagnostics and admissions, terminating in a return to the emergency room.",7.0,inpatient_admission_recovery,4.0,0.003712746547535062,0.027881838381290436
V0242,chronic_rework_readmission,"Very prolonged duration spanning months with ward admission and diagnostic rework, ending in an ER return.",9.0,inpatient_admission_recovery,2.0,0.2542400062084198,0.22283713519573212
V0243,chronic_rework_readmission,"Extremely complex variant with extensive repetition of tests and multiple ward admissions, ending in readmission to the ER.",24.0,inpatient_admission_recovery,15.0,0.14835789799690247,0.06832634657621384
V0244,chronic_rework_readmission,"Features heavy repetition of diagnostic tests (Leucocytes, CRP) and repeated hospital admissions.",9.0,inpatient_admission_recovery,3.0,0.3851405680179596,1.4887139514030423e-05
V0245,chronic_rework_readmission,Contains substantial test rework and multiple admission steps over an extended recovery timeline.,10.0,inpatient_admission_recovery,8.0,0.3591795265674591,0.0007301903679035604
V0246,chronic_rework_readmission,Features repetitive testing of lactic acid and inflammatory markers alongside ward admission.,8.0,inpatient_admission_recovery,5.0,0.5528963804244995,0.00031136456527747214
V0247,chronic_rework_readmission,Displays complex recurring diagnostics and multiple admission cycles before final release.,12.0,inpatient_admission_recovery,8.0,0.4545018970966339,0.026216723024845123
V0248,chronic_rework_readmission,"Prolonged span of months with significant diagnostic rework and ward admission, ending in emergency room return.",10.0,inpatient_admission_recovery,8.0,0.2009490728378296,0.13098062574863434
V0249,inpatient_admission_recovery,"Short inpatient admission path following diagnostics and treatment, ending in release.",4.0,chronic_rework_readmission,3.0,0.026054859161376953,0.005920404568314552
V0250,chronic_rework_readmission,"Spans months with repetitive testing and ward admission, culminating in a return to the emergency room.",8.0,inpatient_admission_recovery,3.0,0.14408187568187714,0.057123441249132156
V0251,chronic_rework_readmission,"This variant exhibits extensive repetition of diagnostic tests (CRP, Leucocytes, LacticAcid), ward readmissions, and a return to the emergency room after a prolonged duration of 87 days.",10.0,inpatient_admission_recovery,4.0,0.1894855499267578,0.11951711028814316
V0252,inpatient_admission_recovery,"The patient follows initial emergency stabilization and diagnostics with formal hospital admission (Admission NC), ultimately culminating in a successful discharge (Release A).",5.0,chronic_rework_readmission,4.0,0.11931231617927551,0.0003651609004009515
V0253,inpatient_admission_recovery,"Involves emergency stabilization, formal admission (Admission NC), and results in a successful discharge (Release A) within a moderate timeframe.",2.0,acute_emergency_treatment,2.0,0.3388034403324127,0.005738748703151941
V0254,chronic_rework_readmission,"Characterized by prolonged duration (49 days), multiple repeated admissions and extensive rework loops for CRP and Leucocytes tests.",18.0,inpatient_admission_recovery,10.0,0.3394363224506378,0.016454355791211128
V0255,inpatient_admission_recovery,Proceeds from emergency triage and stabilization to hospital admission (Admission NC) followed by recovery and release (Release A).,5.0,chronic_rework_readmission,3.0,0.113896943628788,0.0037018817383795977
V0256,chronic_rework_readmission,Highly prolonged variant spanning 97 days with diagnostic tests rework and a final return to the emergency room.,8.0,inpatient_admission_recovery,3.0,0.026052488014101982,0.050221581012010574
V0257,inpatient_admission_recovery,"Follows initial diagnostics and stabilization with intensive and standard care admissions, leading to eventual recovery and release.",13.0,chronic_rework_readmission,8.0,0.12312331050634384,0.005216369871050119
V0258,inpatient_admission_recovery,"Involves emergency care, admission to the nursing care ward, and a standard discharge outcome (Release B).",9.0,chronic_rework_readmission,5.0,0.4489037096500397,0.0031843918841332197
V0259,inpatient_admission_recovery,"Standard inpatient path involving emergency management, admission, and successful release.",3.0,chronic_rework_readmission,3.0,0.004922075662761927,0.003797430545091629
V0260,rapid_assessment_triage,"A short, fast-tracked patient encounter consisting of registration, triage, basic diagnostics, and IV antibiotics without admission, completing within a few hours.",2.0,acute_emergency_treatment,1.0,0.03290049359202385,0.0007684677839279175
V0261,chronic_rework_readmission,Long duration (51 days) featuring repeated diagnostic tests and ending in a return to the emergency room.,7.0,inpatient_admission_recovery,5.0,0.1186939999461174,0.03173557296395302
V0262,chronic_rework_readmission,Prolonged encounter spanning 18 days with test repetitions and ending with a return to the emergency room.,7.0,inpatient_admission_recovery,3.0,0.13441719114780426,0.0008465871214866638
V0263,chronic_rework_readmission,Extensive duration of 63 days with repeated diagnostic testing and a final return to the emergency room.,4.0,inpatient_admission_recovery,3.0,0.12483242899179459,0.0378740094602108
V0264,inpatient_admission_recovery,"Follows standard emergency and inpatient admission pathways, concluding with a release.",5.0,chronic_rework_readmission,2.0,0.11403593420982361,0.0006870361976325512
V0265,chronic_rework_readmission,Prolonged pathway lasting 34 days featuring test repetition and a return to the emergency room.,6.0,inpatient_admission_recovery,2.0,0.22630846500396729,0.031086785718798637
V0266,inpatient_admission_recovery,"Involves emergency assessment, hospital admission, and ultimate recovery and release.",4.0,chronic_rework_readmission,3.0,0.1262449473142624,0.0007140334346331656
V0267,inpatient_admission_recovery,Features standard emergency procedures followed by admission and eventual release.,7.0,chronic_rework_readmission,4.0,0.1267634630203247,0.00019551381410565227
V0268,rapid_assessment_triage,"Short encounter taking only 10 hours with initial emergency treatment and diagnostics, not culminating in formal admission.",5.0,inpatient_admission_recovery,2.0,0.7216985821723938,0.07482597976922989
V0269,chronic_rework_readmission,Extremely long duration of 123 days featuring recurring diagnostics and culminating in a return to the emergency room.,7.0,inpatient_admission_recovery,1.0,0.1440615952014923,0.05710316821932793
V0270,chronic_rework_readmission,Prolonged variant spanning 96 days with test repetitions and a final return to the emergency room.,9.0,inpatient_admission_recovery,3.0,0.13702155649662018,0.0500631220638752
V0271,inpatient_admission_recovery,"Involves emergency triage, intensive care and normal care admissions, followed by a successful release.",11.0,chronic_rework_readmission,7.0,0.45455464720726013,0.002466572681441903
V0272,inpatient_admission_recovery,"Standard patient path featuring emergency treatment, formal admission, and eventual release.",8.0,chronic_rework_readmission,4.0,0.024331942200660706,2.0560904886224307e-05
V0273,chronic_rework_readmission,Highly complex and prolonged variant spanning 42 days with extensive repetition of diagnostic tests and multiple admissions.,75.0,inpatient_admission_recovery,47.0,0.4186936318874359,0.041752103716135025
V0274,inpatient_admission_recovery,Represents acute emergency management followed by formal admission and subsequent discharge (Release C).,6.0,acute_emergency_treatment,1.0,0.7000563740730286,0.3373955488204956
V0275,chronic_rework_readmission,"Exhibits extensive repetition and loops of LacticAcid, CRP, and Leucocytes tests during the inpatient stay, fitting the chronic rework pattern.",18.0,inpatient_admission_recovery,12.0,0.5589936971664429,0.0017745723016560078
V0276,inpatient_admission_recovery,"Involves emergency stabilization, formal inpatient admission (Admission NC), and ultimately results in discharge (Release A).",5.0,chronic_rework_readmission,2.0,0.011378775350749493,0.003609212813898921
V0277,chronic_rework_readmission,"Exhibits extensive repeated diagnostics (CRP, Leucocytes, LacticAcid), ICU and NC admissions, and culminates in a return to the emergency room after a prolonged span.",10.0,inpatient_admission_recovery,10.0,0.2181466817855835,0.14817824959754944
V0278,inpatient_admission_recovery,Follows emergency care with an inpatient admission and concludes with a successful release.,9.0,chronic_rework_readmission,4.0,0.008866881020367146,0.007742235902696848
V0279,chronic_rework_readmission,Features repeated lab work over several days following admission and ultimately results in a return to the ER.,7.0,inpatient_admission_recovery,4.0,0.14464958012104034,0.002278696047142148
V0280,chronic_rework_readmission,"Highly prolonged course with extensive repeated diagnostic testing (CRP, Leucocytes) and a readmission/return to the ER after months.",8.0,inpatient_admission_recovery,5.0,0.13373883068561554,0.046780407428741455
V0281,inpatient_admission_recovery,"Includes standard emergency triage and treatment, hospital admission, and recovery leading to release.",8.0,chronic_rework_readmission,6.0,0.017345262691378593,0.006069190334528685
V0282,inpatient_admission_recovery,Proceeds through initial diagnostics and stabilization to inpatient admission and final release.,7.0,chronic_rework_readmission,3.0,0.009101579897105694,0.007976935245096684
V0283,chronic_rework_readmission,"Demonstrates repeated admission events, numerous iterations of labs, and a return to the ER.",20.0,inpatient_admission_recovery,11.0,0.006599831860512495,0.01756926067173481
V0284,chronic_rework_readmission,Long duration involving repeated hospital admissions and extensive repetition of blood tests before a return to the ER.,3.0,inpatient_admission_recovery,4.0,0.03290776535868645,0.05707685649394989
V0285,chronic_rework_readmission,Features multiple repeat admissions and extensive iterative testing of CRP and Leucocytes.,9.0,inpatient_admission_recovery,4.0,0.3613532781600952,0.0006558714085258543
V0286,inpatient_admission_recovery,"Straightforward inpatient admission following antibiotic treatment, ending in release.",7.0,rapid_assessment_triage,4.0,0.33430805802345276,0.01222873106598854
V0287,rapid_assessment_triage,"Short encounter consisting only of initial registration, triage, and basic blood diagnostics without admission or release.",2.0,acute_emergency_treatment,1.0,0.361997127532959,0.00922070536762476
V0288,inpatient_admission_recovery,"Inpatient admission following initial emergency stabilization, leading to release (though followed later by an ER return, the main pathway is standard recovery).",8.0,chronic_rework_readmission,2.0,0.35715940594673157,0.00031539765768684447
V0289,inpatient_admission_recovery,Standard acute management followed by an inpatient stay and release.,4.0,rapid_assessment_triage,2.0,0.025445101782679558,0.005310647189617157
V0290,chronic_rework_readmission,"Extremely prolonged duration, repeated admission events, extensive lab rework, and final return to the ER.",6.0,inpatient_admission_recovery,5.0,0.060607362538576126,0.08477646112442017
V0291,inpatient_admission_recovery,"Inpatient admission following initial acute treatment, with multiple admission logs and a final release.",3.0,chronic_rework_readmission,4.0,0.2565864324569702,0.12720820307731628
V0292,rapid_assessment_triage,Extremely short triage and lab encounter that terminates early at diagnostic workup.,2.0,inpatient_admission_recovery,2.0,0.400449275970459,0.3618764877319336
V0293,inpatient_admission_recovery,Initial emergency diagnostics and treatment followed by hospital admission and ultimate release.,2.0,chronic_rework_readmission,3.0,0.17640270292758942,0.16863314807415009
V0294,inpatient_admission_recovery,Emergency workup and admission to the ward followed by recovery and release.,5.0,chronic_rework_readmission,3.0,0.11797010153532028,0.0009770592441782355
V0295,acute_emergency_treatment,Represents acute medical management in the emergency setting with IV fluids and antibiotics following labs.,2.0,inpatient_admission_recovery,2.0,0.048105333000421524,0.043946027755737305
V0296,inpatient_admission_recovery,Follows standard inpatient admission and recovery pathway before an eventual return to the ER.,6.0,chronic_rework_readmission,2.0,0.4561588764190674,0.009189937263727188
V0297,chronic_rework_readmission,Prolonged encounter featuring repeated lab testing and a return to the emergency room.,4.0,inpatient_admission_recovery,3.0,0.1379125863313675,0.05095415189862251
V0298,inpatient_admission_recovery,Standard emergency treatment and inpatient admission resulting in recovery and release.,3.0,chronic_rework_readmission,3.0,0.00780408876016736,3.452698001638055e-05
V0299,chronic_rework_readmission,Highly prolonged sequence with continuous repetition of Leucocytes and CRP tests throughout the stay.,10.0,inpatient_admission_recovery,6.0,0.4789813458919525,0.0006092095864005387
V0300,chronic_rework_readmission,"Very long duration involving ICU and NC admissions, extensive repetition of lab tests, and a final return to the ER.",14.0,inpatient_admission_recovery,10.0,0.13007211685180664,0.06010367348790169
V0301,chronic_rework_readmission,"Involves formal hospital admission followed by extensive repeat diagnostics (CRP, Leucocytes) and a final return to the emergency room, matching chronic rework and readmission.",7.0,inpatient_admission_recovery,3.0,0.1274135857820511,0.007850195281207561
V0302,rapid_assessment_triage,"Short, fast-tracked encounter with registration, basic diagnostics, and triage ending quickly without admission or intensive intervention.",4.0,acute_emergency_treatment,1.0,0.3680551052093506,0.3364960849285126
V0303,chronic_rework_readmission,"Prolonged path with repeated admissions, multiple test repetitions, and a final return to the emergency room.",6.0,inpatient_admission_recovery,3.0,0.02482825703918934,0.04899734631180763
V0304,inpatient_admission_recovery,"Includes emergency stabilization, diagnostics, formal hospital admission, and ultimately culminates in a successful discharge.",8.0,chronic_rework_readmission,3.0,0.1121886670589447,0.0025342965964227915
V0305,acute_emergency_treatment,"Emergency setting encounter involving initial triage, diagnostics, and immediate stabilization with IV antibiotics.",5.0,rapid_assessment_triage,1.0,0.07273363322019577,0.005613516550511122
V0306,inpatient_admission_recovery,"Follows emergency triage and diagnostics with hospital admission, concluding in a successful release.",7.0,acute_emergency_treatment,3.0,0.1768699288368225,0.009845946915447712
V0307,chronic_rework_readmission,"Features hospital admission, repeated lab tests, and a subsequent return to the emergency room.",5.0,inpatient_admission_recovery,2.0,0.12776000797748566,0.04080158844590187
V0308,chronic_rework_readmission,"Displays extensive repetition of diagnostics (CRP, LacticAcid, Leucocytes) and ends in a return to the ER.",8.0,inpatient_admission_recovery,2.0,0.1988595724105835,0.10216135531663895
V0309,inpatient_admission_recovery,Initial emergency diagnostics and IV intervention followed by formal hospital admission.,7.0,acute_emergency_treatment,3.0,0.7742301821708679,0.0033132981043308973
V0310,inpatient_admission_recovery,"Involves emergency care, IV antibiotics, hospital admissions, and a final successful release.",6.0,chronic_rework_readmission,2.0,0.11149110645055771,0.003991866949945688
V0311,chronic_rework_readmission,"Highly prolonged journey with intensive care, ward admission, heavy diagnostic repetitions, and a return to the ER.",15.0,inpatient_admission_recovery,11.0,0.19121408462524414,0.12124564498662949
V0312,inpatient_admission_recovery,Emergency treatment and diagnostics followed by inpatient admission and subsequent recovery/release.,9.0,chronic_rework_readmission,5.0,0.05453820154070854,0.0023564144503325224
V0313,inpatient_admission_recovery,"Emergency stabilization, inpatient admission, and eventual discharge release.",6.0,chronic_rework_readmission,4.0,0.4536605775356293,0.03893236070871353
V0314,inpatient_admission_recovery,"Inpatient admission following initial emergency screening, with repeat diagnostics and a final release.",9.0,chronic_rework_readmission,5.0,0.4697975218296051,0.02279544435441494
V0315,chronic_rework_readmission,Extremely prolonged and repetitive course of diagnostic tests with multiple admissions and tests.,24.0,inpatient_admission_recovery,13.0,0.5067177414894104,0.011829075403511524
V0316,inpatient_admission_recovery,"Inpatient admission following emergency care, leading to a release category.",6.0,chronic_rework_readmission,4.0,0.4845057427883148,0.010885282419621944
V0317,chronic_rework_readmission,"Extensive repetition of diagnostics, multiple ward admissions, and a final return to the emergency room.",156.0,inpatient_admission_recovery,89.0,0.1498023271560669,0.09650054574012756
V0318,chronic_rework_readmission,Prolonged pathway spanning weeks with extensive repetition of tests and multiple admissions.,22.0,inpatient_admission_recovery,10.0,0.5149776935577393,0.003569160820916295
V0319,inpatient_admission_recovery,"Inpatient admission following initial triage and diagnostics, leading to final release.",12.0,chronic_rework_readmission,5.0,0.023006079718470573,0.0004083736566826701
V0320,chronic_rework_readmission,"Prolonged variant spanning over 100 days with repeated admission and diagnostics, culminating in a return to the ER.",6.0,inpatient_admission_recovery,3.0,0.13924096524715424,0.07082857191562653
V0321,chronic_rework_readmission,"Long duration encounter featuring repeated hospital admissions, repeated labs, and a return to the ER.",7.0,inpatient_admission_recovery,4.0,0.10069704055786133,0.030728591606020927
V0322,acute_emergency_treatment,Emergency stabilization with IV fluids and IV antibiotics following triage and lab work.,4.0,rapid_assessment_triage,2.0,0.048805683851242065,0.002265542047098279
V0323,inpatient_admission_recovery,Emergency registration and triage followed by a brief inpatient admission and final release.,6.0,rapid_assessment_triage,2.0,0.3758588135242462,0.009347504004836082
V0324,chronic_rework_readmission,Complex and prolonged variant featuring extensive test repetitions and an eventual return to the ER.,25.0,inpatient_admission_recovery,14.0,0.08476957678794861,0.011928643099963665
V0325,acute_emergency_treatment,Short acute care path focusing on immediate diagnostics and stabilization via IV antibiotics within the emergency setting.,3.0,rapid_assessment_triage,1.0,0.37581467628479004,0.33491361141204834
V0326,inpatient_admission_recovery,"Involves formal hospital admission (Admission NC) following emergency stabilization and diagnostics, culminating in a release outcome.",5.0,chronic_rework_readmission,3.0,0.007219312246888876,0.0004809253441635519
V0327,chronic_rework_readmission,"Demonstrates prolonged course with repeated admissions, extensive diagnostic rework, and ultimately a return to the emergency room.",5.0,inpatient_admission_recovery,3.0,0.015269678086042404,0.008899413980543613
V0328,chronic_rework_readmission,Features an extremely long duration spanning over 250 days with repeated lab work and a readmission to the ER.,8.0,inpatient_admission_recovery,2.0,0.16502714157104492,0.07806871831417084
V0329,chronic_rework_readmission,Complex and prolonged variant with extensive repetition of CRP and Leucocytes tests throughout a ward stay.,15.0,inpatient_admission_recovery,7.0,0.3616185486316681,0.00039060614653863013
V0330,rapid_assessment_triage,"Short encounter involving registration, triage, basic diagnostics, and treatment without hospital admission.",4.0,acute_emergency_treatment,1.0,0.41635796427726746,0.0009680844959802926
V0331,chronic_rework_readmission,Highly prolonged course with extensive repeating of CRP and Leucocytes over multiple weeks.,13.0,inpatient_admission_recovery,6.0,0.45998597145080566,0.00847602728754282
V0332,inpatient_admission_recovery,"Short inpatient admission following emergency evaluation, resulting in a release outcome.",4.0,acute_emergency_treatment,4.0,0.7249552607536316,0.28780195116996765
V0333,chronic_rework_readmission,"Contains multiple repetitions of ward admissions, CRP, LacticAcid, and Leucocytes over several days.",11.0,inpatient_admission_recovery,6.0,0.4781932830810547,0.002525369171053171
V0334,chronic_rework_readmission,"Complex course featuring ICU and ward admissions, repeated diagnostics, and an eventual return to the ER.",27.0,inpatient_admission_recovery,17.0,0.08592339605093002,0.010774829424917698
V0335,chronic_rework_readmission,"Involves ward admission, repeated lab work, and a subsequent return to the emergency room.",5.0,inpatient_admission_recovery,4.0,0.032085295766592026,0.0004347429203335196
V0336,acute_emergency_treatment,"Involves immediate stabilization with IV fluids and antibiotics following diagnostics, ending in a ward admission.",5.0,inpatient_admission_recovery,1.0,0.7028999924659729,0.19464921951293945
V0337,inpatient_admission_recovery,Standard acute emergency treatment leading to inpatient admission and eventual successful release.,6.0,chronic_rework_readmission,3.0,0.008776901289820671,0.0010073395678773522
V0338,inpatient_admission_recovery,"Inpatient admission following initial emergency stabilization and diagnostics, culminating in a release outcome.",5.0,chronic_rework_readmission,4.0,0.12203311920166016,0.0010106355184689164
V0339,chronic_rework_readmission,"Extensive repetition of diagnostic tests, multiple ward/ICU admissions, and a final return to the ER.",19.0,inpatient_admission_recovery,16.0,0.17332255840301514,0.09329100698232651
V0340,inpatient_admission_recovery,Emergency diagnostics and stabilization followed by ward admission and a release outcome.,6.0,chronic_rework_readmission,3.0,0.010386670008301735,0.0026171079371124506
V0341,inpatient_admission_recovery,"Involves emergency treatment, inpatient admission, and subsequent release.",6.0,chronic_rework_readmission,2.0,0.11189568042755127,0.004396440926939249
V0342,rapid_assessment_triage,Short diagnostic encounter consisting of triage and basic lab work without admission or intensive intervention.,2.0,inpatient_admission_recovery,3.0,0.7096888422966003,0.17350775003433228
V0343,inpatient_admission_recovery,Emergency stabilization followed by inpatient admission and successful discharge.,6.0,chronic_rework_readmission,3.0,0.12705029547214508,9.131411934504285e-05
V0344,chronic_rework_readmission,Prolonged pathway spanning over two weeks with repeated blood work and ward stays.,8.0,inpatient_admission_recovery,3.0,0.471078485250473,0.012289193458855152
V0345,chronic_rework_readmission,Complex hospital stay spanning 17 days with multiple ward/ICU admissions and repeated diagnostic testing.,15.0,inpatient_admission_recovery,10.0,0.44005677103996277,0.005099603906273842
V0346,chronic_rework_readmission,Extremely long-duration variant with extensive test repetition and a return to the emergency room.,14.0,inpatient_admission_recovery,9.0,0.13996504247188568,0.06999660283327103
V0347,chronic_rework_readmission,Spans over 180 days with numerous repetitions of diagnostics and a final return to the ER.,9.0,inpatient_admission_recovery,6.0,0.1554052233695984,0.0684468001127243
V0348,chronic_rework_readmission,"Involves admission rework, repeated labs, and a return to the emergency room.",7.0,inpatient_admission_recovery,4.0,0.06293963640928268,0.01501080859452486
V0349,rapid_assessment_triage,Brief encounter ending at ER sepsis triage without proceeding to admission or treatment.,5.0,acute_emergency_treatment,4.0,0.7281246781349182,0.3344039022922516
V0350,chronic_rework_readmission,Spans over 130 days with a return to the emergency room following initial admission.,10.0,inpatient_admission_recovery,1.0,0.3679978847503662,0.02519953064620495
V0351,inpatient_admission_recovery,Initial emergency diagnostics and stabilization followed by admission to NC and final successful release.,6.0,acute_emergency_treatment,2.0,0.3414534330368042,0.003133902559056878
V0352,chronic_rework_readmission,Extensive repetition of tests like CRP and Leucocytes along with ward readmission and returning to the emergency room over a prolonged duration.,6.0,inpatient_admission_recovery,3.0,0.006862329784780741,0.01730676181614399
V0353,chronic_rework_readmission,Long duration path with repeated blood work and a return to the emergency room.,4.0,inpatient_admission_recovery,2.0,0.15573234856128693,0.06877392530441284
V0354,chronic_rework_readmission,Complex prolonged stay featuring extensive repetition of diagnostic tests and multiple admissions.,18.0,inpatient_admission_recovery,10.0,0.46939459443092346,0.0007188001764006913
V0355,chronic_rework_readmission,Involves substantial rework of diagnostic tests and repeated admissions.,6.0,inpatient_admission_recovery,5.0,0.4715202748775482,0.0009999602334573865
V0356,chronic_rework_readmission,Prolonged encounter featuring recurring lab tests like CRP and Leucocytes.,10.0,inpatient_admission_recovery,6.0,0.525757372379303,0.007154356688261032
V0357,chronic_rework_readmission,"Features repeated ward admissions, lab test loops, and a return to the emergency room over several weeks.",6.0,inpatient_admission_recovery,2.0,0.012204264290630817,0.036373358219861984
V0358,inpatient_admission_recovery,"Hospital admission following diagnostics and treatment, though it ultimately returned to ER later.",4.0,chronic_rework_readmission,1.0,0.6944503784179688,0.00012047109339619055
V0359,chronic_rework_readmission,Very long duration with repeat testing and subsequent return to the ER.,5.0,inpatient_admission_recovery,3.0,0.14041848480701447,0.05346006155014038
V0360,inpatient_admission_recovery,Standard stabilization and hospital admission culminating in a release.,4.0,acute_emergency_treatment,3.0,0.3373607397079468,0.01528140064328909
V0361,chronic_rework_readmission,Includes repeated admission steps and repeated blood tests.,9.0,inpatient_admission_recovery,2.0,0.4112437665462494,0.002138219540938735
V0362,inpatient_admission_recovery,Standard inpatient treatment path leading to release.,0.0,chronic_rework_readmission,1.0,0.0019908780232071877,0.0019061536295339465
V0363,inpatient_admission_recovery,Initial admission following stabilization with standard recovery release.,4.0,chronic_rework_readmission,3.0,0.007894511334598064,0.0001249493652721867
V0364,chronic_rework_readmission,Long duration with readmission to ER after release.,7.0,inpatient_admission_recovery,3.0,0.14312498271465302,0.05616655573248863
V0365,,Unusual short path ending in uncompleted diagnostic activity rather than full recovery or acute discharge.,,inpatient_admission_recovery,6.0,,0.058374062180519104
V0366,chronic_rework_readmission,Repeated testing loops and return to the ER.,6.0,inpatient_admission_recovery,3.0,0.13617268204689026,0.0009089004597626626
V0367,chronic_rework_readmission,Extensive repetition of lactic acid and leucocyte tests across a span of weeks before eventual return to the ER.,20.0,inpatient_admission_recovery,11.0,0.17260992527008057,0.10264147073030472
V0368,acute_emergency_treatment,"Initial triage, lab diagnostics, and immediate transition to admission.",4.0,rapid_assessment_triage,1.0,0.3604294955730438,0.006206849589943886
V0369,chronic_rework_readmission,Multiple iterations of lab diagnostics and final return to ER.,8.0,inpatient_admission_recovery,7.0,0.19275574386119843,0.09605751186609268
V0370,chronic_rework_readmission,High duration encounter with multiple repeated diagnostics and an ER return.,6.0,inpatient_admission_recovery,5.0,0.19279803335666656,0.12282959371805191
V0371,inpatient_admission_recovery,Standard emergency treatment and admission leading to release.,6.0,acute_emergency_treatment,2.0,0.7001829147338867,0.3336716592311859
V0372,chronic_rework_readmission,Contains extensive test repetitions and repeated admissions.,12.0,inpatient_admission_recovery,8.0,0.4460383355617523,0.0008819322101771832
V0373,inpatient_admission_recovery,Emergency pathway leading to formal admission and recovery release.,5.0,chronic_rework_readmission,3.0,0.011971186846494675,0.01084654126316309
V0374,,Truncated trace ending on an intermediate diagnostic activity without standard completion.,,chronic_rework_readmission,2.0,,7.816903962520882e-05
V0375,chronic_rework_readmission,Prolonged inpatient stay with heavy repetition of blood tests and repeated admissions.,11.0,inpatient_admission_recovery,7.0,0.4464155435562134,0.0012591567356139421
V0376,inpatient_admission_recovery,"Involves formal hospital admission (Admission NC) following emergency stabilization and diagnostics, culminating in a discharge.",8.0,chronic_rework_readmission,4.0,0.48296675086021423,0.00962620135396719
V0377,inpatient_admission_recovery,Patient path includes admission to the ward (Admission NC) and subsequent recovery resulting in discharge (Release A).,5.0,chronic_rework_readmission,4.0,0.0001243835868081078,3.965921132476069e-05
V0378,acute_emergency_treatment,"Short acute encounter focusing on triage, diagnostics, IV fluids, and IV antibiotics without hospital admission.",2.0,rapid_assessment_triage,1.0,0.011105113662779331,0.0004915641620755196
V0379,acute_emergency_treatment,"Direct emergency management with triage, blood work, and IV antibiotics completed quickly.",3.0,rapid_assessment_triage,1.0,0.022318758070468903,0.006904469802975655
V0380,inpatient_admission_recovery,Proceeds through emergency care to hospital admission (Admission NC) and recovery.,6.0,rapid_assessment_triage,2.0,0.339913010597229,0.00467431265860796
V0381,inpatient_admission_recovery,Involves admission to the ward following initial diagnostics and emergency procedures.,5.0,chronic_rework_readmission,1.0,0.12256210297346115,0.002853935584425926
V0382,chronic_rework_readmission,"Features multiple repetitions of tests like CRP and Leucocytes, repeated ward admissions, and ends in a return to the emergency room.",5.0,inpatient_admission_recovery,3.0,0.0335317961871624,0.0010117589263245463
V0383,inpatient_admission_recovery,Includes hospital admission (Admission NC) following acute treatment and concludes with release.,5.0,acute_emergency_treatment,4.0,0.34854722023010254,0.0018406291492283344
V0384,chronic_rework_readmission,"Contains extensive repetition of diagnostics (CRP, LacticAcid, Leucocytes) over a prolonged duration.",10.0,inpatient_admission_recovery,6.0,0.5334029793739319,0.013247284106910229
V0385,chronic_rework_readmission,Exhibits heavy rework of diagnostics and ends in an emergency room readmission.,8.0,inpatient_admission_recovery,7.0,0.20720688998699188,0.11050867289304733
V0386,chronic_rework_readmission,Highly prolonged duration spanning months with test repetitions and a return to the ER.,4.0,inpatient_admission_recovery,3.0,0.13589876890182495,0.04894033446907997
V0387,chronic_rework_readmission,Shows multiple ward admissions and recurrent testing loops characteristic of chronic rework.,6.0,inpatient_admission_recovery,2.0,0.36008408665657043,0.0001743799221003428
V0388,inpatient_admission_recovery,"Involves inpatient admission after initial stabilization, followed by recovery.",8.0,chronic_rework_readmission,4.0,0.008917349390685558,0.0011477872030809522
V0389,inpatient_admission_recovery,Proceeds from emergency care to an inpatient admission (Admission NC) and subsequent release.,5.0,acute_emergency_treatment,2.0,0.3547370433807373,0.2253587692975998
V0390,inpatient_admission_recovery,Follows the standard inpatient trajectory with ward admission and ultimate release.,8.0,chronic_rework_readmission,4.0,0.4593442976474762,0.02219104766845703
V0391,inpatient_admission_recovery,Includes intensive/normal ward admission following emergency stabilization and diagnostics.,5.0,chronic_rework_readmission,4.0,0.11728615313768387,0.0058472719974815845
V0392,inpatient_admission_recovery,Features formal admission to the ward after emergency interventions and concludes with release.,4.0,chronic_rework_readmission,2.0,0.239630326628685,0.11197013407945633
V0393,chronic_rework_readmission,Displays extensive and continuous repetition of CRP and Leucocytes over an extended period.,17.0,inpatient_admission_recovery,9.0,0.36186137795448303,0.0016007829690352082
V0394,inpatient_admission_recovery,Encounter includes hospital admission following acute emergency care and diagnostics.,5.0,chronic_rework_readmission,3.0,0.01516405027359724,0.004970404785126448
V0395,inpatient_admission_recovery,"Involves initial emergency care, inpatient admission, and eventual discharge.",3.0,chronic_rework_readmission,2.0,0.008879364468157291,0.007754719350486994
V0396,inpatient_admission_recovery,Represents a standard admitted pathway with emergency stabilization and ward recovery.,5.0,chronic_rework_readmission,2.0,0.004318194929510355,0.0031935498118400574
V0397,inpatient_admission_recovery,Involves emergency care followed by hospital admission and subsequent recovery and release.,7.0,chronic_rework_readmission,6.0,0.12104254961013794,0.003443717723712325
V0398,chronic_rework_readmission,Extremely prolonged duration with ongoing test repetitions and a final return to the ER.,13.0,inpatient_admission_recovery,9.0,0.01584046334028244,0.008328628726303577
V0399,inpatient_admission_recovery,"Despite a shorter duration, this variant explicitly includes an admission step (Admission NC) before release.",6.0,rapid_assessment_triage,2.0,0.7708573937416077,0.33339282870292664
V0400,inpatient_admission_recovery,Follows an emergency management pathway leading to formal hospital admission and discharge.,3.0,chronic_rework_readmission,2.0,0.1728176325559616,0.006508277263492346
V0401,inpatient_admission_recovery,"Involves formal hospital admission (Admission NC) following emergency stabilization and diagnostics, culminating in a successful discharge (Release B).",11.0,chronic_rework_readmission,4.0,0.3372763395309448,0.03695220127701759
V0402,chronic_rework_readmission,"Displays prolonged duration with repeated diagnostics (CRP, Leucocytes) and a readmission/return to the ER.",8.0,inpatient_admission_recovery,3.0,0.15182580053806305,0.06486737728118896
V0403,chronic_rework_readmission,"Features extensive repetition of tests, ward readmissions, and a return to the emergency room.",7.0,inpatient_admission_recovery,6.0,0.12432289868593216,0.02762467972934246
V0404,chronic_rework_readmission,"Highly prolonged duration spanning months with repeated admission and diagnostic rework, ending in return to ER.",6.0,inpatient_admission_recovery,2.0,0.04988444223999977,0.07405353337526321
V0405,inpatient_admission_recovery,"Involves hospital admission following emergency treatment and diagnostics, ending in release.",5.0,acute_emergency_treatment,3.0,0.02518620155751705,0.005051745567470789
V0406,inpatient_admission_recovery,"Standard inpatient admission following emergency care, leading to successful release.",3.0,chronic_rework_readmission,2.0,0.17523719370365143,0.008927840739488602
V0407,inpatient_admission_recovery,"Involves admission (Admission IC) after initial diagnostics and triage, culminating in release.",5.0,chronic_rework_readmission,3.0,0.36720576882362366,0.057794537395238876
V0408,chronic_rework_readmission,Contains test repetitions and results in a return to the ER after a multi-week stay.,6.0,inpatient_admission_recovery,3.0,0.12327253073453903,0.011991252191364765
V0409,chronic_rework_readmission,"Features repeated ward admissions, diagnostic rework, and an eventual return to the ER over a long duration.",8.0,inpatient_admission_recovery,1.0,0.03168777748942375,0.055856868624687195
V0410,inpatient_admission_recovery,Proceeds from emergency triage and stabilization to inpatient admission and ultimately release.,6.0,acute_emergency_treatment,2.0,0.33812692761421204,0.010258619673550129
V0411,chronic_rework_readmission,"Highly prolonged and complex path with extensive repetition of tests, multiple admissions, and an eventual return to ER.",9.0,inpatient_admission_recovery,7.0,0.5410766005516052,0.1950395107269287
V0412,chronic_rework_readmission,"Extended duration with heavy repetition of CRP and Leucocytes, culminating in a return to ER.",8.0,inpatient_admission_recovery,5.0,0.11311671137809753,0.0261582862585783
V0413,chronic_rework_readmission,Very long duration path spanning months with a return to the emergency room.,8.0,inpatient_admission_recovery,2.0,0.38061654567718506,0.03781820461153984
V0414,chronic_rework_readmission,Features recurring diagnostic tests and a prolonged course leading to an ER return.,5.0,inpatient_admission_recovery,3.0,0.11147671192884445,0.02378707379102707
V0415,acute_emergency_treatment,"Consists of acute emergency management including IV fluids and IV antibiotics following diagnostics, resulting in admission.",3.0,inpatient_admission_recovery,1.0,0.3446374237537384,0.00190751685295254
V0416,inpatient_admission_recovery,Includes acute stabilization followed by admission and final release.,5.0,chronic_rework_readmission,1.0,0.36538204550743103,0.0011292623821645975
V0417,,"Short encounter with anomalous looping back to ER Triage without clear completion or admission, fitting none of the standard categories.",,acute_emergency_treatment,1.0,,0.004662918392568827
V0418,chronic_rework_readmission,Prolonged encounter with repeated diagnostic testing and a return to the ER.,4.0,inpatient_admission_recovery,2.0,0.12090983241796494,0.03395140543580055
V0419,inpatient_admission_recovery,"Follows a standard trajectory of emergency stabilization, inpatient admission, and recovery/release.",3.0,chronic_rework_readmission,2.0,0.0050420500338077545,0.003917404916137457
V0420,inpatient_admission_recovery,"Involves admission after emergency procedures, leading to a successful release.",5.0,chronic_rework_readmission,3.0,0.3422127068042755,0.22461384534835815
V0421,chronic_rework_readmission,Demonstrates extensive repeat admissions and frequent looping of diagnostic tests.,8.0,inpatient_admission_recovery,4.0,0.38568541407585144,0.0074263704009354115
V0422,chronic_rework_readmission,Highly prolonged span over several months with repetitive diagnostic testing and return to ER.,8.0,inpatient_admission_recovery,7.0,0.2156151533126831,0.14564669132232666
V0423,chronic_rework_readmission,Long duration involving multiple ward readmissions and repeated tests over weeks.,8.0,inpatient_admission_recovery,4.0,0.3448280990123749,0.00962620135396719
V0424,inpatient_admission_recovery,"Involves standard emergency treatment followed by admission and release, despite a delayed registration sequence.",4.0,chronic_rework_readmission,2.0,0.69268798828125,0.007256778422743082
V0425,inpatient_admission_recovery,Follows acute treatment and admission with subsequent recovery and release.,3.0,chronic_rework_readmission,1.0,0.002527666976675391,0.0014030217425897717
V0426,inpatient_admission_recovery,"This narrative includes formal hospital admission (Admission NC) following initial emergency stabilization and diagnostics, culminating in a successful discharge (Release C).",5.0,chronic_rework_readmission,4.0,0.45706191658973694,0.03553104028105736
V0427,chronic_rework_readmission,"This narrative shows complex, prolonged care featuring extensive diagnostic repetition and returning to the emergency room after a lengthy span.",9.0,inpatient_admission_recovery,4.0,0.029735760763287544,0.053904857486486435
V0428,inpatient_admission_recovery,Follows a pattern of initial ER diagnostics and stabilization leading to inpatient admission (Admission NC) and final release.,11.0,chronic_rework_readmission,7.0,0.34602704644203186,0.01663379743695259
V0429,acute_emergency_treatment,Represents acute medical management within the emergency setting involving lab work and IV antibiotics without formal admission.,5.0,rapid_assessment_triage,2.0,0.02357659488916397,0.008162303827702999
V0430,inpatient_admission_recovery,"Involves emergency stabilization, diagnostics, and subsequent inpatient admission (Admission NC) before a final release.",8.0,chronic_rework_readmission,5.0,0.12121572345495224,0.0033577352296561003
V0431,inpatient_admission_recovery,Shows initial emergency care followed by hospital admission (Admission NC) and subsequent discharge.,2.0,chronic_rework_readmission,1.0,0.005215011537075043,0.0024852261412888765
V0432,inpatient_admission_recovery,Features emergency intervention followed by intensive care admission (Admission IC) and subsequent release.,14.0,chronic_rework_readmission,6.0,0.4899528920650482,0.003547282889485359
V0433,inpatient_admission_recovery,Contains initial stabilization and diagnostics followed by formal inpatient admission (Admission NC) and a release outcome.,5.0,chronic_rework_readmission,3.0,0.527577817440033,0.16841638088226318
V0434,inpatient_admission_recovery,"Involves emergency diagnostics, stabilization, and formal admission (Admission NC) ending in release.",6.0,chronic_rework_readmission,3.0,0.12676717340946198,0.00019180744129698724
V0435,chronic_rework_readmission,"Displays prolonged stays, extensive diagnostic repetition (CRP, Leucocytes, LacticAcid), ward readmissions, and a return to the emergency room.",33.0,inpatient_admission_recovery,24.0,0.09025397151708603,0.006444255355745554
V0436,inpatient_admission_recovery,Follows standard emergency management leading to formal hospital admission (Admission NC) and final discharge.,8.0,chronic_rework_readmission,5.0,0.4739588797092438,0.0016007829690352082
V0437,chronic_rework_readmission,Extensive repetition of diagnostics and admissions culminating in a return to the emergency room after a prolonged period.,31.0,inpatient_admission_recovery,18.0,0.18896935880184174,0.09227112680673599
V0438,inpatient_admission_recovery,Demonstrates initial emergency care and diagnostics followed by inpatient admission (Admission NC) and release.,14.0,chronic_rework_readmission,5.0,0.02770092897117138,0.0008247224031947553
V0439,chronic_rework_readmission,Highly prolonged variant with extensive repetition of diagnostic tests spanning multiple weeks before release.,27.0,inpatient_admission_recovery,16.0,0.44719305634498596,0.0023564144503325224
V0440,chronic_rework_readmission,Features prolonged total duration with multiple ward admissions and a subsequent return to the emergency room.,9.0,inpatient_admission_recovery,5.0,0.09065237641334534,0.020683929324150085
V0441,chronic_rework_readmission,Prolonged span exceeding a year with an eventual return to the emergency room.,5.0,inpatient_admission_recovery,3.0,0.17789345979690552,0.09093502908945084
V0442,chronic_rework_readmission,Long duration involving repeated admissions and returning to the emergency room months later.,9.0,inpatient_admission_recovery,4.0,0.02484738640487194,0.04901647940278053
V0443,chronic_rework_readmission,Extended encounter concluding with a return to the emergency room after several weeks.,6.0,inpatient_admission_recovery,2.0,0.11559072881937027,0.028632303699851036
V0444,inpatient_admission_recovery,Standard acute stabilization followed by inpatient admission (Admission NC) and recovery/release.,11.0,chronic_rework_readmission,3.0,0.3485497534275055,0.014111104421317577
V0445,inpatient_admission_recovery,Emergency triage and diagnostics followed by inpatient care (Admission NC) and final release.,5.0,chronic_rework_readmission,2.0,0.11215153336524963,0.004652294795960188
V0446,inpatient_admission_recovery,"Typical path involving emergency stabilization, diagnostics, inpatient admission (Admission NC), and discharge.",6.0,chronic_rework_readmission,3.0,0.11233649402856827,0.002386473584920168
V0447,chronic_rework_readmission,Prolonged timeline with repeated diagnostic tests and a subsequent return to the emergency room.,9.0,inpatient_admission_recovery,6.0,0.14739903807640076,0.06044061481952667
V0448,chronic_rework_readmission,"High complexity with intensive care and ward admissions, repeated diagnostics, and an eventual return to the emergency room.",9.0,inpatient_admission_recovery,7.0,0.19781559705734253,0.12784714996814728
V0449,chronic_rework_readmission,Extremely prolonged variant spanning over a year before concluding with a return to the emergency room.,6.0,inpatient_admission_recovery,4.0,0.23359090089797974,0.16362245380878448
V0450,inpatient_admission_recovery,"Emergency stabilization, diagnostics, and admission (Admission NC) leading to recovery and release.",4.0,chronic_rework_readmission,2.0,0.0037667928263545036,0.0026421474758535624
V0451,inpatient_admission_recovery,"Involves ER stabilization, lab work, formal hospital admission (Admission NC), and concludes with a successful release.",3.0,chronic_rework_readmission,2.0,0.33947744965553284,0.22277940809726715
V0452,chronic_rework_readmission,"Highly prolonged path with extensive repetition of diagnostics (CRP, Leucocytes, LacticAcid) and multiple ward admissions spanning weeks.",25.0,inpatient_admission_recovery,12.0,0.439193993806839,0.005962352734059095
V0453,chronic_rework_readmission,"Features repeated ward admissions, recurring diagnostic tests, and ultimately results in a return to the emergency room.",9.0,inpatient_admission_recovery,4.0,0.015358335338532925,0.008810757659375668
V0454,chronic_rework_readmission,Very prolonged duration spanning over 100 days with recurring diagnostics and an emergency room return.,5.0,inpatient_admission_recovery,2.0,0.02730780653655529,0.051476895809173584
V0455,inpatient_admission_recovery,Follows standard acute management with admission to NC and recovery ending in release.,5.0,chronic_rework_readmission,1.0,0.13627880811691284,0.000579172105062753
V0456,inpatient_admission_recovery,Typical acute emergency treatment followed by inpatient admission and recovery resulting in release.,4.0,chronic_rework_readmission,2.0,0.12042984366416931,0.0028310175985097885
V0457,chronic_rework_readmission,Exhibits multiple repeated admissions across NC and IC wards along with extensive test rework.,17.0,inpatient_admission_recovery,9.0,0.4448033273220062,0.00035307396319694817
V0458,chronic_rework_readmission,Spans over 80 days and ends in a return to the emergency room following initial treatment.,7.0,inpatient_admission_recovery,3.0,0.24383991956710815,0.21243704855442047
V0459,inpatient_admission_recovery,"Involves triage, IV antibiotics, and inpatient admission leading to release within a week.",9.0,chronic_rework_readmission,5.0,0.1220625638961792,0.000981189077720046
V0460,chronic_rework_readmission,"Involves extended ward stays, diagnostic rework, and an eventual return to the ER.",4.0,inpatient_admission_recovery,2.0,0.036592137068510056,0.004072097130119801
V0461,inpatient_admission_recovery,Standard acute trajectory with admission and eventual release.,6.0,chronic_rework_readmission,2.0,0.11533113569021225,0.0022676968947052956
V0462,acute_emergency_treatment,"Short encounter involving emergency stabilization, IV fluids, IV antibiotics, and initial diagnostics without formal extended admission.",3.0,chronic_rework_readmission,1.0,0.6914212107658386,0.18317042291164398
V0463,chronic_rework_readmission,Long-duration encounter of nearly 100 days culminating in a return to the ER.,9.0,inpatient_admission_recovery,2.0,0.36000242829322815,0.01720411144196987
V0464,chronic_rework_readmission,Extremely prolonged encounter spanning over 110 days with test rework and an ER return.,6.0,inpatient_admission_recovery,3.0,0.11440598964691162,0.04443754628300667
V0465,inpatient_admission_recovery,"Involves emergency stabilization, inpatient admission, and subsequent release.",5.0,chronic_rework_readmission,4.0,0.011811607517302036,0.004042045678943396
V0466,inpatient_admission_recovery,Multiple admission steps culminating in a successful discharge/release category over a moderate duration.,5.0,chronic_rework_readmission,3.0,0.14417798817157745,0.0001743799221003428
V0467,chronic_rework_readmission,"Contains test repetitions, multiple ward admissions, and ends with a return to the ER.",6.0,inpatient_admission_recovery,3.0,0.026851268485188484,0.002682177582755685
V0468,chronic_rework_readmission,Features recurring diagnostics and an eventual return to the emergency room.,6.0,inpatient_admission_recovery,4.0,0.15070655941963196,0.000787179043982178
V0469,chronic_rework_readmission,"Prolonged encounter with multiple rounds of diagnostics and ward admissions, ending in an ER return.",6.0,inpatient_admission_recovery,5.0,0.019452625885605812,0.004716466646641493
V0470,inpatient_admission_recovery,"Inpatient admission following stabilization, concluding with a release.",5.0,chronic_rework_readmission,2.0,0.3336627781391144,0.015381681732833385
V0471,inpatient_admission_recovery,Standard acute management and inpatient admission culminating in release.,4.0,chronic_rework_readmission,2.0,0.01018301397562027,0.002413452137261629
V0472,inpatient_admission_recovery,Inpatient admission and recovery ending in release.,6.0,chronic_rework_readmission,3.0,0.0060279457829892635,0.001672291778959334
V0473,chronic_rework_readmission,Involves diagnostic rework and concludes with a return to the ER.,8.0,inpatient_admission_recovery,2.0,0.15410815179347992,0.002614416880533099
V0474,chronic_rework_readmission,Extremely prolonged duration spanning nearly 180 days with an eventual return to the ER.,6.0,inpatient_admission_recovery,2.0,0.15487219393253326,0.06791376322507858
V0475,inpatient_admission_recovery,Standard inpatient admission and recovery path resulting in a release.,4.0,chronic_rework_readmission,3.0,0.005936881992965937,0.004812236875295639
V0476,inpatient_admission_recovery,"Involves formal hospital admission (Admission NC) following emergency evaluation and stabilization, culminating in a release after a 100-day stay.",6.0,chronic_rework_readmission,3.0,0.5866438150405884,0.0044742790050804615
V0477,inpatient_admission_recovery,Follows a path of emergency diagnostics and IV stabilization into hospital admission (Admission NC) and subsequent release.,7.0,chronic_rework_readmission,4.0,0.1193070113658905,0.0003598576586227864
V0478,inpatient_admission_recovery,"Proceeds through initial ER triage, stabilization, and formal admission (Admission NC) leading to recovery and release.",10.0,chronic_rework_readmission,4.0,0.11422007530927658,0.0033787565771490335
V0479,inpatient_admission_recovery,Includes acute management followed by admission to NC and eventual discharge before returning to the ER later.,2.0,chronic_rework_readmission,2.0,0.3525939881801605,0.0003767184680327773
V0480,inpatient_admission_recovery,"Represents a typical inpatient stay path with triage, IV stabilization, and admission to NC culminating in release.",5.0,chronic_rework_readmission,2.0,0.010040096007287502,0.008915451355278492
V0481,inpatient_admission_recovery,"Features initial emergency assessment, IV medications, and admission (Admission NC) leading to a standard recovery and release.",11.0,chronic_rework_readmission,5.0,0.13500820100307465,0.0007501777727156878
V0482,inpatient_admission_recovery,"Involves emergency triage, diagnostics, IV interventions, and admission to NC prior to release and a subsequent ER return.",9.0,chronic_rework_readmission,2.0,0.47156772017478943,0.0004347429203335196
V0483,chronic_rework_readmission,"Extremely prolonged variant spanning 36 days with extensive repetition of lab tests (CRP, Leucocytes) and a final release type B.",25.0,inpatient_admission_recovery,15.0,0.3359266519546509,0.02753552980720997
V0484,chronic_rework_readmission,"Highly prolonged course spanning 62 days with heavy diagnostic rework, multiple admissions, and an eventual return to the ER.",9.0,inpatient_admission_recovery,5.0,0.09672095626592636,0.02675250917673111
V0485,chronic_rework_readmission,"Complex and prolonged encounter featuring intensive care admission (Admission IC), multiple ward admissions, and extensive repeat testing over 13 days.",22.0,inpatient_admission_recovery,15.0,0.4490346908569336,0.0038783298805356026
V0486,inpatient_admission_recovery,Involves an inpatient admission following initial ER evaluations and multiple diagnostic repetitions ending in a formal release (Release D).,13.0,chronic_rework_readmission,5.0,0.4814549386501312,0.01688617654144764
V0487,inpatient_admission_recovery,"Proceeds through ER triage, IV fluids, IV antibiotics, and admission to NC followed by follow-up labs and release.",7.0,chronic_rework_readmission,4.0,0.18883667886257172,0.0028119406197220087
V0488,rapid_assessment_triage,"Short encounter consisting strictly of initial registration, triage, diagnostics, and basic IV treatment without hospital admission.",3.0,acute_emergency_treatment,1.0,0.34021127223968506,0.05839361250400543
V0489,inpatient_admission_recovery,Involves standard emergency diagnostics and IV treatments followed by hospital admission (Admission NC) and subsequent release.,7.0,acute_emergency_treatment,3.0,0.3356696367263794,0.013590286485850811
V0490,inpatient_admission_recovery,"Follows initial assessment and acute treatment with admission to NC, subsequent diagnostic tracking, and final release.",7.0,chronic_rework_readmission,2.0,0.16721773147583008,0.0053407358936965466
V0491,inpatient_admission_recovery,"Includes standard triage, IV interventions, and hospital admission (Admission NC) leading to recovery and release.",2.0,chronic_rework_readmission,2.0,0.010112176649272442,0.0023426152765750885
V0492,acute_emergency_treatment,"Short encounter involving emergency triage, labs, and acute medical management via IV antibiotics and IV fluids without hospital admission.",6.0,inpatient_admission_recovery,3.0,0.7116878628730774,0.33381107449531555
V0493,inpatient_admission_recovery,Proceeds from emergency care and IV stabilization to inpatient admission and eventual discharge.,7.0,rapid_assessment_triage,4.0,0.3540533483028412,0.012289193458855152
V0494,inpatient_admission_recovery,"Involves initial emergency care, IV antibiotics and fluids, and a hospital admission (Admission NC) leading to recovery.",9.0,chronic_rework_readmission,3.0,0.006466312799602747,0.005341667681932449
V0495,rapid_assessment_triage,"Brief encounter consisting of triage, basic labs, and IV therapy completed within hours without any hospital admission.",5.0,acute_emergency_treatment,2.0,0.02415773831307888,5.2188017434673384e-05
V0496,inpatient_admission_recovery,"Standard patient path involving emergency assessment, stabilization, and formal admission to NC followed by discharge.",7.0,chronic_rework_readmission,4.0,0.11387591809034348,0.002115231705829501
V0497,rapid_assessment_triage,Short triage and basic diagnostic encounter followed rapidly by a release and subsequent return to the ER without an extended stay or heavy intervention.,5.0,chronic_rework_readmission,2.0,0.4652389585971832,0.0014986841706559062
V0498,inpatient_admission_recovery,"Involves formal hospital admission following emergency diagnostics and extensive monitoring, culminating in a release category (Release D).",12.0,chronic_rework_readmission,6.0,0.3747481107711792,0.026362581178545952
V0499,inpatient_admission_recovery,"Features emergency stabilization and labs, admission to NC, repeat diagnostic testing, and final release.",7.0,chronic_rework_readmission,4.0,0.11883556842803955,0.0012367432937026024
V0500,inpatient_admission_recovery,Proceeds from emergency stabilization and IV treatment into formal hospital admission (Admission NC) before release.,6.0,chronic_rework_readmission,4.0,0.1775723695755005,0.011263021267950535
V0501,inpatient_admission_recovery,"Involves formal hospital admission (Admission NC) following emergency stabilization and diagnostics, resulting in release/completion.",5.0,acute_emergency_treatment,2.0,0.7104199528694153,0.0009680844959802926
V0502,acute_emergency_treatment,"Focuses on immediate stabilization via IV fluids and antibiotics following emergency triage and labs, culminating directly in admission without extended inpatient rework or recovery loops.",3.0,inpatient_admission_recovery,2.0,0.335563063621521,0.00506986677646637
V0503,inpatient_admission_recovery,"Includes emergency stabilization, admission to NC, and successful discharge (Release B).",5.0,acute_emergency_treatment,2.0,0.7117660045623779,0.33354461193084717
V0504,chronic_rework_readmission,"Features extensive repetition of diagnostic tests (CRP, Leucocytes) and a return to the emergency room after release.",0.0,inpatient_admission_recovery,2.0,0.12296562641859055,0.012298156507313251
V0505,chronic_rework_readmission,"Contains prolonged stays with repeated diagnostic tests (CRP, Leucocytes) leading to readmission or return to the ER.",4.0,inpatient_admission_recovery,1.0,0.1309841275215149,0.04402570053935051
V0506,chronic_rework_readmission,Exhibits rework with repeated CRP and Leucocytes tests during the recovery phase.,5.0,inpatient_admission_recovery,1.0,0.511857271194458,3.452698001638055e-05
V0507,acute_emergency_treatment,"Represents acute medical management in the emergency setting with labs and IV treatments, ending without admission.",3.0,rapid_assessment_triage,2.0,0.01212841272354126,0.0015148621750995517
V0508,chronic_rework_readmission,"Displays high duration, extensive repeated diagnostics (CRP and Leucocytes), and an eventual return to the ER.",9.0,inpatient_admission_recovery,5.0,0.13375051319599152,0.046792078763246536
V0509,chronic_rework_readmission,Involves repeated diagnostic tests (CRP) during the inpatient/recovery period.,7.0,inpatient_admission_recovery,1.0,0.5041723847389221,3.965921132476069e-05
V0510,rapid_assessment_triage,"Short, fast-tracked encounter with registration, triage, basic labs, and IV antibiotics completed quickly without admission.",3.0,acute_emergency_treatment,1.0,0.002677004085853696,0.003596652066335082
V0511,chronic_rework_readmission,"Characterized by repeated admissions (Admission NC) and multiple diagnostic test repetitions (CRP, LacticAcid, Leucocytes).",10.0,inpatient_admission_recovery,7.0,0.437822550535202,0.007333848625421524
V0512,chronic_rework_readmission,Demonstrates inpatient rework with repeated admissions and diagnostic test cycles.,8.0,inpatient_admission_recovery,3.0,0.39946433901786804,4.095812619198114e-05
V0513,chronic_rework_readmission,Features repeated hospital admissions and diagnostic test cycles before final release.,7.0,inpatient_admission_recovery,1.0,0.4072815477848053,0.000416420865803957
V0514,chronic_rework_readmission,Highly prolonged variant with extensive repetition of CRP and Leucocytes tests and multiple admissions.,10.0,inpatient_admission_recovery,4.0,0.3620043098926544,4.843600436288398e-06
V0515,chronic_rework_readmission,Extremely prolonged stay spanning months with repeated diagnostic tests and return to the emergency room.,6.0,inpatient_admission_recovery,5.0,0.024722127243876457,0.04889122024178505
V0516,chronic_rework_readmission,"Shows severe process disorder and repetition of diagnostics (CRP, LacticAcid, Leucocytes) out of standard sequence.",12.0,acute_emergency_treatment,6.0,0.6683966517448425,0.14908649027347565
V0517,rapid_assessment_triage,"Short, fast-tracked initial encounter consisting strictly of registration, triage, and basic blood work without admission.",1.0,inpatient_admission_recovery,2.0,0.6808204650878906,0.6667860150337219
V0518,inpatient_admission_recovery,"Follows a standard path of emergency stabilization, inpatient admission, and subsequent release.",5.0,acute_emergency_treatment,3.0,0.023656576871871948,0.003522123210132122
V0519,chronic_rework_readmission,"Features repeated admission steps, repeated diagnostics, and an eventual return to the ER.",5.0,inpatient_admission_recovery,2.0,0.03873889148235321,0.006218853872269392
V0520,chronic_rework_readmission,Includes repeated admissions and diagnostic rework leading back to an ER visit.,7.0,inpatient_admission_recovery,2.0,0.15704721212387085,0.0032373873982578516
V0521,chronic_rework_readmission,Exhibits multiple instances of admission repetition and repeated CRP/Leucocytes tests.,9.0,inpatient_admission_recovery,4.0,0.3873896598815918,0.00010127588757313788
V0522,chronic_rework_readmission,"Complex prolonged variant with heavy repetition of LacticAcid, CRP, and Leucocytes tests over many days.",17.0,inpatient_admission_recovery,10.0,0.4426436424255371,0.03807501122355461
V0523,chronic_rework_readmission,Contains repeated admissions and extensive cyclical repetition of diagnostic workups.,5.0,inpatient_admission_recovery,4.0,0.4637933075428009,0.0038483443204313517
V0524,inpatient_admission_recovery,"Involves emergency care, admission, and standard recovery leading to release, with only minor routine follow-up diagnostics.",7.0,chronic_rework_readmission,3.0,0.009103244170546532,0.007978598587214947
V0525,inpatient_admission_recovery,"Follows standard emergency stabilization, hospital admission, and recovery ending in release.",4.0,chronic_rework_readmission,2.0,0.1755208522081375,0.00849688146263361
V0526,chronic_rework_readmission,"The variant features extensive rework of diagnostic tests and hospital admissions, culminating in a return to the emergency room after a prolonged period.",8.0,inpatient_admission_recovery,2.0,0.055639058351516724,0.07980815321207047
V0527,inpatient_admission_recovery,"Involves hospital admission following stabilization and diagnostics, culminating in a successful discharge.",9.0,chronic_rework_readmission,5.0,0.1728632003068924,0.0007188001764006913
V0528,chronic_rework_readmission,"Characterized by repeated lab tests (CRP, Leucocytes, LacticAcid) and ward readmissions, resulting in a return to the emergency room.",8.0,inpatient_admission_recovery,7.0,0.1044609546661377,0.03449251502752304
V0529,chronic_rework_readmission,Shows diagnostic repetition and leads to a return to the emergency room over a prolonged duration.,7.0,inpatient_admission_recovery,3.0,0.1579536646604538,0.07099524140357971
V0530,chronic_rework_readmission,"Features repeated admissions and diagnostics, ending with a return to the emergency room.",8.0,inpatient_admission_recovery,5.0,0.011533628217875957,0.035702720284461975
V0531,chronic_rework_readmission,"Includes repeated intensive care and ward admissions, frequent diagnostic rework, and a return to the emergency room.",7.0,inpatient_admission_recovery,5.0,0.240115225315094,0.16008366644382477
V0532,inpatient_admission_recovery,Follows a standard inpatient admission path with recovery and release despite some diagnostic repetitions.,7.0,chronic_rework_readmission,3.0,0.008643542416393757,0.007518896833062172
V0533,inpatient_admission_recovery,Represents a typical inpatient hospital stay and recovery process culminating in release.,3.0,chronic_rework_readmission,2.0,0.02010144479572773,0.0033130066003650427
V0534,inpatient_admission_recovery,"Involves emergency care followed by hospital admission and recovery, resulting in release.",5.0,chronic_rework_readmission,3.0,0.11489809304475784,0.002700730925425887
V0535,chronic_rework_readmission,Exhibits prolonged duration with extensive diagnostic repetition and ends in an emergency room return.,5.0,inpatient_admission_recovery,3.0,0.13824842870235443,0.05128999054431915
V0536,inpatient_admission_recovery,Follows an inpatient admission and recovery pathway leading to a successful release.,5.0,chronic_rework_readmission,3.0,0.11390700191259384,0.003691831836476922
V0537,inpatient_admission_recovery,Proceeds through initial diagnostics and admission into recovery and release.,6.0,acute_emergency_treatment,3.0,0.007467873860150576,0.00023236357083078474
V0538,chronic_rework_readmission,Features high levels of ward readmissions and repeated diagnostic testing spanning multiple weeks.,12.0,inpatient_admission_recovery,7.0,0.356158584356308,0.0037511747796088457
V0539,chronic_rework_readmission,"Demonstrates repeated admissions and diagnostic rework over a prolonged timeline, leading to an emergency room return.",5.0,inpatient_admission_recovery,3.0,0.019306739792227745,0.00486235274001956
V0540,inpatient_admission_recovery,Involves acute treatment and admission followed by successful release.,8.0,chronic_rework_readmission,4.0,0.45641064643859863,0.0192574430257082
V0541,acute_emergency_treatment,Represents a direct acute medical management pathway with stabilization and release without complex rework.,5.0,inpatient_admission_recovery,1.0,0.4131179749965668,0.0017786488169804215
V0542,chronic_rework_readmission,"Contains substantial repetition of tests like LacticAcid, CRP, and Leucocytes during the inpatient phase.",10.0,inpatient_admission_recovery,5.0,0.559971034526825,0.0007972149760462344
V0543,chronic_rework_readmission,"Highly prolonged variant with extensive repetition of tests and admissions, ending in an emergency room return.",19.0,inpatient_admission_recovery,14.0,0.18446899950504303,0.08777078986167908
V0544,inpatient_admission_recovery,Standard acute stabilization followed by admission and recovery resulting in release.,6.0,chronic_rework_readmission,2.0,0.005522526800632477,0.0021777108777314425
V0545,inpatient_admission_recovery,"Admitted following emergency stabilization, successfully leading to a release outcome.",4.0,chronic_rework_readmission,1.0,0.009166467003524303,0.008041821420192719
V0546,chronic_rework_readmission,Spans multiple weeks with diagnostic rework and culminates in a return to the emergency room.,6.0,inpatient_admission_recovery,3.0,0.1206330880522728,0.014630691148340702
V0547,chronic_rework_readmission,Features repeated ward admissions and extensive diagnostic iterations.,17.0,inpatient_admission_recovery,11.0,0.36785733699798584,0.0043951538391411304
V0548,chronic_rework_readmission,Exhibits complex rework with multiple iterations of admissions and tests.,8.0,inpatient_admission_recovery,5.0,0.46758148074150085,0.0025319315027445555
V0549,rapid_assessment_triage,"Short encounter consisting of registration, triage, diagnostics, and initial treatment without hospital admission.",3.0,acute_emergency_treatment,1.0,0.4136354625225067,0.0006197022157721221
V0550,acute_emergency_treatment,Fast-tracked acute stabilization and emergency management resulting in a quick release.,6.0,inpatient_admission_recovery,3.0,0.6672950387001038,0.057794537395238876
V0551,inpatient_admission_recovery,"Involves formal hospital admission (Admission NC, Admission IC) following acute emergency treatment and diagnostics, culminating in a successful release.",75.0,chronic_rework_readmission,35.0,0.21826492249965668,0.013110836036503315
V0552,inpatient_admission_recovery,Proceeds from ER triage and diagnostics to hospital admission and ultimately release.,15.0,chronic_rework_readmission,6.0,0.34762290120124817,0.018719643354415894
V0553,inpatient_admission_recovery,"Features formal hospital admission following emergency treatment and diagnostics, ending in a release.",23.0,chronic_rework_readmission,8.0,0.5504051446914673,0.08387475460767746
V0554,inpatient_admission_recovery,"Includes hospital admission following stabilization and diagnostics, leading to release.",4.0,chronic_rework_readmission,2.0,0.11893226951360703,1.4887139514030423e-05
V0555,inpatient_admission_recovery,"Follows a path of emergency assessment, IV intervention, and hospital admission before release.",5.0,chronic_rework_readmission,4.0,0.5017353892326355,0.02898959070444107
V0556,chronic_rework_readmission,"Characterized by repeat ward admissions, multiple diagnostic tests, and ultimately a return to the emergency room.",4.0,inpatient_admission_recovery,3.0,0.026202911511063576,0.0020338213071227074
V0557,inpatient_admission_recovery,"Involves admission to NC following emergency care and diagnostics, resulting in a release.",5.0,chronic_rework_readmission,3.0,0.13359475135803223,0.0006632764707319438
V0558,chronic_rework_readmission,"Features extensive delays, repeated diagnostics, and an eventual return to the emergency room.",6.0,inpatient_admission_recovery,3.0,0.12262173742055893,0.035663310438394547
V0559,chronic_rework_readmission,Contains prolonged care with repeated diagnostic testing and a return to the ER.,6.0,inpatient_admission_recovery,4.0,0.0034087207168340683,0.02757781185209751
V0560,chronic_rework_readmission,Exhibits rework of diagnostic tests and ends with a return to the emergency room.,6.0,inpatient_admission_recovery,3.0,0.11914210766553879,0.016121674329042435
V0561,inpatient_admission_recovery,"Includes hospital admission after initial triage and diagnostic testing, ending in a standard release.",8.0,chronic_rework_readmission,4.0,0.011144477874040604,0.010019832290709019
V0562,inpatient_admission_recovery,Proceeds from ER registration and diagnostics to hospital admission and release.,6.0,chronic_rework_readmission,4.0,0.012925874441862106,0.010488578118383884
V0563,inpatient_admission_recovery,Involves intensive intervention and inpatient admission (NC and IC) before concluding with release.,13.0,chronic_rework_readmission,8.0,0.16781987249851227,0.0036364514380693436
V0564,chronic_rework_readmission,"Features repeated hospital admissions and diagnostic work, culminating in a return to the ER.",8.0,inpatient_admission_recovery,3.0,0.0,0.024169092997908592
V0565,acute_emergency_treatment,"Consists of immediate stabilization and emergency medical management via IV fluids and antibiotics leading to admission, without long rework.",5.0,rapid_assessment_triage,2.0,0.33398520946502686,0.007951495237648487
V0566,inpatient_admission_recovery,"Involves standard hospital admission following emergency treatment, leading to discharge.",8.0,chronic_rework_readmission,4.0,0.12686656415462494,9.242021042155102e-05
V0567,chronic_rework_readmission,Prolonged encounter spanning a long duration with recurring diagnostics and a return to the emergency room.,6.0,inpatient_admission_recovery,2.0,0.1540754735469818,0.06711705029010773
V0568,inpatient_admission_recovery,"Involves multiple ward admissions following initial emergency care, culminating in release.",10.0,chronic_rework_readmission,7.0,0.18654851615428925,0.000523786002304405
V0569,inpatient_admission_recovery,Proceeds from emergency stabilization to hospital admission and successful release.,4.0,chronic_rework_readmission,2.0,0.11311289668083191,0.0016100724460557103
V0570,inpatient_admission_recovery,"Features hospital admission following emergency care, followed by recovery and release.",15.0,chronic_rework_readmission,4.0,0.13825373351573944,0.0013957590563222766
V0571,chronic_rework_readmission,Extensive repetition of diagnostics and multi-stage ward admissions over a prolonged period.,25.0,inpatient_admission_recovery,14.0,0.44552478194236755,0.035193875432014465
V0572,inpatient_admission_recovery,"Involves formal inpatient admission (NC/IC), diagnostic recovery cycles, and final release.",22.0,chronic_rework_readmission,7.0,0.15220753848552704,0.0024495688267052174
V0573,chronic_rework_readmission,"Long duration path featuring repeated ward admissions and diagnostics, ending in a return to the ER.",5.0,inpatient_admission_recovery,4.0,0.024111779406666756,5.731179771828465e-05
V0574,inpatient_admission_recovery,"Follows a standard course of emergency stabilization, inpatient admission, and subsequent release.",13.0,chronic_rework_readmission,9.0,0.16908703744411469,0.007210034877061844
V0575,rapid_assessment_triage,"Short, fast-tracked encounter with initial registration, triage, diagnostics, and IV intervention, completing within a few hours without admission.",4.0,acute_emergency_treatment,2.0,0.7271148562431335,0.06940972059965134
V0576,inpatient_admission_recovery,"Initial triage, IV antibiotics, and admission leading to eventual discharge (Release A) with some inpatient care recovery steps.",8.0,chronic_rework_readmission,6.0,0.12638983130455017,0.0009737925720401108
V0577,chronic_rework_readmission,Extended duration with frequent diagnostic repetitions and a final outcome of returning to the ER.,11.0,inpatient_admission_recovery,10.0,0.01249757781624794,0.03666666895151138
V0578,chronic_rework_readmission,Prolonged encounter involving repeated diagnostics and readmission/return to the ER.,3.0,inpatient_admission_recovery,2.0,0.12888960540294647,0.006374174263328314
V0579,chronic_rework_readmission,"Highly prolonged path with extensive repetition of diagnostics (CRP, Leucocytes, LacticAcid) and ward readmissions ending in return to ER.",44.0,inpatient_admission_recovery,32.0,0.09920402616262436,0.029235580936074257
V0580,acute_emergency_treatment,Emergency setting management with IV fluids and IV antibiotics after triage and blood work.,2.0,chronic_rework_readmission,2.0,0.6817585825920105,0.17350775003433228
V0581,chronic_rework_readmission,"Involves admission, repeated tests, and a return to the emergency room over a multi-week span.",6.0,inpatient_admission_recovery,4.0,0.018134403973817825,0.006034687627106905
V0582,inpatient_admission_recovery,"Inpatient admission following stabilization and diagnostics, culminating in release.",3.0,acute_emergency_treatment,2.0,0.17112191021442413,0.16999727487564087
V0583,inpatient_admission_recovery,"Formal hospital admission following emergency treatment, leading to successful release.",4.0,chronic_rework_readmission,4.0,0.11679931730031967,0.00010127588757313788
V0584,rapid_assessment_triage,"Short fast-tracked encounter consisting of initial registration, triage, and basic diagnostics without admission.",6.0,acute_emergency_treatment,1.0,0.41360363364219666,0.0006515100249089301
V0585,rapid_assessment_triage,Brief initial triage and blood work completed within minutes/hours without admission.,4.0,acute_emergency_treatment,2.0,0.34423890709877014,0.33362245559692383
V0586,inpatient_admission_recovery,Admission following acute treatment with subsequent recovery and discharge.,4.0,chronic_rework_readmission,2.0,0.3394401967525482,0.026902345940470695
V0587,rapid_assessment_triage,Short diagnostic and triage encounter completed within hours without admission.,2.0,acute_emergency_treatment,2.0,0.6962859034538269,0.18691067397594452
V0588,chronic_rework_readmission,Prolonged timeline with intensive testing loops and return to the emergency room.,10.0,inpatient_admission_recovery,5.0,0.18027137219905853,0.11030292510986328
V0589,inpatient_admission_recovery,Admission following acute treatment with subsequent recovery and discharge.,8.0,chronic_rework_readmission,6.0,0.4574374258518219,0.005349366459995508
V0590,chronic_rework_readmission,Extended patient path spanning months with repeated admissions and return to ER.,6.0,inpatient_admission_recovery,4.0,0.03585585579276085,0.06002494692802429
V0591,chronic_rework_readmission,"Involves admission, release, and subsequent return to the emergency room.",8.0,inpatient_admission_recovery,1.0,0.3742120563983917,0.007256778422743082
V0592,rapid_assessment_triage,"Short encounter consisting of triage, blood work, and IV treatment completed quickly without admission.",3.0,acute_emergency_treatment,2.0,0.011768854223191738,0.002265542047098279
V0593,inpatient_admission_recovery,"Inpatient admission following initial stabilization, leading to recovery and release.",7.0,chronic_rework_readmission,3.0,0.015533894300460815,0.007880558259785175
V0594,inpatient_admission_recovery,"Hospital admission following diagnostics, culminating in successful release.",8.0,chronic_rework_readmission,5.0,0.5191178917884827,0.0172345582395792
V0595,chronic_rework_readmission,Very prolonged encounter featuring rework and a return to the emergency room.,6.0,inpatient_admission_recovery,4.0,0.1357754021883011,0.06580694764852524
V0596,inpatient_admission_recovery,"Formal admission following emergency care, ending in release.",7.0,chronic_rework_readmission,4.0,0.0010279510170221329,9.66942825471051e-05
V0597,inpatient_admission_recovery,"IC/NC admission following acute treatment and diagnostics, culminating in release.",11.0,chronic_rework_readmission,7.0,0.18644648790359497,0.00042176127317361534
V0598,chronic_rework_readmission,Extended stay with extensive repeated diagnostic steps and ward movements.,14.0,inpatient_admission_recovery,7.0,0.34203004837036133,0.010885282419621944
V0599,inpatient_admission_recovery,"Admission following initial treatment, ending in release.",6.0,chronic_rework_readmission,3.0,0.015433214604854584,0.004701240453869104
V0600,chronic_rework_readmission,Complex and prolonged variant featuring extensive repetition of diagnostic tests and ward admissions.,24.0,inpatient_admission_recovery,10.0,0.447145015001297,0.0019886402878910303
V0601,inpatient_admission_recovery,"The patient goes through ER triage and diagnostics, receives IV fluids and antibiotics, is admitted to NC, and recovers with a final release.",5.0,chronic_rework_readmission,3.0,0.3425423204898834,0.020118551328778267
V0602,inpatient_admission_recovery,"Includes initial emergency care, IV intervention, and formal admission to IC and NC, culminating in discharge.",8.0,acute_emergency_treatment,6.0,0.5199181437492371,0.041752103716135025
V0603,inpatient_admission_recovery,Follows standard emergency evaluation into inpatient admission (NC) and eventual successful discharge.,6.0,chronic_rework_readmission,4.0,0.37629255652427673,0.11909843236207962
V0604,inpatient_admission_recovery,"Involves ER stabilization, lab diagnostics, IV treatment, and inpatient admission followed by discharge.",8.0,chronic_rework_readmission,2.0,0.02449714206159115,0.00014463810657616705
V0605,chronic_rework_readmission,"Features extensive diagnostic rework, ward admissions, and a long-term return to the emergency room months later.",10.0,inpatient_admission_recovery,6.0,0.23520277440547943,0.16523432731628418
V0606,inpatient_admission_recovery,Typical acute emergency path leading to inpatient admission and final release.,5.0,chronic_rework_readmission,3.0,0.005482508335262537,0.0022177291102707386
V0607,inpatient_admission_recovery,"Involves emergency steps, stabilization, inpatient admission, and subsequent release.",7.0,chronic_rework_readmission,4.0,0.11616486310958862,0.0014339629560709
V0608,inpatient_admission_recovery,Represents acute emergency management followed by formal hospital admission and eventual release.,6.0,chronic_rework_readmission,1.0,0.11784347891807556,0.0011036747600883245
V0609,inpatient_admission_recovery,Standard inpatient admission and recovery pathway following emergency stabilization.,8.0,chronic_rework_readmission,4.0,0.0063322498463094234,0.0052076042629778385
V0610,inpatient_admission_recovery,Proceeds from ER triage and IV treatment to inpatient admission and eventual discharge.,5.0,chronic_rework_readmission,2.0,0.1118970736861229,0.002825899049639702
V0611,inpatient_admission_recovery,"Involves stabilization, diagnostics, inpatient admission, and recovery to release.",11.0,chronic_rework_readmission,5.0,0.19782023131847382,0.00035307396319694817
V0612,inpatient_admission_recovery,Follows an emergency path with admission to an inpatient ward and final release.,5.0,chronic_rework_readmission,1.0,0.11788081377744675,0.0002819833462126553
V0613,inpatient_admission_recovery,"Standard trajectory of emergency treatment, admission, and recovery.",4.0,acute_emergency_treatment,2.0,0.1821277141571045,0.015818363055586815
V0614,chronic_rework_readmission,Features a prolonged duration spanning over five months and culminating in a return to the ER.,8.0,inpatient_admission_recovery,2.0,0.374085396528244,0.03128703311085701
V0615,chronic_rework_readmission,Characterized by an extended timeframe of over four months and a readmission/return to the ER.,5.0,inpatient_admission_recovery,3.0,0.14581985771656036,0.058861423283815384
V0616,inpatient_admission_recovery,Standard acute emergency treatment culminating in inpatient admission and recovery.,2.0,chronic_rework_readmission,2.0,0.1673433929681778,0.00031941215274855494
V0617,inpatient_admission_recovery,Typical acute care process resulting in hospital admission and successful discharge.,5.0,chronic_rework_readmission,4.0,0.1258324533700943,0.000416420865803957
V0618,inpatient_admission_recovery,Follows initial emergency diagnostics and IV therapy with formal admission and eventual release.,10.0,chronic_rework_readmission,5.0,0.475337415933609,0.01725548319518566
V0619,inpatient_admission_recovery,Emergency triage and acute intervention followed by inpatient admission and recovery.,4.0,acute_emergency_treatment,1.0,0.1728508472442627,0.006541502196341753
V0620,inpatient_admission_recovery,"Standard path of stabilization, admission, and successful discharge.",5.0,chronic_rework_readmission,4.0,0.11223609000444412,0.0007972149760462344
V0621,acute_emergency_treatment,"Involves immediate stabilization via IV fluids and antibiotics following triage, resulting in a quick release without formal inpatient admission.",6.0,rapid_assessment_triage,3.0,0.6791974902153015,0.04457711800932884
V0622,inpatient_admission_recovery,Features repeated diagnostic tests and admission to an inpatient unit before final recovery.,23.0,chronic_rework_readmission,10.0,0.1267780214548111,0.0015616616001352668
V0623,inpatient_admission_recovery,Standard acute care pathway leading to hospital admission and discharge.,4.0,chronic_rework_readmission,2.0,0.013111863285303116,0.005342301446944475
V0624,inpatient_admission_recovery,"Involves emergency management, IV interventions, and inpatient admission culminating in release.",4.0,chronic_rework_readmission,3.0,0.16936464607715607,0.002091687871143222
V0625,chronic_rework_readmission,Extremely prolonged duration spanning over a year with repeated diagnostics and a final return to the emergency room.,5.0,inpatient_admission_recovery,2.0,0.17715680599212646,0.09019839018583298
V0626,inpatient_admission_recovery,"Involves formal hospital admission following emergency triage and diagnostics, concluding in release.",5.0,chronic_rework_readmission,3.0,0.22369909286499023,0.11612194776535034
V0627,chronic_rework_readmission,Extensive repeat diagnostics and ward stays culminating in return to the emergency room over a prolonged period.,13.0,inpatient_admission_recovery,12.0,0.09499981254339218,0.025031371042132378
V0628,inpatient_admission_recovery,Emergency stabilization with admission and subsequent successful release.,4.0,chronic_rework_readmission,2.0,0.18381871283054352,0.01750935986638069
V0629,inpatient_admission_recovery,Emergency stabilization and admission leading to discharge.,11.0,chronic_rework_readmission,5.0,0.47057533264160156,0.24374409019947052
V0630,inpatient_admission_recovery,Inpatient admission following initial emergency stabilization and diagnostics.,9.0,chronic_rework_readmission,7.0,0.11290370672941208,0.001464825589209795
V0631,chronic_rework_readmission,Prolonged encounter featuring repeat tests and an eventual return to the ER.,4.0,inpatient_admission_recovery,2.0,0.11149647831916809,0.02453804761171341
V0632,chronic_rework_readmission,Long duration spanning many days with repeat diagnostics and a return to the emergency room.,5.0,inpatient_admission_recovery,2.0,0.15254975855350494,0.06559132784605026
V0633,chronic_rework_readmission,Extended timeline with repeated lab tests and readmission/return to ER.,6.0,inpatient_admission_recovery,3.0,0.1313239187002182,0.04436549171805382
V0634,inpatient_admission_recovery,Emergency care followed by inpatient admission and release.,3.0,chronic_rework_readmission,3.0,0.007541824597865343,0.00015841257118154317
V0635,chronic_rework_readmission,Highly prolonged course spanning hundreds of days with repeat testing and return to ER.,5.0,inpatient_admission_recovery,4.0,0.060268450528383255,0.0844375416636467
V0636,acute_emergency_treatment,Emergency stabilization and medical management without formal completed recovery or prolonged readmission.,4.0,inpatient_admission_recovery,2.0,0.694366455078125,0.003960905596613884
V0637,inpatient_admission_recovery,Initial emergency triage and admission leading to eventual release.,6.0,chronic_rework_readmission,2.0,0.11893454194068909,0.0013357116840779781
V0638,chronic_rework_readmission,Very long duration with extensive rework and return to the emergency room.,6.0,inpatient_admission_recovery,3.0,0.13740256428718567,0.06743411719799042
V0639,chronic_rework_readmission,Extended multi-step admission path featuring significant rework and return to the ER.,8.0,inpatient_admission_recovery,4.0,0.09462929517030716,0.0020689237862825394
V0640,chronic_rework_readmission,Lengthy course characterized by repeated diagnostic loops and ER return.,6.0,inpatient_admission_recovery,5.0,0.1161719337105751,0.01909184269607067
V0641,chronic_rework_readmission,Prolonged patient path with repeated tests and subsequent return to the ER.,4.0,inpatient_admission_recovery,2.0,0.15626199543476105,0.06930356472730637
V0642,inpatient_admission_recovery,"Emergency stabilization, intensive care, and admission culminating in release.",11.0,chronic_rework_readmission,4.0,0.11599370092153549,0.004554822575300932
V0643,chronic_rework_readmission,"Extensive repetition of tests, multiple ward admissions, and a final return to the ER.",20.0,inpatient_admission_recovery,11.0,0.10088778287172318,0.004189562983810902
V0644,acute_emergency_treatment,Acute medical management in the emergency setting with admission.,6.0,inpatient_admission_recovery,1.0,0.6922828555107117,0.18403202295303345
V0645,acute_emergency_treatment,Initial emergency treatment with stabilization and lab work without inpatient recovery or chronic rework.,4.0,rapid_assessment_triage,2.0,0.6713805794715881,0.2491689920425415
V0646,chronic_rework_readmission,Prolonged variant with repeated diagnostic cycles and a return to the emergency room.,11.0,inpatient_admission_recovery,8.0,0.5267322659492493,0.09228887408971786
V0647,inpatient_admission_recovery,Emergency diagnostics and admission leading to final release.,3.0,chronic_rework_readmission,1.0,0.22280532121658325,0.1141398474574089
V0648,inpatient_admission_recovery,"Inpatient admission following emergency intervention, ending in release.",9.0,chronic_rework_readmission,3.0,0.021953055635094643,0.0014613969251513481
V0649,chronic_rework_readmission,"Complex encounter featuring repeated testing, multiple ward transitions, and return to the ER.",6.0,inpatient_admission_recovery,5.0,0.02667645551264286,0.0025073629803955555
V0650,chronic_rework_readmission,Very long duration spanning over 200 days with ward readmission and return to the ER.,9.0,inpatient_admission_recovery,2.0,0.27026236057281494,0.07989973574876785
V0651,chronic_rework_readmission,"Variant features prolonged duration spanning months, repeated CRP tests, and return to the emergency room.",7.0,inpatient_admission_recovery,2.0,0.286575585603714,0.2551727294921875
V0652,chronic_rework_readmission,"Involves ward readmissions, repeated Leucocytes and Admission NC, and a return to the emergency room.",5.0,inpatient_admission_recovery,1.0,0.11113572120666504,0.1352555900812149
V0653,inpatient_admission_recovery,Initial emergency stabilization and diagnostics followed by formal hospital admission (Admission NC) culminating in successful discharge (Release A).,6.0,chronic_rework_readmission,4.0,0.11259129643440247,0.005007527302950621
V0654,,"The process is incomplete, terminating at Leucocytes without reaching a definitive release or admission recovery category.",,inpatient_admission_recovery,4.0,,0.03983199968934059
V0655,inpatient_admission_recovery,"Includes emergency stabilization, admission to intensive care and normal care, and ultimately ends in a successful release.",8.0,chronic_rework_readmission,5.0,0.17867028713226318,0.016793297603726387
V0656,chronic_rework_readmission,Shows extensive repetition of CRP and Leucocytes tests during a prolonged hospital stay before release.,13.0,inpatient_admission_recovery,7.0,0.37285223603248596,0.00750367296859622
V0657,inpatient_admission_recovery,"Follows a standard path of emergency diagnostics, inpatient admission, and subsequent release.",5.0,chronic_rework_readmission,4.0,0.1724563091993332,0.0009999602334573865
V0658,chronic_rework_readmission,"Features a prolonged duration over months, repeat testing, and a return to the emergency room.",8.0,inpatient_admission_recovery,2.0,0.2536970376968384,0.0044742790050804615
V0659,acute_emergency_treatment,"Involves triage, immediate stabilization with IV fluids and antibiotics, and a straightforward normal care admission and release.",4.0,inpatient_admission_recovery,1.0,0.4073173999786377,0.0018406291492283344
V0660,chronic_rework_readmission,Highly prolonged variant with extensive repetition of CRP and Leucocytes over multiple days.,17.0,inpatient_admission_recovery,9.0,0.36722972989082336,0.000579172105062753
V0661,chronic_rework_readmission,"Exhibits extensive repetition of diagnostic tests like CRP, Leucocytes, and LacticAcid during a multi-day stay.",18.0,inpatient_admission_recovery,11.0,0.5337051749229431,0.0007934749592095613
V0662,chronic_rework_readmission,Prolonged span over months featuring repeated diagnostics and returning to the emergency room.,8.0,inpatient_admission_recovery,5.0,0.18520313501358032,0.11523469537496567
V0663,acute_emergency_treatment,"Short acute emergency treatment path involving triage, lab work, IV therapy, and initial admission.",3.0,inpatient_admission_recovery,1.0,0.3388042747974396,0.0018286644481122494
V0664,,An incomplete variant terminating abruptly at IV Liquid without reaching a release or admission endpoint.,,rapid_assessment_triage,2.0,,0.000988506362773478
V0665,inpatient_admission_recovery,"Involves acute care, inpatient admission, and recovery ending in release.",6.0,chronic_rework_readmission,3.0,0.01361097116023302,0.009803480468690395
V0666,inpatient_admission_recovery,"Consists of emergency stabilization, admission, and successful release.",5.0,chronic_rework_readmission,3.0,0.1333286315202713,0.003950389567762613
V0667,chronic_rework_readmission,Prolonged duration spanning months with repeated diagnostics and emergency room return.,8.0,inpatient_admission_recovery,2.0,0.14822275936603546,0.06126433610916138
V0668,acute_emergency_treatment,"Straightforward acute management with IV fluids, antibiotics, and admission.",4.0,inpatient_admission_recovery,2.0,0.3911939561367035,0.0011292623821645975
V0669,inpatient_admission_recovery,Standard inpatient admission and recovery path leading to release.,3.0,chronic_rework_readmission,3.0,0.007923714816570282,0.00015415274538099766
V0670,chronic_rework_readmission,Involves repeated diagnostic tests and an emergency room return cycle.,8.0,inpatient_admission_recovery,5.0,0.5000397562980652,0.06940972059965134
V0671,chronic_rework_readmission,Prolonged duration spanning nearly two months with test repetition and emergency room return.,9.0,inpatient_admission_recovery,3.0,0.11989924311637878,0.0329408161342144
V0672,chronic_rework_readmission,"Extensive repetition of diagnostics like CRP, Leucocytes, and LacticAcid over a prolonged stay.",17.0,inpatient_admission_recovery,12.0,0.5519996285438538,0.002466572681441903
V0673,chronic_rework_readmission,Features extensive repetition of diagnostic tests and ward readmission steps.,8.0,inpatient_admission_recovery,5.0,0.37930920720100403,0.0011977615067735314
V0674,chronic_rework_readmission,"Extremely long sequence dominated by repetitive loops of CRP, Leucocytes, and LacticAcid.",38.0,inpatient_admission_recovery,24.0,0.5001494288444519,0.018397392705082893
V0675,chronic_rework_readmission,Prolonged duration over 180 days featuring extensive test repetition and return to the emergency room.,9.0,inpatient_admission_recovery,6.0,0.04488140717148781,0.06905049830675125
V0676,rapid_assessment_triage,"Short fast-tracked patient encounter with initial registration, triage, diagnostics, and IV antibiotics, concluding within an hour without admission.",5.0,acute_emergency_treatment,2.0,0.005197988823056221,0.000607567373663187
V0677,chronic_rework_readmission,"Involves admission, release, and a subsequent return to the ER after several weeks.",9.0,inpatient_admission_recovery,1.0,0.3398542106151581,0.00294414977543056
V0678,inpatient_admission_recovery,"Formal hospital admission following emergency diagnostics and stabilization, leading to discharge.",5.0,chronic_rework_readmission,4.0,0.11714756488800049,0.0004512621962931007
V0679,rapid_assessment_triage,"Brief encounter consisting of triage, labs, and IV antibiotics completed in 3 hours without admission.",3.0,acute_emergency_treatment,1.0,0.019356999546289444,7.773804099997506e-05
V0680,chronic_rework_readmission,"Features extensive repetition of diagnostic tests, ward readmissions, and a return to the emergency room.",9.0,inpatient_admission_recovery,6.0,0.17682290077209473,0.08654198795557022
V0681,chronic_rework_readmission,Prolonged span featuring repeated CRP tests and a return to the ER weeks later.,5.0,inpatient_admission_recovery,4.0,0.24551378190517426,0.21411092579364777
V0682,inpatient_admission_recovery,Inpatient admission (NC and IC) with diagnostics and subsequent release.,13.0,chronic_rework_readmission,8.0,0.5044087171554565,0.002525369171053171
V0683,inpatient_admission_recovery,Formal hospital admission with repeated tests and subsequent release.,9.0,chronic_rework_readmission,3.0,0.14207856357097626,4.843600436288398e-06
V0684,inpatient_admission_recovery,Inpatient admission with repeated test cycles and final release.,2.0,chronic_rework_readmission,2.0,0.12085139751434326,0.0005466329166665673
V0685,acute_emergency_treatment,Immediate stabilization with IV fluids and IV antibiotics following triage and lab work.,4.0,rapid_assessment_triage,2.0,0.0011023270199075341,0.0007684677839279175
V0686,chronic_rework_readmission,Inpatient admission resulting in release followed by a return to the ER months later.,9.0,inpatient_admission_recovery,1.0,0.38089028000831604,0.03809195011854172
V0687,chronic_rework_readmission,"Extended timeline with repeated admissions and diagnostic tests, culminating in a return to the ER.",5.0,inpatient_admission_recovery,2.0,0.010864456184208393,0.01330463495105505
V0688,chronic_rework_readmission,Inpatient stay followed by a return to the ER after a multi-week span.,6.0,inpatient_admission_recovery,3.0,0.11281082779169083,0.025852404534816742
V0689,acute_emergency_treatment,Acute medical management in the emergency setting culminating in IV antibiotics.,4.0,rapid_assessment_triage,1.0,0.0,0.0018707948038354516
V0690,inpatient_admission_recovery,Admission to IC and NC with diagnostic work and eventual release.,10.0,chronic_rework_readmission,5.0,0.11589434742927551,0.0019636324141174555
V0691,inpatient_admission_recovery,"Encounter requiring formal hospital admission (NC) following diagnostics, culminating in release.",6.0,acute_emergency_treatment,2.0,0.7300626635551453,0.33619096875190735
V0692,inpatient_admission_recovery,Emergency stabilization followed by inpatient admission and release.,7.0,acute_emergency_treatment,3.0,0.7091991901397705,0.33358609676361084
V0693,chronic_rework_readmission,Prolonged pathway featuring test repetitions and a return to the ER.,5.0,inpatient_admission_recovery,4.0,0.18235425651073456,0.15095137059688568
V0694,rapid_assessment_triage,"Extremely short encounter consisting strictly of initial registration, triage, and basic diagnostics.",3.0,acute_emergency_treatment,2.0,0.4126431941986084,0.374070405960083
V0695,inpatient_admission_recovery,"Hospital admission following stabilization and lab tests, ending in successful discharge.",5.0,chronic_rework_readmission,2.0,0.13385754823684692,0.0004004804359283298
V0696,chronic_rework_readmission,Complex prolonged variant with extensive test repetitions and a return to the emergency room months later.,8.0,inpatient_admission_recovery,6.0,0.1315280795097351,0.061559632420539856
V0697,inpatient_admission_recovery,Emergency stabilization followed by inpatient admission and release.,4.0,chronic_rework_readmission,1.0,0.01684468612074852,0.003289768472313881
V0698,inpatient_admission_recovery,"Inpatient admission following emergency intervention and diagnostic work, ending in release.",5.0,chronic_rework_readmission,2.0,0.12724001705646515,0.001823987695388496
V0699,inpatient_admission_recovery,"Stabilization, admission to NC, and subsequent release.",5.0,chronic_rework_readmission,3.0,0.009852534160017967,0.00208297255448997
V0700,inpatient_admission_recovery,"Admission following initial triage and stabilization, concluding with release.",4.0,acute_emergency_treatment,3.0,0.6862918734550476,0.24913859367370605
V0701,inpatient_admission_recovery,"Involves formal hospital admission (Admission NC) following initial emergency stabilization and diagnostics, culminating in release.",10.0,chronic_rework_readmission,3.0,0.4712303578853607,0.021362587809562683
V0702,inpatient_admission_recovery,"Includes hospital admission following triage and stabilization, ending in a discharge.",3.0,chronic_rework_readmission,2.0,0.12043047696352005,0.00012571847764775157
V0703,acute_emergency_treatment,"Focuses on acute emergency stabilization with IV fluids and antibiotics, and short stay without recovery discharge path.",6.0,inpatient_admission_recovery,2.0,0.7115187644958496,0.3339802920818329
V0704,inpatient_admission_recovery,Proceeds through emergency care to formal inpatient admission and eventual release.,7.0,chronic_rework_readmission,4.0,0.1342865377664566,0.0022163281682878733
V0705,chronic_rework_readmission,"Features readmission to the emergency room after inpatient recovery, indicating recurring acute complications.",5.0,inpatient_admission_recovery,3.0,0.018967418000102043,0.005201674532145262
V0706,inpatient_admission_recovery,"Involves ER triage, diagnostics, and admission NC culminating in discharge.",3.0,rapid_assessment_triage,2.0,0.3756657838821411,0.009154475294053555
V0707,rapid_assessment_triage,"Short encounter consisting of initial registration, triage, and basic diagnostics concluding quickly without intensive admission.",1.0,inpatient_admission_recovery,1.0,0.3548929989337921,0.0003059449081774801
V0708,acute_emergency_treatment,Stays within the emergency setting with stabilization via IV fluids and antibiotics following triage.,4.0,rapid_assessment_triage,2.0,0.0004547650460153818,0.0023255597334355116
V0709,inpatient_admission_recovery,"Follows emergency management and admission to ward, ending in release.",4.0,chronic_rework_readmission,3.0,0.33682966232299805,0.03650554269552231
V0710,chronic_rework_readmission,Highly prolonged variant with extensive repetition of diagnostics and ward admissions spanning months.,172.0,inpatient_admission_recovery,112.0,0.4475122392177582,0.049215395003557205
V0711,inpatient_admission_recovery,"Involves emergency treatment, inpatient admission, and subsequent recovery discharge.",5.0,chronic_rework_readmission,3.0,0.11571037024259567,0.0004395149589981884
V0712,chronic_rework_readmission,Prolonged pathway featuring intensive repeat diagnostics and returning to the ER after initial discharge.,11.0,inpatient_admission_recovery,8.0,0.09762866050004959,0.0009304405539296567
V0713,rapid_assessment_triage,Short fast-tracked encounter with diagnostics and IV antibiotics completed quickly without admission.,3.0,acute_emergency_treatment,1.0,0.03893059864640236,0.003704542526975274
V0714,inpatient_admission_recovery,"Standard patient path involving emergency assessment, admission, and recovery discharge.",4.0,chronic_rework_readmission,3.0,0.002300530904904008,0.0022158066276460886
V0715,acute_emergency_treatment,Represents acute medical management within the emergency setting with stabilization and quick release.,10.0,inpatient_admission_recovery,4.0,0.7086495757102966,0.003547282889485359
V0716,inpatient_admission_recovery,"Encounters requiring formal hospital admission following stabilization, leading to successful release.",7.0,chronic_rework_readmission,3.0,0.1349189430475235,0.0006609174888581038
V0717,inpatient_admission_recovery,"Includes emergency triage, IV antibiotics, admission, and final release.",6.0,chronic_rework_readmission,3.0,0.11779401451349258,0.0010959774954244494
V0718,chronic_rework_readmission,Extended variant spanning many days with recurring tests and returning to the emergency department.,20.0,inpatient_admission_recovery,13.0,0.11260389536619186,0.04263545200228691
V0719,chronic_rework_readmission,Complex prolonged variant with repeat diagnostics and a final return to the ER.,7.0,inpatient_admission_recovery,2.0,0.115254707634449,0.02829628437757492
V0720,chronic_rework_readmission,"Features substantial duration, repeat tests, admission, and ultimately a return to the emergency room.",4.0,inpatient_admission_recovery,2.0,0.017467956990003586,0.006701135542243719
V0721,chronic_rework_readmission,Highly prolonged course with extensive repeated lab tests and a subsequent return to the ER.,12.0,inpatient_admission_recovery,9.0,0.11955452710390091,0.03259610757231712
V0722,inpatient_admission_recovery,"Involves initial emergency interventions, formal admission, and recovery discharge.",3.0,chronic_rework_readmission,2.0,0.018595725297927856,0.001538728945888579
V0723,inpatient_admission_recovery,"Proceeds through emergency registration, stabilization, admission NC, and recovery release.",7.0,chronic_rework_readmission,4.0,0.11315661668777466,0.001566350576467812
V0724,chronic_rework_readmission,Involves repeat tests and a subsequent return to the emergency room after initial release.,7.0,inpatient_admission_recovery,2.0,0.15499339997768402,0.0034996650647372007
V0725,rapid_assessment_triage,"Short encounter with registration, triage, basic diagnostics, and admission followed by quick release.",3.0,inpatient_admission_recovery,2.0,0.7913020253181458,0.1675116866827011
V0726,inpatient_admission_recovery,"This narrative includes formal hospital admission to IC and NC following emergency stabilization and diagnostics, ultimately resulting in Release A.",20.0,chronic_rework_readmission,9.0,0.13349229097366333,0.0030105833429843187
V0727,chronic_rework_readmission,This variant features a return to the emergency room after an initial discharge and notable diagnostic rework.,5.0,inpatient_admission_recovery,2.0,0.1625322848558426,0.0755738690495491
V0728,inpatient_admission_recovery,"The patient goes through admission to NC following diagnostics and stabilization, culminating in release.",5.0,chronic_rework_readmission,4.0,0.11232832074165344,0.0008894387283362448
V0729,inpatient_admission_recovery,"Involves admission to IC and NC followed by successful release, fitting the inpatient admission and recovery pattern.",7.0,chronic_rework_readmission,4.0,0.11234463006258011,0.0009057482820935547
V0730,inpatient_admission_recovery,Follows emergency care with admission to NC and ends with a release.,6.0,chronic_rework_readmission,3.0,0.007153830025345087,0.0005464075366035104
V0731,inpatient_admission_recovery,"Shows admission to NC after triage and diagnostics, ending in release.",4.0,rapid_assessment_triage,2.0,0.18078196048736572,0.17268581688404083
V0732,inpatient_admission_recovery,Proceeds from emergency care and diagnostics to NC admission and release.,6.0,chronic_rework_readmission,2.0,0.3501727879047394,0.028093433007597923
V0733,inpatient_admission_recovery,Features multiple NC admissions following initial treatment and diagnostics before final release.,6.0,chronic_rework_readmission,2.0,0.11734121292829514,0.0002576210245024413
V0734,chronic_rework_readmission,Characterized by a return to the emergency room and repeated diagnostic tests.,4.0,inpatient_admission_recovery,2.0,0.27040496468544006,0.23900210857391357
V0735,inpatient_admission_recovery,Involves admission to NC followed by discharge.,5.0,acute_emergency_treatment,2.0,0.34018829464912415,0.22258947789669037
V0736,inpatient_admission_recovery,Includes hospital admission to NC and subsequent release after diagnostic rework.,5.0,chronic_rework_readmission,3.0,0.00504554295912385,0.003920897375792265
V0737,inpatient_admission_recovery,Proceeds through stabilization and diagnostics to NC admission and release.,5.0,chronic_rework_readmission,3.0,0.0057290163822472095,0.0019712208304554224
V0738,inpatient_admission_recovery,Shows a straightforward path of admission to NC and eventual release.,4.0,chronic_rework_readmission,2.0,0.029695414006710052,0.009560959413647652
V0739,inpatient_admission_recovery,Includes intensive care and ward admissions before final release.,8.0,chronic_rework_readmission,6.0,0.11261885613203049,0.0011799753410741687
V0740,inpatient_admission_recovery,"Involves admission to NC following diagnostics and emergency care, ending in release.",8.0,chronic_rework_readmission,3.0,0.0011009349254891276,0.0010162105318158865
V0741,inpatient_admission_recovery,"Features NC admission following acute treatment and lab work, culminating in release.",3.0,chronic_rework_readmission,3.0,0.008052880875766277,0.0002833188627846539
V0742,acute_emergency_treatment,Consists of acute medical management and emergency care without a formal hospital admission resulting in discharge.,6.0,chronic_rework_readmission,3.0,0.6816420555114746,0.016685370355844498
V0743,inpatient_admission_recovery,Follows emergency treatment with admission to NC and subsequent release.,8.0,chronic_rework_readmission,2.0,0.005502166226506233,0.004377520643174648
V0744,chronic_rework_readmission,Long duration variant involving extensive test repetitions and an eventual return to the ER.,13.0,inpatient_admission_recovery,8.0,0.17413921654224396,0.1041707769036293
V0745,chronic_rework_readmission,Prolonged path with multiple admissions and a final return to the emergency room.,7.0,inpatient_admission_recovery,4.0,0.13904708623886108,0.11487799137830734
V0746,chronic_rework_readmission,Extremely prolonged variant featuring extensive test repetition and a return to the emergency room.,22.0,inpatient_admission_recovery,15.0,0.19369788467884064,0.12372943758964539
V0747,inpatient_admission_recovery,Involves formal hospital admissions and recovery leading to a release category.,6.0,chronic_rework_readmission,5.0,0.5412734150886536,0.014636528678238392
V0748,chronic_rework_readmission,Features repeated admissions and diagnostics over a prolonged span before returning to the ER.,8.0,inpatient_admission_recovery,3.0,0.008122957311570644,0.03229204937815666
V0749,inpatient_admission_recovery,"Includes admission to NC and diagnostics, ending in a release.",3.0,chronic_rework_readmission,2.0,0.007363101467490196,0.0003371362399775535
V0750,acute_emergency_treatment,Short emergency encounter involving stabilization with IV antibiotics and fluids without formal hospital admission.,3.0,rapid_assessment_triage,2.0,0.3425241708755493,0.3383648693561554
V0751,inpatient_admission_recovery,"Involves formal hospital admission following emergency diagnostics and stabilization, leading to a successful release.",2.0,chronic_rework_readmission,2.0,0.004267740994691849,0.003432496450841427
V0752,chronic_rework_readmission,"High duration and extensive repetition of diagnostics, multiple ward admissions, and a final return to the emergency room.",16.0,inpatient_admission_recovery,9.0,0.17252080142498016,0.10255235433578491
V0753,chronic_rework_readmission,"Long duration with diagnostic rework, hospital admission, release, and subsequent return to the ER.",7.0,inpatient_admission_recovery,3.0,0.11906829476356506,0.03210986778140068
V0754,inpatient_admission_recovery,"Standard acute admission following stabilization and diagnostics, eventually returning to ER after release.",4.0,chronic_rework_readmission,2.0,0.3649274408817291,0.0028972222935408354
V0755,inpatient_admission_recovery,Inpatient admission with repeated diagnostics and recovery culminating in release.,6.0,chronic_rework_readmission,3.0,0.1187654361128807,0.001166608533822
V0756,chronic_rework_readmission,"Extremely prolonged duration with extensive repeated lab tests, multiple admissions, and an eventual return to the ER.",28.0,inpatient_admission_recovery,20.0,0.1209612712264061,0.05099283158779144
V0757,inpatient_admission_recovery,"Inpatient admission following initial emergency stabilization, leading to release and subsequent return.",7.0,chronic_rework_readmission,3.0,0.47991862893104553,5.731179771828465e-05
V0758,inpatient_admission_recovery,"Short inpatient admission following emergency care, ending in a routine release.",4.0,chronic_rework_readmission,1.0,0.14060218632221222,0.011223939247429371
V0759,acute_emergency_treatment,Short-stay encounter focused on emergency treatment with IV antibiotics and fluids after triage and lab work.,4.0,rapid_assessment_triage,2.0,0.05992894247174263,0.007191173732280731
V0760,inpatient_admission_recovery,Inpatient admission trajectory with repeated diagnostics and final release.,7.0,chronic_rework_readmission,3.0,0.1278834491968155,0.00042987370397895575
V0761,inpatient_admission_recovery,"Inpatient admission following emergency triage and treatment, concluding with a release.",7.0,chronic_rework_readmission,2.0,0.009165087714791298,0.001395525992847979
V0762,chronic_rework_readmission,Prolonged encounter featuring extensive repetitive diagnostic testing and prolonged ward stays.,22.0,inpatient_admission_recovery,12.0,0.511361300945282,0.007185527589172125
V0763,chronic_rework_readmission,"Long duration involving intense repetition of lab work, multiple ward admissions, and a return to the emergency room.",38.0,inpatient_admission_recovery,26.0,0.09008171409368515,0.0066165137104690075
V0764,,Incomplete or truncated sequence ending prematurely at ER Sepsis Triage without completing treatment or admission.,,acute_emergency_treatment,1.0,,0.05639234557747841
V0765,chronic_rework_readmission,Very long overall duration with multiple admissions and a subsequent return to the ER.,5.0,inpatient_admission_recovery,3.0,0.0513375960290432,0.07550668716430664
V0766,inpatient_admission_recovery,"Brief inpatient admission following diagnostics and triage, ending in release.",3.0,chronic_rework_readmission,2.0,0.1770046353340149,0.010695287026464939
V0767,inpatient_admission_recovery,Inpatient admission followed by release and later readmission via ER return.,6.0,chronic_rework_readmission,1.0,0.7357749938964844,0.00294414977543056
V0768,inpatient_admission_recovery,Standard emergency care leading to inpatient admission and eventual release.,7.0,acute_emergency_treatment,3.0,0.3338982164859772,0.010689099319279194
V0769,inpatient_admission_recovery,"Inpatient admission trajectory with initial emergency treatment and diagnostics, ending in discharge.",5.0,chronic_rework_readmission,3.0,0.02172590233385563,0.0016885491786524653
V0770,inpatient_admission_recovery,"Emergency stabilization, inpatient admission, and recovery leading to release, followed by an ER return.",10.0,chronic_rework_readmission,3.0,0.5462784171104431,0.0009044032194651663
V0771,inpatient_admission_recovery,"Inpatient admission path with stabilization, diagnostics, and subsequent release.",5.0,chronic_rework_readmission,1.0,0.12060282379388809,0.00029806685051880777
V0772,,Incomplete sequence terminating unexpectedly after repeated CRP tests without a clear release or admission outcome.,,inpatient_admission_recovery,2.0,,0.0012781230034306645
V0773,inpatient_admission_recovery,Standard inpatient admission sequence with diagnostics and a final successful release.,2.0,acute_emergency_treatment,2.0,0.17123524844646454,0.004925895947962999
V0774,,"Abnormal ordering with tests performed before registration and triage, ending prematurely at ER Sepsis Triage.",,rapid_assessment_triage,2.0,,0.039881180971860886
V0775,,"Incomplete sequence terminating at a repetitive CRP test without reaching admission, release, or emergency completion.",,acute_emergency_treatment,2.0,,0.004500298295170069
V0776,inpatient_admission_recovery,"The patient experienced formal hospital admission (Admission NC) following emergency evaluation and stabilization, ultimately culminating in a successful discharge (Release A).",6.0,chronic_rework_readmission,4.0,0.11740812659263611,0.00019069846894126385
V0777,rapid_assessment_triage,"Short patient encounter consisting of registration, triage, diagnostics, and IV interventions without admission, finishing within minutes.",3.0,acute_emergency_treatment,2.0,0.3547540605068207,0.3370702564716339
V0778,rapid_assessment_triage,Fast-tracked encounter with diagnostics and acute treatment completed within hours without a hospital admission.,5.0,acute_emergency_treatment,2.0,0.7190421223640442,0.24414904415607452
V0779,chronic_rework_readmission,"Involves admission, repeat testing, temporary release, and a final return to the emergency room (Return ER).",7.0,inpatient_admission_recovery,3.0,0.1487567275762558,0.0018284408142790198
V0780,chronic_rework_readmission,Prolonged inpatient stay characterized by extensive repetition of diagnostic tests like CRP and Leucocytes.,14.0,inpatient_admission_recovery,9.0,0.46861329674720764,7.481849479518132e-06
V0781,chronic_rework_readmission,"Prolonged encounter with numerous repeated diagnostic tests (CRP, Leucocytes) over several days before final release.",7.0,inpatient_admission_recovery,5.0,0.4747602045536041,0.014111104421317577
V0782,chronic_rework_readmission,Extended inpatient duration featuring extensive and repeated diagnostic rework of CRP and Leucocytes.,7.0,inpatient_admission_recovery,3.0,0.47721147537231445,0.0008247224031947553
V0783,inpatient_admission_recovery,"Involves admission following initial diagnostics and treatment, followed by standard inpatient recovery and release.",7.0,chronic_rework_readmission,3.0,0.0217455942183733,0.0016688588075339794
V0784,chronic_rework_readmission,Prolonged stay spanning multiple weeks with intensive repetition of diagnostics (CRP and Leucocytes).,8.0,inpatient_admission_recovery,6.0,0.4672876298427582,0.0011744064977392554
V0785,chronic_rework_readmission,"Complex course with ward readmissions (Admission NC repeated), extensive diagnostic rework, and a return to the ER.",5.0,inpatient_admission_recovery,4.0,0.09760262817144394,0.0009044032194651663
V0786,chronic_rework_readmission,"Features multiple repetitions of tests like CRP, LacticAcid, and Leucocytes during an extended hospital stay.",8.0,inpatient_admission_recovery,3.0,0.5424147248268127,0.0015616616001352668
V0787,chronic_rework_readmission,"Prolonged encounter spanning a month with repeated admissions and diagnostic tests, ending in a return to the ER.",7.0,inpatient_admission_recovery,3.0,0.0077294353395700455,0.016439655795693398
V0788,inpatient_admission_recovery,"Standard inpatient admission following triage and diagnostics, concluding with release.",4.0,chronic_rework_readmission,2.0,0.0053053260780870914,0.0023949111346155405
V0789,inpatient_admission_recovery,"Inpatient admission following initial emergency stabilization, ending in release.",2.0,acute_emergency_treatment,2.0,0.11392555385828018,0.003673274302855134
V0790,chronic_rework_readmission,Extended stay with repeated ward admissions and extensive repetition of diagnostic tests (CRP and Leucocytes).,8.0,inpatient_admission_recovery,4.0,0.3733591139316559,0.006996825337409973
V0791,rapid_assessment_triage,"Very short encounter consisting of triage, diagnostics, and IV antibiotics without admission.",4.0,acute_emergency_treatment,1.0,0.009910584427416325,0.0014913358027115464
V0792,inpatient_admission_recovery,"Encounter with hospital admission following diagnostics and stabilization, leading to a successful release.",5.0,chronic_rework_readmission,3.0,0.3376486301422119,0.028693897649645805
V0793,inpatient_admission_recovery,"Formal admission to IC/NC following emergency diagnostics, ending in a release category.",6.0,acute_emergency_treatment,4.0,0.13784268498420715,0.0007934749592095613
V0794,chronic_rework_readmission,"Long-duration variant with extensive repeated diagnostic testing (CRP, Leucocytes) and a final return to the ER.",7.0,inpatient_admission_recovery,7.0,0.11222473531961441,0.023039044812321663
V0795,chronic_rework_readmission,"Highly prolonged and complex variant featuring massive repetition of LacticAcid, CRP, and Leucocytes tests.",40.0,inpatient_admission_recovery,22.0,0.44260740280151367,0.0025489528197795153
V0796,inpatient_admission_recovery,Emergency stabilization and admission (Admission NC) followed by a straightforward release.,6.0,acute_emergency_treatment,2.0,0.33687007427215576,0.007717253174632788
V0797,chronic_rework_readmission,"Extremely long duration spanning months, featuring readmissions and repeat testing, culminating in a return to the emergency room.",7.0,inpatient_admission_recovery,3.0,0.04397979751229286,0.0681488886475563
V0798,chronic_rework_readmission,"Prolonged course spanning over two months, with repeat testing and a final return to the ER.",4.0,inpatient_admission_recovery,2.0,0.1292622834444046,0.04230386018753052
V0799,inpatient_admission_recovery,"Brief inpatient admission following stabilization, concluding with release.",5.0,chronic_rework_readmission,2.0,0.04818142578005791,0.028046967461705208
V0800,inpatient_admission_recovery,"Hospital admission following initial triage and stabilization, concluding with a successful release.",4.0,chronic_rework_readmission,3.0,0.11775311082601547,0.006314229220151901
V0801,inpatient_admission_recovery,"Involves formal hospital admission following emergency diagnostics and treatment, ultimately culminating in a successful release.",8.0,chronic_rework_readmission,3.0,0.12777696549892426,0.0005363622331060469
V0802,inpatient_admission_recovery,"Follows a standard path of emergency stabilization, inpatient admission, and subsequent discharge.",4.0,chronic_rework_readmission,3.0,0.4570651054382324,0.006996825337409973
V0803,inpatient_admission_recovery,Proceeds through emergency care to inpatient admission (NC and IC) and concludes with a release.,8.0,chronic_rework_readmission,6.0,0.5217661261558533,0.019882751628756523
V0804,chronic_rework_readmission,"Characterized by a prolonged stay and a return to the emergency room, matching the chronic rework and readmission pattern.",7.0,inpatient_admission_recovery,2.0,0.15329687297344208,0.0663384422659874
V0805,chronic_rework_readmission,Exhibits extensive repetition of diagnostic tests (CRP and Leucocytes) over a prolonged hospital stay.,30.0,inpatient_admission_recovery,19.0,0.5209963917732239,0.0024495688267052174
V0806,chronic_rework_readmission,Spans a long duration with repeated diagnostics and ultimately results in a return to the emergency room.,7.0,inpatient_admission_recovery,5.0,0.19057542085647583,0.12060698121786118
V0807,inpatient_admission_recovery,"Involves emergency care, admission to a care ward, and a quick recovery and release.",4.0,rapid_assessment_triage,3.0,0.18152517080307007,0.1719426065683365
V0808,chronic_rework_readmission,"Features prolonged ward stays, repeated testing cycles, and a final return to the emergency room.",5.0,inpatient_admission_recovery,2.0,0.12088506668806076,0.03392663225531578
V0809,inpatient_admission_recovery,Includes standard emergency treatment followed by hospital admission and recovery/release.,11.0,chronic_rework_readmission,5.0,0.13555186986923218,0.001293839537538588
V0810,inpatient_admission_recovery,Follows initial assessment and emergency management with ward admission and successful release.,5.0,chronic_rework_readmission,3.0,0.11420489102602005,0.0005180780426599085
V0811,inpatient_admission_recovery,"Involves stabilization, intensive and normal care admissions, and subsequent release.",6.0,chronic_rework_readmission,4.0,0.11754661798477173,0.00031136456527747214
V0812,chronic_rework_readmission,Ends in a return to the emergency room after an inpatient stay.,8.0,inpatient_admission_recovery,1.0,0.24036961793899536,0.013712174259126186
V0813,chronic_rework_readmission,Exhibits extensive repetition of CRP and Leucocytes tests over a prolonged timeline before release.,12.0,inpatient_admission_recovery,8.0,0.47164273262023926,0.0030369095038622618
V0814,inpatient_admission_recovery,Standard acute pathway leading to inpatient admission and eventual release.,4.0,chronic_rework_readmission,2.0,0.0012919303262606263,0.00016728503396734595
V0815,chronic_rework_readmission,"Features repetitive lab tests, admission cycles, and ends with a return to the emergency room.",10.0,inpatient_admission_recovery,7.0,0.026577165350317955,0.0024080730509012938
V0816,rapid_assessment_triage,"A short, fast-tracked encounter ending quickly with IV antibiotics without inpatient admission.",5.0,acute_emergency_treatment,2.0,0.0,0.004590421449393034
V0817,chronic_rework_readmission,Prolonged encounter with repeated diagnostic testing and a return to the emergency room.,10.0,inpatient_admission_recovery,6.0,0.1208162009716034,0.014447581022977829
V0818,chronic_rework_readmission,Contains heavy repetition of diagnostic tests (CRP and Leucocytes) spanning multiple weeks.,13.0,inpatient_admission_recovery,6.0,0.47474145889282227,0.0016453536227345467
V0819,inpatient_admission_recovery,"Inpatient admission following acute care, leading to recovery and release.",6.0,chronic_rework_readmission,4.0,0.12358075380325317,0.0005369993159547448
V0820,rapid_assessment_triage,Short assessment and treatment sequence completed within minutes without hospital admission.,3.0,acute_emergency_treatment,2.0,0.34760692715644836,0.33357253670692444
V0821,chronic_rework_readmission,"Involves repeated admissions and diagnostic cycles, ultimately leading to readmission/return to ER.",6.0,inpatient_admission_recovery,4.0,0.006948335096240044,0.031117426231503487
V0822,chronic_rework_readmission,"Extremely long, complex variant with heavy test repetitions and a return to the emergency room.",46.0,inpatient_admission_recovery,31.0,0.1198328509926796,0.04986441135406494
V0823,chronic_rework_readmission,"Very prolonged duration spanning months, ending in a return to the emergency room.",8.0,inpatient_admission_recovery,1.0,0.3876473009586334,0.044848982244729996
V0824,inpatient_admission_recovery,Straightforward emergency stabilization followed by admission and recovery.,2.0,chronic_rework_readmission,1.0,0.017959458753466606,0.005454994738101959
V0825,chronic_rework_readmission,Features a long overall duration and a subsequent return to the emergency room.,7.0,inpatient_admission_recovery,2.0,0.25604119896888733,0.22463832795619965
V0826,acute_emergency_treatment,"Involves immediate stabilization with IV antibiotics after triage and labs, culminating quickly without formal hospital admission or rework.",4.0,rapid_assessment_triage,1.0,0.3498401939868927,0.02380647324025631
V0827,chronic_rework_readmission,"Shows extensive repetition of diagnostics (CRP, Leucocytes) and a return to the emergency room after discharge.",4.0,inpatient_admission_recovery,4.0,0.11617132276296616,0.019092461094260216
V0828,inpatient_admission_recovery,Proceeds from emergency stabilization and diagnostics through hospital admission (Admission NC) to discharge and subsequent return.,8.0,chronic_rework_readmission,4.0,0.6668655872344971,0.027862152084708214
V0829,chronic_rework_readmission,"Demonstrates repeated admission and diagnostic tests (CRP, Leucocytes) spanning multiple days.",5.0,inpatient_admission_recovery,3.0,0.3757743835449219,0.00042987370397895575
V0830,chronic_rework_readmission,Features repeated ward admissions and multiple iterations of CRP and Leucocytes tests over a prolonged stay.,8.0,inpatient_admission_recovery,4.0,0.3771287202835083,9.131411934504285e-05
V0831,chronic_rework_readmission,Exhibits heavy rework involving multiple repetitions of CRP and Leucocytes over an extended timeline.,9.0,inpatient_admission_recovery,5.0,0.4890355169773102,0.006953094154596329
V0832,rapid_assessment_triage,"Short, fast-tracked encounter consisting strictly of triage, basic diagnostics, and IV administration without admission.",5.0,acute_emergency_treatment,2.0,0.009290334768593311,0.000871086202096194
V0833,chronic_rework_readmission,Prolonged encounter involving multiple repeated admissions and extensive diagnostic testing cycles.,11.0,inpatient_admission_recovery,6.0,0.3698296844959259,0.0004004804359283298
V0834,chronic_rework_readmission,"Complex, prolonged variant with repeated testing (CRP, LacticAcid, Leucocytes) and a return to the emergency room.",14.0,inpatient_admission_recovery,9.0,0.19272905588150024,0.12276061624288559
V0835,inpatient_admission_recovery,"Involves emergency stabilization, formal admission (Admission NC), recovery, and ultimate release.",3.0,chronic_rework_readmission,2.0,0.008135370910167694,0.0003658092173282057
V0836,chronic_rework_readmission,Features repeated admissions and extensive diagnostic test rework over several days.,9.0,inpatient_admission_recovery,4.0,0.3740026652812958,0.002201625844463706
V0837,inpatient_admission_recovery,Follows stabilization and diagnostics with formal hospital admission (Admission IC and NC) leading to successful release.,8.0,chronic_rework_readmission,3.0,0.00625644950196147,0.005131804384291172
V0838,acute_emergency_treatment,"Direct pathway through triage, diagnostics, IV intervention, and brief admission leading to release.",5.0,chronic_rework_readmission,1.0,0.40227678418159485,0.0002285104856127873
V0839,inpatient_admission_recovery,Involves emergency care and diagnostics followed by a standard inpatient admission and recovery.,6.0,chronic_rework_readmission,4.0,0.005772164091467857,0.00192807347048074
V0840,chronic_rework_readmission,Extremely prolonged variant spanning 45 days with extensive repetition of diagnostic tests and multiple admissions.,53.0,inpatient_admission_recovery,36.0,0.5373845100402832,0.13403473794460297
V0841,inpatient_admission_recovery,"Short inpatient admission following emergency diagnostics and stabilization, ending in release.",3.0,chronic_rework_readmission,2.0,0.04784602299332619,0.027711568400263786
V0842,chronic_rework_readmission,Prolonged course with recurring diagnostics and an eventual return to the emergency room.,4.0,inpatient_admission_recovery,3.0,0.1351422369480133,0.00012154137220932171
V0843,acute_emergency_treatment,Acute medical management in the emergency setting with IV antibiotics and fluids following diagnostics.,4.0,inpatient_admission_recovery,1.0,0.3794838488101959,0.0006197022157721221
V0844,chronic_rework_readmission,Features repeated intensive care admissions and extensive rework of diagnostic tests over a week.,13.0,inpatient_admission_recovery,10.0,0.584640383720398,0.0016343308379873633
V0845,chronic_rework_readmission,"Complex path involving multiple repeated laboratory tests (CRP, LacticAcid, Leucocytes) and extended recovery.",18.0,inpatient_admission_recovery,9.0,0.5342515110969543,0.0013398107839748263
V0846,inpatient_admission_recovery,"Involves acute treatment, admission, and recovery culminating in a standard release.",5.0,chronic_rework_readmission,3.0,0.11260782927274704,0.0011689503444358706
