variant_id,category_id,rationale,structural_distance_to_category_medoid,nearest_other_category_id,nearest_other_category_structural_distance,profile_distance_to_category_medoid,nearest_other_category_profile_distance
V0001,rapid_triage_and_discharge,Short duration of 17 minutes terminating after initial evaluation and triage workup without admission.,3.0,inpatient_admission_standard,2.0,0.38411691784858704,0.3428671360015869
V0002,rapid_triage_and_discharge,"Swifts through registration, triage, and basic labs ending with CRP without requiring inpatient admission.",2.0,inpatient_admission_standard,2.0,0.37132155895233154,0.33659490942955017
V0003,rapid_triage_and_discharge,Short duration of 21 minutes with basic lab work terminating after evaluation without inpatient admission.,1.0,inpatient_admission_standard,2.0,0.3782379627227783,0.3369881808757782
V0004,active_medical_intervention,Involves active treatment steps including IV liquids and IV antibiotics following initial lab and triage workups.,3.0,rapid_triage_and_discharge,1.0,0.4316849410533905,0.000607567373663187
V0005,rapid_triage_and_discharge,Short duration of 26 minutes terminating at initial lab workup without inpatient admission.,3.0,active_medical_intervention,2.0,0.3726213276386261,0.023571757599711418
V0006,active_medical_intervention,Requires active medical intervention steps such as IV liquid and IV antibiotics within a moderate timeframe.,4.0,rapid_triage_and_discharge,1.0,0.40922895073890686,0.0014914828352630138
V0007,active_medical_intervention,Features IV liquids and IV antibiotics following triage and lab workups within a 4-hour median duration.,4.0,rapid_triage_and_discharge,1.0,0.4021871089935303,0.000749628699850291
V0008,inpatient_admission_standard,Patient is admitted to nursing care following diagnostic testing and culminates in release.,7.0,chronic_rework_and_readmission,1.0,0.35068416595458984,0.0017786488169804215
V0009,active_medical_intervention,Involves active treatment steps like IV liquid and IV antibiotics following lab workups.,4.0,rapid_triage_and_discharge,1.0,0.4203157126903534,0.004101776983588934
V0010,rapid_triage_and_discharge,Short duration ending with ER Sepsis Triage and basic labs without inpatient admission.,2.0,inpatient_admission_standard,2.0,0.3338288366794586,0.33742550015449524
V0011,active_medical_intervention,Involves active medical intervention with IV liquid and IV antibiotics following lab workups.,2.0,rapid_triage_and_discharge,1.0,0.4053370952606201,0.0019087552791461349
V0012,active_medical_intervention,Involves IV liquid and IV antibiotics following initial workups within a short duration.,2.0,rapid_triage_and_discharge,1.0,0.4656672775745392,0.0006104464991949499
V0013,rapid_triage_and_discharge,Swift duration of 37 minutes terminating in basic lab work without inpatient admission.,2.0,active_medical_intervention,1.0,0.36201831698417664,0.3458981513977051
V0014,inpatient_admission_standard,Involves admission to nursing care following diagnostics and successfully releases after several days.,6.0,rapid_triage_and_discharge,2.0,0.346539169549942,0.0023663118481636047
V0015,inpatient_admission_standard,"Involves diagnostics, active interventions, and admission to nursing care culminating in release.",5.0,chronic_rework_and_readmission,2.0,0.02445264905691147,0.0017522848211228848
V0016,inpatient_admission_standard,"Involves active medical steps, admission to nursing care, and a standard discharge.",5.0,chronic_rework_and_readmission,1.0,0.012018431909382343,6.932452379260212e-05
V0017,rapid_triage_and_discharge,Short evaluation duration terminating in basic workups without inpatient admission.,3.0,inpatient_admission_standard,3.0,0.36212801933288574,0.34578847885131836
V0018,inpatient_admission_standard,"Involves standard diagnostic and intervention steps, admission to nursing care, and successful release.",7.0,active_medical_intervention,2.0,0.3456459939479828,0.003259520046412945
V0019,active_medical_intervention,Involves IV liquids and IV antibiotics following initial workup and resolves with short observation.,5.0,rapid_triage_and_discharge,2.0,0.42082083225250244,0.003596652066335082
V0020,rapid_triage_and_discharge,Very short duration of 25 minutes ending after basic laboratory work without requiring admission.,4.0,active_medical_intervention,2.0,0.3738948404788971,0.33402159810066223
V0021,chronic_rework_and_readmission,"Features repetitive testing, nursing care admission, and ultimate return to the emergency room.",6.0,inpatient_admission_standard,1.0,0.11554303765296936,0.00857553631067276
V0022,inpatient_admission_standard,Involves active medical steps followed by nursing care admission and standard release.,6.0,active_medical_intervention,1.0,0.3451042175292969,0.0038013113662600517
V0023,chronic_rework_and_readmission,"Extended duration with repetitive testing, nursing care admission, and return to the emergency room.",7.0,inpatient_admission_standard,1.0,0.1112910807132721,0.003963633440434933
V0024,active_medical_intervention,Involves active medical interventions with IV liquid and IV antibiotics leading into nursing care.,2.0,rapid_triage_and_discharge,1.0,0.41321250796318054,0.0076776668429374695
V0025,active_medical_intervention,Involves active treatment steps including IV liquids and IV antibiotics following lab workups.,5.0,rapid_triage_and_discharge,2.0,0.40781521797180176,7.773804099997506e-05
V0026,chronic_rework_and_readmission,"Extended duration case featuring repeated tests, admission, release, and readmission to the ER.",5.0,inpatient_admission_standard,1.0,0.24638152122497559,0.05797829106450081
V0027,active_medical_intervention,Involves active interventions such as IV liquid and IV antibiotics within a moderate timeframe.,5.0,rapid_triage_and_discharge,2.0,0.4029889404773712,5.2188017434673384e-05
V0028,chronic_rework_and_readmission,"Complex extended case with repetitive testing, admission, and ultimate return to the emergency room.",6.0,inpatient_admission_standard,1.0,0.13855575025081635,0.006511462386697531
V0029,rapid_triage_and_discharge,Swift duration ending in basic lab work without requiring inpatient admission.,4.0,active_medical_intervention,2.0,0.36466002464294434,0.3432564437389374
V0030,inpatient_admission_standard,"Involves active treatment, nursing care admission, and successful release despite minor test repetitions.",5.0,active_medical_intervention,2.0,0.013348185457289219,0.00011264110798947513
V0031,active_medical_intervention,Short duration involving active treatment steps such as IV liquid and IV antibiotics following triage.,4.0,rapid_triage_and_discharge,2.0,0.4401337802410126,0.0012343546841293573
V0032,chronic_rework_and_readmission,"Features extensive repetitive testing, multiple loops, admission, and return to the emergency room.",5.0,inpatient_admission_standard,2.0,0.13519279658794403,0.0033438110258430243
V0033,chronic_rework_and_readmission,Highly extended duration with repetitive testing and return to the emergency room.,7.0,inpatient_admission_standard,2.0,0.2666463553905487,0.003758639097213745
V0034,active_medical_intervention,Involves active medical intervention steps such as IV antibiotics and IV liquids following lab workups.,3.0,rapid_triage_and_discharge,1.0,0.3618229627609253,0.014998753555119038
V0035,inpatient_admission_standard,"Involves diagnostic testing, active treatment, nursing care admission, and release after several days.",4.0,chronic_rework_and_readmission,2.0,0.008704639971256256,0.01020983885973692
V0036,rapid_triage_and_discharge,Short duration of 21 minutes terminating in basic lab evaluation without admission.,4.0,active_medical_intervention,2.0,0.3792025148868561,0.33795273303985596
V0037,inpatient_admission_standard,"Involves diagnostic testing, nursing care admission, and a successful release.",8.0,rapid_triage_and_discharge,2.0,0.6876115202903748,0.0065433369018137455
V0038,active_medical_intervention,Involves active treatment steps including IV liquids and IV antibiotics within a moderate timeframe.,3.0,rapid_triage_and_discharge,2.0,0.4043562114238739,0.0009278920479118824
V0039,inpatient_admission_standard,"Involves diagnostics, active treatment, nursing care admission, and successful release.",4.0,active_medical_intervention,3.0,0.11872556060552597,0.006345708388835192
V0040,active_medical_intervention,Short duration involving active interventions like IV liquid and IV antibiotics leading to admission.,3.0,inpatient_admission_standard,1.0,0.3996228277683258,0.0018286644481122494
V0041,inpatient_admission_standard,"Involves diagnostic testing, active treatment, nursing care admission, and subsequent release.",5.0,chronic_rework_and_readmission,1.0,0.12714456021785736,0.00026427218108437955
V0042,inpatient_admission_standard,"Involves diagnostic workup, active intervention, nursing care admission, and final release.",4.0,active_medical_intervention,2.0,0.014659334905445576,0.00015812554920557886
V0043,rapid_triage_and_discharge,Swift duration ending with basic lab work without requiring inpatient admission.,1.0,active_medical_intervention,2.0,0.36145076155662537,0.012401166372001171
V0044,inpatient_admission_standard,"Involves diagnostic workup, active treatment, nursing care admission, and release.",4.0,active_medical_intervention,1.0,0.017739882692694664,0.0008893530466593802
V0045,chronic_rework_and_readmission,Extended case duration resulting in readmission to the emergency room.,9.0,inpatient_admission_standard,2.0,0.3370490074157715,0.033884577453136444
V0046,inpatient_admission_standard,"Involves active intervention, nursing care admission, and successful release after several days.",5.0,chronic_rework_and_readmission,1.0,0.0009094090783037245,0.0024146081414073706
V0047,inpatient_admission_standard,"Involves diagnostic tests, active medical treatment, nursing care admission, and final release.",6.0,rapid_triage_and_discharge,2.0,0.36587098240852356,0.003829243825748563
V0048,inpatient_admission_standard,"Involves diagnostic testing, active treatment, nursing care admission, and final release.",5.0,active_medical_intervention,2.0,0.001738174818456173,0.00023297588631976396
V0049,chronic_rework_and_readmission,Complex and extended case featuring repetitive testing and ultimate return to the emergency room.,6.0,inpatient_admission_standard,2.0,0.1626460999250412,0.00011380133219063282
V0050,rapid_triage_and_discharge,Short duration terminating in basic laboratory tests without requiring inpatient admission.,2.0,active_medical_intervention,1.0,0.36533108353614807,0.34258535504341125
V0051,inpatient_admission_standard,"This variant involves initial triage and labs followed by IV fluids and antibiotics, leading to a standard inpatient nursing care admission (Admission NC) and subsequent release after a few days.",4.0,chronic_rework_and_readmission,2.0,0.11580786854028702,0.005965512245893478
V0052,chronic_rework_and_readmission,The variant features extended duration culminating in a return to the emergency room (Return ER) following initial treatment and nursing care admission.,4.0,inpatient_admission_standard,1.0,0.13971081376075745,0.007666524033993483
V0053,inpatient_admission_standard,Quick progression from triage and sepsis screening to inpatient nursing care admission (Admission NC) and release within a couple of days.,8.0,rapid_triage_and_discharge,2.0,0.3687741756439209,0.0009260631049983203
V0054,chronic_rework_and_readmission,Involves an extended timeline and readmission/return to the emergency room (Return ER) after standard inpatient care.,6.0,inpatient_admission_standard,1.0,0.11215874552726746,0.0030959637369960546
V0055,chronic_rework_and_readmission,Features repeated ward admissions (Admission NC) and an eventual return to the ER after several weeks.,4.0,inpatient_admission_standard,1.0,0.012785417027771473,0.004662460647523403
V0056,rapid_triage_and_discharge,"Very short duration (1 hour), moving swiftly through triage, initial labs, and ending directly with IV antibiotics without inpatient admission.",3.0,active_medical_intervention,1.0,0.01109625305980444,0.0038288275245577097
V0057,inpatient_admission_standard,"Standard workflow involving triage, diagnostics, IV treatment, and an inpatient nursing care admission culminating in release.",7.0,active_medical_intervention,2.0,0.36644288897514343,0.003257364733144641
V0058,inpatient_admission_standard,"Straightforward inpatient admission (Admission NC) following triage and labs, resolved with a standard release.",7.0,chronic_rework_and_readmission,1.0,0.3611975908279419,0.0014509224565699697
V0059,inpatient_admission_standard,"Inpatient admission following active treatment, with standard follow-up diagnostics and release within a few days.",5.0,chronic_rework_and_readmission,1.0,0.022162267938256264,0.000538096996024251
V0060,chronic_rework_and_readmission,"Extended case duration spanning over several months, featuring rework and culminating in a return to the ER.",7.0,inpatient_admission_standard,1.0,0.14922861754894257,0.004068255890160799
V0061,inpatient_admission_standard,"Inpatient admission with repeated lab testing over a week, terminating in a standard release.",1.0,active_medical_intervention,2.0,0.006880506873130798,0.008385705761611462
V0062,rapid_triage_and_discharge,"Short duration (3 hours) ending immediately after triage, basic labs, and IV therapy without requiring an inpatient bed.",2.0,inpatient_admission_standard,1.0,0.01256548147648573,0.0026230309158563614
V0063,chronic_rework_and_readmission,Heavy repeating cycles of CRP and Leucocytes tests during an extended inpatient stay before final release.,11.0,inpatient_admission_standard,6.0,0.480673223733902,0.0003595386224333197
V0064,inpatient_admission_standard,"Standard inpatient stay with some repeated CRP diagnostics, leading to a standard release.",6.0,chronic_rework_and_readmission,3.0,0.1692587286233902,0.012631826102733612
V0065,inpatient_admission_standard,"Inpatient nursing care admission with repeated ward stays and lab work, culminating in release.",4.0,chronic_rework_and_readmission,2.0,0.11202777177095413,0.002185411984100938
V0066,inpatient_admission_standard,"Inpatient admission following active intervention and labs, resulting in a short stay and release.",7.0,active_medical_intervention,1.0,0.3692338466644287,0.00046639316133223474
V0067,inpatient_admission_standard,"Inpatient admission following lab work and IV treatment, concluding with release after a week.",5.0,rapid_triage_and_discharge,2.0,0.004687916953116655,0.006193116307258606
V0068,inpatient_admission_standard,"Inpatient admission including intensive care unit (Admission IC) and nursing care (Admission NC) steps, leading to release.",6.0,chronic_rework_and_readmission,4.0,0.45086511969566345,0.00939370971173048
V0069,inpatient_admission_standard,Standard inpatient treatment sequence and release after a week.,5.0,active_medical_intervention,2.0,0.006138259544968605,0.007643458899110556
V0070,inpatient_admission_standard,"Triage, lab diagnostics, IV treatment, and inpatient admission culminating in release.",4.0,active_medical_intervention,2.0,0.1791105419397354,0.00278002698905766
V0071,chronic_rework_and_readmission,High duration case featuring multiple admissions and a final return to the ER.,7.0,inpatient_admission_standard,3.0,0.0289208572357893,0.008787020109593868
V0072,chronic_rework_and_readmission,Features repeated lab loops and an eventual return to the ER.,2.0,inpatient_admission_standard,2.0,0.1472436785697937,0.003873346373438835
V0073,inpatient_admission_standard,Inpatient admission followed by diagnostic checks and release.,5.0,rapid_triage_and_discharge,3.0,0.0032850001007318497,0.0017798012122511864
V0074,chronic_rework_and_readmission,Inpatient stay ending with an eventual return to the ER.,9.0,active_medical_intervention,1.0,0.3883794844150543,0.09264644235372543
V0075,chronic_rework_and_readmission,"Extremely long duration (over 200 days) with intensive care, repeated labs, and return to the ER.",4.0,inpatient_admission_standard,4.0,0.13321150839328766,0.013953887857496738
V0076,active_medical_intervention,Active treatment with IV liquids and antibiotics followed by a short stay and release.,5.0,rapid_triage_and_discharge,2.0,0.34221208095550537,0.0065433369018137455
V0077,inpatient_admission_standard,Inpatient admission with repeated leucocyte tests leading to release.,6.0,rapid_triage_and_discharge,5.0,0.5315724015235901,0.02898959070444107
V0078,chronic_rework_and_readmission,"Extended duration (83 days), intensive care, extensive repeated lab work, and return to the ER.",9.0,inpatient_admission_standard,5.0,0.1880841851234436,0.0024912438821047544
V0079,inpatient_admission_standard,"Standard IV interventions, inpatient admission, and subsequent release.",6.0,active_medical_intervention,1.0,0.17914710938930511,0.0027434693183749914
V0080,chronic_rework_and_readmission,Long duration case (217 days) involving repetitive testing and return to the ER.,8.0,inpatient_admission_standard,4.0,0.2160482555627823,0.0042813667096197605
V0081,rapid_triage_and_discharge,Very rapid case concluding with IV liquid administration directly without inpatient admission.,3.0,active_medical_intervention,2.0,0.35139456391334534,0.0806557834148407
V0082,inpatient_admission_standard,"Admission to both intensive and nursing care units following lab tests, culminating in release.",7.0,active_medical_intervention,3.0,0.3436402380466461,0.178086057305336
V0083,chronic_rework_and_readmission,Extended duration with a return to the ER after initial inpatient care.,6.0,inpatient_admission_standard,3.0,0.13360477983951569,0.0015604998916387558
V0084,inpatient_admission_standard,"Inpatient admission following active treatment and labs, with a standard release outcome.",3.0,active_medical_intervention,3.0,0.3339567184448242,0.14593860507011414
V0085,chronic_rework_and_readmission,"High duration (165 days) with repeated ward admissions, lab tests, and return to the ER.",3.0,inpatient_admission_standard,2.0,0.04142731428146362,0.00043503878987394273
V0086,inpatient_admission_standard,"Standard inpatient admission following diagnostics and IV therapy, leading to release.",5.0,chronic_rework_and_readmission,1.0,0.009949611499905586,0.00028300791746005416
V0087,inpatient_admission_standard,"Inpatient admission with repeated ward stays and lab loops, ending in release.",5.0,active_medical_intervention,3.0,0.11183169484138489,0.0005481544649228454
V0088,rapid_triage_and_discharge,Brief 30-minute intervention ending with IV antibiotics without hospital admission.,2.0,active_medical_intervention,3.0,0.03502583131194115,0.0062239631079137325
V0089,chronic_rework_and_readmission,Complex extended stay (71 days) with multiple ward admissions and return to the ER.,10.0,inpatient_admission_standard,5.0,0.10022052377462387,0.005239903926849365
V0090,inpatient_admission_standard,"Inpatient admission following diagnostics and IV therapy, ending in release.",6.0,chronic_rework_and_readmission,4.0,0.0031935498118400574,0.0016883508069440722
V0091,chronic_rework_and_readmission,Highly repetitive testing and extensive looping of lab work over an extended period.,12.0,inpatient_admission_standard,8.0,0.44967302680015564,0.014636528678238392
V0092,rapid_triage_and_discharge,Short duration case (15 hours) involving quick lab work and IV treatment without an inpatient stay.,6.0,inpatient_admission_standard,2.0,0.7304217219352722,0.016685370355844498
V0093,inpatient_admission_standard,Standard inpatient treatment sequence and release.,5.0,chronic_rework_and_readmission,2.0,0.33711424469947815,0.03331567347049713
V0094,chronic_rework_and_readmission,Extended duration case concluding with return to the ER.,5.0,inpatient_admission_standard,1.0,0.13307896256446838,0.0010346706258133054
V0095,inpatient_admission_standard,Inpatient admission with standard diagnostic follow-ups and release.,3.0,active_medical_intervention,3.0,0.0199362114071846,0.0027641523629426956
V0096,inpatient_admission_standard,Inpatient admission following active intervention and lab work.,7.0,chronic_rework_and_readmission,2.0,0.33738288283348083,0.18752612173557281
V0097,inpatient_admission_standard,Standard inpatient admission process with multiple care steps and final release.,4.0,chronic_rework_and_readmission,2.0,0.11181744188070297,0.0019750732462853193
V0098,chronic_rework_and_readmission,Extended duration case resulting in a return to the emergency room.,10.0,inpatient_admission_standard,2.0,0.254202276468277,0.00012047109339619055
V0099,inpatient_admission_standard,"Inpatient admission following diagnostic testing and IV treatment, leading to release.",3.0,chronic_rework_and_readmission,2.0,0.11598656326532364,0.003606722690165043
V0100,inpatient_admission_standard,Inpatient admission with standard labs and subsequent release.,4.0,chronic_rework_and_readmission,1.0,0.004318194929510355,0.0019908780232071877
V0101,inpatient_admission_standard,"The narrative includes an inpatient admission (Admission NC) following triage and interventions, culminating in a release after several days before returning to the ER.",8.0,chronic_rework_and_readmission,2.0,0.44156989455223083,0.001004567719064653
V0102,inpatient_admission_standard,The patient undergoes initial diagnostics and IV interventions followed by admission to nursing care (Admission NC) and subsequent discharge.,4.0,chronic_rework_and_readmission,3.0,0.11600807309150696,0.006165711674839258
V0103,inpatient_admission_standard,"Involves standard emergency steps, IV interventions, and nursing care admission (Admission NC) leading to release.",8.0,active_medical_intervention,4.0,0.12605410814285278,0.0006933651748113334
V0104,active_medical_intervention,Active medical treatment steps (IV liquids and antibiotics) followed by a short stay and release within a moderate timeframe.,5.0,chronic_rework_and_readmission,2.0,0.4626255929470062,0.0029357243329286575
V0105,inpatient_admission_standard,"Includes admission to nursing care (Admission NC), several days of observation/tests, and subsequent release.",9.0,chronic_rework_and_readmission,6.0,0.4597495496273041,0.005496002733707428
V0106,inpatient_admission_standard,"Features nursing care admission (Admission NC) following IV treatment and diagnostics, ending in a standard release.",10.0,chronic_rework_and_readmission,5.0,0.17871342599391937,0.002993103116750717
V0107,inpatient_admission_standard,"Involves ER workup, IV treatment, and admission to nursing care (Admission NC) culminating in release after several days.",6.0,chronic_rework_and_readmission,3.0,0.009522590786218643,0.009573666378855705
V0108,inpatient_admission_standard,"Patient receives IV treatments, is admitted to nursing care (Admission NC), and is eventually released before a later return to the ER.",7.0,chronic_rework_and_readmission,2.0,0.36792051792144775,0.00256820279173553
V0109,inpatient_admission_standard,"Involves emergency care, IV antibiotics, and subsequent nursing care admission (Admission NC) prior to release.",7.0,chronic_rework_and_readmission,2.0,0.639756977558136,0.0007464794325642288
V0110,active_medical_intervention,"A relatively straightforward pathway with triage, basic labs, and admission, resulting in a release within a moderate timeframe.",4.0,chronic_rework_and_readmission,1.0,0.4666622579097748,0.0008848587167449296
V0111,rapid_triage_and_discharge,Very short total duration (hours) terminating directly after initial evaluation and admission without extended inpatient stays.,3.0,inpatient_admission_standard,1.0,0.3525219261646271,0.0016015717992559075
V0112,inpatient_admission_standard,"Includes standard diagnostic testing, IV antibiotics, and nursing care admission (Admission NC) leading to release.",5.0,chronic_rework_and_readmission,2.0,0.5199033617973328,0.004588291514664888
V0113,active_medical_intervention,"Short stay involving IV liquid and antibiotics after triage workups, resolving with a release in a couple of days.",5.0,inpatient_admission_standard,1.0,0.668548583984375,0.2233854979276657
V0114,inpatient_admission_standard,Follows the standard inpatient admission pathway with nursing care and subsequent release after several days.,5.0,chronic_rework_and_readmission,3.0,0.121876060962677,0.0034846756607294083
V0115,inpatient_admission_standard,"Features diagnostic workups, IV therapies, and admission to nursing care (Admission NC) culminating in release.",5.0,chronic_rework_and_readmission,3.0,0.44228479266166687,0.00028968663536943495
V0116,inpatient_admission_standard,"Involves standard emergency treatment, IV therapy, and admission to nursing care (Admission NC) before release.",6.0,chronic_rework_and_readmission,1.0,0.4049852788448334,0.0003220610960852355
V0117,active_medical_intervention,"Short-term observation and intervention with IV liquids and antibiotics, resolving within a moderate timeframe.",7.0,chronic_rework_and_readmission,2.0,0.6890234351158142,0.006395623087882996
V0118,inpatient_admission_standard,"Includes IV treatment and admission to nursing care (Admission NC), culminating in a successful release after several days.",6.0,chronic_rework_and_readmission,2.0,0.031163685023784637,0.0030369095038622618
V0119,inpatient_admission_standard,"Follows standard diagnostic workup, IV therapies, and nursing care admission leading to release.",6.0,active_medical_intervention,2.0,0.001783774234354496,0.0032889731228351593
V0120,inpatient_admission_standard,"Involves ER triage, IV liquids and antibiotics, and admission to nursing care (Admission NC) culminating in release.",10.0,active_medical_intervention,4.0,0.5692271590232849,0.01309844758361578
V0121,inpatient_admission_standard,"Features IV treatments, diagnostics, and admission to nursing care (Admission NC) followed by release.",7.0,chronic_rework_and_readmission,2.0,0.40959158539772034,0.0007203731220215559
V0122,inpatient_admission_standard,"Involves standard ER workup, IV intervention, and nursing care admission (Admission NC) culminating in a successful release.",4.0,chronic_rework_and_readmission,3.0,0.031307484954595566,0.0031807099003344774
V0123,inpatient_admission_standard,"Includes standard diagnostic evaluations, IV antibiotics, and nursing care admission (Admission NC) before release.",10.0,chronic_rework_and_readmission,3.0,0.4856429100036621,0.0011431103339418769
V0124,inpatient_admission_standard,"Follows emergency triage, IV therapy, and nursing care admission (Admission NC) culminating in release.",4.0,chronic_rework_and_readmission,1.0,0.3486524820327759,0.0003767184680327773
V0125,inpatient_admission_standard,"Involves admission to both intensive care (Admission IC) and nursing care (Admission NC) units, followed by release.",11.0,chronic_rework_and_readmission,6.0,0.5534324645996094,0.0021829388570040464
V0126,inpatient_admission_standard,"Includes emergency workup, IV intervention, and nursing care admission (Admission NC) culminating in release.",4.0,chronic_rework_and_readmission,3.0,0.5681819319725037,0.0032373873982578516
V0127,rapid_triage_and_discharge,"Short total duration within hours, involving rapid triage and basic lab work without requiring inpatient admission.",3.0,active_medical_intervention,2.0,0.7115923762321472,0.008117436431348324
V0128,inpatient_admission_standard,"Features admission to intensive care (Admission IC) and nursing care (Admission NC), ending in a successful release.",13.0,chronic_rework_and_readmission,7.0,0.5405826568603516,0.00015762369730509818
V0129,inpatient_admission_standard,"Involves multiple ward admissions (Admission IC and Admission NC) following diagnostic testing and interventions, culminating in release.",20.0,chronic_rework_and_readmission,10.0,0.5669723749160767,1.9192344552720897e-05
V0130,inpatient_admission_standard,"Involves ER workup, IV intervention, and nursing care admission (Admission NC) culminating in release after several days.",4.0,active_medical_intervention,2.0,0.00963126216083765,0.0006013573729433119
V0131,inpatient_admission_standard,"Includes ER triage, lab work, IV antibiotics, and admission to nursing care (Admission NC) leading to release.",8.0,active_medical_intervention,2.0,0.6834168434143066,0.0050519551150500774
V0132,rapid_triage_and_discharge,"Very short total duration (hours) with basic labs and initial evaluation, terminating directly after IV antibiotics without inpatient admission.",5.0,active_medical_intervention,2.0,0.38751712441444397,0.012898658402264118
V0133,rapid_triage_and_discharge,"Swift movement through registration, triage, and lab work with a very short duration terminating after initial IV intervention.",6.0,active_medical_intervention,4.0,0.3718072175979614,0.3349989950656891
V0134,inpatient_admission_standard,"Features intensive care and nursing care admissions following diagnostic testing and interventions, culminating in release.",17.0,chronic_rework_and_readmission,9.0,0.591249406337738,0.00043158556218259037
V0135,inpatient_admission_standard,"Involves ER diagnostic workup, IV therapies, and admission to nursing care (Admission NC) culminating in release.",5.0,active_medical_intervention,1.0,0.01594226062297821,0.00018754198390524834
V0136,inpatient_admission_standard,"Includes standard diagnostic testing, IV interventions, and nursing care admission (Admission NC) leading to release.",22.0,chronic_rework_and_readmission,10.0,0.5416318774223328,0.00043503878987394273
V0137,rapid_triage_and_discharge,"Short duration (hours) moving swiftly through triage, lab work, and basic IV intervention without inpatient admission.",5.0,inpatient_admission_standard,2.0,0.7136716842651367,6.455677794292569e-05
V0138,inpatient_admission_standard,"Features emergency workup, IV intervention, and nursing care admission (Admission NC) culminating in a release.",4.0,chronic_rework_and_readmission,3.0,0.33340248465538025,0.14524608850479126
V0139,inpatient_admission_standard,Includes intensive care (Admission IC) and nursing care (Admission NC) admissions following diagnostics and interventions.,21.0,chronic_rework_and_readmission,10.0,0.16905038058757782,0.0016343308379873633
V0140,inpatient_admission_standard,"Involves standard emergency steps, IV interventions, and nursing care admission (Admission NC) leading to release.",8.0,chronic_rework_and_readmission,3.0,0.5493895411491394,0.00026445588446222246
V0141,inpatient_admission_standard,"Features intensive care (Admission IC) and nursing care (Admission NC) admissions following diagnostic testing, culminating in release.",10.0,chronic_rework_and_readmission,6.0,0.5323523879051208,0.0014339489862322807
V0142,inpatient_admission_standard,"Involves standard diagnostic workup, IV intervention, and nursing care admission (Admission NC) followed by release.",3.0,chronic_rework_and_readmission,2.0,0.0063262092880904675,0.007831408642232418
V0143,inpatient_admission_standard,"Includes ER workup, IV therapy, and admission to nursing care (Admission NC) culminating in a successful release.",7.0,chronic_rework_and_readmission,2.0,0.3581864833831787,0.0004744593461509794
V0144,inpatient_admission_standard,Follows standard inpatient admission pathway with nursing care and subsequent release after several days.,4.0,chronic_rework_and_readmission,3.0,0.11182892322540283,0.001986560644581914
V0145,chronic_rework_and_readmission,"Complex, highly extended case featuring extensive repetitive testing (frequent looping of CRP, LacticAcid, Leucocytes) and extreme durations.",106.0,inpatient_admission_standard,87.0,0.5027632713317871,0.043886978179216385
V0146,rapid_triage_and_discharge,"Very short duration (hours) with swift triage, lab work, and initial interventions, terminating without inpatient admission.",6.0,active_medical_intervention,3.0,0.6754952073097229,0.22777320444583893
V0147,inpatient_admission_standard,"Involves standard emergency evaluation, IV treatment, and nursing care admission (Admission NC) culminating in release.",5.0,active_medical_intervention,3.0,0.4488978385925293,0.0074263704009354115
V0148,rapid_triage_and_discharge,"Short duration (hours) with basic lab work and IV interventions, terminating directly without requiring inpatient admission.",2.0,active_medical_intervention,1.0,0.026541637256741524,0.004311275202780962
V0149,inpatient_admission_standard,"Includes emergency diagnostics, IV treatments, and nursing care admission (Admission NC) culminating in release.",4.0,chronic_rework_and_readmission,4.0,0.00330364890396595,0.0017984500154852867
V0150,inpatient_admission_standard,"Features standard diagnostic workups, IV therapies, and admission to nursing care (Admission NC) leading to release.",8.0,chronic_rework_and_readmission,6.0,0.46006178855895996,0.005183736328035593
V0151,chronic_rework_and_readmission,"This case features extended duration (54d), multiple admissions, and recurring lab work culminating in a return to the emergency room.",17.0,inpatient_admission_standard,11.0,0.09249300509691238,0.0024876133538782597
V0152,inpatient_admission_standard,"The case involves an inpatient nursing care admission following initial assessments and intervention, concluding with a standard release.",8.0,rapid_triage_and_discharge,3.0,0.3576418459415436,0.16924887895584106
V0153,inpatient_admission_standard,"Involves diagnostic workup, IV treatment, and inpatient nursing care admission before release within a moderate timeframe.",8.0,active_medical_intervention,3.0,0.3372988998889923,0.0006221384392119944
V0154,chronic_rework_and_readmission,"Shows extreme duration (134d), multiple ward admissions (NC and IC), repetitive lab testing, and a readmission via return to ER.",5.0,inpatient_admission_standard,3.0,0.11882603168487549,0.00043158556218259037
V0155,chronic_rework_and_readmission,"Features very long duration (252d), repeated nursing care admissions, and readmission to the ER.",5.0,inpatient_admission_standard,2.0,0.05367874726653099,0.00405876012519002
V0156,inpatient_admission_standard,"Patient received IV interventions, standard nursing care admission, and was discharged successfully after several days.",7.0,active_medical_intervention,2.0,0.34807315468788147,0.20313279330730438
V0157,chronic_rework_and_readmission,"Contains recurring repetitive lab testing (CRP and Leucocytes looping), extended duration, and return to the emergency room.",6.0,inpatient_admission_standard,5.0,0.12222811579704285,0.009620875120162964
V0158,inpatient_admission_standard,"Standard inpatient journey with diagnostic testing, IV antibiotics, nursing care admission, and subsequent release.",6.0,chronic_rework_and_readmission,2.0,0.11652874946594238,0.0041489023715257645
V0159,inpatient_admission_standard,"Involves ER triage, IV liquid/antibiotics, standard nursing care admission, and release after a few days.",5.0,chronic_rework_and_readmission,4.0,0.1168692335486412,0.004489388316869736
V0160,chronic_rework_and_readmission,"Involves repeat nursing care admissions, recurring lab tests, and a return to the ER after a 17-day span.",5.0,inpatient_admission_standard,2.0,0.024495422840118408,0.005528005305677652
V0161,chronic_rework_and_readmission,"Extremely long duration (336d) with repeat admissions, recurring labs, and eventual return to the ER.",6.0,inpatient_admission_standard,3.0,0.061968665570020676,0.012348677963018417
V0162,inpatient_admission_standard,"Typical inpatient admission following IV treatment, concluding with a standard release (Release B).",4.0,chronic_rework_and_readmission,2.0,0.34943708777427673,0.04479476809501648
V0163,chronic_rework_and_readmission,High duration (114d) with repeated testing and readmission culminating in return to the ER.,6.0,inpatient_admission_standard,2.0,0.1419595628976822,0.009915276430547237
V0164,chronic_rework_and_readmission,"Extended case with ICU and nursing care admissions, extensive repetitive testing, and return to the ER.",7.0,inpatient_admission_standard,6.0,0.1865331083536148,0.004042305052280426
V0165,inpatient_admission_standard,"Inpatient admission following basic workups and IV treatment, resulting in discharge.",7.0,rapid_triage_and_discharge,1.0,0.3396494388580322,0.0029726705979555845
V0166,inpatient_admission_standard,"Inpatient nursing care stay with initial diagnostics and treatment, concluding in a standard release.",8.0,chronic_rework_and_readmission,4.0,0.11483561247587204,0.0024557660799473524
V0167,inpatient_admission_standard,"Case includes intensive care admission, diagnostics, interventions, and ultimate release within a few days.",8.0,chronic_rework_and_readmission,6.0,0.12389269471168518,0.0022883450146764517
V0168,chronic_rework_and_readmission,"Extended duration (162d) with ICU admission, repeated testing, and return to the ER.",10.0,inpatient_admission_standard,7.0,0.2076374739408493,0.00015762369730509818
V0169,inpatient_admission_standard,"Standard inpatient admission sequence with IV therapy and testing, leading to release.",5.0,chronic_rework_and_readmission,1.0,0.12180134654045105,0.0035593919456005096
V0170,inpatient_admission_standard,"Involves inpatient admission after sepsis workup and IV therapy, ending with Release B.",6.0,chronic_rework_and_readmission,4.0,0.34957292675971985,0.012451402842998505
V0171,chronic_rework_and_readmission,"Features repetitive lab looping, extended duration, and a return to the emergency room.",6.0,inpatient_admission_standard,4.0,0.14206360280513763,0.0004805695207323879
V0172,chronic_rework_and_readmission,Complex case with extensive repetitive testing looping over multiple days and returning to the ER.,14.0,inpatient_admission_standard,7.0,0.1253635436296463,0.006485443562269211
V0173,inpatient_admission_standard,"Inpatient admission following ER diagnostics and IV treatment, resulting in release.",5.0,active_medical_intervention,4.0,0.0117613160982728,0.00032644110615365207
V0174,chronic_rework_and_readmission,"Highly extended case featuring massive repetitive testing, multiple unit transfers, and a return to the ER.",42.0,inpatient_admission_standard,28.0,0.17045699059963226,0.003682241542264819
V0175,inpatient_admission_standard,"Standard inpatient stay with IV interventions, diagnostics, and subsequent release.",4.0,chronic_rework_and_readmission,2.0,0.1120314672589302,0.0021891098003834486
V0176,inpatient_admission_standard,"Inpatient admission pathway with initial sepsis and lab work, leading to a standard release.",7.0,active_medical_intervention,4.0,0.00030406209407374263,0.0018092611571773887
V0177,inpatient_admission_standard,"Standard nursing care admission following medical intervention and labs, concluding in release.",4.0,active_medical_intervention,2.0,0.11774072796106339,0.007620010059326887
V0178,chronic_rework_and_readmission,Extended duration (19d) with significant repetitive testing of CRP and Leucocytes over multiple days.,15.0,inpatient_admission_standard,6.0,0.35504505038261414,0.004134482238441706
V0179,chronic_rework_and_readmission,Long duration case (146d) featuring repetitive testing and an eventual return to the ER.,5.0,inpatient_admission_standard,2.0,0.037860240787267685,0.004002112429589033
V0180,chronic_rework_and_readmission,Extended duration (50d) involving multiple admissions and a final return to the ER.,11.0,active_medical_intervention,4.0,0.229083850979805,0.02500906027853489
V0181,inpatient_admission_standard,Inpatient nursing care stay with ongoing lab work and monitoring before final release.,7.0,chronic_rework_and_readmission,4.0,0.34790945053100586,0.014846313744783401
V0182,chronic_rework_and_readmission,"Complex pathway with ICU and nursing care admissions, extensive repetitive testing, and notable rework.",17.0,inpatient_admission_standard,9.0,0.45695188641548157,0.00042176127317361534
V0183,chronic_rework_and_readmission,Extended duration (49d) with multiple ward admissions and a subsequent return to the ER.,8.0,inpatient_admission_standard,6.0,0.006416662130504847,0.0005316729075275362
V0184,inpatient_admission_standard,"Standard inpatient journey with diagnostics, IV treatment, nursing care admission, and release.",5.0,chronic_rework_and_readmission,2.0,0.23570622503757477,0.02519840933382511
V0185,chronic_rework_and_readmission,"Extended case featuring extensive repetitive testing, ICU and nursing care admissions, and iterative rework.",16.0,inpatient_admission_standard,11.0,0.44940194487571716,0.004245556425303221
V0186,inpatient_admission_standard,"Inpatient admission following standard sepsis and lab workups, ending in a normal release.",6.0,active_medical_intervention,4.0,0.18091998994350433,0.011088348925113678
V0187,rapid_triage_and_discharge,Very short duration (10h) terminating with basic lab work without requiring inpatient admission.,4.0,inpatient_admission_standard,4.0,0.3859477937221527,0.3373466432094574
V0188,inpatient_admission_standard,"Standard inpatient admission sequence with diagnostic labs and nursing care, resulting in release.",4.0,chronic_rework_and_readmission,4.0,0.24099181592464447,0.0029566986486315727
V0189,inpatient_admission_standard,"Inpatient admission following IV interventions and sepsis triage, concluding with a standard release.",3.0,active_medical_intervention,1.0,0.004499773029237986,0.0018093000398948789
V0190,inpatient_admission_standard,"Standard inpatient admission following triage and IV therapy, ending in a successful release.",6.0,chronic_rework_and_readmission,2.0,0.17062754929065704,0.011263021267950535
V0191,chronic_rework_and_readmission,Extended duration (36d) with extensive repetitive testing looping and subsequent return to the ER.,8.0,inpatient_admission_standard,6.0,0.11350151896476746,0.006534016225486994
V0192,chronic_rework_and_readmission,Extremely extended duration (422d) with repeat admissions and an eventual return to the ER.,5.0,inpatient_admission_standard,1.0,0.06857029348611832,0.018950311467051506
V0193,chronic_rework_and_readmission,Extended case featuring excessive repetitive testing loops for leucocytes and multiple days of hospitalization.,10.0,inpatient_admission_standard,5.0,0.47973522543907166,2.0560904886224307e-05
V0194,inpatient_admission_standard,"Inpatient nursing care admission following triage and active medical intervention, concluding in release.",4.0,chronic_rework_and_readmission,2.0,0.00891503319144249,0.010181223973631859
V0195,inpatient_admission_standard,"Standard inpatient admission following diagnostic testing and IV interventions, resulting in release.",7.0,active_medical_intervention,4.0,0.009948143735527992,0.00028447553631849587
V0196,chronic_rework_and_readmission,"Extremely long duration (122d) with multiple ward transfers, extensive looping of labs, and return to the ER.",27.0,inpatient_admission_standard,15.0,0.11610666662454605,0.0031509532127529383
V0197,rapid_triage_and_discharge,Extremely short duration (6h) moving swiftly through triage and basic lab work without inpatient admission.,2.0,inpatient_admission_standard,2.0,0.7015779614448547,0.24275393784046173
V0198,inpatient_admission_standard,"Standard inpatient admission following registration and lab work, culminating in a successful release.",6.0,active_medical_intervention,2.0,0.350360631942749,0.1713656634092331
V0199,chronic_rework_and_readmission,Extended duration (26d) involving admission and a subsequent return to the emergency room.,8.0,inpatient_admission_standard,3.0,0.12251049280166626,0.00933850184082985
V0200,chronic_rework_and_readmission,Extended duration (13d) with admission and readmission culminating in return to the ER.,4.0,inpatient_admission_standard,1.0,0.14205749332904816,0.0004744593461509794
V0201,chronic_rework_and_readmission,"Extended duration (90d), multiple ward transfers, repetitive lab testing, and eventual return to the emergency room fit the chronic rework and readmission pattern.",20.0,inpatient_admission_standard,11.0,0.19066238403320312,8.696131408214569e-05
V0202,active_medical_intervention,"Involves IV antibiotics and admission to nursing care with a short duration of 3 days, fitting active medical intervention.",5.0,inpatient_admission_standard,1.0,0.3469998836517334,0.0002135557442670688
V0203,chronic_rework_and_readmission,Features repetitive testing and return to the emergency room after a moderately extended timeline.,5.0,inpatient_admission_standard,2.0,0.13526378571987152,0.0034147901460528374
V0204,active_medical_intervention,Short stay (5 days) featuring IV liquid and IV antibiotics administration following triage.,6.0,inpatient_admission_standard,1.0,0.3681950569152832,0.00023297588631976396
V0205,inpatient_admission_standard,Inpatient admission with standard nursing care steps and eventual discharge within a moderate timeframe.,20.0,chronic_rework_and_readmission,9.0,0.4894181787967682,0.012281385250389576
V0206,active_medical_intervention,Short stay (2 days) with IV antibiotic and liquid interventions before release.,4.0,rapid_triage_and_discharge,2.0,0.3349620997905731,0.0030963029712438583
V0207,active_medical_intervention,Includes IV antibiotics followed by standard admission and a short 4-day stay.,5.0,inpatient_admission_standard,1.0,0.35946762561798096,0.00014226033817976713
V0208,inpatient_admission_standard,Inpatient nursing care admission with diagnostic workups and release after several days.,9.0,chronic_rework_and_readmission,5.0,0.11791899055242538,0.007441756781190634
V0209,active_medical_intervention,Quick resolution (2 days) after receiving IV antibiotics and admission.,4.0,inpatient_admission_standard,1.0,0.010182095691561699,0.0016794330440461636
V0210,chronic_rework_and_readmission,High duration (110d) culminating in a return to the emergency room.,6.0,inpatient_admission_standard,3.0,0.14075909554958344,0.00871481467038393
V0211,chronic_rework_and_readmission,Extended duration (47d) leading to a return to the emergency room.,6.0,inpatient_admission_standard,1.0,0.11647561192512512,0.0012209047563374043
V0212,chronic_rework_and_readmission,Extended duration (20d) with repetitive testing and emergency room readmission.,5.0,inpatient_admission_standard,3.0,0.020214805379509926,0.0012473879614844918
V0213,chronic_rework_and_readmission,Readmission / return to the emergency room following an initial inpatient stay.,9.0,inpatient_admission_standard,4.0,0.25574517250061035,0.0016633850755169988
V0214,active_medical_intervention,Short stay (3 days) with IV interventions and subsequent release.,6.0,inpatient_admission_standard,1.0,0.35284972190856934,0.0005795284523628652
V0215,inpatient_admission_standard,Standard inpatient nursing care stay with diagnostic monitoring over several days.,7.0,chronic_rework_and_readmission,4.0,0.018736718222498894,0.0003595386224333197
V0216,chronic_rework_and_readmission,Extended duration (54d) and return to the emergency room.,7.0,inpatient_admission_standard,2.0,0.009297756478190422,0.001174799632281065
V0217,rapid_triage_and_discharge,Very short duration (52m) terminating immediately after evaluation and initial medication.,6.0,active_medical_intervention,2.0,0.01934649609029293,0.012079070322215557
V0218,inpatient_admission_standard,Intensive care unit admission followed by multi-day observation and testing.,13.0,chronic_rework_and_readmission,10.0,0.48152995109558105,0.0127410888671875
V0219,rapid_triage_and_discharge,Very short duration (11 hours) with basic lab work only and no admission.,2.0,inpatient_admission_standard,2.0,0.721432626247406,0.23908162117004395
V0220,chronic_rework_and_readmission,Extended duration (37d) with return to the emergency room.,6.0,inpatient_admission_standard,1.0,0.11292805522680283,0.005960556212812662
V0221,active_medical_intervention,Short stay (2 days) involving IV antibiotics and fluids with straightforward release.,8.0,inpatient_admission_standard,3.0,0.3447912633419037,0.12323851138353348
V0222,inpatient_admission_standard,Standard multi-day inpatient stay with nursing care and lab tracking.,9.0,chronic_rework_and_readmission,7.0,0.1292966902256012,0.0006431419751606882
V0223,inpatient_admission_standard,Inpatient nursing care admission with multi-day stay and standard release.,5.0,chronic_rework_and_readmission,3.0,0.2345184087753296,0.05097861960530281
V0224,chronic_rework_and_readmission,Extreme duration (364d) culminating in emergency room return.,4.0,inpatient_admission_standard,3.0,0.1754123568534851,0.01067489292472601
V0225,active_medical_intervention,Short 1-day stay with active IV antibiotic treatment and quick release.,5.0,inpatient_admission_standard,4.0,0.6699891090393066,0.015745949000120163
V0226,inpatient_admission_standard,Inpatient nursing care stay with observation and eventual release.,6.0,active_medical_intervention,1.0,0.12315279990434647,0.0022079385817050934
V0227,chronic_rework_and_readmission,Extended timeline (20d) with return to the emergency room.,7.0,active_medical_intervention,3.0,0.019689036533236504,0.0007216189987957478
V0228,inpatient_admission_standard,Standard inpatient stay with nursing care unit admissions.,6.0,active_medical_intervention,3.0,0.2356918305158615,0.03519592061638832
V0229,chronic_rework_and_readmission,Moderate duration with a return to the emergency room.,7.0,inpatient_admission_standard,2.0,0.17094804346561432,0.01595463789999485
V0230,chronic_rework_and_readmission,Extended duration (48d) ending in return to the emergency room.,4.0,inpatient_admission_standard,3.0,0.005517255514860153,0.0014310794649645686
V0231,chronic_rework_and_readmission,Very long duration (158d) with return to the emergency room.,6.0,inpatient_admission_standard,1.0,0.04011628404259682,0.0017460682429373264
V0232,rapid_triage_and_discharge,"Extremely brief duration (1 hour) with triage, lab work, and IV treatment without admission.",3.0,active_medical_intervention,1.0,0.004081730730831623,0.0031856950372457504
V0233,chronic_rework_and_readmission,Extended duration (35d) leading to a return to the emergency room.,6.0,inpatient_admission_standard,3.0,0.11415576189756393,0.00718826474621892
V0234,rapid_triage_and_discharge,Very short duration (42m) terminating after labs without admission.,2.0,active_medical_intervention,2.0,0.3583011329174042,0.34258484840393066
V0235,active_medical_intervention,Short 3-day stay involving active IV treatments and nursing admission.,4.0,inpatient_admission_standard,2.0,0.34833502769470215,0.00010503688099561259
V0236,inpatient_admission_standard,Standard short inpatient nursing admission and release.,6.0,active_medical_intervention,2.0,0.34849652647972107,0.17322976887226105
V0237,chronic_rework_and_readmission,Extended duration (10d) with a return to the emergency room.,6.0,inpatient_admission_standard,3.0,0.038441650569438934,0.01947423443198204
V0238,inpatient_admission_standard,Inpatient nursing care admission with monitoring over several days.,7.0,chronic_rework_and_readmission,3.0,0.11991127580404282,0.005855603609234095
V0239,inpatient_admission_standard,Extended inpatient stay culminating in a successful release.,10.0,chronic_rework_and_readmission,6.0,0.4908235967159271,0.012175043113529682
V0240,active_medical_intervention,Short stay (4 days) featuring IV liquid and antibiotic treatments.,8.0,inpatient_admission_standard,2.0,0.3559424579143524,0.0002745249366853386
V0241,chronic_rework_and_readmission,Extended duration (45d) with return to the emergency room.,7.0,inpatient_admission_standard,4.0,0.003712746547535062,0.0032355880830436945
V0242,chronic_rework_and_readmission,Very long duration (119d) with emergency room return.,9.0,inpatient_admission_standard,2.0,0.2542400062084198,0.001801188918761909
V0243,chronic_rework_and_readmission,"Complex case with intensive care and nursing unit transfers, repetitive testing, and extreme duration.",24.0,inpatient_admission_standard,16.0,0.14835789799690247,0.0673959031701088
V0244,inpatient_admission_standard,Standard inpatient stay spanning a week with nursing care.,7.0,active_medical_intervention,6.0,0.11462896317243576,0.0022491130512207747
V0245,inpatient_admission_standard,Inpatient stay with multiple nursing care episodes and laboratory monitoring.,14.0,chronic_rework_and_readmission,6.0,0.14058996737003326,0.000904570275451988
V0246,inpatient_admission_standard,Inpatient admission involving intensive care and nursing units over several days.,10.0,chronic_rework_and_readmission,5.0,0.11353978514671326,0.0070746527053415775
V0247,inpatient_admission_standard,Standard inpatient stay with multiple ward transfers and monitoring.,14.0,chronic_rework_and_readmission,8.0,0.5174898505210876,0.008977153338491917
V0248,chronic_rework_and_readmission,Extreme duration (129d) featuring repetitive looping of tests and a return to the emergency room.,10.0,inpatient_admission_standard,7.0,0.2009490728378296,0.0016995238838717341
V0249,active_medical_intervention,Short 2-day stay with active IV antibiotics and subsequent release.,6.0,inpatient_admission_standard,2.0,0.3393271863460541,0.0008686588262207806
V0250,chronic_rework_and_readmission,Very long duration (123d) ending in an emergency room return.,8.0,inpatient_admission_standard,3.0,0.14408187568187714,0.009214997291564941
V0251,chronic_rework_and_readmission,"This case features extended duration, repeat lab testing, and eventual return to the emergency room, fitting the chronic rework and readmission pattern.",10.0,inpatient_admission_standard,4.0,0.1894855499267578,0.001089870580472052
V0252,inpatient_admission_standard,"The patient underwent standard nursing care admission following diagnostics and treatment, concluding with release within a moderate timeframe.",6.0,chronic_rework_and_readmission,4.0,0.114994116127491,0.0026142739225178957
V0253,inpatient_admission_standard,"This variant shows standard inpatient admission after lab and antibiotic workups, resulting in a successful release.",6.0,active_medical_intervention,2.0,0.34312164783477783,0.181787371635437
V0254,chronic_rework_and_readmission,Long duration with extensive repetitive testing and multiple ward admissions characteristic of extended stay and rework.,18.0,inpatient_admission_standard,10.0,0.3394363224506378,0.016454355791211128
V0255,inpatient_admission_standard,Standard inpatient admission and treatment sequence ending in release after several days.,4.0,chronic_rework_and_readmission,3.0,0.11821514368057251,0.0071455989964306355
V0256,chronic_rework_and_readmission,Features a high duration and ends with a return to the emergency room after inpatient care.,8.0,inpatient_admission_standard,3.0,0.026052488014101982,0.005918651819229126
V0257,inpatient_admission_standard,"Includes standard ICU and nursing care admissions, diagnostic workups, and release within a week.",12.0,chronic_rework_and_readmission,9.0,0.11880511045455933,0.012339974753558636
V0258,inpatient_admission_standard,Follows standard inpatient admission and release pathways following antibiotics and lab tests.,9.0,chronic_rework_and_readmission,5.0,0.4445854723453522,0.021781042218208313
V0259,inpatient_admission_standard,Typical inpatient admission pathway with active intervention and discharge within several days.,3.0,chronic_rework_and_readmission,3.0,0.0006038809660822153,0.0021090798545628786
V0260,rapid_triage_and_discharge,"Very short duration involving rapid triage, basic labs, and initial IV antibiotics without inpatient admission.",1.0,active_medical_intervention,2.0,0.030223488807678223,0.0007684677839279175
V0261,chronic_rework_and_readmission,Extended duration with repeat labs and return to the emergency room.,7.0,inpatient_admission_standard,5.0,0.1186939999461174,0.0008605325710959733
V0262,chronic_rework_and_readmission,Features rework and an eventual return to the ER after inpatient stay.,7.0,inpatient_admission_standard,3.0,0.13441719114780426,0.00256820279173553
V0263,chronic_rework_and_readmission,Long duration with repeated tests and subsequent return to the emergency room.,4.0,inpatient_admission_standard,3.0,0.12483242899179459,0.0026055171620100737
V0264,inpatient_admission_standard,Inpatient admission followed by standard release after a few days of observation and care.,4.0,active_medical_intervention,2.0,0.11250447481870651,0.002662109211087227
V0265,chronic_rework_and_readmission,Extended case ending in return to the emergency room with repeated lab work.,6.0,inpatient_admission_standard,2.0,0.22630846500396729,0.017988337203860283
V0266,inpatient_admission_standard,Standard inpatient admission and release sequence with some lab repeats.,3.0,active_medical_intervention,3.0,0.12192674726247787,0.003840129589661956
V0267,inpatient_admission_standard,Inpatient nursing care admissions with diagnostic testing and final release.,6.0,chronic_rework_and_readmission,4.0,0.12244526296854019,0.0033216101583093405
V0268,rapid_triage_and_discharge,"Short duration process involving initial triage, labs, and short stay terminating quickly.",6.0,inpatient_admission_standard,2.0,0.7190215587615967,0.07482597976922989
V0269,chronic_rework_and_readmission,Extremely long duration leading to a return to the emergency room.,7.0,inpatient_admission_standard,1.0,0.1440615952014923,0.009235274977982044
V0270,chronic_rework_and_readmission,High duration with repeat testing and return to the ER.,9.0,inpatient_admission_standard,3.0,0.13702155649662018,0.004977260250598192
V0271,inpatient_admission_standard,Standard inpatient admission and subsequent release after a week.,10.0,chronic_rework_and_readmission,7.0,0.4502364695072174,0.016130076721310616
V0272,inpatient_admission_standard,Inpatient admission with standard diagnostic testing and final release.,8.0,chronic_rework_and_readmission,4.0,0.02001374587416649,2.0560904886224307e-05
V0273,chronic_rework_and_readmission,Massive repetition of lab tests and extended nursing care admissions over weeks.,75.0,inpatient_admission_standard,59.0,0.4186936318874359,0.041752103716135025
V0274,inpatient_admission_standard,Standard inpatient admission followed by a release after treatment.,7.0,active_medical_intervention,1.0,0.6957381367683411,0.3384658992290497
V0275,inpatient_admission_standard,Inpatient admission following active intervention and release within a moderate timeframe.,20.0,chronic_rework_and_readmission,9.0,0.11477971822023392,0.0009773572674021125
V0276,inpatient_admission_standard,Standard short-stay admission and release after initial medical treatment.,6.0,chronic_rework_and_readmission,3.0,0.015696970745921135,0.0004328330687712878
V0277,chronic_rework_and_readmission,Extremely long duration featuring frequent looping and return to the emergency room.,10.0,inpatient_admission_standard,8.0,0.2181466817855835,0.0021829388570040464
V0278,inpatient_admission_standard,"Standard inpatient admission, monitoring, and release.",6.0,chronic_rework_and_readmission,5.0,0.004548686556518078,0.006053885444998741
V0279,chronic_rework_and_readmission,Extended duration with repeat testing and return to the emergency room.,7.0,inpatient_admission_standard,6.0,0.14464958012104034,0.003066557226702571
V0280,chronic_rework_and_readmission,Long duration involving extensive testing and readmission or return to ER.,8.0,inpatient_admission_standard,3.0,0.13373883068561554,0.0016945450333878398
V0281,inpatient_admission_standard,Standard inpatient admission and care culminating in release.,8.0,active_medical_intervention,6.0,0.013027067296206951,0.006069190334528685
V0282,inpatient_admission_standard,Standard inpatient admission followed by monitoring and release.,7.0,active_medical_intervention,3.0,0.004783384967595339,0.006288583856076002
V0283,chronic_rework_and_readmission,Complex case with multiple loops of lab tests and a return to the ER.,20.0,inpatient_admission_standard,8.0,0.006599831860512495,0.007526736240833998
V0284,chronic_rework_and_readmission,Very long duration with extensive rework and return to the emergency room.,3.0,inpatient_admission_standard,4.0,0.03290776535868645,0.008954585529863834
V0285,chronic_rework_and_readmission,Extended stay with repeated nursing care admissions and lab testing.,9.0,inpatient_admission_standard,4.0,0.3613532781600952,0.0002652652619872242
V0286,active_medical_intervention,Involves active medical intervention with antibiotics and short inpatient stay.,6.0,inpatient_admission_standard,2.0,0.03302346542477608,0.0006221384392119944
V0287,rapid_triage_and_discharge,Very short duration case stopping at initial lab evaluation without inpatient admission.,3.0,active_medical_intervention,2.0,0.3646741211414337,0.3432423174381256
V0288,chronic_rework_and_readmission,Features repeat testing and a return to the ER following treatment.,4.0,active_medical_intervention,3.0,0.14692828059196472,0.004188743885606527
V0289,active_medical_intervention,Short stay featuring active IV intervention and standard discharge.,5.0,inpatient_admission_standard,2.0,0.3399369716644287,0.00025890138931572437
V0290,chronic_rework_and_readmission,Extremely long duration of over three hundred days with repeat testing and ER return.,6.0,inpatient_admission_standard,5.0,0.060607362538576126,0.010987378656864166
V0291,active_medical_intervention,Short duration active medical intervention and admission resolving quickly.,6.0,inpatient_admission_standard,2.0,0.33564886450767517,0.02519840933382511
V0292,rapid_triage_and_discharge,Extremely short triage and lab evaluation sequence.,2.0,inpatient_admission_standard,2.0,0.4031262695789337,0.3618764877319336
V0293,active_medical_intervention,"Active medical treatment with IV liquids and antibiotics, resolving in a short timeframe.",5.0,inpatient_admission_standard,1.0,0.355646014213562,0.00437926547601819
V0294,inpatient_admission_standard,"Standard inpatient admission following active interventions, concluding with release.",4.0,chronic_rework_and_readmission,3.0,0.11365190148353577,0.0012720535742118955
V0295,active_medical_intervention,Active medical intervention with IV treatments and short admission.,4.0,rapid_triage_and_discharge,2.0,0.34421786665916443,0.049976129084825516
V0296,chronic_rework_and_readmission,Extended case featuring repeat labs and a return to the ER.,6.0,inpatient_admission_standard,3.0,0.0479288287460804,0.01501080859452486
V0297,chronic_rework_and_readmission,Long duration process with repeat tests and return to the emergency room.,4.0,inpatient_admission_standard,2.0,0.1379125863313675,0.0058682928793132305
V0298,active_medical_intervention,Active medical intervention and short stay resolving with release.,7.0,inpatient_admission_standard,2.0,0.35757794976234436,9.042237797984853e-05
V0299,chronic_rework_and_readmission,Extended case duration with extensive repetitive testing and looping.,10.0,inpatient_admission_standard,4.0,0.4789813458919525,0.0006092095864005387
V0300,chronic_rework_and_readmission,Extreme duration approaching 200 days with extensive repeat testing and return to the ER.,14.0,inpatient_admission_standard,8.0,0.13007211685180664,0.010814502835273743
V0301,chronic_rework_and_readmission,"Extended duration of 22 days, repeat lab testing, and return to ER fit the chronic rework and readmission pattern.",7.0,inpatient_admission_standard,3.0,0.1274135857820511,0.004435404669493437
V0302,rapid_triage_and_discharge,Very short duration (28 minutes) terminating at initial evaluation without admission or intervention.,4.0,active_medical_intervention,1.0,0.3707320988178253,0.337184339761734
V0303,chronic_rework_and_readmission,High duration (93 days) with multiple repetitions and return to ER.,6.0,inpatient_admission_standard,3.0,0.02482825703918934,0.00469442130997777
V0304,inpatient_admission_standard,"Standard inpatient admission following tests and interventions, concluding with release after 5 days.",5.0,chronic_rework_and_readmission,4.0,0.11435172706842422,0.004509369842708111
V0305,rapid_triage_and_discharge,Short triage and lab work culminating rapidly in IV antibiotics.,4.0,active_medical_intervention,2.0,0.040639348328113556,0.0006104464991949499
V0306,inpatient_admission_standard,Admitted to nursing care with subsequent release after 7 days.,8.0,active_medical_intervention,3.0,0.1725517362356186,0.021108970046043396
V0307,chronic_rework_and_readmission,Extended duration (70 days) involving readmission to ER after release.,5.0,inpatient_admission_standard,2.0,0.12776000797748566,0.0003220610960852355
V0308,chronic_rework_and_readmission,Extended 13-day stay with recurring tests and return to ER.,8.0,inpatient_admission_standard,2.0,0.1988595724105835,0.03966547176241875
V0309,active_medical_intervention,Short stay involving IV liquids and IV antibiotics followed by admission and prompt release.,4.0,inpatient_admission_standard,3.0,0.4088481366634369,0.0033132981043308973
V0310,inpatient_admission_standard,Inpatient admission with standard diagnostic and treatment progression over 5 days.,5.0,chronic_rework_and_readmission,2.0,0.11580929905176163,0.005966940429061651
V0311,chronic_rework_and_readmission,"High duration (92 days), extensive testing loops, and return to ER.",15.0,inpatient_admission_standard,10.0,0.19121408462524414,0.000638655386865139
V0312,inpatient_admission_standard,Standard inpatient admission and subsequent release after 33 days.,8.0,chronic_rework_and_readmission,5.0,0.05022000893950462,0.0023564144503325224
V0313,inpatient_admission_standard,"Admission to nursing care following interventions, culminating in release C.",6.0,chronic_rework_and_readmission,4.0,0.44934239983558655,0.029306158423423767
V0314,inpatient_admission_standard,Standard inpatient stay with repeated testing and final release C.,7.0,chronic_rework_and_readmission,6.0,0.4654792845249176,0.01316924300044775
V0315,chronic_rework_and_readmission,Complex case with heavy rework and 31 days duration.,24.0,inpatient_admission_standard,11.0,0.5067177414894104,0.008259914815425873
V0316,inpatient_admission_standard,Inpatient ward transfers and stay culminating in release E.,6.0,chronic_rework_and_readmission,4.0,0.4801875054836273,0.010885282419621944
V0317,chronic_rework_and_readmission,Extreme duration (70 days) with massive repetitive testing loops and return to ER.,156.0,inpatient_admission_standard,137.0,0.1498023271560669,0.07148837298154831
V0318,inpatient_admission_standard,Inpatient admission followed by standard progression and release.,23.0,chronic_rework_and_readmission,12.0,0.1514585018157959,0.003569160820916295
V0319,inpatient_admission_standard,Inpatient admission and subsequent release after 11 days.,11.0,chronic_rework_and_readmission,5.0,0.018687883391976357,0.0004083736566826701
V0320,chronic_rework_and_readmission,Long duration (104 days) with repetitive looping and return to ER.,6.0,inpatient_admission_standard,3.0,0.13924096524715424,0.0007464794325642288
V0321,chronic_rework_and_readmission,High duration (72 days) with recurring rework and return to ER.,7.0,inpatient_admission_standard,4.0,0.10069704055786133,0.005716415122151375
V0322,rapid_triage_and_discharge,"Swift movement through triage and lab work, culminating in IV antibiotics within an hour.",3.0,active_medical_intervention,2.0,0.016711400821805,0.009443975053727627
V0323,inpatient_admission_standard,Brief inpatient admission culminating in release within a day.,7.0,rapid_triage_and_discharge,2.0,0.38017702102661133,0.010476767085492611
V0324,chronic_rework_and_readmission,Extended duration (37 days) featuring repeated testing and return to ER.,25.0,inpatient_admission_standard,12.0,0.08476957678794861,0.012859083712100983
V0325,rapid_triage_and_discharge,Short duration (1 hour) ending directly after initial evaluation and antibiotic treatment.,4.0,active_medical_intervention,3.0,0.343720406293869,0.21833884716033936
V0326,inpatient_admission_standard,Inpatient admission with standard diagnostic and treatment steps over 4 days.,5.0,chronic_rework_and_readmission,3.0,0.011537507176399231,0.0005502498825080693
V0327,chronic_rework_and_readmission,Extended duration (23 days) with rework loops and return to ER.,5.0,inpatient_admission_standard,3.0,0.015269678086042404,0.0011431103339418769
V0328,chronic_rework_and_readmission,Extreme duration (254 days) culminating in return to the ER.,8.0,active_medical_intervention,2.0,0.16502714157104492,0.00028968663536943495
V0329,inpatient_admission_standard,Standard inpatient admission with multiple lab cycles and release A after 15 days.,16.0,chronic_rework_and_readmission,7.0,0.13815097510814667,0.0002652652619872242
V0330,active_medical_intervention,Active medical treatment with IV antibiotics and IV liquids over about a day.,1.0,rapid_triage_and_discharge,1.0,0.34406986832618713,0.0009680844959802926
V0331,chronic_rework_and_readmission,Extended stay (23 days) with extensive test repetition.,13.0,inpatient_admission_standard,6.0,0.45998597145080566,0.007301620673388243
V0332,active_medical_intervention,"Short-stay observation following IV liquids and IV antibiotics, resolving in under a day.",5.0,inpatient_admission_standard,2.0,0.6929064393043518,0.0386633574962616
V0333,inpatient_admission_standard,Admission and short stay of 5 days involving active intervention and release.,13.0,active_medical_intervention,6.0,0.5062015652656555,0.03266850486397743
V0334,chronic_rework_and_readmission,"Complex case lasting 36 days with multiple transfers, heavy looping, and return to ER.",27.0,inpatient_admission_standard,16.0,0.08592339605093002,0.011705269105732441
V0335,chronic_rework_and_readmission,Extended duration (13 days) with repetitive testing and return to ER.,5.0,inpatient_admission_standard,2.0,0.032085295766592026,0.013117876835167408
V0336,active_medical_intervention,Short intervention stay lasting 18 hours with IV liquids and antibiotics.,4.0,inpatient_admission_standard,1.0,0.689423143863678,0.021141448989510536
V0337,inpatient_admission_standard,Standard inpatient stay of 4 days ending in release A.,6.0,chronic_rework_and_readmission,3.0,0.013095096684992313,0.00014044769341126084
V0338,inpatient_admission_standard,Inpatient admission and monitoring over 7 days.,6.0,active_medical_intervention,3.0,0.11771491914987564,0.0053350734524428844
V0339,chronic_rework_and_readmission,"Extended course with multiple ward transfers, recurring tests, and return to ER.",19.0,inpatient_admission_standard,15.0,0.17332255840301514,0.09236056357622147
V0340,inpatient_admission_standard,Inpatient admission followed by standard recovery over 3 days.,5.0,chronic_rework_and_readmission,3.0,0.014704865403473377,0.00020365603268146515
V0341,inpatient_admission_standard,Inpatient admission with diagnostic evaluation and release after 5 days.,6.0,chronic_rework_and_readmission,4.0,0.11621388047933578,0.006371513474732637
V0342,rapid_triage_and_discharge,Short duration (7 hours) ending at initial lab evaluation without inpatient admission.,3.0,inpatient_admission_standard,3.0,0.7070117592811584,0.18317042291164398
V0343,inpatient_admission_standard,Inpatient admission and monitoring over 9 days ending in release A.,7.0,chronic_rework_and_readmission,3.0,0.12273209542036057,0.0030347818974405527
V0344,chronic_rework_and_readmission,Extended 16-day stay with extensive repetition of lab tests.,8.0,inpatient_admission_standard,3.0,0.471078485250473,0.012289193458855152
V0345,chronic_rework_and_readmission,"Complex, highly extended 17-day stay featuring extensive repetitive testing and ward transfers.",15.0,inpatient_admission_standard,10.0,0.44005677103996277,0.005099603906273842
V0346,chronic_rework_and_readmission,Extreme duration (279 days) with chronic testing loops and return to ER.,14.0,inpatient_admission_standard,9.0,0.13996504247188568,0.020707428455352783
V0347,chronic_rework_and_readmission,Extended stay of 182 days with repetitive testing and return to ER.,9.0,inpatient_admission_standard,6.0,0.1554052233695984,0.0021083580795675516
V0348,inpatient_admission_standard,Short inpatient stay of 4 days with standard testing and release.,9.0,chronic_rework_and_readmission,3.0,0.4520590305328369,0.006395623087882996
V0349,rapid_triage_and_discharge,Brief evaluation period terminating swiftly at ER sepsis triage without admission.,6.0,active_medical_intervention,4.0,0.7254476547241211,0.33526548743247986
V0350,chronic_rework_and_readmission,High duration (131 days) culminating in a return to the emergency room.,10.0,inpatient_admission_standard,1.0,0.3679978847503662,0.0029357243329286575
V0351,inpatient_admission_standard,"The case involves initial diagnostics, ER triage, IV antibiotics, and admission to nursing care (Admission NC) leading to a release, fitting standard inpatient admission.",8.0,active_medical_intervention,2.0,0.34577158093452454,0.003133902559056878
V0352,chronic_rework_and_readmission,"Features extensive rework (repeated CRP, Leucocytes, Admission NC), moderate duration, and a return to the emergency room.",6.0,inpatient_admission_standard,3.0,0.006862329784780741,0.007264237385243177
V0353,chronic_rework_and_readmission,"Very long total duration, multiple diagnostic repetitions (CRP, Leucocytes), and eventual return to the ER.",4.0,inpatient_admission_standard,2.0,0.15573234856128693,0.002435486065223813
V0354,chronic_rework_and_readmission,"Characterized by prolonged stay, intensive unit transfers, extensive recurring testing loops (CRP, Leucocytes, LacticAcid), and admission rework.",18.0,inpatient_admission_standard,10.0,0.46939459443092346,0.0011257039150223136
V0355,chronic_rework_and_readmission,"Exhibits multiple diagnostic loops, repeated nursing care admissions, and extended care duration.",6.0,inpatient_admission_standard,5.0,0.4715202748775482,0.0009999602334573865
V0356,chronic_rework_and_readmission,Long duration involving heavy repetitive testing of CRP and Leucocytes over multiple weeks.,10.0,inpatient_admission_standard,4.0,0.525757372379303,0.007154356688261032
V0357,chronic_rework_and_readmission,"Extended timeline with repeated nursing care admissions, repeated lab work, and a subsequent return to the ER.",6.0,inpatient_admission_standard,3.0,0.012204264290630817,0.00408130744472146
V0358,inpatient_admission_standard,"Involves ER triage, lab work, IV treatment, and admission to nursing care culminating in a release before returning to the ER.",7.0,chronic_rework_and_readmission,1.0,0.6901321411132812,0.00012047109339619055
V0359,chronic_rework_and_readmission,"Long duration featuring recurrent lab test iterations (CRP, Leucocytes) and a final ER readmission.",5.0,inpatient_admission_standard,3.0,0.14041848480701447,0.008374200202524662
V0360,active_medical_intervention,"Short duration case featuring IV liquids, IV antibiotics, and admission to nursing care followed by release.",6.0,rapid_triage_and_discharge,3.0,0.0360761359333992,0.003674807259812951
V0361,chronic_rework_and_readmission,"Contains repeated admission steps (Admission NC) and repeated lab testing (CRP, Leucocytes).",9.0,inpatient_admission_standard,2.0,0.4112437665462494,0.002138219540938735
V0362,active_medical_intervention,"Moderate duration case with initial lab work, IV antibiotics, and a short observation or nursing care stay before release.",5.0,inpatient_admission_standard,1.0,0.3633911609649658,0.00030965302721597254
V0363,chronic_rework_and_readmission,"Exhibits recurring test loops (CRP, Leucocytes) during a multi-day stay.",6.0,inpatient_admission_standard,2.0,0.5119822025299072,2.9203385565779172e-05
V0364,chronic_rework_and_readmission,High total duration with repeated testing and an eventual return to the ER.,7.0,inpatient_admission_standard,2.0,0.14312498271465302,0.010171884670853615
V0365,,"Terminates mid-sequence at Leucocytes without an endpoint like release or return, making classification incomplete.",,inpatient_admission_standard,6.0,,0.058374062180519104
V0366,chronic_rework_and_readmission,Extended timeline with multiple iterations of CRP and Leucocytes tests leading to ER return.,6.0,inpatient_admission_standard,3.0,0.13617268204689026,0.004323690664023161
V0367,chronic_rework_and_readmission,"Extreme looping of LacticAcid, Leucocytes, and CRP combined with a long total duration and ER return.",20.0,inpatient_admission_standard,12.0,0.17260992527008057,0.0015293057076632977
V0368,active_medical_intervention,Short duration case moving swiftly through triage and labs to a standard admission.,3.0,rapid_triage_and_discharge,1.0,0.41941937804222107,0.01388451736420393
V0369,chronic_rework_and_readmission,"Extended care duration with multiple iterations of lab tests (CRP, LacticAcid, Leucocytes) and an ER return.",8.0,inpatient_admission_standard,6.0,0.19275574386119843,0.033561624586582184
V0370,chronic_rework_and_readmission,Long duration spanning nearly 100 days with extensive lab rework and an ER return.,6.0,inpatient_admission_standard,5.0,0.19279803335666656,0.0022226148284971714
V0371,inpatient_admission_standard,"Standard workflow involving ER triage, lab work, IV antibiotics, and nursing care admission followed by release.",7.0,active_medical_intervention,1.0,0.7045011520385742,0.0030963029712438583
V0372,chronic_rework_and_readmission,"High frequency of repeated nursing care steps and iterative lab testing (CRP, Leucocytes, LacticAcid).",12.0,inpatient_admission_standard,6.0,0.4460383355617523,0.0008819322101771832
V0373,inpatient_admission_standard,"Standard inpatient journey with IV treatments, lab work, nursing care admission, and subsequent release.",6.0,active_medical_intervention,2.0,0.007652990985661745,0.009158190339803696
V0374,,Incomplete outcome sequence ending abruptly with Leucocytes.,,chronic_rework_and_readmission,2.0,,7.816903962520882e-05
V0375,chronic_rework_and_readmission,"Complex journey with ICU and nursing care admissions, multiple unit transfers, and heavy test repetition.",11.0,inpatient_admission_standard,7.0,0.4464155435562134,0.0012591567356139421
V0376,chronic_rework_and_readmission,Extended duration featuring repeated admissions and extensive intervals of repeated CRP and Leucocytes tests.,10.0,inpatient_admission_standard,3.0,0.35445430874824524,0.007629280909895897
V0377,inpatient_admission_standard,"Inpatient admission following IV treatments and diagnostics, concluding with a successful release.",5.0,active_medical_intervention,4.0,0.0044425786472857,0.0018664944218471646
V0378,rapid_triage_and_discharge,Very short duration (3 hours) terminating directly at IV Antibiotics after initial triage and labs.,2.0,active_medical_intervention,1.0,0.02098917029798031,0.00043937613372690976
V0379,rapid_triage_and_discharge,Extremely brief case duration (2 hours) ending at IV Antibiotics without inpatient admission.,0.0,active_medical_intervention,1.0,0.009775525890290737,0.005412986967712641
V0380,inpatient_admission_standard,"Standard case flow involving initial testing, nursing admission, and subsequent release.",6.0,rapid_triage_and_discharge,2.0,0.3442312180995941,0.00467431265860796
V0381,chronic_rework_and_readmission,Involves repeated admission steps (Admission NC) and repeated lab testing over several days.,9.0,inpatient_admission_standard,1.0,0.4044276177883148,0.00026427218108437955
V0382,chronic_rework_and_readmission,Extended duration with multiple admission loops and subsequent return to the ER.,5.0,inpatient_admission_standard,3.0,0.0335317961871624,0.01456437911838293
V0383,inpatient_admission_standard,Standard admission process following ER workups and IV treatment.,9.0,active_medical_intervention,4.0,0.35286542773246765,0.0018406291492283344
V0384,chronic_rework_and_readmission,Extended multi-day stay with continuous repetition of CRP and Leucocytes tests.,10.0,inpatient_admission_standard,6.0,0.5334029793739319,0.013247284106910229
V0385,chronic_rework_and_readmission,"Prolonged case duration with heavy iterative looping of LacticAcid, CRP, and Leucocytes leading to ER return.",8.0,inpatient_admission_standard,7.0,0.20720688998699188,0.04801277816295624
V0386,chronic_rework_and_readmission,"High duration spanning months, featuring repeated laboratory tests and an ER return.",4.0,inpatient_admission_standard,3.0,0.13589876890182495,0.0038544731214642525
V0387,chronic_rework_and_readmission,Complex course with repeated nursing admissions and extensive repeated lab testing over multiple days.,6.0,inpatient_admission_standard,2.0,0.36008408665657043,0.0001743799221003428
V0388,chronic_rework_and_readmission,Contains multiple test repetitions for CRP and Leucocytes during a multi-day stay.,8.0,inpatient_admission_standard,4.0,0.5130050778388977,0.00011264110798947513
V0389,inpatient_admission_standard,Involves an admission to nursing care with a repeated admission step before final release.,6.0,active_medical_intervention,2.0,0.35905519127845764,0.17066223919391632
V0390,inpatient_admission_standard,Standard inpatient admission sequence with IV therapy and nursing care.,6.0,chronic_rework_and_readmission,4.0,0.4636624753475189,0.02219104766845703
V0391,chronic_rework_and_readmission,Involves multiple ward admissions (IC and NC) along with repeated laboratory testing loops.,6.0,inpatient_admission_standard,2.0,0.5658183097839355,0.00046695745550096035
V0392,chronic_rework_and_readmission,Features repeated nursing care admissions and recurrent laboratory testing.,7.0,inpatient_admission_standard,2.0,0.5214958190917969,0.0029566986486315727
V0393,chronic_rework_and_readmission,Highly extended case featuring multiple admission loops and extensive recurring test cycles.,17.0,inpatient_admission_standard,9.0,0.36186137795448303,0.0016007829690352082
V0394,inpatient_admission_standard,"Standard admission process following ER workup and IV therapy, ending in release.",6.0,chronic_rework_and_readmission,3.0,0.019482245668768883,0.002631714567542076
V0395,inpatient_admission_standard,"Standard inpatient stay incorporating IV therapy, nursing admission, and lab work.",5.0,active_medical_intervention,2.0,0.004561169538646936,0.006066368892788887
V0396,inpatient_admission_standard,"Standard treatment path involving ER intake, IV antibiotics, nursing admission, and subsequent release.",3.0,rapid_triage_and_discharge,2.0,0.0,0.0015051988884806633
V0397,chronic_rework_and_readmission,Involves repeated nursing care admissions and iterative lab testing.,10.0,active_medical_intervention,4.0,0.402908056974411,0.000612699834164232
V0398,chronic_rework_and_readmission,Extensive multi-week duration characterized by heavy test repetition and an ER return.,13.0,inpatient_admission_standard,6.0,0.01584046334028244,0.0016274928348138928
V0399,rapid_triage_and_discharge,Very short duration (3 hours) moving directly through initial evaluation and mild nursing intervention to release.,5.0,inpatient_admission_standard,2.0,0.35227546095848083,0.04079475253820419
V0400,inpatient_admission_standard,"Standard inpatient pathway featuring initial triage, IV antibiotics, nursing admission, and release.",5.0,chronic_rework_and_readmission,2.0,0.17713582515716553,0.004754744935780764
V0401,inpatient_admission_standard,"The case involves admission to a nursing care unit (Admission NC) following active interventions (IV Liquid, IV Antibiotics) and diagnostic workups, culminating in Release B after several days.",8.0,chronic_rework_and_readmission,4.0,0.34159454703330994,0.03695220127701759
V0402,chronic_rework_and_readmission,"Features an extended duration with repetitive testing (CRP, Leucocytes), an inpatient admission (Admission NC), and ultimately results in a return to the emergency room.",8.0,inpatient_admission_standard,3.0,0.15182580053806305,0.001471064519137144
V0403,chronic_rework_and_readmission,"Characterized by repeat admissions (Admission NC), extensive looping of lab tests (CRP, LacticAcid, Leucocytes), and a return to the emergency room.",7.0,inpatient_admission_standard,3.0,0.12432289868593216,0.02669423818588257
V0404,chronic_rework_and_readmission,"Shows a very long duration with repeated nursing care admissions, repeated lab work, and a final return to the ER.",6.0,inpatient_admission_standard,3.0,0.04988444223999977,0.00026445588446222246
V0405,inpatient_admission_standard,Involves standard diagnostic and medical intervention steps followed by an inpatient admission to a nursing care unit and successful release within a few days.,4.0,active_medical_intervention,2.0,0.02950439602136612,0.00025890138931572437
V0406,inpatient_admission_standard,"Follows standard triage and lab work with an admission to nursing care, concluding with a release after four days.",5.0,active_medical_intervention,1.0,0.17955540120601654,0.002335180761292577
V0407,inpatient_admission_standard,"Includes triage, lab diagnostics, intensive care admission (Admission IC), and subsequent release within a short timeframe.",7.0,chronic_rework_and_readmission,5.0,0.37152397632598877,0.057794537395238876
V0408,chronic_rework_and_readmission,"Features repeat lab testing, an admission to nursing care, and an eventual return to the ER after several weeks.",6.0,inpatient_admission_standard,3.0,0.12327253073453903,0.008576462045311928
V0409,chronic_rework_and_readmission,"Presents multiple ward transfers (repeated Admission NC), looping labs, and an extended total duration before returning to the ER.",8.0,inpatient_admission_standard,2.0,0.03168777748942375,0.010174575261771679
V0410,inpatient_admission_standard,"Involves triage, diagnostics, IV treatments, admission to nursing care, and a standard release (Release D) after six days.",4.0,rapid_triage_and_discharge,2.0,0.3338087499141693,0.036621201783418655
V0411,chronic_rework_and_readmission,"Shows extended and complex looping of lab tests alongside repeated admissions, culminating in a return to the ER and further unstandardized paths.",9.0,inpatient_admission_standard,7.0,0.5410766005516052,0.11143874377012253
V0412,chronic_rework_and_readmission,"Demonstrates lengthy duration with extensive repetitive testing of CRP and Leucocytes, culminating in a return to the ER.",8.0,inpatient_admission_standard,5.0,0.11311671137809753,0.0021379992831498384
V0413,chronic_rework_and_readmission,Features a very long total duration of over 200 days with an eventual return to the ER.,8.0,active_medical_intervention,3.0,0.38061654567718506,0.005646312143653631
V0414,chronic_rework_and_readmission,Shows repeated laboratory tests and an extended duration leading to a return to the emergency room.,5.0,inpatient_admission_standard,3.0,0.11147671192884445,0.0045092105865478516
V0415,active_medical_intervention,"Involves active medical steps including IV liquids and antibiotics, followed directly by an admission to nursing care within a very short timeframe.",2.0,inpatient_admission_standard,1.0,0.40362730622291565,0.0016015717992559075
V0416,active_medical_intervention,"Requires active IV interventions, followed by inpatient admission and a quick resolution resulting in release.",4.0,inpatient_admission_standard,2.0,0.0,0.00046639316133223474
V0417,,"Does not fit standard discharge or admission paths; the sequence loops back to ER Triage quickly, making it a residual case.",,active_medical_intervention,1.0,,0.004662918392568827
V0418,chronic_rework_and_readmission,Extended case involving repeated lab testing and leading to a return to the ER.,4.0,inpatient_admission_standard,3.0,0.12090983241796494,0.0013553007738664746
V0419,inpatient_admission_standard,"Follows standard diagnostic workup and admission to nursing care, resulting in release after a few days.",5.0,active_medical_intervention,1.0,0.0007238550460897386,0.002229053992778063
V0420,inpatient_admission_standard,Features multiple nursing care entries as part of a standard inpatient stay before final release.,7.0,active_medical_intervention,3.0,0.3465309143066406,0.17519541084766388
V0421,chronic_rework_and_readmission,Displays extensive repetition of laboratory tests and repeated nursing care admissions over multiple days.,8.0,inpatient_admission_standard,4.0,0.38568541407585144,0.0074263704009354115
V0422,chronic_rework_and_readmission,"Extremely long case with intensive care followed by nursing care, repeated lab loops, and a return to the ER.",8.0,inpatient_admission_standard,6.0,0.2156151533126831,0.004714490380138159
V0423,inpatient_admission_standard,"Involves an inpatient nursing care admission with diagnostic workups, leading to a standard release (Release C) after several days.",7.0,chronic_rework_and_readmission,5.0,0.4882747232913971,0.00962620135396719
V0424,chronic_rework_and_readmission,Involves a standard admission path that ultimately results in an emergency room readmission (Return ER).,8.0,inpatient_admission_standard,3.0,0.3669552803039551,0.0712222158908844
V0425,inpatient_admission_standard,Standard diagnostic and treatment sequence ending in an inpatient admission and subsequent release.,4.0,chronic_rework_and_readmission,1.0,0.001790527836419642,0.00028532897704280913
V0426,inpatient_admission_standard,"Standard inpatient journey with laboratory tests, nursing care admission, and eventual release.",6.0,chronic_rework_and_readmission,4.0,0.45274367928504944,0.025904836133122444
V0427,chronic_rework_and_readmission,"Extended case duration with repeated nursing admissions and lab tests, ending in a return to the ER.",9.0,inpatient_admission_standard,4.0,0.029735760763287544,0.009601925499737263
V0428,inpatient_admission_standard,"Inpatient admission following initial evaluation and tests, culminating in a successful discharge.",11.0,chronic_rework_and_readmission,7.0,0.34170886874198914,0.13693967461585999
V0429,rapid_triage_and_discharge,Very short duration case moving swiftly through registration and triage to IV antibiotics without requiring inpatient admission.,4.0,inpatient_admission_standard,2.0,0.008517690934240818,0.004415913950651884
V0430,inpatient_admission_standard,Standard inpatient admission and treatment course culminating in a successful release.,7.0,chronic_rework_and_readmission,5.0,0.11689752340316772,0.010432388633489609
V0431,inpatient_admission_standard,"Standard medical workup, nursing care admission, and release after a short duration.",4.0,chronic_rework_and_readmission,2.0,0.009533206932246685,0.0006994127761572599
V0432,active_medical_intervention,Involves intense active medical interventions and intensive care observation within a very short timeframe.,16.0,inpatient_admission_standard,6.0,0.6801263689994812,0.0127410888671875
V0433,inpatient_admission_standard,"Standard inpatient journey involving lab testing, nursing care admission, and eventual release.",6.0,chronic_rework_and_readmission,3.0,0.5232596397399902,0.23316669464111328
V0434,inpatient_admission_standard,Inpatient admission with standard diagnostic testing and subsequent release after several days.,3.0,chronic_rework_and_readmission,3.0,0.12244897335767746,0.003317903494462371
V0435,chronic_rework_and_readmission,"Highly complex, extended case with extensive repetitive testing, multiple ward transfers, and a return to the ER.",33.0,inpatient_admission_standard,21.0,0.09025397151708603,0.007374696433544159
V0436,inpatient_admission_standard,"Standard inpatient stay with nursing care admission and lab work, culminating in a release.",9.0,chronic_rework_and_readmission,5.0,0.4696406424045563,0.0016007829690352082
V0437,chronic_rework_and_readmission,"Extensive repetition of lab tests and ward transfers, resulting in an eventual return to the ER.",31.0,inpatient_admission_standard,19.0,0.18896935880184174,0.029775237664580345
V0438,inpatient_admission_standard,"Standard inpatient admission following diagnostics and interventions, culminating in release.",10.0,chronic_rework_and_readmission,5.0,0.023382732644677162,0.0016453536227345467
V0439,chronic_rework_and_readmission,Long duration case characterized by intensive repetitive testing and extended hospitalization.,27.0,inpatient_admission_standard,15.0,0.44719305634498596,0.0023564144503325224
V0440,chronic_rework_and_readmission,"Extended stay featuring repeated nursing care admissions, extensive lab loops, and a return to the ER.",9.0,inpatient_admission_standard,5.0,0.09065237641334534,0.004328248091042042
V0441,chronic_rework_and_readmission,Extremely extended case duration spanning a long period before a return to the ER.,5.0,inpatient_admission_standard,3.0,0.17789345979690552,0.01315599400550127
V0442,chronic_rework_and_readmission,Extended case duration with repetitive lab tests and subsequent return to the ER.,9.0,inpatient_admission_standard,5.0,0.02484738640487194,0.004713549744337797
V0443,chronic_rework_and_readmission,Inpatient admission followed by a lengthy duration and an eventual return to the ER.,6.0,inpatient_admission_standard,2.0,0.11559072881937027,0.0003360187401995063
V0444,inpatient_admission_standard,Standard inpatient admission and treatment sequence ending in release.,10.0,chronic_rework_and_readmission,3.0,0.34423157572746277,0.13441698253154755
V0445,inpatient_admission_standard,Standard inpatient stay with multiple nursing care steps and eventual release.,5.0,chronic_rework_and_readmission,2.0,0.11646973341703415,0.006627368275076151
V0446,inpatient_admission_standard,"Inpatient admission following active interventions, culminating in a standard release.",6.0,active_medical_intervention,3.0,0.11420390754938126,0.004361546598374844
V0447,chronic_rework_and_readmission,Extended duration case with repeated laboratory testing and a return to the ER.,9.0,inpatient_admission_standard,6.0,0.14739903807640076,0.005897826049476862
V0448,chronic_rework_and_readmission,"Complex case with multiple ward types (IC and NC), extended duration, and a return to the ER.",9.0,inpatient_admission_standard,7.0,0.19781559705734253,0.0014339489862322807
V0449,chronic_rework_and_readmission,Extremely extended case duration lasting nearly a year before a return to the ER.,6.0,inpatient_admission_standard,3.0,0.23359090089797974,0.013261268846690655
V0450,inpatient_admission_standard,Standard inpatient admission with active medical treatment and subsequent release.,4.0,chronic_rework_and_readmission,2.0,0.0005514020449481905,0.0009537968435324728
V0451,inpatient_admission_standard,Involves admission to nursing care (Admission NC) following standard diagnostic workup and ends with release after several days.,7.0,active_medical_intervention,2.0,0.3351592719554901,0.19021891057491302
V0452,chronic_rework_and_readmission,Extended duration (18 days) with extensive looping and repeated lab tests like CRP and Leucocytes alongside multiple ward admissions.,25.0,inpatient_admission_standard,12.0,0.439193993806839,0.005962352734059095
V0453,chronic_rework_and_readmission,"High duration (23 days) involving repetitive lab testing, multiple nursing care admissions, and culminating in return to the ER.",9.0,inpatient_admission_standard,4.0,0.015358335338532925,0.0012317670043557882
V0454,chronic_rework_and_readmission,Extremely long duration (101 days) with repeated testing and readmission patterns.,5.0,inpatient_admission_standard,2.0,0.02730780653655529,0.007173969876021147
V0455,inpatient_admission_standard,Standard inpatient stay with admission to nursing care followed by discharge after a moderate duration.,1.0,chronic_rework_and_readmission,1.0,0.13196061551570892,0.0007269473280757666
V0456,inpatient_admission_standard,Involves admission to nursing care following antibiotic treatment and concludes with a successful release.,5.0,active_medical_intervention,2.0,0.12474804371595383,0.000612699834164232
V0457,chronic_rework_and_readmission,Extended stay spanning 15 days with repetitive laboratory tests and multiple nursing/intensive care admissions.,17.0,inpatient_admission_standard,9.0,0.4448033273220062,0.00035307396319694817
V0458,chronic_rework_and_readmission,Features an extended overall duration of 83 days leading to a return to the emergency room.,7.0,active_medical_intervention,3.0,0.24383991956710815,0.012201269157230854
V0459,inpatient_admission_standard,"Standard inpatient care pattern with IV interventions, admission to nursing care, and release.",6.0,chronic_rework_and_readmission,3.0,0.11774436384439468,0.005364520009607077
V0460,chronic_rework_and_readmission,Inpatient care featuring repeat testing and subsequent return to the ER after discharge.,4.0,inpatient_admission_standard,2.0,0.036592137068510056,0.017624717205762863
V0461,inpatient_admission_standard,Inpatient admission to nursing care following standard triage and lab work.,6.0,chronic_rework_and_readmission,3.0,0.11964932829141617,0.005711414385586977
V0462,active_medical_intervention,"Short duration case featuring active IV medical interventions and observation, terminating in an intermediate lab outcome.",5.0,inpatient_admission_standard,1.0,0.700901985168457,0.009662666358053684
V0463,chronic_rework_and_readmission,Very long overall duration (99 days) ending in a return to the emergency department.,9.0,active_medical_intervention,2.0,0.36000242829322815,0.010931144468486309
V0464,chronic_rework_and_readmission,Highly extended duration (115 days) with repeat tests and subsequent emergency room return.,6.0,inpatient_admission_standard,3.0,0.11440598964691162,0.0018020950956270099
V0465,active_medical_intervention,Short stay (3 days) with active IV treatments and nursing care admission leading to quick resolution.,9.0,inpatient_admission_standard,4.0,0.35357046127319336,0.00018754198390524834
V0466,inpatient_admission_standard,Inpatient admission course with multiple nursing care cycles and a moderate duration of 16 days.,5.0,chronic_rework_and_readmission,3.0,0.13985978066921234,0.0001743799221003428
V0467,chronic_rework_and_readmission,"Extended duration with repetitive testing, nursing care, and final return to the ER.",6.0,inpatient_admission_standard,3.0,0.026851268485188484,0.00788385234773159
V0468,chronic_rework_and_readmission,Case with multiple repeated laboratory loops and return to the emergency department.,6.0,inpatient_admission_standard,3.0,0.15070655941963196,0.0004104606050532311
V0469,chronic_rework_and_readmission,Extended duration (20 days) with repeat tests and return to the ER.,6.0,inpatient_admission_standard,5.0,0.019452625885605812,0.0004852079146075994
V0470,inpatient_admission_standard,Standard inpatient admission sequence with active treatment and final release.,3.0,active_medical_intervention,2.0,0.3379809856414795,0.04174426198005676
V0471,active_medical_intervention,Short-stay case with active interventions (IV liquid/antibiotics) followed by a short inpatient observation and release.,7.0,inpatient_admission_standard,1.0,0.35519900918006897,7.083689706632867e-05
V0472,active_medical_intervention,Short stay involving active treatments and inpatient admission culminating in release.,8.0,inpatient_admission_standard,2.0,0.3593541085720062,0.00025578177883289754
V0473,chronic_rework_and_readmission,Features an extended duration ending with a return to the emergency room.,8.0,inpatient_admission_standard,3.0,0.15410815179347992,0.0008852484170347452
V0474,chronic_rework_and_readmission,Extreme duration (179 days) culminating in a return to the ER.,6.0,inpatient_admission_standard,2.0,0.15487219393253326,0.001575322006829083
V0475,inpatient_admission_standard,Standard inpatient nursing care admission and subsequent release.,2.0,active_medical_intervention,3.0,0.0016186871798709035,0.0031238861847668886
V0476,chronic_rework_and_readmission,Extremely long duration (100 days) with repeated leucocyte tests and ER return.,4.0,inpatient_admission_standard,4.0,0.2492227554321289,0.01309844758361578
V0477,inpatient_admission_standard,Standard admission to nursing care followed by release after several days.,5.0,chronic_rework_and_readmission,4.0,0.11498881131410599,0.0026089707389473915
V0478,inpatient_admission_standard,Inpatient nursing care stay with standard interventions and release.,8.0,chronic_rework_and_readmission,4.0,0.1185382679104805,0.006822474300861359
V0479,chronic_rework_and_readmission,Extended stay with recurring test loops and final return to the ER.,5.0,inpatient_admission_standard,2.0,0.15149374306201935,0.0003767184680327773
V0480,inpatient_admission_standard,Inpatient nursing care case with active treatment and subsequent release.,6.0,chronic_rework_and_readmission,4.0,0.005721901077777147,0.007227100431919098
V0481,inpatient_admission_standard,Standard inpatient admission route with repeated diagnostic assessments and release.,9.0,chronic_rework_and_readmission,5.0,0.13069000840187073,0.0005436617066152394
V0482,chronic_rework_and_readmission,Extended stay ending with return to the emergency department.,9.0,inpatient_admission_standard,2.0,0.03252003714442253,0.013552620075643063
V0483,chronic_rework_and_readmission,"Extremely complex, extended case (36 days) with heavy rework loops and repeated lab tests.",25.0,inpatient_admission_standard,14.0,0.3359266519546509,0.02753552980720997
V0484,chronic_rework_and_readmission,Long duration (62 days) featuring extensive rework and an ER return outcome.,9.0,inpatient_admission_standard,5.0,0.09672095626592636,0.0017403328092768788
V0485,chronic_rework_and_readmission,"Highly extended, complex case featuring multiple ward transfers and heavy repetitive testing.",22.0,inpatient_admission_standard,14.0,0.4490346908569336,0.0038783298805356026
V0486,chronic_rework_and_readmission,Extended inpatient stay (18 days) with continuous repetitive testing loops.,11.0,inpatient_admission_standard,6.0,0.35596609115600586,0.012281385250389576
V0487,inpatient_admission_standard,Inpatient admission course with multiple nursing care phases and standard release.,7.0,chronic_rework_and_readmission,4.0,0.1845184713602066,0.0028119406197220087
V0488,rapid_triage_and_discharge,Very short duration (2 hours) terminating directly after initial evaluation and IV liquid treatment without admission.,3.0,active_medical_intervention,1.0,0.3375342786312103,0.05839361250400543
V0489,active_medical_intervention,Short duration case involving active IV treatments and a brief admission before release.,6.0,inpatient_admission_standard,2.0,0.03438502177596092,0.0019836933352053165
V0490,inpatient_admission_standard,Standard inpatient admission sequence with active treatment and release.,6.0,chronic_rework_and_readmission,4.0,0.171535924077034,0.0017042838735505939
V0491,inpatient_admission_standard,Inpatient admission with active medical interventions and standard discharge.,5.0,active_medical_intervention,2.0,0.014430372975766659,7.083689706632867e-05
V0492,rapid_triage_and_discharge,"Very short duration (1 day) with initial triage, lab work, and IV liquid without inpatient admission.",4.0,inpatient_admission_standard,3.0,0.7437822222709656,0.00016920965572353452
V0493,inpatient_admission_standard,Inpatient stay with nursing care admission following active interventions and a successful release.,5.0,active_medical_intervention,3.0,0.3497351408004761,0.012289193458855152
V0494,inpatient_admission_standard,Standard inpatient treatment and release pathway.,7.0,chronic_rework_and_readmission,5.0,0.0021481181029230356,0.003653316991403699
V0495,rapid_triage_and_discharge,Extremely short duration (4 hours) terminating directly after initial triage and IV antibiotic intervention.,4.0,active_medical_intervention,2.0,0.021480733528733253,5.2188017434673384e-05
V0496,inpatient_admission_standard,Standard inpatient admission following active treatment and lab evaluations.,6.0,active_medical_intervention,3.0,0.11266448348760605,0.003092588856816292
V0497,chronic_rework_and_readmission,Inpatient stay followed by a return to the emergency room within a short timeframe.,10.0,inpatient_admission_standard,3.0,0.3868808448314667,0.0911477580666542
V0498,chronic_rework_and_readmission,Extended duration (21 days) with extensive repeated lab loops during nursing care.,9.0,inpatient_admission_standard,4.0,0.4626729488372803,0.026362581178545952
V0499,inpatient_admission_standard,Inpatient nursing care stay with standard progression and successful release.,6.0,chronic_rework_and_readmission,4.0,0.12315376847982407,0.002206974197179079
V0500,active_medical_intervention,Short-stay case (3 days) requiring active medical intervention and a short admission before release.,6.0,inpatient_admission_standard,3.0,0.35447633266448975,0.0005677348817698658
V0501,inpatient_admission_standard,"Involves ER triage, lab work, IV interventions, and subsequent nursing care admission.",8.0,active_medical_intervention,2.0,0.7147381901741028,0.0009680844959802926
V0502,active_medical_intervention,Features rapid active medical treatment with IV fluids and antibiotics leading to a short-term nursing care admission.,1.0,inpatient_admission_standard,2.0,0.39455294609069824,0.0028816284611821175
V0503,inpatient_admission_standard,"Standard inpatient admission following triage and interventions, culminating in release after about a day.",8.0,active_medical_intervention,1.0,0.7160841822624207,0.002566840499639511
V0504,chronic_rework_and_readmission,"Features recurring lab testing (CRP, Leucocytes) and a return to the emergency room after release.",0.0,inpatient_admission_standard,2.0,0.12296562641859055,0.008883367292582989
V0505,chronic_rework_and_readmission,Extended duration with lab rework loops and a subsequent return to the ER.,4.0,inpatient_admission_standard,1.0,0.1309841275215149,0.0010601611575111747
V0506,active_medical_intervention,Active medical treatment with IV steps and observation leading to standard release.,7.0,inpatient_admission_standard,1.0,0.3576124906539917,6.932452379260212e-05
V0507,active_medical_intervention,Swift workup and IV antibiotic/fluid administration without requiring inpatient admission.,5.0,rapid_triage_and_discharge,2.0,0.4044516086578369,0.0010232980130240321
V0508,chronic_rework_and_readmission,"Complex course with prolonged duration, extensive repeated lab tests, and ER return.",9.0,inpatient_admission_standard,5.0,0.13375051319599152,0.0017062159022316337
V0509,inpatient_admission_standard,"Inpatient admission following active interventions, culminating in standard release.",5.0,chronic_rework_and_readmission,1.0,0.004402919206768274,0.0019061536295339465
V0510,rapid_triage_and_discharge,"Swift movement through triage, tests, and basic treatment without inpatient admission.",1.0,active_medical_intervention,1.0,0.0,0.003596652066335082
V0511,chronic_rework_and_readmission,Extended timeline with repeated ward transfers (Admission NC) and repeated lab testing loops.,10.0,inpatient_admission_standard,7.0,0.437822550535202,0.007333848625421524
V0512,inpatient_admission_standard,Standard inpatient admission with diagnostic steps and observation leading to release.,9.0,chronic_rework_and_readmission,5.0,0.12191701680421829,0.003443717723712325
V0513,inpatient_admission_standard,"Inpatient admission following initial diagnostic testing and active treatment, concluding in release.",6.0,chronic_rework_and_readmission,4.0,0.12973423302173615,0.002853935584425926
V0514,chronic_rework_and_readmission,"Extended case involving extensive recurring testing (CRP, Leucocytes) and repeated admissions.",10.0,inpatient_admission_standard,4.0,0.3620043098926544,4.843600436288398e-06
V0515,chronic_rework_and_readmission,"Extended case featuring extensive repetitive testing, ward transfers, and eventual return to the ER.",6.0,inpatient_admission_standard,6.0,0.024722127243876457,0.004588291514664888
V0516,chronic_rework_and_readmission,Unusual flow with repeated testing loops and irregular sequence patterns indicative of complex rework.,12.0,active_medical_intervention,6.0,0.6683966517448425,0.14908649027347565
V0517,rapid_triage_and_discharge,Very short evaluation loop featuring triage and basic lab work without inpatient admission.,3.0,inpatient_admission_standard,2.0,0.683497428894043,0.6677811741828918
V0518,inpatient_admission_standard,"Standard inpatient admission following triage and intervention, with successful discharge.",4.0,active_medical_intervention,3.0,0.027974771335721016,0.0017885238630697131
V0519,chronic_rework_and_readmission,"Extended duration involving repeated ward admissions and lab tests, followed by an ER return.",5.0,inpatient_admission_standard,2.0,0.03873889148235321,0.019771473482251167
V0520,chronic_rework_and_readmission,Extended case featuring multiple admission steps and a subsequent return to the ER.,7.0,inpatient_admission_standard,2.0,0.15704721212387085,0.0032373873982578516
V0521,chronic_rework_and_readmission,Extended duration with repetitive testing loops and repeated admissions.,9.0,inpatient_admission_standard,4.0,0.3873896598815918,0.00010127588757313788
V0522,chronic_rework_and_readmission,Highly extended case featuring excessive looping of lab tests and multiple ward transfers.,17.0,inpatient_admission_standard,10.0,0.4426436424255371,0.011858287267386913
V0523,chronic_rework_and_readmission,Extended case with recurring lab work and repeated nursing care admissions.,5.0,inpatient_admission_standard,4.0,0.4637933075428009,0.0038483443204313517
V0524,inpatient_admission_standard,"Standard inpatient admission following initial workup and active treatment, concluding with release.",3.0,active_medical_intervention,2.0,0.004785049241036177,0.00629024812951684
V0525,inpatient_admission_standard,Standard inpatient stay following diagnostic evaluation and intervention.,3.0,active_medical_intervention,2.0,0.1712026596069336,0.019759902730584145
V0526,chronic_rework_and_readmission,Extreme duration spanning months with repetitive testing and return to the ER.,8.0,inpatient_admission_standard,3.0,0.055639058351516724,0.006019069347530603
V0527,chronic_rework_and_readmission,Extended case with multiple admissions and recurring lab loops.,8.0,inpatient_admission_standard,4.0,0.4701133966445923,0.00040690370951779187
V0528,chronic_rework_and_readmission,"Complex, highly extended case featuring extensive repetitive testing and return to the emergency room.",8.0,inpatient_admission_standard,7.0,0.1044609546661377,0.008142935112118721
V0529,chronic_rework_and_readmission,Extended duration featuring repeated testing and eventual return to the ER.,7.0,inpatient_admission_standard,2.0,0.1579536646604538,0.004578621592372656
V0530,chronic_rework_and_readmission,Extended course involving multiple admission steps and return to the emergency room.,8.0,inpatient_admission_standard,4.0,0.011533628217875957,0.003410671604797244
V0531,chronic_rework_and_readmission,"Extended case featuring intensive care transfers, repetitive testing, and return to the ER.",7.0,inpatient_admission_standard,5.0,0.240115225315094,0.1309211105108261
V0532,inpatient_admission_standard,"Standard inpatient admission following diagnostic testing and interventions, culminating in release.",4.0,chronic_rework_and_readmission,3.0,0.0043253470212221146,0.005830546375364065
V0533,inpatient_admission_standard,"Inpatient admission after initial evaluation, with follow-up testing and successful release.",4.0,chronic_rework_and_readmission,2.0,0.01578325219452381,0.0033130066003650427
V0534,inpatient_admission_standard,Inpatient admission following active medical treatment and observation.,4.0,active_medical_intervention,2.0,0.11921629309654236,0.006144448649138212
V0535,chronic_rework_and_readmission,"Complex, extended case with extensive repetitive testing and return to the ER.",5.0,inpatient_admission_standard,3.0,0.13824842870235443,0.006204130128026009
V0536,inpatient_admission_standard,Standard inpatient course with repeated nursing admissions and eventual release.,4.0,chronic_rework_and_readmission,3.0,0.11822518706321716,0.007135549560189247
V0537,inpatient_admission_standard,Standard inpatient admission following active medical intervention and subsequent release.,9.0,active_medical_intervention,4.0,0.01178606878966093,0.00030168809462338686
V0538,chronic_rework_and_readmission,Extended case featuring multiple ward transfers and extensive repeated lab testing.,12.0,inpatient_admission_standard,7.0,0.356158584356308,0.0030209843534976244
V0539,chronic_rework_and_readmission,"Extended duration with multiple admissions, lab rework loops, and an ER return.",5.0,inpatient_admission_standard,3.0,0.019306739792227745,0.0003393219958525151
V0540,inpatient_admission_standard,"Standard inpatient admission involving lab work and treatment, culminating in release.",5.0,chronic_rework_and_readmission,4.0,0.46072888374328613,0.0192574430257082
V0541,active_medical_intervention,"Case requiring active medical treatment steps like IV liquids and antibiotics following initial workups, leading to release.",4.0,inpatient_admission_standard,1.0,0.020794736221432686,0.0017786488169804215
V0542,chronic_rework_and_readmission,Extended case with intensive care and multiple testing loops.,10.0,inpatient_admission_standard,5.0,0.559971034526825,0.0007972149760462344
V0543,chronic_rework_and_readmission,Complex and extended case with heavy lab repetition and return to the emergency room.,19.0,inpatient_admission_standard,13.0,0.18446899950504303,0.02527490071952343
V0544,inpatient_admission_standard,"Standard inpatient admission following initial workup and active treatment, concluding in release.",5.0,active_medical_intervention,3.0,0.009840721264481544,0.00039189765811897814
V0545,inpatient_admission_standard,Standard inpatient stay following diagnostic tests and IV interventions.,4.0,chronic_rework_and_readmission,1.0,0.0048482720740139484,0.006353470962494612
V0546,chronic_rework_and_readmission,Extended duration with repeated testing and return to the emergency room.,6.0,inpatient_admission_standard,1.0,0.1206330880522728,0.01121590193361044
V0547,chronic_rework_and_readmission,"Complex, highly extended case with excessive ward transfers and frequent looping of lab tests.",17.0,inpatient_admission_standard,10.0,0.36785733699798584,0.0043951538391411304
V0548,chronic_rework_and_readmission,Extended case featuring multiple admissions and repetitive testing loops.,8.0,inpatient_admission_standard,5.0,0.46758148074150085,0.002938835183158517
V0549,active_medical_intervention,"Cases requiring active treatment steps such as IV liquids and IV antibiotics following initial lab and triage workups, resolved within a moderate timeframe.",3.0,rapid_triage_and_discharge,1.0,0.3467923700809479,3.1807852792553604e-05
V0550,active_medical_intervention,Moderate duration case featuring active medical intervention with IV fluids and antibiotics leading directly to release.,5.0,inpatient_admission_standard,3.0,0.7262849807739258,0.057794537395238876
V0551,chronic_rework_and_readmission,"This case features extensive repetitive testing (CRP, Leucocytes, LacticAcid), multiple ward transfers (Admission NC and IC), and an extended 30-day duration with significant rework.",72.0,inpatient_admission_standard,52.0,0.4247117042541504,0.020444683730602264
V0552,inpatient_admission_standard,"The patient is admitted to nursing care (Admission NC) following diagnostic testing, culminating in a successful discharge (Release B) after 8 days with moderate looping.",13.0,chronic_rework_and_readmission,6.0,0.34330472350120544,0.018719643354415894
V0553,chronic_rework_and_readmission,"Extended 29-day stay featuring repeated ward admissions (Admission NC, Admission IC) and frequent cyclical rework of CRP, LacticAcid, and Leucocytes.",18.0,inpatient_admission_standard,11.0,0.425904780626297,0.09367720037698746
V0554,inpatient_admission_standard,"Inpatient admission to nursing care following initial diagnostics and IV interventions, resulting in release (Release A) within 7 days.",5.0,chronic_rework_and_readmission,2.0,0.11461406946182251,0.0022342258598655462
V0555,active_medical_intervention,"Involves active medical intervention steps (IV antibiotics, IV liquid) followed by a short-term observation stay and release within 5 days.",7.0,inpatient_admission_standard,4.0,0.7004507184028625,0.02898959070444107
V0556,chronic_rework_and_readmission,Extended duration with rework leading to readmission or return to the emergency room (Return ER) after release.,4.0,inpatient_admission_standard,4.0,0.026202911511063576,0.007235495839267969
V0557,inpatient_admission_standard,"Standard inpatient admission (Admission NC) following diagnostics and intervention, concluding with a successful release in 11 days.",5.0,chronic_rework_and_readmission,3.0,0.1292765587568283,0.0006632764707319438
V0558,chronic_rework_and_readmission,Complex extended duration (59 days) with repetitive testing leading to a Return ER event.,6.0,inpatient_admission_standard,3.0,0.12262173742055893,0.003067203564569354
V0559,chronic_rework_and_readmission,Highly extended case (44 days) with repetitive CRP/Leucocytes testing and a return to the emergency room.,6.0,inpatient_admission_standard,4.0,0.0034087207168340683,0.0035396143794059753
V0560,chronic_rework_and_readmission,Extended 30-day case featuring repetitive testing loops and subsequent Return ER.,6.0,inpatient_admission_standard,3.0,0.11914210766553879,0.012174610048532486
V0561,inpatient_admission_standard,"Inpatient admission with standard diagnostic workup, moderate duration (7 days), and final release.",7.0,chronic_rework_and_readmission,4.0,0.006826282944530249,0.0083314822986722
V0562,inpatient_admission_standard,Standard inpatient admission (Admission NC) with moderate duration (8 days) and release.,7.0,chronic_rework_and_readmission,4.0,0.008607679046690464,0.010112877935171127
V0563,chronic_rework_and_readmission,"Features repetitive testing loops (CRP, LacticAcid, Leucocytes) and multiple ward admissions over a 5-day span with rework.",12.0,inpatient_admission_standard,7.0,0.47515669465065,0.0015447637997567654
V0564,chronic_rework_and_readmission,Extended duration (39 days) with multiple admissions and a Return ER outcome.,8.0,inpatient_admission_standard,3.0,0.0,0.006948335096240044
V0565,rapid_triage_and_discharge,"Very short duration (5 hours) moving swiftly through registration, triage, and basic labs to an initial admission without chronic loops.",6.0,active_medical_intervention,3.0,0.3660794794559479,0.0028816284611821175
V0566,inpatient_admission_standard,"Standard inpatient stay of 9 days following initial interventions and diagnostics, ending in Release A.",9.0,chronic_rework_and_readmission,4.0,0.12254836410284042,0.0032185164745897055
V0567,chronic_rework_and_readmission,Extremely extended case (174 days total duration) culminating in a Return ER.,6.0,active_medical_intervention,2.0,0.1540754735469818,0.0007786077912896872
V0568,inpatient_admission_standard,"Standard inpatient admission with multiple nursing care episodes over 10 days, concluding with Release A.",10.0,chronic_rework_and_readmission,7.0,0.18223030865192413,0.000523786002304405
V0569,inpatient_admission_standard,Standard 5-day inpatient admission following diagnostics and IV treatment.,5.0,active_medical_intervention,3.0,0.11342751234769821,0.003585145575925708
V0570,inpatient_admission_standard,Standard inpatient admission with moderate duration (13 days) and repeated testing leading to Release A.,13.0,chronic_rework_and_readmission,4.0,0.13393555581569672,0.002701878547668457
V0571,chronic_rework_and_readmission,"Highly extended case featuring continuous loops of LacticAcid, CRP, and Leucocytes over 14 days.",25.0,inpatient_admission_standard,14.0,0.44552478194236755,0.008977153338491917
V0572,chronic_rework_and_readmission,Complex extended 21-day case with heavy repetition of LacticAcid and CRP testing.,19.0,inpatient_admission_standard,11.0,0.5185468792915344,0.003569160820916295
V0573,chronic_rework_and_readmission,Extended case (17 days) with repeat testing and a Return ER outcome.,5.0,inpatient_admission_standard,4.0,0.024111779406666756,0.0051443628035485744
V0574,inpatient_admission_standard,Inpatient admission path culminating in a 5-day release with moderate diagnostic monitoring.,13.0,chronic_rework_and_readmission,9.0,0.1734052300453186,0.0035735832061618567
V0575,rapid_triage_and_discharge,"Very short duration (12 hours) following initial triage, basic labs, and IV therapy without inpatient admission.",5.0,active_medical_intervention,2.0,0.7244378924369812,0.06940972059965134
V0576,inpatient_admission_standard,Short standard inpatient admission (3 days) with initial IV interventions and release.,7.0,chronic_rework_and_readmission,6.0,0.1307080239057541,0.002988414606079459
V0577,chronic_rework_and_readmission,Highly extended case (61 days duration) with multiple ward stays and a Return ER outcome.,11.0,inpatient_admission_standard,9.0,0.01249757781624794,0.004374620504677296
V0578,chronic_rework_and_readmission,Extended 21-day case with repeat testing loops and Return ER.,3.0,inpatient_admission_standard,2.0,0.12888960540294647,0.002959383884444833
V0579,chronic_rework_and_readmission,"Extremely extended case (68 days) with continuous repetitive testing of CRP, LacticAcid, and Leucocytes, ending in Return ER.",44.0,inpatient_admission_standard,29.0,0.09920402616262436,0.004223404917865992
V0580,rapid_triage_and_discharge,"Short duration (9 hours) involving triage, basic labs, and IV treatment without admission.",5.0,active_medical_intervention,1.0,0.7138528823852539,0.009662666358053684
V0581,chronic_rework_and_readmission,Extended 21-day case featuring repetitive testing and Return ER.,6.0,inpatient_admission_standard,4.0,0.018134403973817825,0.0006664472748525441
V0582,inpatient_admission_standard,Standard 6-day inpatient admission with initial diagnostics and treatment leading to release.,5.0,active_medical_intervention,2.0,0.16680371761322021,0.014191283844411373
V0583,inpatient_admission_standard,"Standard 6-day inpatient admission with IV therapy and repeat testing, ending in release.",5.0,chronic_rework_and_readmission,4.0,0.11248111724853516,0.00010127588757313788
V0584,rapid_triage_and_discharge,Brief duration (1 day) concluding with IV liquid administration in an outpatient-style workflow.,5.0,inpatient_admission_standard,3.0,0.41092661023139954,3.1807852792553604e-05
V0585,rapid_triage_and_discharge,"Very short duration (2 hours) featuring quick triage, labs, and basic intervention.",2.0,active_medical_intervention,2.0,0.3415619134902954,0.02394484542310238
V0586,inpatient_admission_standard,Standard 6-day inpatient admission following IV therapy and initial labs.,5.0,chronic_rework_and_readmission,2.0,0.3351219892501831,0.026902345940470695
V0587,rapid_triage_and_discharge,Very short duration (4 hours) ending after initial labs and triage.,2.0,inpatient_admission_standard,2.0,0.693608820438385,0.19657333195209503
V0588,chronic_rework_and_readmission,Extended 63-day case with repetitive testing loops and a Return ER outcome.,10.0,inpatient_admission_standard,5.0,0.18027137219905853,0.006132142152637243
V0589,inpatient_admission_standard,Standard 8-day admission featuring IV therapy and subsequent release.,7.0,active_medical_intervention,6.0,0.45311927795410156,0.013247284106910229
V0590,chronic_rework_and_readmission,Extremely extended case (136 days duration) with multiple test repetitions and Return ER.,6.0,inpatient_admission_standard,4.0,0.03585585579276085,0.006006497424095869
V0591,chronic_rework_and_readmission,Extended 10-day case featuring readmission/Return ER following initial release.,8.0,inpatient_admission_standard,1.0,0.3742120563983917,0.07847899198532104
V0592,rapid_triage_and_discharge,Extremely brief duration (1 hour) with swift triage and lab work.,2.0,active_medical_intervention,3.0,0.014445859007537365,0.007178432773798704
V0593,inpatient_admission_standard,Standard 9-day inpatient admission following triage and diagnostics.,6.0,chronic_rework_and_readmission,3.0,0.011215698905289173,0.007880558259785175
V0594,inpatient_admission_standard,Standard 3-day inpatient stay with multiple nursing care events and subsequent release.,6.0,chronic_rework_and_readmission,6.0,0.5234360694885254,0.04990306496620178
V0595,chronic_rework_and_readmission,Extremely long duration (242 days) with extensive rework loops and Return ER.,6.0,inpatient_admission_standard,4.0,0.1357754021883011,0.016517778858542442
V0596,inpatient_admission_standard,"Standard 5-day inpatient admission following triage, labs, and IV interventions.",5.0,active_medical_intervention,3.0,0.0032902441453188658,0.0017850450240075588
V0597,inpatient_admission_standard,"Standard 10-day inpatient admission including intensive care and nursing care stays, ending in release.",11.0,chronic_rework_and_readmission,7.0,0.18212829530239105,0.00042176127317361534
V0598,chronic_rework_and_readmission,Extended 29-day case featuring extensive looping of Leucocytes and multiple nursing care admissions.,14.0,inpatient_admission_standard,7.0,0.34203004837036133,0.010885282419621944
V0599,inpatient_admission_standard,Standard 3-day inpatient admission following triage and diagnostic workup.,5.0,chronic_rework_and_readmission,2.0,0.01975140906870365,0.002900879131630063
V0600,chronic_rework_and_readmission,"Extended 14-day case featuring continuous heavy testing loops (CRP, LacticAcid, Leucocytes) and ward transfers.",24.0,inpatient_admission_standard,10.0,0.447145015001297,0.0019886402878910303
V0601,inpatient_admission_standard,The case involves an inpatient nursing care admission (Admission NC) following active treatment steps and concludes with a standard release after several days.,6.0,active_medical_intervention,3.0,0.3382241427898407,0.1404244303703308
V0602,inpatient_admission_standard,"The patient goes through ICU and nursing care admissions (Admission IC, Admission NC) with diagnostic workups and treatments, eventually resulting in a standard release.",7.0,rapid_triage_and_discharge,6.0,0.5155999064445496,0.041752103716135025
V0603,inpatient_admission_standard,The narrative details an inpatient nursing care admission (Admission NC) followed by periodic tests and a standard release after over three weeks.,5.0,rapid_triage_and_discharge,4.0,0.3719743490219116,0.11909843236207962
V0604,inpatient_admission_standard,"Features an inpatient admission to nursing care (Admission NC) with ongoing monitoring and lab workups, ending in a standard release.",7.0,chronic_rework_and_readmission,2.0,0.02017894573509693,0.00014463810657616705
V0605,chronic_rework_and_readmission,"Shows extended complex care involving multiple ICU and nursing care ward stays, extensive repeated testing, and ultimately a return to the emergency room after over a year.",10.0,inpatient_admission_standard,6.0,0.23520277440547943,0.014873138628900051
V0606,inpatient_admission_standard,"Involves standard nursing care admission (Admission NC) after initial triage and medication, leading to a standard release within a few days.",5.0,active_medical_intervention,2.0,0.009800703264772892,0.0004319158906582743
V0607,inpatient_admission_standard,"Features a nursing care admission (Admission NC) with repeat observations and lab tests, successfully concluding with a release.",7.0,chronic_rework_and_readmission,4.0,0.12048306316137314,0.004877680446952581
V0608,inpatient_admission_standard,"Includes inpatient nursing care admissions with repeated CRP and Leucocytes tests, culminating in a standard release after several days.",4.0,chronic_rework_and_readmission,3.0,0.11352527886629105,0.0011454381747171283
V0609,inpatient_admission_standard,Follows a standard inpatient admission path with multiple monitoring loops and a final release.,6.0,chronic_rework_and_readmission,4.0,0.002014054451137781,0.003519253572449088
V0610,inpatient_admission_standard,Represents a typical inpatient nursing care stay with standard interventions and subsequent release.,4.0,chronic_rework_and_readmission,3.0,0.11464333534240723,0.0048009720630943775
V0611,inpatient_admission_standard,Involves multiple ward transfers and repeated testing during an inpatient nursing care admission before a standard release.,10.0,chronic_rework_and_readmission,5.0,0.1935020238161087,0.00035307396319694817
V0612,inpatient_admission_standard,"Features nursing care admission following initial lab work and treatments, ending in a standard release.",5.0,chronic_rework_and_readmission,4.0,0.12219900637865067,0.003161734202876687
V0613,inpatient_admission_standard,Short inpatient stay with nursing care admission and basic monitoring leading to a normal release.,4.0,active_medical_intervention,2.0,0.1864459067583084,0.0015859603881835938
V0614,chronic_rework_and_readmission,Involves an initial inpatient admission followed by a lengthy gap and an emergency room readmission.,8.0,inpatient_admission_standard,1.0,0.374085396528244,0.0008848587167449296
V0615,chronic_rework_and_readmission,Features an inpatient admission and release followed by a long-term duration ending in a return to the ER.,5.0,inpatient_admission_standard,3.0,0.14581985771656036,0.007477018982172012
V0616,inpatient_admission_standard,Standard inpatient admission sequence with active medical interventions and repeated lab checks prior to release.,4.0,chronic_rework_and_readmission,2.0,0.17030812799930573,0.011582434177398682
V0617,inpatient_admission_standard,Standard inpatient admission path with nursing care steps and repeated testing leading to release.,4.0,active_medical_intervention,3.0,0.1301506608724594,0.0032703562173992395
V0618,inpatient_admission_standard,Extended inpatient stay with repeated testing and multiple nursing care admissions before final release.,7.0,chronic_rework_and_readmission,5.0,0.47101926803588867,0.007629280909895897
V0619,inpatient_admission_standard,Straightforward inpatient admission with standard medical therapy culminating in a normal release.,6.0,active_medical_intervention,1.0,0.1771690398454666,0.004721519071608782
V0620,inpatient_admission_standard,Inpatient nursing care stay with repeated laboratory tests and subsequent standard release.,4.0,active_medical_intervention,4.0,0.11655429005622864,0.0007972149760462344
V0621,active_medical_intervention,"Quick escalation to intensive care and active medical interventions with a very short total duration, resolving with a release.",5.0,chronic_rework_and_readmission,3.0,0.7131257057189941,0.26796260476112366
V0622,inpatient_admission_standard,Extended inpatient stay featuring intensive care and multiple nursing care admissions with extensive test looping before release.,21.0,chronic_rework_and_readmission,11.0,0.12245982140302658,0.009724859148263931
V0623,inpatient_admission_standard,"Typical inpatient admission to nursing care with initial treatments and lab repetitions, concluding in release.",0.0,chronic_rework_and_readmission,2.0,0.017430057749152184,0.0005795284523628652
V0624,inpatient_admission_standard,Inpatient nursing care stay involving active treatments and repetitive laboratory monitoring before release.,5.0,chronic_rework_and_readmission,3.0,0.16828687489032745,0.0015447637997567654
V0625,chronic_rework_and_readmission,Long-duration case featuring an inpatient admission and subsequent readmission or return to the ER after hundreds of days.,5.0,inpatient_admission_standard,2.0,0.17715680599212646,0.012419349513947964
V0626,inpatient_admission_standard,Standard inpatient admission route with periodic monitoring and eventual release.,4.0,active_medical_intervention,3.0,0.22801728546619415,0.03288735821843147
V0627,chronic_rework_and_readmission,"Complex course with multiple ward transfers (IC and NC), extensive test repetitions, and an eventual return to the ER.",13.0,inpatient_admission_standard,10.0,0.09499981254339218,1.9192344552720897e-05
V0628,inpatient_admission_standard,Short inpatient nursing care stay with standard active interventions and a normal release.,7.0,chronic_rework_and_readmission,3.0,0.18813692033290863,0.00010503688099561259
V0629,inpatient_admission_standard,Inpatient admission with extensive repetitive lab testing ending in a final release action.,8.0,chronic_rework_and_readmission,5.0,0.4748934805393219,0.15986932814121246
V0630,inpatient_admission_standard,"Inpatient stay involving both intensive and nursing care units along with repeated diagnostics, culminating in release.",10.0,chronic_rework_and_readmission,7.0,0.117221899330616,0.001464825589209795
V0631,chronic_rework_and_readmission,Inpatient stay that concludes with a standard release but is followed by a long-term return to the emergency room.,4.0,inpatient_admission_standard,2.0,0.11149647831916809,0.0037582360673695803
V0632,chronic_rework_and_readmission,"Inpatient treatment course spanning months, ending with a return to the ER.",5.0,inpatient_admission_standard,2.0,0.15254975855350494,0.0007471114513464272
V0633,chronic_rework_and_readmission,"Complex prolonged hospitalization with multiple test loops and ward actions, culminating in a return to the ER.",6.0,inpatient_admission_standard,3.0,0.1313239187002182,0.0007203731220215559
V0634,inpatient_admission_standard,"Standard inpatient care episode following active treatment and triage, leading to a regular release.",4.0,active_medical_intervention,2.0,0.011860020458698273,0.00022773708042223006
V0635,chronic_rework_and_readmission,Extended multi-week case featuring repeat inpatient admissions and a final return to the emergency room.,5.0,inpatient_admission_standard,4.0,0.060268450528383255,0.010648462921380997
V0636,,Incomplete or abnormal trajectory ending prematurely in a LacticAcid test rather than a terminal discharge or release category.,,inpatient_admission_standard,2.0,,0.003960905596613884
V0637,inpatient_admission_standard,Standard inpatient admission sequence with active interventions and follow-up lab testing before release.,3.0,active_medical_intervention,1.0,0.12325272709131241,0.002108006039634347
V0638,chronic_rework_and_readmission,"Long-duration hospitalization with multiple nursing care cycles, leading eventually to an emergency room return.",6.0,inpatient_admission_standard,3.0,0.13740256428718567,0.018144946545362473
V0639,chronic_rework_and_readmission,"Complex multi-ward case involving intensive and nursing care steps, extended duration, and a return to the ER.",8.0,inpatient_admission_standard,6.0,0.09462929517030716,0.0029993641655892134
V0640,chronic_rework_and_readmission,Extended inpatient stay featuring heavy repeat testing loops and an eventual return to the emergency room.,6.0,inpatient_admission_standard,3.0,0.1161719337105751,0.009204442612826824
V0641,chronic_rework_and_readmission,Prolonged case duration with repeated testing and an eventual return to the emergency room.,4.0,active_medical_intervention,1.0,0.15626199543476105,0.002965120831504464
V0642,inpatient_admission_standard,"Inpatient treatment including intensive care, multiple lab iterations, and a subsequent standard release.",11.0,chronic_rework_and_readmission,4.0,0.12031189352273941,0.0012924493057653308
V0643,chronic_rework_and_readmission,"Highly complex and extended case featuring numerous ward transfers, extensive testing loops, and a return to the ER.",20.0,inpatient_admission_standard,11.0,0.10088778287172318,0.003259122371673584
V0644,,Truncated process path terminating unexpectedly in a CRP lab test instead of an appropriate resolution or release outcome.,,inpatient_admission_standard,1.0,,0.0008615933475084603
V0645,active_medical_intervention,Short emergency stay with active interventions and lab workups terminating quickly without an inpatient admission.,2.0,rapid_triage_and_discharge,2.0,0.7209426760673523,0.008117436431348324
V0646,chronic_rework_and_readmission,"Extensive looping, repeat admissions, and a return to the ER following a complex clinical course.",11.0,inpatient_admission_standard,7.0,0.5267322659492493,0.09228887408971786
V0647,inpatient_admission_standard,"Typical inpatient admission following active stabilization, with routine monitoring leading to release.",6.0,chronic_rework_and_readmission,1.0,0.22595727443695068,0.01799122802913189
V0648,inpatient_admission_standard,"Inpatient nursing care stay with repeated laboratory testing over several days, culminating in release.",6.0,chronic_rework_and_readmission,5.0,0.017634861171245575,0.0014613969251513481
V0649,chronic_rework_and_readmission,"Complex journey with multiple admissions, late interventions, and a final return to the emergency room.",6.0,inpatient_admission_standard,5.0,0.02667645551264286,0.007709037512540817
V0650,chronic_rework_and_readmission,Extremely long-duration case featuring repeat inpatient nursing care steps and a final return to the ER.,9.0,inpatient_admission_standard,2.0,0.27026236057281494,0.06618756800889969
V0651,chronic_rework_and_readmission,"Extended duration of 365 days involving repeat CRP tests, nursing care admission, and a return to the emergency room.",7.0,active_medical_intervention,2.0,0.286575585603714,0.01617061346769333
V0652,chronic_rework_and_readmission,"Duration of 39 days with repeated nursing care admissions, repeated leucocyte tests, and readmission to the ER.",5.0,inpatient_admission_standard,1.0,0.11113572120666504,0.027911365032196045
V0653,inpatient_admission_standard,"Inpatient admission to nursing care following initial workups, leading to a standard release after several days.",7.0,chronic_rework_and_readmission,4.0,0.11690949648618698,0.007067132741212845
V0654,,The narrative terminates abruptly at Leucocytes after ICU admission and rework without a final discharge or standard completion outcome.,,active_medical_intervention,4.0,,0.03983199968934059
V0655,inpatient_admission_standard,"Inpatient admission to ICU and nursing care following workups, culminating in a successful release.",7.0,active_medical_intervention,5.0,0.1829884797334671,0.013156845234334469
V0656,inpatient_admission_standard,Standard 10-day inpatient stay with multiple nursing care unit actions and testing loops before final release.,12.0,chronic_rework_and_readmission,8.0,0.4602506160736084,0.01688617654144764
V0657,inpatient_admission_standard,"Inpatient admission with standard diagnostic testing and monitoring, concluding with release after 6 days.",6.0,chronic_rework_and_readmission,4.0,0.16813810169696808,0.00040690370951779187
V0658,chronic_rework_and_readmission,"Long-term duration spanning 117 days with repeat testing, initial release, and subsequent readmission to the ER.",8.0,inpatient_admission_standard,2.0,0.2536970376968384,0.01757272519171238
V0659,active_medical_intervention,Active treatment involving IV liquids and IV antibiotics followed by a nursing care admission and quick release within 3 days.,5.0,inpatient_admission_standard,1.0,0.014994204044342041,0.0018406291492283344
V0660,inpatient_admission_standard,Inpatient admission with multiple rounds of lab work and monitoring over a 12-day period before release.,18.0,chronic_rework_and_readmission,8.0,0.1325397938489914,0.0013061194913461804
V0661,inpatient_admission_standard,"Admission to intensive and nursing care with extensive testing over 12 days, ending in release.",19.0,chronic_rework_and_readmission,10.0,0.13273100554943085,0.000546335824765265
V0662,chronic_rework_and_readmission,"Extended duration of 75 days with multiple ward transfers, recurring tests, and an ER readmission.",8.0,inpatient_admission_standard,5.0,0.18520313501358032,0.00537228723987937
V0663,inpatient_admission_standard,Short duration ending directly in nursing care admission after IV liquid and antibiotic intervention.,7.0,rapid_triage_and_discharge,1.0,0.7674943804740906,0.0018286644481122494
V0664,,"Truncated trace ending at IV Liquid without completing triage, admission, or discharge phases.",,rapid_triage_and_discharge,2.0,,0.000988506362773478
V0665,inpatient_admission_standard,Inpatient nursing care stay spanning 8 days with routine monitoring and eventual release.,5.0,chronic_rework_and_readmission,3.0,0.009292776696383953,0.009803480468690395
V0666,inpatient_admission_standard,"Moderate 2-day stay with active interventions and nursing care admission, concluding in release.",4.0,chronic_rework_and_readmission,3.0,0.1376468390226364,0.003950389567762613
V0667,chronic_rework_and_readmission,Duration of 142 days featuring initial inpatient care followed by an extended gap and return to the ER.,8.0,inpatient_admission_standard,2.0,0.14822275936603546,0.005074102897197008
V0668,inpatient_admission_standard,"Standard 2-day admission after IV interventions, leading to release.",8.0,active_medical_intervention,2.0,0.3708294928073883,0.0011292623821645975
V0669,inpatient_admission_standard,Inpatient stay over 4 days with repeated lab testing and subsequent release.,5.0,chronic_rework_and_readmission,3.0,0.012241910211741924,2.9203385565779172e-05
V0670,chronic_rework_and_readmission,"Involves unexpected return to the ER shortly after release, with repeat testing and complex loops.",8.0,inpatient_admission_standard,4.0,0.5000397562980652,0.014846313744783401
V0671,chronic_rework_and_readmission,"Extended 53-day duration featuring repeat testing, initial release, and readmission to the ER.",9.0,inpatient_admission_standard,3.0,0.11989924311637878,0.00034471272374503314
V0672,inpatient_admission_standard,Extended inpatient monitoring across nursing and intensive care units over 6 days with multiple lab iterations.,20.0,chronic_rework_and_readmission,12.0,0.4477698802947998,0.018596649169921875
V0673,inpatient_admission_standard,8-day inpatient admission with routine testing sequences and release.,9.0,chronic_rework_and_readmission,6.0,0.12046030908823013,0.0053065624088048935
V0674,chronic_rework_and_readmission,Extensive testing loop with dozens of repeated leucocyte and CRP measurements over 39 days before release.,38.0,inpatient_admission_standard,22.0,0.5001494288444519,0.014828232116997242
V0675,chronic_rework_and_readmission,"Long-term timeline of 186 days featuring multiple ward stays, test repetitions, and an ER return.",9.0,inpatient_admission_standard,6.0,0.04488140717148781,0.0030190572142601013
V0676,rapid_triage_and_discharge,"Very short 1-hour case focusing on rapid triage, diagnostics, and initial IV intervention without admission.",4.0,active_medical_intervention,2.0,0.007874992676079273,0.000607567373663187
V0677,chronic_rework_and_readmission,Duration of 49 days incorporating an initial release followed by a return to the emergency room.,9.0,inpatient_admission_standard,2.0,0.3398542106151581,0.031079404056072235
V0678,inpatient_admission_standard,"4-day stay including nursing care admission, repeat tests, and final release.",6.0,active_medical_intervention,4.0,0.121465764939785,0.0038949798326939344
V0679,rapid_triage_and_discharge,"Short 3-hour duration involving rapid triage, basic labs, and IV therapy without requiring inpatient admission.",1.0,active_medical_intervention,1.0,0.016679994761943817,7.773804099997506e-05
V0680,chronic_rework_and_readmission,"28-day duration featuring ICU/NC transfers, extensive loop testing, and an eventual return to the ER.",9.0,inpatient_admission_standard,6.0,0.17682290077209473,0.017628783360123634
V0681,chronic_rework_and_readmission,"88-day extended case with multiple repeated CRP checks, initial release, and an ER return.",5.0,inpatient_admission_standard,4.0,0.24551378190517426,0.010527403093874454
V0682,inpatient_admission_standard,Inpatient care spanning multiple units (NC and IC) with lab work over 4 days before release.,10.0,active_medical_intervention,9.0,0.5087268948554993,0.035193875432014465
V0683,inpatient_admission_standard,15-day admission with extensive lab monitoring loops and final release.,7.0,chronic_rework_and_readmission,3.0,0.13776035606861115,4.843600436288398e-06
V0684,inpatient_admission_standard,7-day standard inpatient stay with nursing care admissions and repeated testing.,5.0,chronic_rework_and_readmission,2.0,0.11653319746255875,0.004153355490416288
V0685,active_medical_intervention,Short 5-hour stay featuring active treatment with IV liquids and IV antibiotics following workup.,4.0,rapid_triage_and_discharge,2.0,0.3934255540370941,0.0007684677839279175
V0686,chronic_rework_and_readmission,Very long-duration case (204 days) with an initial brief admission followed by ER readmission.,9.0,inpatient_admission_standard,1.0,0.38089028000831604,0.005920058116316795
V0687,chronic_rework_and_readmission,"27-day timeline containing repeat admissions, ongoing test loops, and return to the ER.",5.0,inpatient_admission_standard,1.0,0.010864456184208393,0.0032621107529848814
V0688,chronic_rework_and_readmission,42-day case duration featuring active medical intervention followed by an eventual ER return.,6.0,inpatient_admission_standard,3.0,0.11281082779169083,0.002443881006911397
V0689,active_medical_intervention,5-hour acute intervention case involving lab work and IV antibiotic administration.,5.0,rapid_triage_and_discharge,1.0,0.39232322573661804,0.0018707948038354516
V0690,inpatient_admission_standard,6-day inpatient course across intensive and nursing care with multiple monitoring steps.,10.0,chronic_rework_and_readmission,5.0,0.111576147377491,0.005111020524054766
V0691,active_medical_intervention,"13-hour short-stay case with rapid triage, lab work, nursing admission, and prompt release.",2.0,inpatient_admission_standard,2.0,0.36468061804771423,0.01829664781689644
V0692,active_medical_intervention,1-day short stay involving active IV liquid/antibiotic therapy and nursing care admission.,6.0,inpatient_admission_standard,1.0,0.3438171148300171,0.002566840499639511
V0693,chronic_rework_and_readmission,"68-day extended duration featuring duplicate ER triage activities, testing loops, and ER readmission.",5.0,inpatient_admission_standard,2.0,0.18235425651073456,0.11175036430358887
V0694,,"Incomplete trace ending prematurely at ER Sepsis Triage without treatment, admission, or discharge.",,rapid_triage_and_discharge,1.0,,0.03120329976081848
V0695,inpatient_admission_standard,11-day inpatient stay with multiple nursing care episodes and recurring lab evaluations.,5.0,chronic_rework_and_readmission,2.0,0.129539355635643,0.0004004804359283298
V0696,chronic_rework_and_readmission,"Extended 209-day duration involving repeated testing, multi-unit admissions, and return to the ER.",8.0,inpatient_admission_standard,6.0,0.1315280795097351,0.012270461767911911
V0697,inpatient_admission_standard,3-day inpatient admission with standard diagnostic and treatment workflows.,5.0,chronic_rework_and_readmission,1.0,0.021162880584597588,0.0015374836511909962
V0698,inpatient_admission_standard,3-day inpatient stay involving nursing care admission and iterative testing cycles.,5.0,chronic_rework_and_readmission,2.0,0.13155822455883026,0.002138219540938735
V0699,inpatient_admission_standard,"4-day inpatient stay following initial workups, IV treatment, and nursing care admission.",8.0,chronic_rework_and_readmission,4.0,0.01417072955518961,0.00033047967008315027
V0700,inpatient_admission_standard,"3-day stay involving active IV therapy, repeated nursing admissions, and a successful release.",8.0,active_medical_intervention,2.0,0.6906101107597351,0.015745949000120163
V0701,inpatient_admission_standard,"The case involves admission to nursing care (Admission NC) following initial ER evaluation and active interventions, followed by multi-day observation and repeated lab work, culminating in a successful discharge.",9.0,chronic_rework_and_readmission,5.0,0.466912180185318,0.011736386455595493
V0702,inpatient_admission_standard,"The narrative shows standard inpatient admission to a nursing care unit after ER workup and active treatment, concluding with release after several days.",4.0,rapid_triage_and_discharge,2.0,0.11611229181289673,0.0037324412260204554
V0703,active_medical_intervention,"The case involves active treatments like IV liquids and IV antibiotics following initial lab work, with a short duration ending relatively quickly.",3.0,inpatient_admission_standard,2.0,0.6808044910430908,0.00016920965572353452
V0704,inpatient_admission_standard,"Following ER workup and antibiotic treatment, the patient is admitted to nursing care, monitored over several days, and discharged.",6.0,chronic_rework_and_readmission,4.0,0.12996834516525269,0.0022163281682878733
V0705,inpatient_admission_standard,"The case features standard inpatient admission and treatment before initial release, though it eventually resulted in an ER return after a longer timespan.",5.0,chronic_rework_and_readmission,1.0,0.480802059173584,0.0003393219958525151
V0706,inpatient_admission_standard,"The patient undergoes quick ER triage and labs, followed by a nursing care admission and a quick release.",7.0,active_medical_intervention,1.0,0.3799839913845062,0.010283737443387508
V0707,rapid_triage_and_discharge,The case terminates directly after initial evaluation and admission without significant extended interventions.,3.0,inpatient_admission_standard,1.0,0.3522160053253174,0.00190751685295254
V0708,active_medical_intervention,Involves active medical intervention with IV liquids and IV antibiotics after triage.,7.0,rapid_triage_and_discharge,2.0,0.3918684422969818,0.0023255597334355116
V0709,inpatient_admission_standard,"The patient receives IV fluids and antibiotics, is admitted to a nursing care unit, and is released after a few days.",7.0,active_medical_intervention,2.0,0.34114786982536316,0.03650554269552231
V0710,chronic_rework_and_readmission,"This case features extreme duration, extensive repetitive testing, ward transfers, and recurring lab loops characteristic of chronic rework.",172.0,inpatient_admission_standard,152.0,0.4475122392177582,0.049215395003557205
V0711,inpatient_admission_standard,"Involves initial active interventions, nursing care admission, and release over the course of several days.",5.0,active_medical_intervention,2.0,0.11139217764139175,0.0009876694530248642
V0712,inpatient_admission_standard,"Shows standard inpatient admission with ICU and nursing care stays, multiple lab loops, and subsequent release.",12.0,chronic_rework_and_readmission,7.0,0.5410297513008118,2.603729626571294e-05
V0713,active_medical_intervention,Short duration case focused on diagnostic tests and active antibiotic treatment.,3.0,rapid_triage_and_discharge,1.0,0.38816389441490173,0.006030102726072073
V0714,inpatient_admission_standard,Includes standard nursing care admission following active treatment steps and laboratory workups.,1.0,chronic_rework_and_readmission,3.0,0.006618725601583719,0.00030965302721597254
V0715,active_medical_intervention,"Requires active medical intervention steps such as IV liquids and antibiotics following lab work, resolving within a moderate timeframe.",11.0,inpatient_admission_standard,4.0,0.6836736798286438,0.01628837175667286
V0716,inpatient_admission_standard,"Features standard inpatient nursing care admission after ER stabilization and antibiotics, culminating in release.",5.0,chronic_rework_and_readmission,3.0,0.13060075044631958,0.0006329219904728234
V0717,inpatient_admission_standard,"Involves inpatient admission to nursing care following diagnostics and IV antibiotics, leading to standard release.",4.0,chronic_rework_and_readmission,3.0,0.11347582191228867,0.0010959774954244494
V0718,inpatient_admission_standard,"Complex course with ICU and nursing care admissions, repeated testing, and eventual release before a readmission.",25.0,chronic_rework_and_readmission,10.0,0.5845956206321716,0.0018020950956270099
V0719,inpatient_admission_standard,"Inpatient admission to nursing care following ER intervention, resulting in release after a moderate duration.",8.0,chronic_rework_and_readmission,3.0,0.39280200004577637,0.0003360187401995063
V0720,inpatient_admission_standard,"Standard admission to nursing care after initial medical treatment in the ER, followed by release.",6.0,chronic_rework_and_readmission,1.0,0.4823015630245209,0.0006664472748525441
V0721,inpatient_admission_standard,Inpatient admission following ER treatment with repeated lab tests during a multi-week hospital stay.,18.0,chronic_rework_and_readmission,5.0,0.39710184931755066,0.00034471272374503314
V0722,inpatient_admission_standard,"Standard inpatient stay following initial ER triage and treatment, ending in release.",5.0,active_medical_intervention,1.0,0.022913919761776924,0.0002135557442670688
V0723,inpatient_admission_standard,Involves ER treatment and labs followed by nursing care admission and subsequent release.,7.0,active_medical_intervention,4.0,0.11338379234075546,0.0035414237063378096
V0724,inpatient_admission_standard,Standard admission to nursing care following active medical intervention in the ER.,6.0,chronic_rework_and_readmission,1.0,0.34477612376213074,0.0008852484170347452
V0725,inpatient_admission_standard,Inpatient admission to nursing care following basic triage and lab evaluations.,6.0,chronic_rework_and_readmission,2.0,0.5054926872253418,0.20925593376159668
V0726,inpatient_admission_standard,"ICU and nursing care admissions following active intervention, with iterative lab work leading to release.",19.0,chronic_rework_and_readmission,9.0,0.1291740983724594,0.0030105833429843187
V0727,inpatient_admission_standard,"Standard inpatient stay following ER active intervention, resulting in release.",4.0,chronic_rework_and_readmission,2.0,0.44007959961891174,0.00011380133219063282
V0728,inpatient_admission_standard,"ER workup, IV treatment, and nursing care admission followed by standard release.",7.0,chronic_rework_and_readmission,4.0,0.11664650589227676,0.0008894387283362448
V0729,inpatient_admission_standard,Involves ICU and nursing care admissions following intensive diagnostics and IV therapy.,5.0,chronic_rework_and_readmission,4.0,0.11666282266378403,0.0009057482820935547
V0730,inpatient_admission_standard,Standard nursing care admission following rapid triage and active treatment.,5.0,chronic_rework_and_readmission,3.0,0.011472024954855442,0.0006157321040518582
V0731,inpatient_admission_standard,Rapid triage followed quickly by nursing care admission and eventual release.,6.0,rapid_triage_and_discharge,2.0,0.18510015308856964,0.00437926547601819
V0732,inpatient_admission_standard,Standard admission to nursing care following initial ER procedures and testing.,7.0,chronic_rework_and_readmission,2.0,0.34585461020469666,0.012812030501663685
V0733,inpatient_admission_standard,Inpatient nursing care admission following active treatment and lab evaluations.,5.0,chronic_rework_and_readmission,2.0,0.12165939807891846,0.003701338544487953
V0734,inpatient_admission_standard,Involves initial active interventions and nursing care admission before release.,6.0,chronic_rework_and_readmission,1.0,0.6035078167915344,0.003758639097213745
V0735,inpatient_admission_standard,Standard inpatient admission to nursing care following active medical steps.,5.0,active_medical_intervention,2.0,0.34450650215148926,0.17721979320049286
V0736,inpatient_admission_standard,Nursing care admission following ER triage and active medical intervention.,4.0,active_medical_intervention,3.0,0.000727347971405834,0.002232546918094158
V0737,inpatient_admission_standard,Inpatient admission to nursing care following medical stabilization in the ER.,5.0,chronic_rework_and_readmission,3.0,0.010047211311757565,0.00018540753808338195
V0738,inpatient_admission_standard,Nursing care admission following basic triage and lab evaluations.,5.0,active_medical_intervention,2.0,0.03401361033320427,0.0036405546125024557
V0739,inpatient_admission_standard,Involves ICU and nursing care admissions after initial IV therapies and labs.,8.0,active_medical_intervention,5.0,0.1169370487332344,0.0011799753410741687
V0740,inpatient_admission_standard,Standard inpatient admission following active ER treatment and diagnostics.,7.0,chronic_rework_and_readmission,3.0,0.0054191299714148045,0.0008899430395103991
V0741,inpatient_admission_standard,Nursing care admission following active treatment and lab evaluations in the ER.,6.0,chronic_rework_and_readmission,3.0,0.012371075339615345,0.0001583694975124672
V0742,active_medical_intervention,"Case requires active medical intervention including IV liquids and antibiotics, terminating after short-term observation without formal long-term inpatient admission.",8.0,chronic_rework_and_readmission,3.0,0.7106812000274658,6.455677794292569e-05
V0743,inpatient_admission_standard,Inpatient nursing care admission following active treatment steps and lab tests.,5.0,chronic_rework_and_readmission,2.0,0.0011839711805805564,0.002689169952645898
V0744,inpatient_admission_standard,Features ICU and nursing care admissions with repeated testing over several weeks before release.,15.0,chronic_rework_and_readmission,9.0,0.5072420239448547,0.0015293057076632977
V0745,inpatient_admission_standard,Inpatient admission following ER treatment and repetitive testing.,8.0,chronic_rework_and_readmission,3.0,0.5829446315765381,0.027911365032196045
V0746,chronic_rework_and_readmission,Complex and extended case characterized by frequent looping of lab tests and extended hospitalization.,22.0,inpatient_admission_standard,11.0,0.19369788467884064,0.003122451715171337
V0747,inpatient_admission_standard,Multiple nursing care admissions and extended observation culminating in release C.,6.0,chronic_rework_and_readmission,5.0,0.5369552373886108,0.014636528678238392
V0748,inpatient_admission_standard,Standard inpatient admission following active medical treatment and lab tests.,4.0,chronic_rework_and_readmission,2.0,0.5078924298286438,0.001174799632281065
V0749,inpatient_admission_standard,Nursing care admission following active ER interventions and lab tests.,4.0,chronic_rework_and_readmission,2.0,0.011681295931339264,0.0004064607492182404
V0750,active_medical_intervention,Short duration case featuring active treatment steps like IV liquids and antibiotics following initial lab and triage workups.,6.0,rapid_triage_and_discharge,2.0,0.7164657115936279,0.012898658402264118
V0751,inpatient_admission_standard,"Case includes diagnostic workup, admission to nursing care (Admission NC), and successful release after several days.",3.0,chronic_rework_and_readmission,2.0,0.008585936389863491,0.001646683202125132
V0752,chronic_rework_and_readmission,"Complex case with multiple repetitive testing loops, ward transfers, and an extreme duration resulting in return to the ER.",16.0,inpatient_admission_standard,9.0,0.17252080142498016,0.0016184194246307015
V0753,chronic_rework_and_readmission,Extended case duration with inpatient admission followed by a return to the emergency room.,7.0,inpatient_admission_standard,2.0,0.11906829476356506,0.00048623650218360126
V0754,chronic_rework_and_readmission,Inpatient stay with rework and subsequent return to the ER after a 15-day duration.,6.0,inpatient_admission_standard,1.0,0.13916026055812836,0.0024227628018707037
V0755,inpatient_admission_standard,Standard inpatient admission sequence with nursing care and subsequent release.,6.0,chronic_rework_and_readmission,2.0,0.12308362871408463,0.0022771090734750032
V0756,chronic_rework_and_readmission,"Extreme duration (145 days), repetitive testing loops, multiple ward transfers, and return to the ER.",28.0,inpatient_admission_standard,16.0,0.1209612712264061,0.001703656860627234
V0757,chronic_rework_and_readmission,"Extended stay with rework, repeated nursing care admissions, and return to the ER.",6.0,inpatient_admission_standard,3.0,0.024169092997908592,0.005201674532145262
V0758,inpatient_admission_standard,Inpatient admission with nursing care and release within a few days.,5.0,chronic_rework_and_readmission,3.0,0.14492037892341614,0.011223939247429371
V0759,rapid_triage_and_discharge,Short duration process ending with IV antibiotics administration without inpatient admission.,6.0,active_medical_intervention,3.0,0.027834659442305565,0.013415136374533176
V0760,inpatient_admission_standard,Standard inpatient admission sequence with repeated labs and nursing care ending in release.,6.0,chronic_rework_and_readmission,3.0,0.12356525659561157,0.002201625844463706
V0761,inpatient_admission_standard,Standard inpatient admission with nursing care and subsequent release after a few days.,6.0,chronic_rework_and_readmission,4.0,0.01348328310996294,0.000247738731559366
V0762,chronic_rework_and_readmission,Extended duration with extensive repetitive testing and multiple ICU/NC transfers.,22.0,inpatient_admission_standard,10.0,0.511361300945282,0.00361636676825583
V0763,chronic_rework_and_readmission,"Complex, highly extended case with heavy repetitive testing, multiple ward transfers, and return to the ER.",38.0,inpatient_admission_standard,25.0,0.09008171409368515,0.007546954322606325
V0764,rapid_triage_and_discharge,Short preliminary triage process terminating early without admission or medical treatment.,4.0,inpatient_admission_standard,3.0,0.3892301619052887,0.33717337250709534
V0765,chronic_rework_and_readmission,Extremely long duration (233 days) with multiple admissions and return to the ER.,5.0,inpatient_admission_standard,3.0,0.0513375960290432,0.0017176088877022266
V0766,inpatient_admission_standard,Standard inpatient admission with nursing care and release after a short duration.,6.0,chronic_rework_and_readmission,2.0,0.1813228279352188,0.0005677348817698658
V0767,chronic_rework_and_readmission,Extended duration (55 days) culminating in a return to the emergency room.,10.0,inpatient_admission_standard,2.0,0.3427983522415161,0.028135254979133606
V0768,inpatient_admission_standard,Standard diagnostic workup followed by nursing care admission and release.,8.0,active_medical_intervention,3.0,0.3382164239883423,0.0015396312810480595
V0769,inpatient_admission_standard,Inpatient admission with diagnostic testing and release after several days.,5.0,chronic_rework_and_readmission,3.0,0.01740770973265171,0.0016885491786524653
V0770,chronic_rework_and_readmission,"Extended duration with rework, multiple nursing care admissions, and return to the ER.",6.0,inpatient_admission_standard,5.0,0.09669822454452515,0.0009304405539296567
V0771,inpatient_admission_standard,Inpatient admission with nursing care and release after a week.,4.0,chronic_rework_and_readmission,3.0,0.11628463864326477,0.003904789686203003
V0772,,Process terminates unexpectedly at CRP activity without a standard release or clear outcome.,,inpatient_admission_standard,2.0,,0.0012781230034306645
V0773,inpatient_admission_standard,Standard inpatient admission sequence culminating in release after a few days.,6.0,active_medical_intervention,2.0,0.17555344104766846,0.00633712625131011
V0774,,"Incomplete or non-standard sequence starting with labs before registration, terminating at ER Sepsis Triage.",,rapid_triage_and_discharge,2.0,,0.01651117019355297
V0775,,Terminates on repeated CRP activity without formal discharge or admission.,,active_medical_intervention,2.0,,0.004500298295170069
V0776,inpatient_admission_standard,Inpatient admission with nursing care and subsequent release.,6.0,active_medical_intervention,4.0,0.12172632664442062,0.003634415799751878
V0777,rapid_triage_and_discharge,Very short duration process ending at Leucocytes evaluation without admission.,4.0,active_medical_intervention,2.0,0.3574310541152954,0.3417147696018219
V0778,rapid_triage_and_discharge,Short duration process terminating after initial evaluation and labs without admission.,6.0,active_medical_intervention,2.0,0.7163651585578918,0.24414904415607452
V0779,chronic_rework_and_readmission,Extended duration featuring admission and subsequent return to the ER.,7.0,inpatient_admission_standard,3.0,0.1487567275762558,0.0023603031877428293
V0780,inpatient_admission_standard,Inpatient admission with multiple lab loops and successful release after 17 days.,15.0,chronic_rework_and_readmission,7.0,0.031156204640865326,0.0030294274911284447
V0781,inpatient_admission_standard,Inpatient admission with lab loops and final release (Release C).,8.0,chronic_rework_and_readmission,5.0,0.35834264755249023,0.1203058734536171
V0782,inpatient_admission_standard,Inpatient admission with extensive lab workups and final release.,9.0,chronic_rework_and_readmission,3.0,0.02255801111459732,0.0017698565497994423
V0783,inpatient_admission_standard,Inpatient admission with lab tests and nursing care ending in release.,7.0,active_medical_intervention,3.0,0.01742739789187908,0.0016688588075339794
V0784,inpatient_admission_standard,Inpatient admission with lab loops and subsequent release.,12.0,chronic_rework_and_readmission,4.0,0.03248189017176628,0.004355116281658411
V0785,chronic_rework_and_readmission,Extended case featuring extensive rework and return to the emergency room.,5.0,inpatient_admission_standard,4.0,0.09760262817144394,2.603729626571294e-05
V0786,inpatient_admission_standard,Inpatient admission with subsequent release after moderate duration.,7.0,chronic_rework_and_readmission,5.0,0.12402147799730301,0.00816319789737463
V0787,chronic_rework_and_readmission,Extended duration (30 days) featuring multiple nursing care admissions and return to the ER.,7.0,inpatient_admission_standard,3.0,0.0077294353395700455,0.006397131830453873
V0788,inpatient_admission_standard,Inpatient admission with nursing care and release after four days.,3.0,active_medical_intervention,2.0,0.009623521007597446,0.0006090979441069067
V0789,inpatient_admission_standard,Inpatient admission with repeated nursing care and release.,5.0,active_medical_intervention,2.0,0.1182437464594841,0.007116992026567459
V0790,inpatient_admission_standard,Inpatient admission with nursing care and final release (Release D).,8.0,chronic_rework_and_readmission,5.0,0.4597437381744385,0.017393022775650024
V0791,rapid_triage_and_discharge,Very short duration (1 hour) terminating after IV antibiotics without admission.,4.0,active_medical_intervention,2.0,0.012587589211761951,0.005320163443684578
V0792,inpatient_admission_standard,Inpatient admission with nursing care and release (Release B) after six days.,5.0,chronic_rework_and_readmission,3.0,0.3333362340927124,0.028693897649645805
V0793,inpatient_admission_standard,Inpatient admission to ICU and NC with subsequent release after 13 days.,6.0,active_medical_intervention,4.0,0.13352449238300323,0.0013398107839748263
V0794,chronic_rework_and_readmission,Extended case with extensive repetitive testing and return to the ER.,7.0,inpatient_admission_standard,5.0,0.11222473531961441,0.005257238168269396
V0795,chronic_rework_and_readmission,"Complex case with continuous looping of lab tests, multiple ward transfers, and extended duration.",40.0,inpatient_admission_standard,23.0,0.44260740280151367,0.0025489528197795153
V0796,inpatient_admission_standard,Inpatient admission with nursing care and release after four days.,6.0,active_medical_intervention,2.0,0.3411882817745209,0.004511477891355753
V0797,chronic_rework_and_readmission,Extended duration (180 days) with multiple nursing care admissions and return to the ER.,7.0,inpatient_admission_standard,3.0,0.04397979751229286,0.002117444993928075
V0798,chronic_rework_and_readmission,Extended duration (74 days) with inpatient admission and return to the ER.,4.0,inpatient_admission_standard,2.0,0.1292622834444046,0.001824331353418529
V0799,inpatient_admission_standard,Short inpatient admission with nursing care and release within a day.,5.0,chronic_rework_and_readmission,1.0,0.052499618381261826,0.022126564756035805
V0800,inpatient_admission_standard,Inpatient admission with interventions and subsequent release after four days.,4.0,active_medical_intervention,3.0,0.12207130342721939,0.00046695745550096035
V0801,inpatient_admission_standard,"The case involves admission to nursing care (Admission NC) following labs and interventions, culminating in release after several days.",6.0,chronic_rework_and_readmission,4.0,0.12345876544713974,0.0023081141989678144
V0802,inpatient_admission_standard,"The case involves admission to nursing care (Admission NC) with multiple lab checks, culminating in standard release.",6.0,chronic_rework_and_readmission,3.0,0.4527469575405121,0.024389848113059998
V0803,inpatient_admission_standard,Involves admission to nursing and intensive care units with intermediate treatment and standard discharge.,8.0,chronic_rework_and_readmission,6.0,0.5260842442512512,0.052551258355379105
V0804,inpatient_admission_standard,Standard inpatient admission sequence followed by release and a later return to the ER.,4.0,chronic_rework_and_readmission,2.0,0.43084418773651123,0.0007471114513464272
V0805,chronic_rework_and_readmission,Extended stay characterized by extensive repetitive testing (frequent CRP and Leucocytes looping) and prolonged duration.,30.0,inpatient_admission_standard,19.0,0.5209963917732239,0.006018729880452156
V0806,inpatient_admission_standard,"Inpatient admission following initial evaluation and treatment, ending in release and subsequent ER return.",5.0,chronic_rework_and_readmission,3.0,0.5236783027648926,8.696131408214569e-05
V0807,inpatient_admission_standard,Inpatient admission with standard diagnostic and treatment sequence leading to release.,7.0,active_medical_intervention,2.0,0.185843363404274,0.005122477654367685
V0808,chronic_rework_and_readmission,Extended duration case featuring repetitive looping of CRP and Leucocytes testing over multiple weeks.,5.0,inpatient_admission_standard,2.0,0.12088506668806076,0.001330527476966381
V0809,chronic_rework_and_readmission,Features multiple ward transfers (repeated Admission NC) and iterative rework of CRP and Leucocytes.,7.0,inpatient_admission_standard,5.0,0.3685358464717865,0.0005436617066152394
V0810,inpatient_admission_standard,"Standard admission to nursing care after initial workups, with subsequent lab monitoring and discharge.",4.0,active_medical_intervention,3.0,0.11233551055192947,0.002493151230737567
V0811,inpatient_admission_standard,"Initial triage, ICU/NC admissions, and subsequent monitoring resulting in standard release.",6.0,chronic_rework_and_readmission,4.0,0.11322841793298721,0.006763288285583258
V0812,inpatient_admission_standard,Inpatient admission with repeated nursing care steps and standard release followed by ER return.,8.0,chronic_rework_and_readmission,1.0,0.7038443684577942,0.013832646422088146
V0813,chronic_rework_and_readmission,"Extended case showing dense, repetitive cycles of CRP and Leucocytes testing over 15 days.",12.0,inpatient_admission_standard,6.0,0.47164273262023926,0.0030294274911284447
V0814,inpatient_admission_standard,"Standard inpatient admission with routine diagnostic and antibiotic interventions, culminating in release.",4.0,chronic_rework_and_readmission,2.0,0.0030262647196650505,0.0015210657147690654
V0815,chronic_rework_and_readmission,Extended duration with frequent repeated CRP and Leucocytes tests and multiple nursing care admissions.,10.0,inpatient_admission_standard,6.0,0.026577165350317955,0.007609747815877199
V0816,rapid_triage_and_discharge,Very short duration case terminating directly after basic workups and IV antibiotics without admission.,5.0,active_medical_intervention,2.0,0.002677004085853696,0.004590421449393034
V0817,chronic_rework_and_readmission,Extended duration case with numerous repeated lab tests (CRP and Leucocytes looping) over 28 days.,10.0,inpatient_admission_standard,6.0,0.1208162009716034,0.011032790876924992
V0818,chronic_rework_and_readmission,Features extensive iterative testing with repeated CRP and Leucocytes over a 14-day duration.,13.0,inpatient_admission_standard,7.0,0.47474145889282227,0.0016453536227345467
V0819,inpatient_admission_standard,Standard admission sequence with repeated nursing care and lab monitoring before final release.,7.0,active_medical_intervention,4.0,0.11926255375146866,0.006504323799163103
V0820,rapid_triage_and_discharge,"Very brief duration (under an hour) involving initial triage, IV therapy, and basic lab work.",4.0,active_medical_intervention,2.0,0.3502839505672455,0.0012343546841293573
V0821,inpatient_admission_standard,"Inpatient admission sequence with multiple nursing care steps and lab tests over 50 days, ending in release.",5.0,chronic_rework_and_readmission,4.0,0.5067178606987,0.0005316729075275362
V0822,chronic_rework_and_readmission,"Extremely complex, extended case with massive repetitive testing and looping of LacticAcid, CRP, and Leucocytes.",46.0,inpatient_admission_standard,30.0,0.1198328509926796,0.0005752397119067609
V0823,inpatient_admission_standard,"Inpatient admission following standard workup, culminating in release after a few days.",7.0,chronic_rework_and_readmission,2.0,0.7763057351112366,0.006757034454494715
V0824,inpatient_admission_standard,"Standard admission to nursing care following initial triage and labs, followed by release.",5.0,chronic_rework_and_readmission,1.0,0.013641263358294964,0.005454994738101959
V0825,inpatient_admission_standard,Inpatient admission following standard diagnostic and medical intervention sequence.,7.0,chronic_rework_and_readmission,1.0,0.5891440510749817,0.001801188918761909
V0826,active_medical_intervention,"Active medical treatment with IV antibiotics following initial triage, ending in an Admission NC outcome within hours.",0.0,rapid_triage_and_discharge,1.0,0.37581634521484375,0.015854977071285248
V0827,chronic_rework_and_readmission,Extended duration with frequent repetitive loops of CRP and Leucocytes testing.,4.0,inpatient_admission_standard,4.0,0.11617132276296616,0.00920382421463728
V0828,inpatient_admission_standard,Inpatient admission sequence with multiple nursing care steps leading to release.,11.0,chronic_rework_and_readmission,4.0,0.6711837649345398,0.026319237425923347
V0829,inpatient_admission_standard,Standard admission to nursing care with subsequent lab testing and release.,4.0,chronic_rework_and_readmission,4.0,0.12399512529373169,0.0017717521404847503
V0830,inpatient_admission_standard,Inpatient admission with standard diagnostic workup and iterative testing leading to release.,6.0,chronic_rework_and_readmission,6.0,0.12264078110456467,0.0031260959804058075
V0831,inpatient_admission_standard,Standard inpatient admission sequence with ongoing lab monitoring and final release.,8.0,chronic_rework_and_readmission,4.0,0.3440673351287842,0.026362581178545952
V0832,rapid_triage_and_discharge,Very short total duration (1 hour) ending directly after initial evaluation and IV antibiotic administration.,4.0,active_medical_intervention,2.0,0.011967339552938938,0.004699913784861565
V0833,chronic_rework_and_readmission,Extended duration with multiple repeat admissions to nursing care and iterative lab tests.,11.0,inpatient_admission_standard,6.0,0.3698296844959259,0.0004004804359283298
V0834,chronic_rework_and_readmission,"Complex extended stay featuring extensive repetitive testing (looping CRP, LacticAcid, Leucocytes) and ward transfers.",14.0,inpatient_admission_standard,9.0,0.19272905588150024,0.002153628272935748
V0835,inpatient_admission_standard,"Standard inpatient admission following triage and intervention, concluding with release.",5.0,chronic_rework_and_readmission,2.0,0.012453566305339336,0.00024085986660793424
V0836,chronic_rework_and_readmission,Extended duration involving iterative re-testing and repeated nursing care admissions.,9.0,inpatient_admission_standard,4.0,0.3740026652812958,0.0017717521404847503
V0837,inpatient_admission_standard,"Standard admission to intensive care and nursing care units following initial evaluation, culminating in release.",4.0,chronic_rework_and_readmission,3.0,0.0019382545724511147,0.003443453460931778
V0838,active_medical_intervention,Requires active treatment steps (IV liquid and IV antibiotics) followed by short observation and admission.,2.0,chronic_rework_and_readmission,1.0,0.00995358545333147,0.0014509224565699697
V0839,inpatient_admission_standard,"Standard inpatient admission following diagnostic testing and intervention, ending in release.",7.0,chronic_rework_and_readmission,4.0,0.0100903594866395,0.00014226033817976713
V0840,chronic_rework_and_readmission,"Highly extended case featuring extensive repetitive testing, multiple unit transfers, and prolonged duration.",53.0,inpatient_admission_standard,36.0,0.5373845100402832,0.13403473794460297
V0841,inpatient_admission_standard,"Standard inpatient admission following triage and initial lab work, ending in release.",4.0,active_medical_intervention,2.0,0.052164215594530106,0.021791165694594383
V0842,chronic_rework_and_readmission,Extended duration case with frequent looping and repetitive testing of CRP and Leucocytes.,4.0,inpatient_admission_standard,3.0,0.1351422369480133,0.003293248824775219
V0843,active_medical_intervention,"Involves active medical intervention with IV liquids and antibiotics, followed by a short stay.",3.0,inpatient_admission_standard,2.0,0.3461726903915405,0.0006515100249089301
V0844,chronic_rework_and_readmission,"Complex case with multiple ICU/NC admissions and continuous looping of CRP, LacticAcid, and Leucocytes.",13.0,inpatient_admission_standard,10.0,0.584640383720398,0.0016343308379873633
V0845,chronic_rework_and_readmission,Extended stay featuring intensive repetitive testing and multiple ward transitions.,18.0,inpatient_admission_standard,9.0,0.5342515110969543,0.000546335824765265
V0846,inpatient_admission_standard,"Inpatient admission following active interventions and lab workups, culminating in release.",5.0,chronic_rework_and_readmission,4.0,0.11692602187395096,0.0011689503444358706
