variant_id,category_id,rationale,structural_distance_to_category_medoid,nearest_other_category_id,nearest_other_category_structural_distance,profile_distance_to_category_medoid,nearest_other_category_profile_distance
V0001,,The narrative stops at ER Sepsis Triage and does not reach ward routing or discharge disposition.,,admission_ward_routing,2.0,,0.3891150653362274
V0002,,The narrative ends at CRP testing during the diagnostic phase and does not involve ward admission or discharge.,,admission_ward_routing,1.0,,0.09060267359018326
V0003,,The narrative concludes with Leucocytes testing in the ER without proceeding to admission or discharge.,,admission_ward_routing,1.0,,0.3832360804080963
V0004,,The narrative stops at IV Antibiotics administration in the emergency phase without ward routing or discharge.,,admission_ward_routing,1.0,,0.0398164764046669
V0005,,The narrative ends with LacticAcid testing and does not reach downstream clinical pathways.,,admission_ward_routing,1.0,,0.37761950492858887
V0006,,The narrative concludes with IV Antibiotics and does not involve admission or final disposition.,,discharge_disposition,2.0,,0.017360536381602287
V0007,,The narrative stops at IV Antibiotics administration in the ER without proceeding to admission or release.,,admission_ward_routing,1.0,,0.010318686254322529
V0008,discharge_disposition,"The narrative includes Admission NC followed by Release A, which represents a captured discharge disposition route.",8.0,admission_ward_routing,1.0,0.7035253643989563,0.0021812545601278543
V0009,,The narrative ends with IV Antibiotics during emergency treatment without further routing or disposition.,,discharge_disposition,2.0,,0.02844727225601673
V0010,,The narrative terminates at ER Sepsis Triage and does not progress toward admission or discharge.,,admission_ward_routing,2.0,,0.3388270139694214
V0011,,The narrative concludes with IV Antibiotics administration and does not reach ward admission or release.,,admission_ward_routing,1.0,,0.013468634337186813
V0012,,The narrative stops at IV Antibiotics in the emergency department without inpatient routing or discharge.,,admission_ward_routing,2.0,,0.07379884272813797
V0013,,"The narrative ends with Leucocytes testing in the ER, remaining entirely within the diagnostic phase.",,admission_ward_routing,2.0,,0.367016464471817
V0014,discharge_disposition,"The narrative records Admission NC leading into Release A, capturing the final discharge disposition.",9.0,admission_ward_routing,1.0,0.6993803977966309,0.000767590943723917
V0015,discharge_disposition,"The narrative proceeds through Admission NC to Release A, fulfilling the discharge disposition category.",5.0,admission_ward_routing,1.0,0.3772939145565033,0.0017522848211228848
V0016,discharge_disposition,"The narrative involves an inpatient stay (Admission NC) and terminates with Release A, representing discharge disposition.",5.0,admission_ward_routing,1.0,0.3648596704006195,0.00015841257118154317
V0017,,The narrative terminates at ER Sepsis Triage and does not involve ward routing or discharge.,,admission_ward_routing,2.0,,0.36712613701820374
V0018,discharge_disposition,"The narrative includes Admission NC followed by Release A, completing the discharge disposition pathway.",5.0,admission_ward_routing,1.0,0.6984872817993164,0.00012561735638882965
V0019,,The narrative ends at IV Antibiotics without reaching inpatient admission or final release.,,admission_ward_routing,3.0,,0.028952397406101227
V0020,,The narrative concludes with CRP testing in the ER without proceeding to admission or discharge.,,admission_ward_routing,3.0,,0.09317597001791
V0021,discharge_disposition,"The narrative shows Admission NC, Release A, and subsequently Return ER, fully capturing the discharge disposition route.",4.0,admission_ward_routing,2.0,0.03138524666428566,0.0006282883114181459
V0022,discharge_disposition,"The narrative includes Admission NC and concludes with Release A, representing the discharge disposition.",7.0,admission_ward_routing,1.0,0.6979454159736633,0.00066740857437253
V0023,discharge_disposition,"The narrative details Admission NC, Release A, and a subsequent Return ER, realizing the discharge disposition.",6.0,admission_ward_routing,1.0,0.03599714860320091,0.00020539744582492858
V0024,admission_ward_routing,"The narrative concludes with Admission NC, directly realizing the non-critical inpatient ward routing alternative.",7.0,discharge_disposition,2.0,0.7910642027854919,0.3410704433917999
V0025,,The narrative stops at IV Antibiotics in the emergency department without inpatient routing or discharge.,,admission_ward_routing,2.0,,0.01594679243862629
V0026,discharge_disposition,"The narrative includes Admission NC and Release A followed by Return ER, capturing the discharge disposition.",5.0,admission_ward_routing,1.0,0.17832452058792114,0.04745088890194893
V0027,,The narrative terminates at IV Antibiotics without progressing to admission or release.,,admission_ward_routing,3.0,,0.011120502837002277
V0028,discharge_disposition,"The narrative progresses through Admission NC to Release A and Return ER, realizing the discharge disposition.",4.0,admission_ward_routing,1.0,0.06326182186603546,0.0034038142766803503
V0029,,The narrative ends with Leucocytes testing and does not reach admission or discharge stages.,,admission_ward_routing,2.0,,0.36965814232826233
V0030,discharge_disposition,"The narrative includes Admission NC followed by Release A, capturing the discharge disposition.",3.0,admission_ward_routing,1.0,0.36618945002555847,0.00011264110798947513
V0031,,The narrative concludes with LacticAcid testing in the ER without ward routing or disposition.,,admission_ward_routing,3.0,,0.3540477454662323
V0032,discharge_disposition,"The narrative shows Admission NC, Release A, and Return ER, fulfilling the discharge disposition category.",5.0,admission_ward_routing,2.0,0.011735476553440094,5.056213922216557e-05
V0033,discharge_disposition,"The narrative includes Admission NC, Release A, and Return ER, representing the captured discharge disposition.",3.0,admission_ward_routing,2.0,0.24690796434879303,0.010605152696371078
V0034,,The narrative ends at IV Liquid administration without proceeding to inpatient admission or discharge.,,discharge_disposition,2.0,,0.01565026491880417
V0035,discharge_disposition,"The narrative progresses through Admission NC to Release A, realizing the discharge disposition category.",4.0,admission_ward_routing,1.0,0.3441365957260132,9.696097549749538e-05
V0036,,The narrative terminates at CRP testing in the ER without further clinical routing or discharge.,,admission_ward_routing,3.0,,0.09848365187644958
V0037,discharge_disposition,"The narrative includes Admission NC and concludes with Release B, capturing the discharge disposition route.",9.0,admission_ward_routing,2.0,0.7071194648742676,0.0065433369018137455
V0038,,The narrative stops at IV Antibiotics in the emergency department without reaching admission or discharge.,,discharge_disposition,3.0,,0.012487771920859814
V0039,discharge_disposition,"The narrative involves Admission NC and terminates with Release A, fulfilling the discharge disposition.",5.0,admission_ward_routing,2.0,0.45633792877197266,0.0005369993159547448
V0040,admission_ward_routing,"The narrative concludes with Admission NC, directly realizing the non-critical inpatient ward routing.",7.0,discharge_disposition,1.0,0.777474582195282,0.3391858637332916
V0041,discharge_disposition,"The narrative includes Admission NC followed by Release A, capturing the discharge disposition.",5.0,admission_ward_routing,1.0,0.4799858033657074,0.00026427218108437955
V0042,discharge_disposition,"The narrative records Admission NC leading to Release A, realizing the discharge disposition category.",5.0,admission_ward_routing,1.0,0.36750057339668274,4.5530483475886285e-05
V0043,,The narrative ends with LacticAcid testing in the ER without ward admission or discharge.,,discharge_disposition,2.0,,0.36644890904426575
V0044,discharge_disposition,"The narrative includes Admission NC and terminates with Release A, capturing the discharge disposition.",5.0,admission_ward_routing,1.0,0.37058112025260925,0.00030982462340034544
V0045,discharge_disposition,"The narrative shows Admission NC, Release A, and Return ER, fulfilling the discharge disposition category.",7.0,admission_ward_routing,2.0,0.3728661835193634,0.002805172698572278
V0046,discharge_disposition,"The narrative proceeds through Admission NC to Release A, realizing the discharge disposition.",3.0,admission_ward_routing,1.0,0.3519318103790283,0.0006053470424376428
V0047,discharge_disposition,"The narrative includes Admission NC followed by Release A, capturing the discharge disposition.",7.0,admission_ward_routing,1.0,0.7187122702598572,0.0005718793836422265
V0048,discharge_disposition,"The narrative records Admission NC and concludes with Release A, realizing the discharge disposition.",5.0,admission_ward_routing,1.0,0.3545794188976288,0.00023297588631976396
V0049,discharge_disposition,"The narrative includes Admission NC, Release A, and Return ER, capturing the discharge disposition.",6.0,admission_ward_routing,3.0,0.08735216408967972,0.002381053986027837
V0050,,The narrative terminates at CRP testing in the ER without proceeding to admission or discharge.,,admission_ward_routing,1.0,,0.08461222797632217
V0051,discharge_disposition,"The narrative concludes with Release A, realizing the captured discharge disposition goal axis.",4.0,admission_ward_routing,1.0,0.46864914894104004,1.4275125295171165e-06
V0052,discharge_disposition,"The narrative involves discharge followed by an ER return, mapping to discharge disposition outcomes.",4.0,admission_ward_routing,2.0,0.06441688537597656,0.0022487526293843985
V0053,admission_ward_routing,The narrative explicitly routes the patient through Admission NC.,8.0,discharge_disposition,2.0,0.37692561745643616,0.0009260631049983203
V0054,discharge_disposition,"The pathway concludes via Release A and subsequent Return ER, representing discharge disposition.",2.0,admission_ward_routing,2.0,0.03686481714248657,0.0006520826718769968
V0055,discharge_disposition,"The trace concludes through release and return to the ER, matching discharge disposition alternatives.",4.0,admission_ward_routing,1.0,0.15971370041370392,0.00028784008463844657
V0056,,The process terminates at IV Antibiotics without reaching ward routing or discharge disposition.,,admission_ward_routing,2.0,,0.04364530369639397
V0057,admission_ward_routing,The narrative contains an admission step to NC ward.,7.0,discharge_disposition,2.0,0.3745943307876587,0.0005718793836422265
V0058,admission_ward_routing,The patient is routed to a non-critical ward via Admission NC.,7.0,discharge_disposition,1.0,0.36934903264045715,0.004673418588936329
V0059,discharge_disposition,The narrative records a final release disposition (Release A).,5.0,admission_ward_routing,1.0,0.37500348687171936,0.000538096996024251
V0060,discharge_disposition,"The case ends with a release and subsequent return, capturing discharge disposition.",5.0,admission_ward_routing,1.0,0.07393468171358109,0.001005847123451531
V0061,discharge_disposition,The variant path concludes with a formal release outcome (Release A).,3.0,admission_ward_routing,1.0,0.34596073627471924,5.4223619372351095e-05
V0062,,The process stops at IV Antibiotics before ward admission or discharge.,,admission_ward_routing,1.0,,0.019983569160103798
V0063,admission_ward_routing,The narrative includes an inpatient ward routing step (Admission NC).,13.0,discharge_disposition,8.0,0.12205591052770615,0.0009174887672998011
V0064,admission_ward_routing,The narrative features ward routing via Admission NC.,6.0,discharge_disposition,3.0,0.23296572268009186,0.0071280766278505325
V0065,admission_ward_routing,The sequence contains ward routing to Admission NC.,4.0,discharge_disposition,2.0,0.009068120270967484,0.00019885155779775232
V0066,admission_ward_routing,The patient is admitted to a non-critical ward (Admission NC).,7.0,discharge_disposition,1.0,0.37738528847694397,0.00046639316133223474
V0067,admission_ward_routing,The patient is routed to the ward via Admission NC.,5.0,discharge_disposition,3.0,0.11457464098930359,9.546783257974312e-05
V0068,admission_ward_routing,The narrative records multiple admissions to both IC and NC wards.,6.0,discharge_disposition,4.0,0.3479054868221283,0.0019673386123031378
V0069,admission_ward_routing,The narrative implements ward routing via Admission NC.,5.0,discharge_disposition,1.0,0.1131242886185646,0.00018794962670654058
V0070,admission_ward_routing,The narrative routes the patient to Admission NC.,4.0,discharge_disposition,1.0,0.24281753599643707,0.0004448461113497615
V0071,discharge_disposition,The variant concludes via Release A followed by an ER return.,5.0,admission_ward_routing,3.0,0.17584913969039917,0.004092599265277386
V0072,discharge_disposition,The sequence concludes with Release A and a subsequent return to the ER.,3.0,admission_ward_routing,2.0,0.00031539765768684447,0.001513043069280684
V0073,admission_ward_routing,The case is routed through Admission NC.,5.0,discharge_disposition,2.0,0.12254755944013596,1.8648777768248692e-05
V0074,discharge_disposition,The pathway ends with Release A and Return ER.,8.0,admission_ward_routing,1.0,0.3525623381137848,0.014167453162372112
V0075,admission_ward_routing,The narrative involves multiple ward routing steps to both IC and NC.,8.0,discharge_disposition,4.0,0.5137184262275696,0.013953887857496738
V0076,admission_ward_routing,The narrative includes patient admission to Admission NC.,8.0,discharge_disposition,2.0,0.7023062705993652,0.0065433369018137455
V0077,admission_ward_routing,The patient is routed to the non-critical ward (Admission NC).,6.0,discharge_disposition,4.0,0.5952793955802917,0.18213528394699097
V0078,admission_ward_routing,The narrative records routing to Admission IC and Admission NC.,10.0,discharge_disposition,5.0,0.5685911774635315,0.0025782051961869
V0079,admission_ward_routing,The narrative includes ward admission via Admission NC.,6.0,discharge_disposition,1.0,0.24285410344600677,0.00040828841156326234
V0080,admission_ward_routing,The narrative includes ward routing via Admission NC.,7.0,discharge_disposition,4.0,0.596555233001709,0.00043312355410307646
V0081,,The trace terminates at IV Liquid without reaching ward routing or discharge.,,discharge_disposition,3.0,,0.09630604833364487
V0082,admission_ward_routing,The patient is routed to both intensive care and non-critical wards.,7.0,discharge_disposition,3.0,0.24068056046962738,0.0008662789477966726
V0083,admission_ward_routing,The narrative routes the patient through Admission NC.,7.0,discharge_disposition,2.0,0.5141117572784424,0.0001340450980933383
V0084,discharge_disposition,"The case concludes with Release C, representing a specific discharge disposition.",7.0,admission_ward_routing,3.0,0.35346463322639465,0.005514172837138176
V0085,admission_ward_routing,The narrative includes multiple Admission NC steps for ward routing.,6.0,discharge_disposition,1.0,0.4219342768192291,0.00043503878987394273
V0086,admission_ward_routing,The patient is admitted to the ward via Admission NC.,5.0,discharge_disposition,1.0,0.1292121559381485,9.76003721007146e-05
V0087,admission_ward_routing,The narrative features ward routing via Admission NC.,5.0,discharge_disposition,3.0,0.007430862635374069,0.0004395149589981884
V0088,,The sequence stops at IV Antibiotics without admission or discharge.,,admission_ward_routing,3.0,,0.0675748810172081
V0089,admission_ward_routing,The patient is routed to a ward through Admission NC.,8.0,discharge_disposition,5.0,0.4807274639606476,0.0034995710011571646
V0090,admission_ward_routing,The narrative includes ward admission via Admission NC.,6.0,discharge_disposition,3.0,0.12245610356330872,0.00011009930312866345
V0091,discharge_disposition,"The narrative concludes with Release C, realizing captured discharge disposition.",14.0,admission_ward_routing,8.0,0.5028107762336731,0.08461719006299973
V0092,,The process ends at LacticAcid before any ward routing or discharge.,,admission_ward_routing,2.0,,0.003960905596613884
V0093,discharge_disposition,"The narrative concludes with Release D, capturing a specific discharge route.",6.0,admission_ward_routing,2.0,0.3490602970123291,0.006953094154596329
V0094,discharge_disposition,"The path ends via Release A and Return ER, representing discharge disposition.",5.0,admission_ward_routing,2.0,0.0577850304543972,0.0005258293240331113
V0095,admission_ward_routing,The narrative routes the patient to Admission NC.,3.0,discharge_disposition,2.0,0.13919876515865326,0.0021963289473205805
V0096,admission_ward_routing,The patient is routed through Admission NC.,7.0,discharge_disposition,1.0,0.3455343246459961,0.005738748703151941
V0097,admission_ward_routing,The narrative features ward routing via Admission NC.,4.0,discharge_disposition,1.0,0.008857781067490578,1.1487459232739639e-05
V0098,admission_ward_routing,The narrative records ward admission steps via Admission NC.,8.0,discharge_disposition,2.0,0.5707491040229797,0.00012047109339619055
V0099,admission_ward_routing,The narrative includes ward routing through Admission NC.,3.0,discharge_disposition,2.0,0.0032759851310402155,0.00012571847764775157
V0100,admission_ward_routing,The patient is admitted to the ward via Admission NC.,4.0,discharge_disposition,1.0,0.12358075380325317,8.47243718453683e-05
V0101,discharge_disposition,"The narrative concludes with a release route (Release A) and subsequent ER return, matching discharge disposition.",7.0,admission_ward_routing,3.0,0.0887286439538002,0.001004567719064653
V0102,discharge_disposition,"The case concludes with Release A, indicating a standard discharge disposition.",5.0,admission_ward_routing,2.0,0.4688493311405182,0.00019877181330230087
V0103,discharge_disposition,"The pathway concludes with Release A, realizing the discharge disposition category.",7.0,admission_ward_routing,4.0,0.4788953363895416,0.0006933651748113334
V0104,discharge_disposition,"The case ends with Release A and a return to the ER, aligning with discharge disposition.",7.0,admission_ward_routing,2.0,0.40675076842308044,0.0029357243329286575
V0105,discharge_disposition,"The narrative finishes with Release B, representing a captured discharge disposition.",10.0,admission_ward_routing,6.0,0.44864726066589355,0.021725786849856377
V0106,discharge_disposition,"The process terminates at Release A, mapping to the discharge disposition category.",10.0,admission_ward_routing,4.0,0.5074611306190491,0.002993103116750717
V0107,discharge_disposition,"The trajectory ends with Release A, realizing discharge disposition.",5.0,admission_ward_routing,3.0,0.3433186709880829,0.00022981420625001192
V0108,discharge_disposition,"The case concludes via Release A before an ER return, matching discharge disposition.",7.0,admission_ward_routing,2.0,0.015079286880791187,0.002959383884444833
V0109,discharge_disposition,"The narrative concludes through Release A and subsequent ER return, fitting discharge disposition.",6.0,admission_ward_routing,3.0,0.28691571950912476,0.0007464794325642288
V0110,discharge_disposition,"The process ends with Release A followed by an ER return, capturing discharge disposition.",8.0,admission_ward_routing,1.0,0.410787433385849,0.0008848587167449296
V0111,admission_ward_routing,"The patient is admitted to a non-critical inpatient ward (Admission NC), advancing pathway disposition.",8.0,discharge_disposition,3.0,0.7830805778503418,0.33357980847358704
V0112,discharge_disposition,"The pathway terminates via Release A and a return to the ER, representing discharge disposition.",4.0,admission_ward_routing,2.0,0.16706211864948273,0.00469442130997777
V0113,discharge_disposition,"The narrative ends with Release B, aligning with the captured discharge disposition category.",8.0,admission_ward_routing,2.0,0.7244234085083008,0.04457711800932884
V0114,discharge_disposition,"The process concludes at Release A, realizing discharge disposition.",6.0,admission_ward_routing,3.0,0.47471728920936584,7.471626304322854e-05
V0115,discharge_disposition,"The case concludes with Release A and subsequent ER return, fitting discharge disposition.",5.0,admission_ward_routing,3.0,0.08944353461265564,0.00028968663536943495
V0116,discharge_disposition,"The narrative concludes with Release A and an ER return, mapping to discharge disposition.",4.0,admission_ward_routing,1.0,0.05214402452111244,0.0003220610960852355
V0117,discharge_disposition,"The case terminates with Release D and an ER return, realizing discharge disposition.",7.0,admission_ward_routing,3.0,0.14462919533252716,0.006395623087882996
V0118,discharge_disposition,"The pathway finishes with Release A, corresponding to discharge disposition.",4.0,admission_ward_routing,2.0,0.3449890911579132,7.481849479518132e-06
V0119,discharge_disposition,"The process ends with Release A, capturing the discharge disposition.",7.0,admission_ward_routing,1.0,0.3510574400424957,0.00015448038175236434
V0120,discharge_disposition,"The narrative concludes via Release A and subsequent ER return, matching discharge disposition.",9.0,admission_ward_routing,4.0,0.21638591587543488,0.16905812919139862
V0121,discharge_disposition,"The case ends with Release A followed by an ER return, aligning with discharge disposition.",6.0,admission_ward_routing,3.0,0.05675036087632179,0.0007203731220215559
V0122,discharge_disposition,"The trajectory terminates with Release A, realizing discharge disposition.",4.0,admission_ward_routing,1.0,0.3451329171657562,0.00015128232189454138
V0123,discharge_disposition,"The narrative concludes through Release A and an ER return, fitting discharge disposition.",9.0,admission_ward_routing,3.0,0.13280171155929565,0.0011431103339418769
V0124,discharge_disposition,"The process ends with Release A and a return to the ER, mapping to discharge disposition.",3.0,admission_ward_routing,2.0,0.004188743885606527,0.0023603031877428293
V0125,admission_ward_routing,"The patient undergoes admission to intensive care (Admission IC) followed by a non-critical ward (Admission NC), realizing ward routing.",11.0,discharge_disposition,7.0,0.6008365750312805,0.004714490380138159
V0126,discharge_disposition,"The narrative concludes via Release A and an ER return, capturing discharge disposition.",4.0,admission_ward_routing,3.0,0.22910375893115997,0.07082857191562653
V0127,,The process stops at LacticAcid and does not reach ward routing or final discharge disposition.,,admission_ward_routing,2.0,,0.23709064722061157
V0128,admission_ward_routing,"The pathway includes admission to intensive care (Admission IC) and later a non-critical ward (Admission NC), fulfilling ward routing.",13.0,discharge_disposition,10.0,0.5879867672920227,0.008135299198329449
V0129,discharge_disposition,"The case routes through both ICU and non-critical admissions but ultimately concludes with Release A and an ER return, realizing discharge disposition.",19.0,admission_ward_routing,10.0,0.21413113176822662,1.9192344552720897e-05
V0130,discharge_disposition,"The narrative concludes with Release A, matching the discharge disposition category.",4.0,admission_ward_routing,2.0,0.3624725043773651,7.740608452877495e-06
V0131,discharge_disposition,"The process concludes via Release A and a subsequent ER return, realizing discharge disposition.",7.0,admission_ward_routing,3.0,0.3360910713672638,0.006594869773834944
V0132,,The pathway terminates at IV Antibiotics without proceeding to ward routing or final release.,,admission_ward_routing,4.0,,0.33472028374671936
V0133,,The process ends at IV Antibiotics and does not realize ward routing or discharge disposition.,,admission_ward_routing,4.0,,0.3392581641674042
V0134,discharge_disposition,"The case involves ward admissions and ultimately concludes with Release A and an ER return, matching discharge disposition.",16.0,admission_ward_routing,8.0,0.2384081333875656,0.00043158556218259037
V0135,discharge_disposition,"The narrative terminates with Release A, capturing discharge disposition.",7.0,admission_ward_routing,1.0,0.36878350377082825,0.00018754198390524834
V0136,discharge_disposition,"The process concludes via Release A and a subsequent ER return, fitting discharge disposition.",20.0,admission_ward_routing,11.0,0.18879063427448273,0.00043503878987394273
V0137,,"The narrative stops at LacticAcid, omitting ward routing and discharge disposition.",,admission_ward_routing,2.0,,0.01278902217745781
V0138,discharge_disposition,"The case concludes with Release C, representing a captured discharge disposition.",4.0,admission_ward_routing,2.0,0.3527721166610718,0.004821654874831438
V0139,discharge_disposition,"The pathway features ICU and non-critical admissions and concludes with Release A, matching discharge disposition.",22.0,admission_ward_routing,10.0,0.5171241760253906,0.0016343308379873633
V0140,discharge_disposition,"The process concludes via Release A and an ER return, realizing discharge disposition.",6.0,admission_ward_routing,3.0,0.19654826819896698,0.0017176088877022266
V0141,discharge_disposition,"The narrative includes admission steps and finishes with Release A followed by an ER return, fitting discharge disposition.",9.0,admission_ward_routing,7.0,0.1795111447572708,0.0016995238838717341
V0142,discharge_disposition,"The case concludes with Release A, mapping to discharge disposition.",5.0,admission_ward_routing,2.0,0.346515029668808,0.00018794962670654058
V0143,discharge_disposition,"The trajectory ends with Release A and an ER return, capturing discharge disposition.",4.0,admission_ward_routing,2.0,0.005345253273844719,0.0004744593461509794
V0144,discharge_disposition,"The process finishes at Release A, realizing discharge disposition.",8.0,admission_ward_routing,3.0,0.46467018127441406,1.1487459232739639e-05
V0145,discharge_disposition,"The narrative concludes with Release B after extensive lab work and ICU admission, fitting discharge disposition.",108.0,admission_ward_routing,47.0,0.4774983823299408,0.043886978179216385
V0146,,The sequence terminates at Leucocytes without reaching ward routing or release.,,admission_ward_routing,3.0,,0.026082729920744896
V0147,discharge_disposition,"The process concludes with Release B, realizing the captured discharge disposition category.",7.0,admission_ward_routing,2.0,0.46840572357177734,0.0019673386123031378
V0148,,"The narrative stops at IV Antibiotics, omitting ward routing and final disposition.",,discharge_disposition,2.0,,0.0060074119828641415
V0149,discharge_disposition,"The case concludes with Release A, mapping to discharge disposition.",5.0,admission_ward_routing,3.0,0.35614490509033203,1.3405025129031856e-05
V0150,discharge_disposition,"The pathway concludes with Release B, capturing the final discharge disposition.",9.0,admission_ward_routing,4.0,0.44833502173423767,0.02203805185854435
V0151,admission_ward_routing,The narrative features admission to a non-critical ward (Admission NC) which is a routing choice for inpatient care.,20.0,discharge_disposition,9.0,0.4729999601840973,0.001840634853579104
V0152,admission_ward_routing,"The narrative records an Admission NC event, representing patient routing to a non-critical inpatient ward.",8.0,discharge_disposition,4.0,0.25468215346336365,0.011110947467386723
V0153,admission_ward_routing,"The narrative includes Admission NC, directing the patient to a non-critical inpatient ward.",8.0,discharge_disposition,2.0,0.34545037150382996,0.0006221384392119944
V0154,admission_ward_routing,"The narrative includes both Admission NC and Admission IC, representing ward routing decisions.",7.0,discharge_disposition,4.0,0.499332994222641,0.00043158556218259037
V0155,admission_ward_routing,"The narrative includes Admission NC, indicating patient ward routing.",6.0,discharge_disposition,2.0,0.4341857135295868,0.001960309222340584
V0156,admission_ward_routing,"The narrative includes Admission NC, realizing the patient admission ward routing category.",7.0,discharge_disposition,2.0,0.22881056368350983,0.025912992656230927
V0157,admission_ward_routing,"The narrative includes Admission NC, reflecting patient placement in a non-critical ward.",9.0,discharge_disposition,4.0,0.4805010259151459,0.0007375078275799751
V0158,admission_ward_routing,"The narrative contains Admission NC, indicating the routing of the patient to an inpatient ward.",6.0,discharge_disposition,2.0,0.002733805449679494,0.00041646111640147865
V0159,admission_ward_routing,"The narrative contains Admission NC, which fulfills the admission ward routing alternative.",5.0,discharge_disposition,2.0,0.0023933197371661663,0.0007569470326416194
V0160,admission_ward_routing,"The narrative includes Admission NC, representing inpatient ward routing.",7.0,discharge_disposition,3.0,0.3560115396976471,0.002355847042053938
V0161,admission_ward_routing,"The narrative includes Admission NC, corresponding to the ward routing category.",5.0,discharge_disposition,2.0,0.44247564673423767,0.0013613001210615039
V0162,discharge_disposition,"The narrative ends with Release B, capturing a specific discharge disposition alternative.",8.0,admission_ward_routing,1.0,0.36894500255584717,0.016100868582725525
V0163,admission_ward_routing,"The narrative contains Admission NC, placing the patient in a non-critical inpatient ward.",7.0,discharge_disposition,2.0,0.5224664807319641,0.0011654166737571359
V0164,admission_ward_routing,"The narrative includes Admission IC and Admission NC, representing patient ward routing.",10.0,discharge_disposition,6.0,0.5670400857925415,0.004129266366362572
V0165,admission_ward_routing,"The narrative includes Admission NC, corresponding to admission ward routing.",7.0,discharge_disposition,2.0,0.3478008806705475,0.0029726705979555845
V0166,admission_ward_routing,"The narrative records Admission NC, realizing the admission ward routing category.",8.0,discharge_disposition,4.0,0.004426941741257906,0.00015850765339564532
V0167,admission_ward_routing,"The narrative includes Admission IC, representing an intensive care unit routing decision.",8.0,discharge_disposition,6.0,0.18759970366954803,0.006955641787499189
V0168,admission_ward_routing,"The narrative contains Admission IC and Admission NC, fulfilling the ward routing choices.",9.0,discharge_disposition,5.0,0.5881444215774536,0.007977675646543503
V0169,admission_ward_routing,"The narrative includes Admission NC, indicating patient admission ward routing.",5.0,discharge_disposition,1.0,0.018841693177819252,7.471626304322854e-05
V0170,admission_ward_routing,"The narrative includes Admission NC, capturing the ward routing choice.",6.0,discharge_disposition,3.0,0.4525326192378998,0.006268240977078676
V0171,admission_ward_routing,"The narrative records Admission NC, representing patient admission to an inpatient ward.",10.0,discharge_disposition,3.0,0.4606655538082123,0.0004805695207323879
V0172,admission_ward_routing,"The narrative contains Admission NC, fulfilling the patient admission ward routing alternative.",16.0,discharge_disposition,7.0,0.477365642786026,0.0020500386599451303
V0173,admission_ward_routing,"The narrative includes Admission NC, reflecting the ward routing choice.",5.0,discharge_disposition,3.0,0.13102386891841888,2.4753004254307598e-05
V0174,admission_ward_routing,"The narrative features both Admission IC and Admission NC, capturing ward routing choices.",47.0,discharge_disposition,23.0,0.5509639382362366,0.003682241542264819
V0175,admission_ward_routing,"The narrative contains Admission NC, which corresponds to the admission ward routing category.",4.0,discharge_disposition,2.0,0.009071817621588707,0.00020254915580153465
V0176,admission_ward_routing,"The narrative contains Admission NC, representing the patient's ward placement.",7.0,discharge_disposition,4.0,0.1189584955573082,0.0002998188720084727
V0177,admission_ward_routing,"The narrative records Admission NC multiple times, reflecting ward routing.",4.0,discharge_disposition,2.0,0.014781075529754162,0.000474410509923473
V0178,admission_ward_routing,"The narrative contains Admission NC, fulfilling the admission ward routing process.",18.0,discharge_disposition,6.0,0.02546190656721592,0.001113498117774725
V0179,admission_ward_routing,"The narrative records Admission NC, capturing the routing to a non-critical ward.",4.0,discharge_disposition,2.0,0.4183672368526459,0.0022560444194823503
V0180,admission_ward_routing,"The narrative contains Admission NC, realizing the admission ward routing alternative.",9.0,discharge_disposition,4.0,0.6095908284187317,0.0387212373316288
V0181,admission_ward_routing,"The narrative includes Admission NC, representing patient admission ward routing.",7.0,discharge_disposition,5.0,0.450869083404541,0.11143874377012253
V0182,admission_ward_routing,"The narrative includes both Admission IC and Admission NC, covering ward routing options.",16.0,discharge_disposition,9.0,0.09022174030542374,0.002993103116750717
V0183,admission_ward_routing,"The narrative contains Admission NC, reflecting the choice of admitting to an inpatient ward.",10.0,discharge_disposition,6.0,0.3869236409664154,0.0008994064410217106
V0184,admission_ward_routing,"The narrative includes Admission NC, fulfilling the admission ward routing category.",5.0,discharge_disposition,1.0,0.13274657726287842,0.02519840933382511
V0185,admission_ward_routing,"The narrative contains both Admission NC and Admission IC, representing ward routing choices.",17.0,discharge_disposition,11.0,0.09777170419692993,0.010543054901063442
V0186,admission_ward_routing,"The narrative records Admission NC, which corresponds to the admission ward routing category.",6.0,discharge_disposition,2.0,0.10573810338973999,0.01613166369497776
V0187,admission_ward_routing,"The narrative does not include any ward routing or disposition events, placing it in the residual.",10.0,discharge_disposition,4.0,0.7496547698974609,0.35875239968299866
V0188,admission_ward_routing,"The narrative includes Admission NC, fulfilling the inpatient ward routing category.",4.0,discharge_disposition,3.0,0.13803215324878693,0.11125758290290833
V0189,admission_ward_routing,"The narrative contains Admission NC, realizing the patient admission ward routing alternative.",3.0,discharge_disposition,1.0,0.1237623319029808,9.685352415544912e-05
V0190,admission_ward_routing,"The narrative includes Admission NC, representing the ward routing decision.",6.0,discharge_disposition,2.0,0.2343345433473587,0.00849688146263361
V0191,admission_ward_routing,"The narrative records Admission NC, reflecting admission to an inpatient ward.",9.0,discharge_disposition,6.0,0.48922768235206604,0.0005734603037126362
V0192,admission_ward_routing,"The narrative contains Admission NC, fulfilling the admission ward routing category.",2.0,discharge_disposition,2.0,0.4490772485733032,0.007962931878864765
V0193,admission_ward_routing,"The narrative includes Admission NC, representing patient placement in a ward.",10.0,discharge_disposition,8.0,0.12299396842718124,2.0560904886224307e-05
V0194,admission_ward_routing,"The narrative contains Admission NC, capturing the ward routing choice.",4.0,discharge_disposition,2.0,0.11187469214200974,0.0002103931619785726
V0195,admission_ward_routing,"The narrative includes Admission NC, realizing the admission ward routing category.",7.0,discharge_disposition,2.0,0.1292106956243515,9.906798368319869e-05
V0196,admission_ward_routing,"The narrative includes both Admission NC and Admission IC, fulfilling the ward routing choices.",29.0,discharge_disposition,15.0,0.49661362171173096,0.0017006737180054188
V0197,admission_ward_routing,"The narrative lacks any ward routing or disposition steps, placing it in the residual category.",7.0,discharge_disposition,2.0,0.6562467813491821,0.3290104866027832
V0198,admission_ward_routing,"The narrative contains Admission NC, reflecting inpatient ward routing.",6.0,discharge_disposition,2.0,0.24740095436573029,0.0038297439459711313
V0199,admission_ward_routing,"The narrative records Admission NC, representing the patient admission ward routing.",7.0,discharge_disposition,4.0,0.48021864891052246,0.00045513486838899553
V0200,admission_ward_routing,"The narrative includes Admission NC, fulfilling the admission ward routing category.",6.0,discharge_disposition,1.0,0.46067166328430176,0.0004744593461509794
V0201,discharge_disposition,"The narrative ends with Release A followed by Return ER, capturing the discharge disposition and post-discharge ER return.",21.0,admission_ward_routing,11.0,0.17092400789260864,8.696131408214569e-05
V0202,admission_ward_routing,"Includes Admission NC, routing the patient to a non-critical inpatient ward.",4.0,discharge_disposition,1.0,0.1419629156589508,0.0002135557442670688
V0203,discharge_disposition,"Concludes with Release A and a subsequent Return ER event, realizing the discharge disposition category.",4.0,admission_ward_routing,2.0,0.011664497666060925,0.00012154137220932171
V0204,admission_ward_routing,Features Admission NC to route the patient to a non-critical inpatient ward.,3.0,discharge_disposition,2.0,0.1207677498459816,0.00023297588631976396
V0205,discharge_disposition,"Ends with Release D, representing a captured discharge disposition.",19.0,admission_ward_routing,9.0,0.46991023421287537,0.012281385250389576
V0206,admission_ward_routing,Includes Admission NC for non-critical ward routing.,7.0,discharge_disposition,3.0,0.7095562815666199,0.0030963029712438583
V0207,admission_ward_routing,Contains Admission NC to route the patient to a non-critical inpatient ward.,4.0,discharge_disposition,1.0,0.12949517369270325,0.00018540753808338195
V0208,admission_ward_routing,Features multiple Admission NC events for ward routing.,9.0,discharge_disposition,5.0,0.014959328807890415,0.00029615717357955873
V0209,admission_ward_routing,Includes Admission NC for admitting the patient to a non-critical inpatient ward.,6.0,discharge_disposition,1.0,0.36766958236694336,0.0063528516329824924
V0210,discharge_disposition,"Concludes via Release A and Return ER, realizing discharge disposition.",5.0,admission_ward_routing,3.0,0.06546517461538315,0.0012004623422399163
V0211,discharge_disposition,"Ends with Release A and Return ER, fulfilling the discharge disposition pathway.",4.0,admission_ward_routing,2.0,0.04118168726563454,0.0025926795788109303
V0212,discharge_disposition,"Includes Admission NC for routing, but ultimately finishes via Release A and Return ER, fitting discharge disposition.",6.0,admission_ward_routing,3.0,0.12671346962451935,0.002080401172861457
V0213,discharge_disposition,"Terminates with Release A and Return ER, capturing the discharge disposition.",8.0,admission_ward_routing,3.0,0.33562755584716797,0.0015429140767082572
V0214,admission_ward_routing,Contains Admission NC to route the patient to a non-critical inpatient ward.,5.0,discharge_disposition,1.0,0.13611309230327606,0.0008893530466593802
V0215,admission_ward_routing,Features Admission NC to route the patient to a non-critical inpatient ward.,7.0,discharge_disposition,6.0,0.12169637531042099,0.0012770274188369513
V0216,discharge_disposition,"Concludes with Release A and a subsequent Return ER, realizing discharge disposition.",5.0,admission_ward_routing,2.0,0.1562260389328003,0.002349421614781022
V0217,,The narrative stops at IV Antibiotics and does not reach an admission ward routing or final discharge disposition step.,,admission_ward_routing,4.0,,0.051895543932914734
V0218,admission_ward_routing,"Features Admission IC, routing the patient to an intensive care unit.",13.0,discharge_disposition,11.0,0.5452370047569275,0.0127410888671875
V0219,,Terminates early at Leucocytes without advancing to ward routing or discharge.,,admission_ward_routing,1.0,,0.019854655489325523
V0220,discharge_disposition,"Ends with Release A and Return ER, realizing the discharge disposition category.",5.0,admission_ward_routing,1.0,0.034000225365161896,0.0005734603037126362
V0221,admission_ward_routing,Includes Admission NC for non-critical inpatient ward routing.,6.0,discharge_disposition,4.0,0.2830604612827301,0.13019415736198425
V0222,admission_ward_routing,Features Admission NC to advance the pathway into a non-critical inpatient ward.,9.0,discharge_disposition,6.0,0.010034133680164814,0.001304059405811131
V0223,admission_ward_routing,"Contains Admission NC, representing non-critical inpatient ward routing.",5.0,discharge_disposition,2.0,0.11525584012269974,0.05097861960530281
V0224,discharge_disposition,"Concludes through Release A and Return ER, capturing the discharge disposition.",4.0,admission_ward_routing,2.0,0.10011842846870422,0.0017444564728066325
V0225,admission_ward_routing,Includes Admission NC for admitting the patient to an inpatient ward.,7.0,discharge_disposition,4.0,0.6033962965011597,0.2426934838294983
V0226,admission_ward_routing,Features Admission NC for ward routing.,6.0,discharge_disposition,3.0,0.02019314654171467,0.0012357790255919099
V0227,discharge_disposition,"Terminates via Release D and Return ER, fulfilling the discharge disposition category.",4.0,admission_ward_routing,3.0,0.12723924219608307,0.0015546324430033565
V0228,admission_ward_routing,Contains Admission NC to route the patient to a non-critical inpatient ward.,6.0,discharge_disposition,2.0,0.11642926931381226,0.11324285715818405
V0229,discharge_disposition,"Ends with Release A and Return ER, capturing the discharge disposition.",5.0,admission_ward_routing,2.0,0.024019764736294746,0.022191323339939117
V0230,discharge_disposition,"Concludes with Release A and Return ER, realizing discharge disposition.",4.0,admission_ward_routing,3.0,0.15244553983211517,0.0008994064410217106
V0231,discharge_disposition,"Terminates with Release A and Return ER, fitting the discharge disposition category.",2.0,admission_ward_routing,1.0,0.18704456090927124,0.0013110294239595532
V0232,,Stops at IV Antibiotics without reaching ward routing or discharge disposition.,,admission_ward_routing,1.0,,0.036630779504776
V0233,discharge_disposition,"Ends with Release A followed by Return ER, realizing discharge disposition.",4.0,admission_ward_routing,2.0,0.03277251496911049,0.0006542481132782996
V0234,,Ends at Leucocytes without advancing to admission or discharge.,,admission_ward_routing,1.0,,0.36329925060272217
V0235,admission_ward_routing,Includes Admission NC for non-critical ward routing.,4.0,discharge_disposition,3.0,0.25173887610435486,0.008476481772959232
V0236,admission_ward_routing,Features Admission NC to route the patient to an inpatient ward.,6.0,discharge_disposition,2.0,0.24553684890270233,0.0019656233489513397
V0237,discharge_disposition,"Concludes via Release A and Return ER, fulfilling the discharge disposition.",6.0,admission_ward_routing,2.0,0.11373557895421982,0.006356356665492058
V0238,admission_ward_routing,Contains Admission NC for routing the patient to a non-critical ward.,7.0,discharge_disposition,3.0,0.0006487197824753821,0.001185719040222466
V0239,discharge_disposition,"Ends with Release C, representing a captured discharge disposition.",12.0,admission_ward_routing,6.0,0.4713157117366791,0.019804323092103004
V0240,admission_ward_routing,Features Admission NC to advance the patient to a non-critical inpatient ward.,4.0,discharge_disposition,2.0,0.13302035629749298,0.0004096225602552295
V0241,discharge_disposition,"Terminates with Release A and Return ER, capturing discharge disposition.",7.0,admission_ward_routing,4.0,0.15064102411270142,0.00030402603442780674
V0242,discharge_disposition,"Ends via Release A and Return ER, realizing the discharge disposition category.",7.0,admission_ward_routing,2.0,0.2345016449689865,0.001801188918761909
V0243,admission_ward_routing,"Includes Admission IC and Admission NC, routing the patient through intensive and non-critical care wards.",27.0,discharge_disposition,15.0,0.49881574511528015,0.0673959031701088
V0244,admission_ward_routing,Features Admission NC for routing the patient to a non-critical inpatient ward.,7.0,discharge_disposition,6.0,0.004633594769984484,0.0003651609004009515
V0245,admission_ward_routing,Contains Admission NC for non-critical inpatient ward routing.,14.0,discharge_disposition,7.0,0.021327422931790352,0.002173741115257144
V0246,admission_ward_routing,"Includes Admission IC and Admission NC, representing ICU and non-critical ward routing.",10.0,discharge_disposition,5.0,0.1723894327878952,0.0033577352296561003
V0247,admission_ward_routing,Features multiple Admission NC events to route the patient to an inpatient ward.,14.0,discharge_disposition,8.0,0.4260050356388092,0.011858287267386913
V0248,admission_ward_routing,"Includes Admission IC and Admission NC, fulfilling ward routing options.",13.0,discharge_disposition,7.0,0.5814560055732727,0.0016995238838717341
V0249,admission_ward_routing,Contains Admission NC to route the patient to a non-critical inpatient ward.,5.0,discharge_disposition,2.0,0.14963561296463013,0.0006097574951127172
V0250,discharge_disposition,"Concludes with Release A and Return ER, capturing the discharge disposition.",5.0,admission_ward_routing,3.0,0.06878793984651566,0.0017379781929776073
V0251,admission_ward_routing,"The narrative includes admission to both intensive care (Admission IC) and a non-critical inpatient ward (Admission NC), clearly demonstrating patient ward routing.",11.0,discharge_disposition,7.0,0.5699924826622009,0.0011768318945541978
V0252,discharge_disposition,"The narrative concludes with the release alternative Release A, capturing the discharge disposition.",6.0,admission_ward_routing,2.0,0.46006932854652405,5.303269063006155e-06
V0253,discharge_disposition,"The case concludes with Release A, representing the discharge disposition choice.",7.0,admission_ward_routing,2.0,0.6959629058837891,0.005738748703151941
V0254,discharge_disposition,"The narrative ends with Release D, capturing the final discharge disposition route.",20.0,admission_ward_routing,9.0,0.48636460304260254,0.02873574197292328
V0255,discharge_disposition,"The case ends with Release A, representing the final discharge disposition.",5.0,admission_ward_routing,3.0,0.47105637192726135,2.8607506465050392e-05
V0256,discharge_disposition,"The sequence terminates with Release A before a return to ER, realizing the discharge disposition.",4.0,admission_ward_routing,2.0,0.17298077046871185,0.0012242308584973216
V0257,admission_ward_routing,"The variant explicitly involves Admission IC followed later by Admission NC, demonstrating ward routing.",12.0,discharge_disposition,9.0,0.16712410748004913,0.0019075862364843488
V0258,discharge_disposition,"The case terminates with Release B, capturing the specific discharge disposition pathway.",9.0,admission_ward_routing,5.0,0.4638112485408783,0.0031843918841332197
V0259,discharge_disposition,"The narrative concludes with Release A, representing the final discharge disposition.",4.0,admission_ward_routing,2.0,0.352237343788147,0.0002998188720084727
V0260,,The pathway ends at IV Antibiotics without reaching ward admission or discharge disposition categories.,,admission_ward_routing,2.0,,0.0023255597334355116
V0261,discharge_disposition,"The narrative concludes with Release A prior to an ER return, realizing the discharge disposition.",7.0,admission_ward_routing,4.0,0.04340006783604622,0.0003742961271200329
V0262,discharge_disposition,"The case concludes with Release A, capturing the final discharge disposition route.",5.0,admission_ward_routing,3.0,0.012511084787547588,0.0007250458002090454
V0263,discharge_disposition,"The sequence culminates in Release A before returning to the ER, representing discharge disposition.",4.0,admission_ward_routing,3.0,0.0495385080575943,0.0022107011172920465
V0264,discharge_disposition,"The narrative ends with Release A, realizing the captured discharge disposition.",5.0,admission_ward_routing,2.0,0.46534571051597595,0.00016895815497264266
V0265,discharge_disposition,"The case concludes with Release A, capturing the final discharge disposition.",2.0,admission_ward_routing,2.0,0.19839759171009064,0.16764064133167267
V0266,discharge_disposition,"The narrative terminates with Release A, representing the discharge disposition.",6.0,admission_ward_routing,2.0,0.453136682510376,0.0006216132896952331
V0267,discharge_disposition,"The case concludes with Release A, capturing the discharge disposition.",7.0,admission_ward_routing,3.0,0.45261821150779724,0.00010309359640814364
V0268,,The narrative stops at Leucocytes and does not involve ward routing or final discharge disposition.,,admission_ward_routing,2.0,,0.005338089074939489
V0269,discharge_disposition,"The case concludes with Release A before a return to ER, realizing the discharge disposition.",6.0,admission_ward_routing,1.0,0.06876765936613083,0.0017582564614713192
V0270,discharge_disposition,"The sequence ends with Release A, capturing the final discharge disposition route.",7.0,admission_ward_routing,3.0,0.0617276169359684,0.0034167601261287928
V0271,discharge_disposition,"The narrative terminates with Release B, realizing the captured discharge disposition.",10.0,admission_ward_routing,6.0,0.45816031098365784,0.002466572681441903
V0272,discharge_disposition,"The case concludes with Release A, representing the final discharge disposition.",9.0,admission_ward_routing,3.0,0.33383917808532715,2.0560904886224307e-05
V0273,admission_ward_routing,"The narrative includes both Admission NC and Admission IC, demonstrating patient admission ward routing.",77.0,discharge_disposition,48.0,0.4658672511577606,0.0874093770980835
V0274,discharge_disposition,"The sequence ends with Release C, capturing the specific discharge disposition alternative.",8.0,admission_ward_routing,1.0,0.676230251789093,0.33583006262779236
V0275,admission_ward_routing,"The narrative contains both Admission IC and Admission NC, clearly realizing the ward routing category.",20.0,discharge_disposition,12.0,0.17848671972751617,0.0018667960539460182
V0276,discharge_disposition,"The case concludes with Release A, capturing the final discharge disposition.",5.0,admission_ward_routing,2.0,0.3685382306575775,0.0004328330687712878
V0277,admission_ward_routing,"The variant features both Admission IC and Admission NC, realizing the patient admission ward routing category.",16.0,discharge_disposition,8.0,0.5986536145210266,0.0025315512903034687
V0278,discharge_disposition,"The narrative terminates with Release A, representing the final discharge disposition.",7.0,admission_ward_routing,2.0,0.3482925593852997,1.248331227543531e-05
V0279,discharge_disposition,"The case concludes with Release A before returning to the ER, capturing the discharge disposition.",7.0,admission_ward_routing,3.0,0.002278696047142148,0.0025859877932816744
V0280,discharge_disposition,"The narrative ends with Release A, realizing the discharge disposition category.",8.0,admission_ward_routing,3.0,0.058444906026124954,0.0001340450980933383
V0281,discharge_disposition,"The case concludes with Release A, capturing the final discharge disposition.",9.0,admission_ward_routing,5.0,0.3398141860961914,0.000614195829257369
V0282,discharge_disposition,"The narrative terminates with Release A, representing the discharge disposition.",7.0,admission_ward_routing,3.0,0.3480578660964966,9.546783257974312e-05
V0283,discharge_disposition,"The sequence concludes with Release C prior to an ER return, capturing the discharge disposition.",21.0,admission_ward_routing,10.0,0.14032845199108124,0.001129603828303516
V0284,discharge_disposition,"The narrative ends with Release A, realizing the discharge disposition.",6.0,admission_ward_routing,3.0,0.17983603477478027,0.002948088338598609
V0285,discharge_disposition,"The case concludes with Release A, representing the final discharge disposition.",10.0,admission_ward_routing,6.0,0.4522416591644287,0.0002652652619872242
V0286,discharge_disposition,"The narrative terminates with Release A, capturing the discharge disposition alternative.",11.0,admission_ward_routing,2.0,0.6895179748535156,0.0006221384392119944
V0287,,The variant terminates at CRP and does not reach ward routing or discharge steps.,,admission_ward_routing,2.0,,0.08395525813102722
V0288,discharge_disposition,"The case concludes with Release A before an ER return, realizing the discharge disposition.",6.0,admission_ward_routing,2.0,0.0,0.0018284408142790198
V0289,discharge_disposition,"The narrative ends with Release A, capturing the final discharge disposition.",5.0,admission_ward_routing,2.0,0.3826045095920563,0.0006097574951127172
V0290,discharge_disposition,"The sequence concludes with Release A, representing the discharge disposition.",6.0,admission_ward_routing,4.0,0.20753563940525055,0.0003389155026525259
V0291,discharge_disposition,"The narrative terminates with Release A, realizing the captured discharge disposition.",6.0,admission_ward_routing,2.0,0.6137458682060242,0.02519840933382511
V0292,,"The variant ends at Leucocytes, lacking ward routing or discharge disposition activities.",,admission_ward_routing,2.0,,0.4081244170665741
V0293,discharge_disposition,"The case concludes with Release A, capturing the final discharge disposition route.",7.0,admission_ward_routing,1.0,0.5335621237754822,0.005122477654367685
V0294,discharge_disposition,"The narrative ends with Release A, representing the discharge disposition.",6.0,admission_ward_routing,3.0,0.46141156554222107,0.0001266155013581738
V0295,,"The pathway stops at IV Antibiotics after a non-critical ward admission, lacking a final discharge outcome.",,admission_ward_routing,2.0,,0.047650571912527084
V0296,discharge_disposition,"The sequence concludes with Release A before an ER return, capturing the discharge disposition.",3.0,admission_ward_routing,3.0,0.12322276085615158,0.01501080859452486
V0297,discharge_disposition,"The narrative ends with Release A, realizing the discharge disposition.",2.0,admission_ward_routing,1.0,0.06261865049600601,0.004046984016895294
V0298,discharge_disposition,"The case concludes with Release A, representing the final discharge disposition.",5.0,admission_ward_routing,2.0,0.3649635314941406,9.042237797984853e-05
V0299,discharge_disposition,"The narrative terminates with Release A, capturing the final discharge disposition route.",11.0,admission_ward_routing,4.0,0.3346135914325714,0.0006092095864005387
V0300,admission_ward_routing,"The variant contains both Admission NC and Admission IC, explicitly realizing the patient admission ward routing category.",18.0,discharge_disposition,8.0,0.5105790495872498,0.010814502835273743
V0301,discharge_disposition,"The variant concludes with Return ER, which realizes the captured discharge disposition axis.",6.0,admission_ward_routing,3.0,0.019514692947268486,0.0014760210178792477
V0302,,The narrative terminates at ER Sepsis Triage and does not reach ward routing or discharge disposition.,,discharge_disposition,4.0,,0.3757302761077881
V0303,admission_ward_routing,"The narrative includes Admission NC, representing patient admission to a non-critical inpatient ward.",7.0,discharge_disposition,3.0,0.4053352177143097,1.9128923668176867e-05
V0304,admission_ward_routing,"The variant involves Admission NC, realizing the patient admission ward routing category.",5.0,discharge_disposition,3.0,0.0113920783624053,0.00014782309881411493
V0305,,The trace stops at IV Antibiotics in the emergency department without ward routing or discharge disposition.,,admission_ward_routing,4.0,,0.0731884017586708
V0306,admission_ward_routing,"Contains Admission NC, realizing the admission ward routing choice.",8.0,discharge_disposition,4.0,0.22448860108852386,0.0013490665005519986
V0307,admission_ward_routing,Contains Admission NC for routing the patient to a non-critical ward.,4.0,discharge_disposition,1.0,0.5082669854164124,0.0003220610960852355
V0308,admission_ward_routing,Realizes admission_ward_routing through the Admission NC activity.,7.0,discharge_disposition,2.0,0.5149807333946228,0.006103845778852701
V0309,admission_ward_routing,Shows admission to a non-critical ward via Admission NC.,9.0,discharge_disposition,4.0,0.7866998314857483,0.3367060720920563
V0310,admission_ward_routing,"Includes Admission NC, satisfying the ward routing alternative.",5.0,discharge_disposition,3.0,0.012849647551774979,1.4275125295171165e-06
V0311,admission_ward_routing,"Features Admission IC, realizing patient routing to an intensive care unit.",17.0,discharge_disposition,10.0,0.5717210173606873,0.0005516940727829933
V0312,admission_ward_routing,"Includes Admission NC, realizing the ward routing category.",8.0,discharge_disposition,5.0,0.15317966043949127,0.0023564144503325224
V0313,admission_ward_routing,"Includes Admission NC, which corresponds to patient admission ward routing.",6.0,discharge_disposition,4.0,0.3365868330001831,0.003401321591809392
V0314,admission_ward_routing,"Features Admission NC, fulfilling the admission ward routing definition.",7.0,discharge_disposition,5.0,0.34621676802635193,0.0014328566612675786
V0315,admission_ward_routing,"Includes Admission IC, realizing the intensive care unit routing alternative.",26.0,discharge_disposition,14.0,0.20712251961231232,0.02975006401538849
V0316,admission_ward_routing,Contains Admission NC for patient ward placement.,6.0,discharge_disposition,3.0,0.36092495918273926,0.3334403932094574
V0317,admission_ward_routing,"Includes multiple admission events including Admission NC and Admission IC, realizing ward routing.",159.0,discharge_disposition,67.0,0.53030925989151,0.06974803656339645
V0318,admission_ward_routing,"Includes both Admission IC and Admission NC, satisfying ward routing.",23.0,discharge_disposition,13.0,0.19886261224746704,0.021490149199962616
V0319,admission_ward_routing,Contains Admission NC to route the patient to an inpatient ward.,11.0,discharge_disposition,8.0,0.12164753675460815,0.0013258624821901321
V0320,admission_ward_routing,"Includes Admission NC, satisfying the ward routing category.",6.0,discharge_disposition,2.0,0.5197479128837585,0.0007464794325642288
V0321,admission_ward_routing,"Contains Admission NC, realizing patient admission ward routing.",6.0,discharge_disposition,3.0,0.48120400309562683,0.0037639227230101824
V0322,,Terminates at IV Antibiotics without proceeding to ward routing or discharge.,,admission_ward_routing,3.0,,0.049260448664426804
V0323,admission_ward_routing,Contains Admission NC for non-critical ward routing.,7.0,discharge_disposition,2.0,0.3883284628391266,0.00019302907458040863
V0324,admission_ward_routing,"Features Admission IC and Admission NC, realizing ward routing.",28.0,discharge_disposition,17.0,0.4624040424823761,0.005484387278556824
V0325,,Ends at IV Antibiotics in the ER without reaching ward admission or discharge.,,admission_ward_routing,3.0,,0.3762694299221039
V0326,admission_ward_routing,"Includes Admission NC, realizing the patient admission ward routing category.",5.0,discharge_disposition,2.0,0.1308000534772873,6.548217788804322e-05
V0327,admission_ward_routing,"Contains Admission NC, satisfying the ward routing goal model.",6.0,discharge_disposition,3.0,0.3652372658252716,8.86566485860385e-05
V0328,admission_ward_routing,"Includes Admission NC, fulfilling the admission ward routing definition.",6.0,discharge_disposition,2.0,0.5455341339111328,0.00028968663536943495
V0329,admission_ward_routing,Features Admission NC for inpatient ward routing.,16.0,discharge_disposition,9.0,0.01888841763138771,0.0002652652619872242
V0330,,Terminates at IV Liquid without reaching ward routing or discharge disposition.,,admission_ward_routing,1.0,,0.0009680844959802926
V0331,admission_ward_routing,"Contains Admission NC, realizing the patient admission ward routing category.",14.0,discharge_disposition,6.0,0.14274317026138306,0.00847602728754282
V0332,admission_ward_routing,Includes Admission NC for inpatient ward routing.,8.0,discharge_disposition,2.0,0.6263137459754944,0.2656109035015106
V0333,admission_ward_routing,"Features Admission NC, fulfilling the admission ward routing goal.",13.0,discharge_disposition,6.0,0.4310196340084076,0.03554964065551758
V0334,admission_ward_routing,"Contains both Admission NC and Admission IC, satisfying ward routing alternatives.",30.0,discharge_disposition,16.0,0.4612502157688141,0.004330573603510857
V0335,admission_ward_routing,"Includes Admission NC, realizing the admission ward routing category.",7.0,discharge_disposition,2.0,0.3484216630458832,0.0004347429203335196
V0336,admission_ward_routing,"Features Admission NC, routing the patient to an inpatient ward.",5.0,discharge_disposition,1.0,0.511719286441803,0.35844314098358154
V0337,admission_ward_routing,Contains Admission NC for ward routing.,6.0,discharge_disposition,2.0,0.1323576420545578,0.000253088801400736
V0338,admission_ward_routing,"Includes Admission NC, satisfying the ward routing choice.",6.0,discharge_disposition,4.0,0.0015476347180083394,0.0010106355184689164
V0339,admission_ward_routing,"Contains Admission IC and Admission NC, realizing patient ward routing.",22.0,discharge_disposition,15.0,0.4738510549068451,0.06766699254512787
V0340,admission_ward_routing,"Features Admission NC, realizing the admission ward routing category.",5.0,discharge_disposition,3.0,0.13396741449832916,4.5530483475886285e-05
V0341,admission_ward_routing,"Includes Admission NC, fulfilling inpatient ward routing.",6.0,discharge_disposition,2.0,0.01325422152876854,0.00020580185810104012
V0342,,Terminates at CRP diagnostics without reaching ward admission or discharge.,,admission_ward_routing,2.0,,0.1818922907114029
V0343,admission_ward_routing,"Contains Admission NC, satisfying ward routing.",7.0,discharge_disposition,3.0,0.0034695416688919067,0.0002831215679179877
V0344,admission_ward_routing,Features Admission NC for ward placement.,11.0,discharge_disposition,3.0,0.4649840295314789,0.018719643354415894
V0345,admission_ward_routing,"Includes both Admission NC and Admission IC, realizing patient ward routing.",17.0,discharge_disposition,10.0,0.10711685568094254,0.0022342444863170385
V0346,admission_ward_routing,"Features Admission NC and Admission IC, satisfying ward routing.",16.0,discharge_disposition,9.0,0.52047199010849,0.020707428455352783
V0347,admission_ward_routing,Contains Admission NC for inpatient ward routing.,13.0,discharge_disposition,5.0,0.5359122157096863,0.0003271280147600919
V0348,admission_ward_routing,"Includes Admission NC, realizing the admission ward routing category.",9.0,discharge_disposition,4.0,0.34909936785697937,0.006395623087882996
V0349,,Terminates at ER Sepsis Triage without reaching ward admission or discharge disposition.,,discharge_disposition,5.0,,0.3344039022922516
V0350,admission_ward_routing,"Contains Admission NC, satisfying the ward routing category.",8.0,discharge_disposition,2.0,0.7485048174858093,0.0029357243329286575
V0351,admission_ward_routing,The narrative includes 'Admission NC' which routes the patient to a non-critical inpatient ward.,8.0,discharge_disposition,2.0,0.3539230525493622,0.00012561735638882965
V0352,discharge_disposition,"The narrative concludes with 'Release A' followed by 'Return ER', capturing the final disposition.",6.0,admission_ward_routing,3.0,0.14006595313549042,0.0008671052637510002
V0353,discharge_disposition,"The narrative concludes with 'Release A' and an ER return event, capturing discharge outcome.",0.0,admission_ward_routing,2.0,0.08043842762708664,0.0003271280147600919
V0354,admission_ward_routing,"The narrative includes both 'Admission NC' and 'Admission IC', realizing ward routing options.",17.0,discharge_disposition,13.0,0.08888763934373856,0.0007188001764006913
V0355,admission_ward_routing,The patient is routed through 'Admission NC' and 'Admission IC'.,9.0,discharge_disposition,5.0,0.09101331233978271,0.001406863913871348
V0356,admission_ward_routing,Inpatient ward routing is realized by 'Admission NC'.,14.0,discharge_disposition,5.0,0.18808294832706451,0.01071049552410841
V0357,discharge_disposition,"Concludes with 'Release A' and 'Return ER', fitting discharge disposition.",4.0,admission_ward_routing,3.0,0.15913254022598267,0.00029331285622902215
V0358,discharge_disposition,Concludes via 'Release A' and 'Return ER'.,6.0,admission_ward_routing,1.0,0.3372909128665924,0.00012047109339619055
V0359,discharge_disposition,Concludes via 'Release A' and 'Return ER'.,4.0,admission_ward_routing,3.0,0.06512456387281418,0.0015410763444378972
V0360,admission_ward_routing,Patient is routed via 'Admission NC'.,7.0,discharge_disposition,4.0,0.3417755663394928,0.0030526688788086176
V0361,admission_ward_routing,Patient is routed to non-critical care via 'Admission NC'.,5.0,discharge_disposition,3.0,0.030736783519387245,0.003962207119911909
V0362,admission_ward_routing,Patient is routed via 'Admission NC'.,4.0,discharge_disposition,1.0,0.1255716234445572,0.00030965302721597254
V0363,admission_ward_routing,Patient is routed via 'Admission NC'.,4.0,discharge_disposition,2.0,0.13147525489330292,9.042237797984853e-05
V0364,discharge_disposition,Concludes via 'Release A' and 'Return ER'.,5.0,admission_ward_routing,2.0,0.06783105432987213,0.0011654166737571359
V0365,admission_ward_routing,Patient is routed to intensive care via 'Admission IC'.,9.0,discharge_disposition,8.0,0.5628489255905151,0.06894596666097641
V0366,discharge_disposition,Concludes with 'Release A' and 'Return ER'.,6.0,admission_ward_routing,3.0,0.010755597613751888,0.0010304417228326201
V0367,admission_ward_routing,Patient is routed via 'Admission IC' and 'Admission NC'.,23.0,discharge_disposition,12.0,0.5531168580055237,0.0015293057076632977
V0368,admission_ward_routing,Patient is routed via 'Admission NC'.,7.0,discharge_disposition,2.0,0.7972710728645325,0.34727731347084045
V0369,discharge_disposition,Concludes with 'Release A' and 'Return ER'.,11.0,admission_ward_routing,6.0,0.1208392083644867,0.006103845778852701
V0370,discharge_disposition,Concludes with 'Release A' and 'Return ER'.,6.0,admission_ward_routing,3.0,0.17305965721607208,6.898649007780477e-05
V0371,discharge_disposition,"Concludes with 'Release B', capturing release route.",9.0,admission_ward_routing,1.0,0.7240090370178223,0.0030963029712438583
V0372,admission_ward_routing,Patient is routed via 'Admission NC'.,16.0,discharge_disposition,6.0,0.10113532096147537,0.00821578036993742
V0373,admission_ward_routing,Patient is routed via 'Admission NC'.,6.0,discharge_disposition,2.0,0.1116095557808876,0.0007724848110228777
V0374,admission_ward_routing,Patient is routed via 'Admission NC'.,4.0,discharge_disposition,2.0,0.5223539471626282,0.19511766731739044
V0375,admission_ward_routing,Patient is routed via 'Admission NC' and 'Admission IC'.,12.0,discharge_disposition,8.0,0.10075809806585312,0.008593005128204823
V0376,discharge_disposition,"Concludes with 'Release C', capturing discharge disposition.",8.0,admission_ward_routing,3.0,0.4591406285762787,0.007629280909895897
V0377,admission_ward_routing,Patient is routed via 'Admission NC'.,5.0,discharge_disposition,2.0,0.12370512634515762,3.965921132476069e-05
V0378,,The narrative terminates early at IV Antibiotics without reaching ward routing or discharge disposition.,,admission_ward_routing,1.0,,0.011559880338609219
V0379,,The narrative terminates early at IV Antibiotics without ward routing or final discharge.,,discharge_disposition,2.0,,0.02277352474629879
V0380,admission_ward_routing,Patient is routed via 'Admission NC'.,6.0,discharge_disposition,4.0,0.3523826599121094,0.000873001292347908
V0381,admission_ward_routing,Patient is routed via 'Admission NC'.,5.0,discharge_disposition,1.0,0.023920640349388123,0.00026427218108437955
V0382,discharge_disposition,Concludes with 'Release A' and 'Return ER'.,4.0,admission_ward_routing,3.0,0.11339648813009262,0.0014465018175542355
V0383,admission_ward_routing,Patient is routed via 'Admission NC'.,9.0,discharge_disposition,3.0,0.3610168695449829,0.0021812545601278543
V0384,discharge_disposition,"Concludes with 'Release B', capturing release route.",10.0,admission_ward_routing,6.0,0.44685864448547363,0.013247284106910229
V0385,discharge_disposition,Concludes with 'Release A' and 'Return ER'.,11.0,admission_ward_routing,6.0,0.11583415418863297,0.00834730826318264
V0386,discharge_disposition,Concludes with 'Release A' and 'Return ER'.,3.0,admission_ward_routing,3.0,0.06060483679175377,0.002293972996994853
V0387,admission_ward_routing,Patient is routed via 'Admission NC'.,7.0,discharge_disposition,2.0,0.020422853529453278,0.001269170781597495
V0388,admission_ward_routing,Patient is routed via 'Admission NC'.,7.0,discharge_disposition,5.0,0.132498100399971,0.00011264110798947513
V0389,admission_ward_routing,Patient is routed via 'Admission NC'.,6.0,discharge_disposition,1.0,0.2560955584049225,0.012524325400590897
V0390,discharge_disposition,"Concludes with 'Release B', capturing release route.",7.0,admission_ward_routing,3.0,0.48317036032676697,0.012797337956726551
V0391,admission_ward_routing,Patient is routed via 'Admission IC' and 'Admission NC'.,6.0,discharge_disposition,2.0,0.18531136214733124,0.004667296539992094
V0392,admission_ward_routing,Patient is routed via 'Admission NC'.,5.0,discharge_disposition,2.0,0.14098885655403137,0.11421427875757217
V0393,discharge_disposition,"Concludes with 'Release B', capturing release route.",19.0,admission_ward_routing,9.0,0.4517335891723633,0.03321772441267967
V0394,admission_ward_routing,Patient is routed via 'Admission NC'.,6.0,discharge_disposition,4.0,0.1387448012828827,0.001742361462675035
V0395,admission_ward_routing,Patient is routed via 'Admission NC'.,5.0,discharge_disposition,1.0,0.11470138281583786,1.248331227543531e-05
V0396,admission_ward_routing,Patient is routed via 'Admission NC'.,3.0,discharge_disposition,1.0,0.11926255375146866,0.0005514020449481905
V0397,admission_ward_routing,Patient is routed via 'Admission NC'.,6.0,discharge_disposition,4.0,0.02240108512341976,0.0006933651748113334
V0398,discharge_disposition,Concludes with 'Release A' and 'Return ER'.,17.0,admission_ward_routing,6.0,0.13108782470226288,0.0005707857781089842
V0399,discharge_disposition,"Concludes with 'Release B', capturing release route.",11.0,admission_ward_routing,2.0,0.7946835160255432,0.04079475253820419
V0400,admission_ward_routing,Patient is routed via 'Admission NC'.,5.0,discharge_disposition,2.0,0.2408428192138672,0.002419563941657543
V0401,discharge_disposition,"The variant concludes with 'Release B', matching the alternative release routes for concluding the case under discharge disposition.",10.0,admission_ward_routing,4.0,0.361102432012558,0.008258302696049213
V0402,discharge_disposition,"The variant ends with 'Return ER' following 'Release A', capturing the post-discharge ER return indicator within discharge disposition.",6.0,admission_ward_routing,3.0,0.07653187215328217,0.0007239529513753951
V0403,discharge_disposition,"The variant tracks a post-discharge ER return after initial release (Release A), representing discharge disposition.",6.0,admission_ward_routing,3.0,0.17183905839920044,0.023435115814208984
V0404,discharge_disposition,"The case pathway concludes with a return to the ER after Release A, corresponding to the discharge disposition goal.",6.0,admission_ward_routing,3.0,0.196812704205513,0.0014531529741361737
V0405,discharge_disposition,"The narrative concludes with 'Release A', representing one of the final discharge pathways.",7.0,admission_ward_routing,2.0,0.38234564661979675,0.0008686588262207806
V0406,discharge_disposition,"The variant terminates with 'Release A', aligning with the captured discharge disposition category.",5.0,admission_ward_routing,1.0,0.5323966145515442,0.00040828841156326234
V0407,admission_ward_routing,"The narrative features 'Admission IC', directly realizing the choice of ward routing to the intensive care unit.",7.0,discharge_disposition,5.0,0.4907865524291992,0.02208690159022808
V0408,discharge_disposition,"The pathway concludes via 'Release A' and subsequent 'Return ER', mapping to discharge disposition outcomes.",2.0,admission_ward_routing,3.0,0.02365574985742569,0.0007620399701409042
V0409,discharge_disposition,"The variant records a patient release followed by an ER return, falling under the discharge disposition category.",4.0,admission_ward_routing,1.0,0.17861604690551758,0.0041680773720145226
V0410,discharge_disposition,"The case ends with 'Release D', representing a designated release route under discharge disposition.",6.0,admission_ward_routing,1.0,0.3523658514022827,0.010258619673550129
V0411,discharge_disposition,"The outcome trajectory involves 'Release A' followed by an ER return, realizing the discharge disposition category.",8.0,admission_ward_routing,6.0,0.4497038424015045,0.06894596666097641
V0412,discharge_disposition,"The narrative details a post-discharge ER return following 'Release A', fitting the discharge disposition process.",10.0,admission_ward_routing,5.0,0.03782278299331665,0.00030588163645006716
V0413,discharge_disposition,"The variant concludes via 'Release A' and a subsequent 'Return ER', capturing the discharge disposition.",7.0,admission_ward_routing,1.0,0.416433721780777,0.0002737457980401814
V0414,discharge_disposition,"The pathway finishes with 'Release A' and 'Return ER', realizing the discharge disposition category.",4.0,admission_ward_routing,2.0,0.03545157238841057,0.0007480275817215443
V0415,admission_ward_routing,"The sequence includes 'Admission NC', realizing the inpatient ward admission routing alternative.",7.0,discharge_disposition,1.0,0.7814790606498718,0.3351813852787018
V0416,discharge_disposition,"The variant concludes with 'Release A', representing a captured discharge disposition.",8.0,admission_ward_routing,2.0,0.7225415110588074,0.00046639316133223474
V0417,,The variant terminates inside the ER with 'ER Triage' and does not reach ward admission or final discharge disposition.,,admission_ward_routing,1.0,,0.6931584477424622
V0418,discharge_disposition,"The narrative records 'Release A' followed by 'Return ER', mapping to the discharge disposition category.",2.0,admission_ward_routing,3.0,0.04561590030789375,2.477323323546443e-05
V0419,discharge_disposition,"The case ends with 'Release A', representing the final discharge disposition alternative.",6.0,admission_ward_routing,2.0,0.3521173894405365,0.000419792952015996
V0420,discharge_disposition,"The variant culminates in 'Release A', fulfilling the requirements of the discharge disposition category.",9.0,admission_ward_routing,2.0,0.6993721127510071,0.0019656233489513397
V0421,discharge_disposition,"The narrative concludes with 'Release B', which is a designated release route under discharge disposition.",10.0,admission_ward_routing,4.0,0.46097931265830994,0.00939370971173048
V0422,discharge_disposition,"The pathway ends with 'Release A' and 'Return ER', realizing the discharge disposition category.",10.0,admission_ward_routing,5.0,0.19587676227092743,0.00043312355410307646
V0423,discharge_disposition,"The narrative terminates with 'Release C', representing a captured discharge disposition route.",7.0,admission_ward_routing,4.0,0.46876683831214905,0.01725548319518566
V0424,discharge_disposition,"The variant concludes with a post-release ER return after 'Release A', fitting the discharge disposition category.",7.0,admission_ward_routing,2.0,0.33552858233451843,0.007256778422743082
V0425,discharge_disposition,"The narrative ends with 'Release A', representing a final discharge outcome.",6.0,admission_ward_routing,1.0,0.35463178157806396,0.00028532897704280913
V0426,discharge_disposition,"The variant concludes with 'Release C', realizing the discharge disposition category.",6.0,admission_ward_routing,2.0,0.45565304160118103,0.003401321591809392
V0427,discharge_disposition,"The pathway finishes with 'Release C' and 'Return ER', capturing the discharge disposition.",9.0,admission_ward_routing,5.0,0.17666403949260712,0.004907504189759493
V0428,discharge_disposition,"The narrative ends with 'Release C', aligning with the captured discharge disposition category.",11.0,admission_ward_routing,6.0,0.3444657027721405,0.003484755754470825
V0429,,The process terminates at 'IV Antibiotics' within the ER and does not progress to ward routing or discharge disposition.,,admission_ward_routing,2.0,,0.02403135783970356
V0430,discharge_disposition,"The narrative terminates via 'Release A', capturing the case's final discharge route.",8.0,admission_ward_routing,4.0,0.4581659734249115,0.0019075862364843488
V0431,discharge_disposition,"The case concludes with 'Release A', representing the discharge disposition alternative.",4.0,admission_ward_routing,2.0,0.3623744547367096,9.031485387822613e-05
V0432,discharge_disposition,"The narrative concludes with 'Release B' after an intensive care admission, realizing the discharge disposition category.",13.0,admission_ward_routing,6.0,0.5137789249420166,0.0127410888671875
V0433,discharge_disposition,"The variant ends with 'Release C', matching the discharge disposition options.",8.0,admission_ward_routing,3.0,0.5037516951560974,0.16841638088226318
V0434,discharge_disposition,"The pathway terminates with 'Release A', mapping to the discharge disposition category.",7.0,admission_ward_routing,3.0,0.4526144564151764,9.93872235994786e-05
V0435,discharge_disposition,"The narrative concludes with 'Release A' and an ER return, fulfilling the discharge disposition category.",35.0,admission_ward_routing,18.0,0.1955632120370865,0.00017225810734089464
V0436,discharge_disposition,"The variant ends with 'Release B', capturing a designated release route under discharge disposition.",9.0,admission_ward_routing,5.0,0.4501327574253082,0.0316169448196888
V0437,discharge_disposition,"The narrative concludes with 'Release D' followed by an ER return, realizing the discharge disposition category.",33.0,admission_ward_routing,16.0,0.12462560087442398,0.004500335548073053
V0438,discharge_disposition,"The case finishes with 'Release A', representing the final discharge disposition.",12.0,admission_ward_routing,5.0,0.3372081518173218,0.0008247224031947553
V0439,discharge_disposition,"The narrative terminates via 'Release A', matching the captured discharge disposition category.",30.0,admission_ward_routing,14.0,0.3664018213748932,0.0023564144503325224
V0440,discharge_disposition,"The pathway finishes with 'Release A' and a subsequent 'Return ER', realizing the discharge disposition category.",9.0,admission_ward_routing,5.0,0.20980288088321686,0.001840634853579104
V0441,discharge_disposition,"The narrative concludes with 'Release A' and an ER return, mapping to discharge disposition.",3.0,admission_ward_routing,1.0,0.10259952396154404,0.0007366447825916111
V0442,discharge_disposition,"The case ends with 'Release A' followed by 'Return ER', fitting the discharge disposition category.",6.0,admission_ward_routing,4.0,0.17177565395832062,1.9128923668176867e-05
V0443,discharge_disposition,"The variant concludes via 'Release A' and an ER return, realizing the discharge disposition category.",4.0,admission_ward_routing,2.0,0.040296800434589386,0.002779899863526225
V0444,discharge_disposition,"The narrative terminates with 'Release C', representing a designated release route under discharge disposition.",9.0,admission_ward_routing,3.0,0.34194302558898926,0.006007447838783264
V0445,discharge_disposition,"The case ends with 'Release A', matching the final release alternative in discharge disposition.",5.0,admission_ward_routing,1.0,0.469310998916626,0.00025585442199371755
V0446,discharge_disposition,"The narrative concludes with 'Release A', fulfilling the discharge disposition category requirements.",7.0,admission_ward_routing,3.0,0.4670451581478119,0.00014782309881411493
V0447,discharge_disposition,"The pathway ends with 'Release C' and 'Return ER', realizing the discharge disposition category.",9.0,admission_ward_routing,5.0,0.07210510969161987,0.0008237233851104975
V0448,discharge_disposition,"The narrative concludes with 'Release A' and an ER return, mapping to the discharge disposition category.",10.0,admission_ward_routing,6.0,0.17807720601558685,0.0031334729865193367
V0449,discharge_disposition,"The variant finishes with 'Release A' and an ER return, fulfilling the discharge disposition category.",6.0,admission_ward_routing,4.0,0.21385252475738525,0.0016118697822093964
V0450,discharge_disposition,"The narrative concludes with 'Release A', representing the final captured discharge disposition.",5.0,admission_ward_routing,2.0,0.353392630815506,0.0005514020449481905
V0451,admission_ward_routing,The narrative includes admission to a non-critical inpatient ward (Admission NC) and concludes with Release A.,7.0,discharge_disposition,1.0,0.22854770720005035,0.012999123893678188
V0452,admission_ward_routing,The narrative demonstrates ward routing with admissions to both non-critical inpatient and intensive care units (Admission NC and Admission IC).,26.0,discharge_disposition,12.0,0.10797960311174393,0.0013714955421164632
V0453,discharge_disposition,The case concludes through a designated release route followed by an ER return indicator (Return ER).,10.0,admission_ward_routing,4.0,0.13156993687152863,8.86566485860385e-05
V0454,discharge_disposition,The narrative shows admission routing followed by release and subsequent return to the ER.,4.0,admission_ward_routing,1.0,0.17423607409000397,0.0024795487988740206
V0455,admission_ward_routing,Involves patient routing and admission to a non-critical inpatient ward (Admission NC).,1.0,discharge_disposition,2.0,0.012698061764240265,0.001359869260340929
V0456,admission_ward_routing,Features patient routing and admission to a non-critical ward (Admission NC).,5.0,discharge_disposition,1.0,0.02178838662803173,0.0013060648925602436
V0457,admission_ward_routing,Involves transitions between non-critical inpatient and intensive care units (Admission NC and Admission IC).,17.0,discharge_disposition,13.0,0.10237032920122147,0.006980774458497763
V0458,discharge_disposition,Concludes with a release pathway and a post-discharge ER return indicator (Return ER).,7.0,admission_ward_routing,3.0,0.22410154342651367,0.0016738661797717214
V0459,admission_ward_routing,Includes admission routing to a non-critical inpatient ward (Admission NC).,6.0,discharge_disposition,3.0,0.0015181883936747909,0.000981189077720046
V0460,discharge_disposition,Represents an admitted case concluding with release and a subsequent return to the emergency department.,1.0,admission_ward_routing,2.0,0.11188606172800064,0.004506839904934168
V0461,admission_ward_routing,Includes patient routing and admission to a non-critical ward (Admission NC).,6.0,discharge_disposition,3.0,0.016689671203494072,0.0004330340016167611
V0462,admission_ward_routing,Includes admission routing to a non-critical inpatient ward (Admission NC) during the pathway.,6.0,discharge_disposition,1.0,0.523198127746582,0.35871633887290955
V0463,discharge_disposition,Concludes an admitted sepsis case through release followed by an ER return.,7.0,admission_ward_routing,2.0,0.39581963419914246,0.007995419204235077
V0464,discharge_disposition,Represents a pathway ending with release and a post-discharge ER return indicator.,6.0,admission_ward_routing,4.0,0.23355650901794434,0.0017006737180054188
V0465,admission_ward_routing,Involves admission to a non-critical inpatient ward (Admission NC).,8.0,discharge_disposition,4.0,0.13539235293865204,0.00018754198390524834
V0466,admission_ward_routing,Represents routing and admissions to a non-critical inpatient ward (Admission NC).,5.0,discharge_disposition,1.0,0.02059723250567913,0.0014435508055612445
V0467,discharge_disposition,Concludes an admitted case through release and subsequent ER return.,5.0,admission_ward_routing,3.0,0.12007701396942139,0.00017481461691204458
V0468,discharge_disposition,Represents a concluded admitted case via release and a post-discharge ER return indicator.,7.0,admission_ward_routing,4.0,0.0037782832514494658,0.0019498425535857677
V0469,discharge_disposition,"Involves admission routing, release, and post-discharge ER return.",6.0,admission_ward_routing,4.0,0.12747566401958466,0.0013182213297113776
V0470,discharge_disposition,Represents an admitted case concluding through release route D.,5.0,admission_ward_routing,2.0,0.3574889004230499,0.015381681732833385
V0471,admission_ward_routing,Involves patient admission routing to a non-critical ward (Admission NC).,5.0,discharge_disposition,2.0,0.13376376032829285,0.00015812554920557886
V0472,admission_ward_routing,Involves admission routing to a non-critical inpatient ward (Admission NC).,5.0,discharge_disposition,2.0,0.12960869073867798,0.00029892902239225805
V0473,discharge_disposition,Concludes an admitted case through release and a post-discharge ER return indicator.,6.0,admission_ward_routing,2.0,0.007179879117757082,0.005351438652724028
V0474,discharge_disposition,Represents an admitted sepsis case concluding with release and a return to the ER.,4.0,admission_ward_routing,3.0,0.07957825809717178,0.0005330360145308077
V0475,admission_ward_routing,Includes admission routing to a non-critical inpatient ward (Admission NC).,2.0,discharge_disposition,2.0,0.11764386296272278,0.00016508693806827068
V0476,discharge_disposition,Concludes an admitted case through release and subsequent ER return.,4.0,admission_ward_routing,4.0,0.22948437929153442,0.17051458358764648
V0477,admission_ward_routing,Features patient admission routing to a non-critical inpatient ward (Admission NC).,5.0,discharge_disposition,4.0,0.0042737373150885105,5.303269063006155e-06
V0478,admission_ward_routing,Includes admission routing to a non-critical ward (Admission NC).,8.0,discharge_disposition,4.0,0.015578611753880978,0.0003130751720163971
V0479,discharge_disposition,Concludes an admitted sepsis case via release and an ER return indicator.,4.0,admission_ward_routing,2.0,0.0045654624700546265,0.0027370217721909285
V0480,admission_ward_routing,Involves patient admission routing to a non-critical inpatient ward (Admission NC).,6.0,discharge_disposition,3.0,0.1135406494140625,0.0006043079192750156
V0481,admission_ward_routing,Features patient admission routing to a non-critical inpatient ward (Admission NC).,9.0,discharge_disposition,5.0,0.011427453719079494,8.926032023737207e-05
V0482,discharge_disposition,Represents a pathway ending in release and a post-discharge ER return indicator.,7.0,admission_ward_routing,4.0,0.11440824717283249,0.0004347429203335196
V0483,discharge_disposition,Concludes an admitted case through release route B.,29.0,admission_ward_routing,13.0,0.47766828536987305,0.059152472764253616
V0484,discharge_disposition,Represents an admitted case concluding through release and subsequent ER return.,7.0,admission_ward_routing,4.0,0.21587145328521729,0.0017211405793204904
V0485,admission_ward_routing,Involves complex ward routing and admissions to both non-critical and intensive care units.,22.0,discharge_disposition,16.0,0.09813892841339111,0.010910280980169773
V0486,admission_ward_routing,Involves patient admission routing to a non-critical inpatient ward (Admission NC).,11.0,discharge_disposition,6.0,0.35787418484687805,0.012281385250389576
V0487,admission_ward_routing,Includes admission routing to a non-critical inpatient ward (Admission NC).,7.0,discharge_disposition,4.0,0.09303369373083115,0.005805043503642082
V0488,,The narrative terminates early at IV Liquid and does not reach ward admission or discharge disposition.,,admission_ward_routing,2.0,,0.0740438774228096
V0489,admission_ward_routing,Involves patient admission routing to a non-critical inpatient ward (Admission NC).,9.0,discharge_disposition,4.0,0.3434666693210602,0.001361554954200983
V0490,admission_ward_routing,Includes admission routing to a non-critical inpatient ward (Admission NC).,6.0,discharge_disposition,2.0,0.09635404497385025,0.006747599225491285
V0491,admission_ward_routing,Features patient admission routing to a non-critical inpatient ward (Admission NC).,5.0,discharge_disposition,1.0,0.1336929202079773,0.00022896243899594992
V0492,,The narrative terminates early at IV Liquid and does not contain ward admission or discharge disposition.,,discharge_disposition,3.0,,0.33446255326271057
V0493,admission_ward_routing,Involves admission routing to a non-critical inpatient ward (Admission NC) before concluding with Release B.,5.0,discharge_disposition,2.0,0.4526948034763336,0.006430448964238167
V0494,admission_ward_routing,Includes patient admission routing to a non-critical inpatient ward (Admission NC).,7.0,discharge_disposition,3.0,0.11711443215608597,0.00036434383946470916
V0495,,The narrative terminates early at IV Antibiotics and does not reach ward admission or final discharge.,,admission_ward_routing,3.0,,0.011068315245211124
V0496,admission_ward_routing,Includes admission routing to a non-critical inpatient ward (Admission NC).,6.0,discharge_disposition,4.0,0.1763714998960495,0.003982027526944876
V0497,discharge_disposition,Concludes an admitted case through release and an ER return indicator.,8.0,admission_ward_routing,2.0,0.35106363892555237,0.012668768875300884
V0498,admission_ward_routing,Involves patient admission routing to a non-critical inpatient ward (Admission NC) before concluding with Release D.,10.0,discharge_disposition,5.0,0.47338953614234924,0.03331567347049713
V0499,admission_ward_routing,Includes patient admission routing to a non-critical inpatient ward (Admission NC).,6.0,discharge_disposition,3.0,0.02019411139190197,0.0012367432937026024
V0500,admission_ward_routing,Features patient admission routing to a non-critical inpatient ward (Admission NC).,7.0,discharge_disposition,3.0,0.24559755623340607,0.002335180761292577
V0501,admission_ward_routing,"The narrative includes 'Admission NC', indicating the routing of the patient to a non-critical inpatient ward.",8.0,discharge_disposition,4.0,0.7228896617889404,0.33467933535575867
V0502,admission_ward_routing,"The narrative concludes with 'Admission NC', representing admission to a non-critical inpatient ward.",6.0,discharge_disposition,2.0,0.772404670715332,0.3442557156085968
V0503,discharge_disposition,"The patient's pathway concludes with 'Release B', capturing the specific discharge disposition route.",8.0,admission_ward_routing,1.0,0.7355921268463135,0.002566840499639511
V0504,discharge_disposition,"The patient journey concludes with 'Release A' followed by a return to the emergency room, realizing the discharge disposition axis.",4.0,admission_ward_routing,3.0,0.023962654173374176,0.00045513486838899553
V0505,discharge_disposition,"The pathway ends with 'Release A' and subsequent 'Return ER', directly representing the captured discharge disposition.",2.0,admission_ward_routing,2.0,0.05569019913673401,0.00033978806459344923
V0506,discharge_disposition,"The process terminates via 'Release A', representing the recorded discharge disposition route.",5.0,admission_ward_routing,1.0,0.3649289906024933,0.0001249493652721867
V0507,,The narrative stops at 'IV Antibiotics' and does not reach ward routing or discharge disposition phases.,,admission_ward_routing,3.0,,0.012583177536725998
V0508,discharge_disposition,"The case pathway concludes with 'Release A' and a subsequent 'Return ER', captured under discharge disposition.",9.0,admission_ward_routing,5.0,0.05845657363533974,0.00014571590872947127
V0509,discharge_disposition,"The final activity is 'Release A', which represents the discharge disposition for this case.",3.0,admission_ward_routing,1.0,0.3572441637516022,3.965921132476069e-05
V0510,,The process sequence halts at 'IV Antibiotics' without proceeding to admission or discharge steps.,,admission_ward_routing,1.0,,0.03254904970526695
V0511,discharge_disposition,"The narrative culminates in 'Release A', marking the discharge disposition alternative.",13.0,admission_ward_routing,7.0,0.5146613121032715,0.0013714955421164632
V0512,discharge_disposition,"The case concludes via 'Release A', realizing the discharge disposition category.",8.0,admission_ward_routing,3.0,0.47475823760032654,0.00011567438923520967
V0513,discharge_disposition,"The pathway ends with 'Release A', fitting the captured discharge disposition category.",5.0,admission_ward_routing,1.0,0.48257550597190857,0.000416420865803957
V0514,discharge_disposition,"The trajectory terminates with 'Release A', representing the discharge disposition.",10.0,admission_ward_routing,4.0,0.4515906274318695,4.843600436288398e-06
V0515,discharge_disposition,"The case sequence completes with 'Release A' and an ER return, mapping to discharge disposition.",8.0,admission_ward_routing,4.0,0.17165040969848633,0.00010612983169266954
V0516,,The narrative terminates early at diagnostic activities ('Leucocytes') without reaching admission or discharge.,,admission_ward_routing,6.0,,0.03983199968934059
V0517,,The sequence stops at an early stage ('ER Triage') and does not progress to ward routing or discharge.,,admission_ward_routing,1.0,,0.6884955763816833
V0518,discharge_disposition,"The pathway ends with 'Release A', fulfilling the discharge disposition categorization.",8.0,admission_ward_routing,2.0,0.3808160126209259,0.0023982813581824303
V0519,discharge_disposition,"The narrative concludes with 'Release A' and subsequent 'Return ER', realizing discharge disposition.",3.0,admission_ward_routing,2.0,0.11403282731771469,0.006653597112745047
V0520,discharge_disposition,"The case sequence terminates via 'Release A' and 'Return ER', aligning with discharge disposition.",3.0,admission_ward_routing,2.0,0.23234115540981293,0.07406596094369888
V0521,discharge_disposition,"The process flow ends with 'Release A', representing the designated discharge route.",9.0,admission_ward_routing,4.0,0.4626835882663727,0.00010127588757313788
V0522,discharge_disposition,"The trajectory concludes with 'Release B', capturing the specific discharge disposition.",19.0,admission_ward_routing,9.0,0.509840190410614,0.0028811332304030657
V0523,discharge_disposition,"The narrative ends with 'Release A', realizing the discharge disposition category.",7.0,admission_ward_routing,4.0,0.5113095045089722,0.0056012780405581
V0524,discharge_disposition,"The pathway concludes via 'Release A', mapping to the captured discharge disposition.",5.0,admission_ward_routing,2.0,0.34805619716644287,9.713216422824189e-05
V0525,discharge_disposition,"The case finishes with 'Release A', fulfilling the discharge disposition axis.",5.0,admission_ward_routing,1.0,0.514971911907196,0.0013490665005519986
V0526,discharge_disposition,"The sequence ends with 'Release A' and 'Return ER', representing the discharge disposition.",5.0,admission_ward_routing,2.0,0.20256733894348145,0.001960309222340584
V0527,discharge_disposition,"The narrative terminates with 'Release A', fitting the discharge disposition category.",9.0,admission_ward_routing,4.0,0.5176295638084412,0.00040690370951779187
V0528,discharge_disposition,"The pathway concludes with 'Release A' followed by an ER return, mapping to discharge disposition.",10.0,admission_ward_routing,7.0,0.2236114740371704,0.0037639227230101824
V0529,discharge_disposition,"The case sequence finishes with 'Release A' and 'Return ER', realizing discharge disposition.",5.0,admission_ward_routing,3.0,0.08265974372625351,0.0016916814493015409
V0530,discharge_disposition,"The narrative ends with 'Release A' and a subsequent ER return, fitting discharge disposition.",6.0,admission_ward_routing,5.0,0.15846191346645355,0.0009639490745030344
V0531,admission_ward_routing,"The narrative contains 'Admission IC', representing the intensive care unit ward routing choice.",9.0,discharge_disposition,5.0,0.540391743183136,0.08375833183526993
V0532,discharge_disposition,"The process terminates with 'Release A', realizing the captured discharge disposition.",5.0,admission_ward_routing,3.0,0.34851589798927307,0.00023582276480738074
V0533,discharge_disposition,"The case concludes via 'Release A', fulfilling the discharge disposition category.",5.0,admission_ward_routing,1.0,0.3370579779148102,0.0016244575381278992
V0534,discharge_disposition,"The trajectory ends with 'Release A', mapping to the discharge disposition axis.",6.0,admission_ward_routing,2.0,0.4720574915409088,0.0004330340016167611
V0535,discharge_disposition,"The narrative finishes with 'Release A' and an ER return, representing discharge disposition.",8.0,admission_ward_routing,3.0,0.06295449286699295,0.003711146302521229
V0536,discharge_disposition,"The case sequence concludes with 'Release A', fitting the discharge disposition category.",5.0,admission_ward_routing,3.0,0.4710663855075836,1.8557451767264865e-05
V0537,discharge_disposition,"The pathway ends via 'Release A', realizing the captured discharge disposition.",10.0,admission_ward_routing,3.0,0.36462733149528503,2.4753004254307598e-05
V0538,discharge_disposition,"The narrative terminates with 'Release A', representing the designated discharge route.",14.0,admission_ward_routing,7.0,0.4574364125728607,0.001113498117774725
V0539,discharge_disposition,"The case concludes with 'Release A' followed by 'Return ER', fulfilling discharge disposition.",5.0,admission_ward_routing,3.0,0.12762154638767242,0.0011723353527486324
V0540,discharge_disposition,"The pathway ends with 'Release B', mapping to the captured discharge disposition alternative.",9.0,admission_ward_routing,5.0,0.4802367687225342,0.009863734245300293
V0541,discharge_disposition,"The sequence terminates via 'Release A', realizing the discharge disposition category.",7.0,admission_ward_routing,1.0,0.7017467617988586,0.003133902559056878
V0542,admission_ward_routing,"The narrative includes 'Admission IC', representing the intensive care unit admission alternative.",8.0,discharge_disposition,6.0,0.17946408689022064,0.0008894387283362448
V0543,admission_ward_routing,"The pathway incorporates 'Admission IC', realizing the patient admission ward routing choice.",21.0,discharge_disposition,13.0,0.5293713212013245,0.004500335548073053
V0544,discharge_disposition,"The case concludes with 'Release A', capturing the appropriate discharge disposition.",6.0,admission_ward_routing,2.0,0.36268195509910583,4.00182580051478e-05
V0545,discharge_disposition,"The narrative ends via 'Release A', fulfilling the discharge disposition category.",5.0,admission_ward_routing,2.0,0.34799298644065857,0.00016035462613217533
V0546,discharge_disposition,"The pathway terminates with 'Release A' and subsequent 'Return ER', mapping to discharge disposition.",4.0,admission_ward_routing,2.0,0.026295190677046776,0.0001831106055760756
V0547,discharge_disposition,"The case sequence finishes with 'Release B', realizing the discharge disposition alternative.",18.0,admission_ward_routing,10.0,0.4457376003265381,0.027221789583563805
V0548,discharge_disposition,"The narrative concludes via 'Release A', representing the captured discharge disposition.",9.0,admission_ward_routing,5.0,0.5150976181030273,0.0018131313845515251
V0549,,The process stops at 'IV Liquid' and does not progress to ward routing or discharge disposition phases.,,admission_ward_routing,2.0,,0.0006197022157721221
V0550,discharge_disposition,"The pathway terminates with 'Release B', fulfilling the captured discharge disposition category.",10.0,admission_ward_routing,3.0,0.4488264322280884,0.057794537395238876
V0551,admission_ward_routing,"The narrative includes routing to both Admission NC and Admission IC, representing inpatient ward and intensive care unit routing.",73.0,discharge_disposition,45.0,0.12246193736791611,0.013110836036503315
V0552,discharge_disposition,"The narrative concludes with Release B, capturing the final discharge disposition of the sepsis case.",13.0,admission_ward_routing,6.0,0.3428698778152466,0.006268240977078676
V0553,admission_ward_routing,"The variant features multiple ward admissions (Admission NC and Admission IC), fulfilling ward routing.",22.0,discharge_disposition,9.0,0.4546021521091461,0.33565083146095276
V0554,admission_ward_routing,"The case involves Admission NC, realizing non-critical inpatient ward routing.",5.0,discharge_disposition,1.0,0.004648481961339712,0.00038004806265234947
V0555,admission_ward_routing,"The case includes Admission NC, representing inpatient ward routing.",6.0,discharge_disposition,4.0,0.5662897825241089,0.17189840972423553
V0556,admission_ward_routing,The narrative features Admission NC routing before proceeding to release and return.,8.0,discharge_disposition,3.0,0.3543040454387665,0.0006483563338406384
V0557,admission_ward_routing,"The case includes Admission NC, realizing inpatient ward routing.",5.0,discharge_disposition,3.0,0.010013998486101627,0.0013241940177977085
V0558,admission_ward_routing,"The narrative contains Admission NC, representing patient admission ward routing.",3.0,discharge_disposition,3.0,0.503128707408905,0.0017119027907028794
V0559,admission_ward_routing,"The narrative shows Admission NC, matching non-critical inpatient ward routing.",7.0,discharge_disposition,4.0,0.38391566276550293,0.00030402603442780674
V0560,admission_ward_routing,"The process includes Admission NC, indicating inpatient ward routing.",8.0,discharge_disposition,3.0,0.48358702659606934,0.0014909828314557672
V0561,admission_ward_routing,"The narrative features Admission NC, fulfilling inpatient ward routing.",7.0,discharge_disposition,4.0,0.11243627220392227,5.4223619372351095e-05
V0562,admission_ward_routing,"The case includes Admission NC, representing patient admission ward routing.",7.0,discharge_disposition,4.0,0.11156734079122543,9.696097549749538e-05
V0563,admission_ward_routing,"The narrative features both Admission NC and Admission IC, covering non-critical and intensive care routing options.",11.0,discharge_disposition,8.0,0.09464976191520691,0.00504331523552537
V0564,admission_ward_routing,The process includes Admission NC routing prior to release and return.,7.0,discharge_disposition,2.0,0.3805069625377655,0.003712746547535062
V0565,admission_ward_routing,"The case terminates with Admission NC, representing ward routing.",10.0,discharge_disposition,4.0,0.7695229649543762,0.34713736176490784
V0566,admission_ward_routing,"The narrative includes Admission NC, fulfilling inpatient ward routing.",9.0,discharge_disposition,4.0,0.0032858073245733976,9.93872235994786e-05
V0567,admission_ward_routing,The case routes the patient through Admission NC.,5.0,discharge_disposition,2.0,0.5345824360847473,0.0007967143319547176
V0568,admission_ward_routing,"The narrative features multiple instances of Admission NC, realizing ward routing.",10.0,discharge_disposition,5.0,0.09074553102254868,0.0035168889444321394
V0569,admission_ward_routing,"The process includes Admission NC, indicating inpatient ward routing.",5.0,discharge_disposition,1.0,0.010467853397130966,4.3721880501834676e-05
V0570,admission_ward_routing,"The case features Admission NC, representing inpatient ward routing.",13.0,discharge_disposition,4.0,0.014672993682324886,0.0033348004799336195
V0571,admission_ward_routing,"The narrative includes Admission IC and Admission NC, covering intensive care and non-critical ward routing.",29.0,discharge_disposition,14.0,0.43498218059539795,0.0028811332304030657
V0572,admission_ward_routing,The case routes through both Admission IC and Admission NC.,20.0,discharge_disposition,11.0,0.19529344141483307,0.01792098768055439
V0573,admission_ward_routing,"The narrative features Admission NC, realizing ward routing.",6.0,discharge_disposition,3.0,0.3563951551914215,0.002739489311352372
V0574,admission_ward_routing,"The case involves both Admission NC and Admission IC, fulfilling ward and ICU routing.",13.0,discharge_disposition,9.0,0.09822335094213486,0.008616899140179157
V0575,,The narrative terminates early at Leucocytes without reaching a ward admission or a final discharge disposition.,,admission_ward_routing,2.0,,7.816903962520882e-05
V0576,admission_ward_routing,"The case includes Admission NC, realizing inpatient ward routing.",7.0,discharge_disposition,5.0,0.027748368680477142,0.0009737925720401108
V0577,admission_ward_routing,The process includes Admission NC routing.,12.0,discharge_disposition,9.0,0.39300453662872314,0.00028784008463844657
V0578,admission_ward_routing,"The narrative features Admission NC, representing inpatient ward routing.",5.0,discharge_disposition,2.0,0.4738396108150482,0.0014760210178792477
V0579,admission_ward_routing,"The case involves both Admission NC and Admission IC, fulfilling ward routing.",50.0,discharge_disposition,26.0,0.47971096634864807,0.002483071992173791
V0580,,The narrative ends at CRP without progressing to ward admission or discharge disposition.,,admission_ward_routing,1.0,,0.008384543471038342
V0581,admission_ward_routing,"The process includes Admission NC, representing inpatient ward routing.",5.0,discharge_disposition,4.0,0.3623725473880768,0.0006664472748525441
V0582,admission_ward_routing,"The case features Admission NC, realizing inpatient ward routing.",5.0,discharge_disposition,2.0,0.23023660480976105,0.014191283844411373
V0583,admission_ward_routing,"The narrative includes Admission NC, fulfilling ward routing.",5.0,discharge_disposition,2.0,0.006781432311981916,0.00010127588757313788
V0584,,The sequence stops at IV Liquid without advancing to ward admission or discharge disposition.,,admission_ward_routing,3.0,,0.0006515100249089301
V0585,,The sequence terminates at LacticAcid without any ward routing or discharge steps.,,admission_ward_routing,2.0,,0.3363097608089447
V0586,admission_ward_routing,The case includes Admission NC before concluding with Release B.,5.0,discharge_disposition,2.0,0.45080724358558655,0.008182703517377377
V0587,,The process ends at CRP without proceeding to admission or discharge.,,admission_ward_routing,2.0,,0.19529521465301514
V0588,admission_ward_routing,"The narrative features Admission NC, representing inpatient ward routing.",12.0,discharge_disposition,5.0,0.5607783198356628,0.006132142152637243
V0589,admission_ward_routing,"The case includes Admission NC, fulfilling ward routing before ending with Release B.",7.0,discharge_disposition,5.0,0.5005233883857727,0.002882793778553605
V0590,admission_ward_routing,"The narrative features Admission NC, realizing inpatient ward routing.",7.0,discharge_disposition,4.0,0.41636279225349426,0.002948088338598609
V0591,admission_ward_routing,The process includes Admission NC routing.,7.0,discharge_disposition,1.0,0.6729615330696106,0.007256778422743082
V0592,,The sequence stops at IV Antibiotics without reaching ward admission or discharge.,,admission_ward_routing,3.0,,0.04699490964412689
V0593,admission_ward_routing,"The case includes Admission NC, representing inpatient ward routing.",6.0,discharge_disposition,2.0,0.11417535692453384,0.0016931082354858518
V0594,admission_ward_routing,"The narrative features Admission NC, fulfilling ward routing.",6.0,discharge_disposition,5.0,0.44825419783592224,0.05278420075774193
V0595,admission_ward_routing,"The case includes Admission NC, realizing inpatient ward routing.",7.0,discharge_disposition,3.0,0.5162823796272278,0.016517778858542442
V0596,admission_ward_routing,"The process involves Admission NC, representing ward routing.",5.0,discharge_disposition,2.0,0.12255280464887619,1.3405025129031856e-05
V0597,admission_ward_routing,"The narrative features both Admission IC and Admission NC, covering intensive care and non-critical ward routing.",11.0,discharge_disposition,7.0,0.0906435027718544,0.003414864419028163
V0598,admission_ward_routing,"The case includes multiple Admission NC steps, fulfilling ward routing.",15.0,discharge_disposition,9.0,0.3718102276325226,0.3335825204849243
V0599,admission_ward_routing,"The narrative features Admission NC, representing inpatient ward routing.",5.0,discharge_disposition,2.0,0.13901396095752716,0.0020115261431783438
V0600,admission_ward_routing,"The case includes both Admission NC and Admission IC, realizing ward routing choices.",26.0,discharge_disposition,10.0,0.1000286117196083,0.00932248868048191
V0601,admission_ward_routing,"The narrative includes admission to a non-critical ward (Admission NC), realizing the patient admission ward routing category.",6.0,discharge_disposition,2.0,0.44770511984825134,0.003484755754470825
V0602,admission_ward_routing,"The narrative includes admission to the intensive care unit (Admission IC) and subsequent ward transfers, realizing admission ward routing.",7.0,discharge_disposition,6.0,0.4241151511669159,0.08353956788778305
V0603,admission_ward_routing,"The narrative includes admission to a non-critical ward (Admission NC), realizing ward routing.",5.0,discharge_disposition,3.0,0.47493401169776917,0.33371493220329285
V0604,admission_ward_routing,"The narrative includes admission to a non-critical ward (Admission NC), realizing ward routing.",7.0,discharge_disposition,3.0,0.12313859909772873,0.0001651990314712748
V0605,admission_ward_routing,"The narrative includes admission to an intensive care unit (Admission IC) and non-critical ward (Admission NC), realizing ward routing.",9.0,discharge_disposition,6.0,0.6157097220420837,0.0016118697822093964
V0606,admission_ward_routing,"The narrative includes admission to a non-critical ward (Admission NC), realizing ward routing.",5.0,discharge_disposition,2.0,0.12906326353549957,4.00182580051478e-05
V0607,admission_ward_routing,"The narrative includes admission to a non-critical ward (Admission NC), realizing ward routing.",7.0,discharge_disposition,4.0,0.017523406073451042,0.0011763419024646282
V0608,admission_ward_routing,"The narrative includes admission to a non-critical ward (Admission NC), realizing ward routing.",4.0,discharge_disposition,3.0,0.005737269762903452,4.9460650188848376e-05
V0609,admission_ward_routing,"The narrative includes admission to a non-critical ward (Admission NC), realizing ward routing.",6.0,discharge_disposition,3.0,0.11724849790334702,0.00023028031864669174
V0610,admission_ward_routing,"The narrative includes admission to a non-critical ward (Admission NC), realizing ward routing.",4.0,discharge_disposition,3.0,0.01168368011713028,0.0004394253483042121
V0611,admission_ward_routing,"The narrative includes admission to a non-critical ward (Admission NC), realizing ward routing.",10.0,discharge_disposition,4.0,0.10201725363731384,0.007333848625421524
V0612,admission_ward_routing,"The narrative includes admission to a non-critical ward (Admission NC), realizing ward routing.",5.0,discharge_disposition,1.0,0.019239351153373718,0.0002819833462126553
V0613,admission_ward_routing,"The narrative includes admission to a non-critical ward (Admission NC), realizing ward routing.",4.0,discharge_disposition,1.0,0.25015291571617126,0.006890521850436926
V0614,admission_ward_routing,"The narrative includes admission to a non-critical ward (Admission NC), realizing ward routing.",8.0,discharge_disposition,2.0,0.7545923590660095,0.0008848587167449296
V0615,admission_ward_routing,"The narrative includes admission to a non-critical ward (Admission NC), realizing ward routing.",6.0,discharge_disposition,3.0,0.5263268351554871,0.001579192467033863
V0616,admission_ward_routing,"The narrative includes admission to a non-critical ward (Admission NC), realizing ward routing.",4.0,discharge_disposition,2.0,0.23401512205600739,0.008177468553185463
V0617,admission_ward_routing,"The narrative includes admission to a non-critical ward (Admission NC), realizing ward routing.",4.0,discharge_disposition,3.0,0.027190998196601868,0.000416420865803957
V0618,admission_ward_routing,"The narrative includes admission to a non-critical ward (Admission NC), realizing ward routing.",7.0,discharge_disposition,6.0,0.3517567217350006,0.004107105545699596
V0619,admission_ward_routing,"The narrative includes admission to a non-critical ward (Admission NC), realizing ward routing.",6.0,discharge_disposition,1.0,0.24087603390216827,0.002386338310316205
V0620,admission_ward_routing,"The narrative includes admission to a non-critical ward (Admission NC), realizing ward routing.",4.0,discharge_disposition,3.0,0.1802612990140915,9.222375956596807e-05
V0621,admission_ward_routing,"The narrative includes admission to an intensive care unit (Admission IC), realizing ward routing.",8.0,discharge_disposition,3.0,0.75764399766922,0.04457711800932884
V0622,admission_ward_routing,"The narrative includes admission to intensive care and non-critical wards, realizing ward routing.",21.0,discharge_disposition,13.0,0.16986393928527832,0.005562294740229845
V0623,admission_ward_routing,"The narrative includes admission to a non-critical ward (Admission NC), realizing ward routing.",0.0,discharge_disposition,1.0,0.136692613363266,0.00030982462340034544
V0624,admission_ward_routing,"The narrative includes admission to a non-critical ward (Admission NC), realizing ward routing.",5.0,discharge_disposition,2.0,0.09310499578714371,0.003498551668599248
V0625,admission_ward_routing,"The narrative includes admission to a non-critical ward (Admission NC), realizing ward routing.",5.0,discharge_disposition,2.0,0.5576637387275696,0.0007366447825916111
V0626,admission_ward_routing,"The narrative includes admission to a non-critical ward (Admission NC), realizing ward routing.",4.0,discharge_disposition,3.0,0.1250576227903366,0.03288735821843147
V0627,admission_ward_routing,"The narrative includes admission to both intensive care and non-critical wards, realizing ward routing.",16.0,discharge_disposition,10.0,0.4755067825317383,1.9192344552720897e-05
V0628,admission_ward_routing,"The narrative includes admission to a non-critical ward (Admission NC), realizing ward routing.",7.0,discharge_disposition,2.0,0.2518438994884491,0.00858151912689209
V0629,admission_ward_routing,"The narrative includes admission to a non-critical ward (Admission NC), realizing ward routing.",8.0,discharge_disposition,5.0,0.538600504398346,0.35271087288856506
V0630,admission_ward_routing,"The narrative includes admission to intensive care and non-critical wards, realizing ward routing.",10.0,discharge_disposition,6.0,0.18092890083789825,0.0002848503354471177
V0631,admission_ward_routing,"The narrative includes admission to a non-critical ward (Admission NC), realizing ward routing.",3.0,discharge_disposition,2.0,0.4920034408569336,0.00020539744582492858
V0632,admission_ward_routing,"The narrative includes admission to a non-critical ward (Admission NC), realizing ward routing.",5.0,discharge_disposition,1.0,0.5330567359924316,0.0007239529513753951
V0633,admission_ward_routing,"The narrative includes admission to a non-critical ward (Admission NC), realizing ward routing.",6.0,discharge_disposition,3.0,0.5118308663368225,0.00033978806459344923
V0634,admission_ward_routing,"The narrative includes admission to a non-critical ward (Admission NC), realizing ward routing.",4.0,discharge_disposition,3.0,0.13112257421016693,7.395100692519918e-05
V0635,admission_ward_routing,"The narrative includes admission to a non-critical ward (Admission NC), realizing ward routing.",6.0,discharge_disposition,3.0,0.44077539443969727,0.0003389155026525259
V0636,admission_ward_routing,"The narrative includes admission to a non-critical ward (Admission NC), realizing ward routing.",6.0,discharge_disposition,3.0,0.5758084654808044,0.34761643409729004
V0637,admission_ward_routing,"The narrative includes admission to a non-critical ward (Admission NC), realizing ward routing.",3.0,discharge_disposition,2.0,0.02029307931661606,0.0013357116840779781
V0638,admission_ward_routing,"The narrative includes admission to a non-critical ward (Admission NC), realizing ward routing.",4.0,discharge_disposition,2.0,0.5179095268249512,0.018144946545362473
V0639,admission_ward_routing,"The narrative includes admission to both intensive care and non-critical wards, realizing ward routing.",8.0,discharge_disposition,6.0,0.45254433155059814,0.0029993641655892134
V0640,admission_ward_routing,"The narrative includes admission to a non-critical ward (Admission NC), realizing ward routing.",9.0,discharge_disposition,3.0,0.4865572452545166,0.0006289064767770469
V0641,admission_ward_routing,"The narrative includes admission to a non-critical ward (Admission NC), realizing ward routing.",5.0,discharge_disposition,1.0,0.536768913269043,0.0005296347080729902
V0642,admission_ward_routing,"The narrative includes admission to both intensive care and non-critical wards, realizing ward routing.",11.0,discharge_disposition,6.0,0.18401890993118286,0.003374847350642085
V0643,admission_ward_routing,"The narrative includes admission to both intensive care and non-critical wards, realizing ward routing.",23.0,discharge_disposition,11.0,0.44628584384918213,0.003259122371673584
V0644,admission_ward_routing,"The narrative includes admission to a non-critical ward (Admission NC), realizing ward routing.",4.0,discharge_disposition,1.0,0.522336483001709,0.35957789421081543
V0645,,"The narrative terminates prematurely at LacticAcid without any admission or discharge disposition activities, so it fits neither category.",,admission_ward_routing,2.0,,0.24520808458328247
V0646,admission_ward_routing,"The narrative includes admission to a non-critical ward (Admission NC), realizing ward routing.",13.0,discharge_disposition,7.0,0.5204413533210754,0.33397653698921204
V0647,admission_ward_routing,"The narrative includes admission to a non-critical ward (Admission NC), realizing ward routing.",6.0,discharge_disposition,1.0,0.12299763411283493,0.11175337433815002
V0648,admission_ward_routing,"The narrative includes admission to a non-critical ward (Admission NC), realizing ward routing.",6.0,discharge_disposition,4.0,0.12059450894594193,0.0018516097916290164
V0649,admission_ward_routing,"The narrative includes admission to a non-critical ward (Admission NC), realizing ward routing.",7.0,discharge_disposition,4.0,0.353830486536026,0.00017481461691204458
V0650,admission_ward_routing,"The narrative includes admission to a non-critical ward (Admission NC), realizing ward routing.",8.0,discharge_disposition,1.0,0.6507692933082581,0.07989973574876785
V0651,discharge_disposition,"The variant narrative concludes with discharge (Release A) followed by an ER return, mapping to captured discharge disposition.",5.0,admission_ward_routing,2.0,0.2668372392654419,0.0305344071239233
V0652,discharge_disposition,The variant narrative concludes with release and subsequent ER return.,5.0,admission_ward_routing,1.0,0.2580147683620453,0.11113572120666504
V0653,discharge_disposition,"The process ends with Release A, representing discharge disposition.",8.0,admission_ward_routing,3.0,0.4697507321834564,0.0006956190918572247
V0654,admission_ward_routing,The variant involves admission to intensive care (Admission IC).,8.0,discharge_disposition,6.0,0.5813909769058228,0.08748802542686462
V0655,admission_ward_routing,Involves intensive care admission (Admission IC) before subsequent ward transfers and discharge.,7.0,discharge_disposition,4.0,0.10780660063028336,0.018200160935521126
V0656,discharge_disposition,"Concludes with Release D, representing a discharge disposition pathway.",13.0,admission_ward_routing,5.0,0.44814619421958923,0.0005068473401479423
V0657,admission_ward_routing,Includes admission to non-critical care (Admission NC).,6.0,discharge_disposition,2.0,0.09001334756612778,0.00040690370951779187
V0658,discharge_disposition,Ends in Release A followed by an ER return.,6.0,admission_ward_routing,1.0,0.2339586615562439,0.1672930270433426
V0659,admission_ward_routing,Involves routing to a non-critical inpatient ward (Admission NC).,6.0,discharge_disposition,2.0,0.36285749077796936,0.004021883476525545
V0660,admission_ward_routing,Features patient routing to non-critical care (Admission NC).,18.0,discharge_disposition,9.0,0.013277233578264713,0.001939041423611343
V0661,admission_ward_routing,Involves admission to the intensive care unit (Admission IC).,19.0,discharge_disposition,11.0,0.18013513088226318,0.00276266410946846
V0662,admission_ward_routing,Features patient admission to intensive care (Admission IC).,9.0,discharge_disposition,5.0,0.5657101273536682,0.005459248553961515
V0663,admission_ward_routing,Represents patient routing to a non-critical inpatient ward (Admission NC).,7.0,discharge_disposition,1.0,0.775645911693573,0.3410145342350006
V0664,,The process terminates at IV Liquid before any ward admission or final discharge.,,discharge_disposition,4.0,,0.09729454666376114
V0665,admission_ward_routing,Involves admission to non-critical care (Admission NC).,5.0,discharge_disposition,1.0,0.11225243657827377,0.00022981420625001192
V0666,admission_ward_routing,Features routing to a non-critical ward (Admission NC).,4.0,discharge_disposition,3.0,0.03468717262148857,0.007912596687674522
V0667,admission_ward_routing,Involves non-critical ward admission (Admission NC).,4.0,discharge_disposition,2.0,0.5287297368049622,0.0008237233851104975
V0668,admission_ward_routing,Includes routing to a non-critical inpatient ward (Admission NC).,8.0,discharge_disposition,2.0,0.37898096442222595,0.0011292623821645975
V0669,admission_ward_routing,Involves admission to a non-critical inpatient ward (Admission NC).,5.0,discharge_disposition,2.0,0.13150446116924286,0.00011962576536461711
V0670,admission_ward_routing,Features admission to a non-critical ward (Admission NC).,6.0,discharge_disposition,4.0,0.4528660774230957,0.12562978267669678
V0671,admission_ward_routing,Involves routing to a non-critical inpatient ward (Admission NC).,8.0,discharge_disposition,3.0,0.5004062056541443,0.00034471272374503314
V0672,admission_ward_routing,Involves admission to intensive care (Admission IC).,20.0,discharge_disposition,12.0,0.504826009273529,0.002466572681441903
V0673,admission_ward_routing,Features patient routing to non-critical care (Admission NC).,9.0,discharge_disposition,6.0,0.0011977615067735314,0.001466432586312294
V0674,admission_ward_routing,Involves admission to intensive care (Admission IC).,39.0,discharge_disposition,21.0,0.2136908322572708,0.03631838038563728
V0675,admission_ward_routing,Involves patient admission to a non-critical inpatient ward (Admission NC).,11.0,discharge_disposition,5.0,0.425388365983963,0.0030190572142601013
V0676,,The trace stops at IV Antibiotics without reaching ward routing or discharge disposition.,,admission_ward_routing,2.0,,0.04042404145002365
V0677,admission_ward_routing,Includes routing to a non-critical ward (Admission NC).,7.0,discharge_disposition,1.0,0.7203611731529236,0.002805172698572278
V0678,admission_ward_routing,Involves admission to a non-critical ward (Admission NC).,6.0,discharge_disposition,2.0,0.018506105989217758,0.00019364117179065943
V0679,,Terminates early at IV Antibiotics before ward admission or discharge.,,discharge_disposition,2.0,,0.015869054943323135
V0680,admission_ward_routing,Involves admission to intensive care (Admission IC).,8.0,discharge_disposition,6.0,0.5370174050331116,0.012146451510488987
V0681,admission_ward_routing,Features patient routing to non-critical care (Admission NC).,5.0,discharge_disposition,4.0,0.6260207295417786,0.0016738661797717214
V0682,admission_ward_routing,Involves routing to non-critical care (Admission NC).,10.0,discharge_disposition,8.0,0.4335450232028961,0.03807501122355461
V0683,admission_ward_routing,Includes admission to a non-critical inpatient ward (Admission NC).,7.0,discharge_disposition,3.0,0.018497811630368233,4.843600436288398e-06
V0684,admission_ward_routing,Features admission to a non-critical ward (Admission NC).,5.0,discharge_disposition,1.0,0.00272935233078897,0.0004209144681226462
V0685,,Stops at IV Antibiotics without reaching ward admission or discharge.,,admission_ward_routing,2.0,,0.0015570921823382378
V0686,admission_ward_routing,Involves routing to a non-critical inpatient ward (Admission NC).,8.0,discharge_disposition,1.0,0.7613971829414368,0.0002737457980401814
V0687,admission_ward_routing,Involves admission to a non-critical ward (Admission NC).,4.0,discharge_disposition,1.0,0.3696424961090088,0.0032621107529848814
V0688,admission_ward_routing,Features patient routing to non-critical care (Admission NC).,7.0,discharge_disposition,2.0,0.49331775307655334,0.00030588163645006716
V0689,,Trace ends at IV Antibiotics without proceeding to ward routing or disposition.,,admission_ward_routing,4.0,,0.0004547650460153818
V0690,admission_ward_routing,Involves admission to intensive care (Admission IC).,10.0,discharge_disposition,6.0,0.17435306310653687,0.0053213671781122684
V0691,admission_ward_routing,Involves routing to a non-critical ward (Admission NC).,6.0,discharge_disposition,2.0,0.7425322532653809,0.01829664781689644
V0692,admission_ward_routing,Includes admission to a non-critical inpatient ward (Admission NC).,8.0,discharge_disposition,1.0,0.7216687798500061,0.002566840499639511
V0693,admission_ward_routing,Features patient routing to non-critical care (Admission NC).,7.0,discharge_disposition,2.0,0.5628612041473389,0.11175036430358887
V0694,,Terminates early at ER Sepsis Triage before reaching ward admission or discharge.,,admission_ward_routing,3.0,,0.4203183650970459
V0695,admission_ward_routing,Involves routing to a non-critical inpatient ward (Admission NC).,5.0,discharge_disposition,2.0,0.010276795364916325,0.001061397953890264
V0696,admission_ward_routing,Involves admission to a non-critical ward (Admission NC).,10.0,discharge_disposition,6.0,0.512035071849823,0.012270461767911911
V0697,admission_ward_routing,Features admission to a non-critical inpatient ward (Admission NC).,5.0,discharge_disposition,1.0,0.1404254287481308,0.0009993866551667452
V0698,admission_ward_routing,Involves routing to non-critical care (Admission NC).,5.0,discharge_disposition,1.0,0.028598563745617867,0.001823987695388496
V0699,admission_ward_routing,Includes patient admission to a non-critical inpatient ward (Admission NC).,8.0,discharge_disposition,3.0,0.1334332823753357,0.0004886052338406444
V0700,admission_ward_routing,Involves admission to a non-critical inpatient ward (Admission NC).,8.0,discharge_disposition,2.0,0.5876503586769104,0.22694754600524902
V0701,discharge_disposition,"The narrative concludes with Release C, realizing the captured discharge disposition alternative.",9.0,admission_ward_routing,3.0,0.44740423560142517,0.0014328566612675786
V0702,discharge_disposition,"The narrative concludes with Release A, realizing the captured discharge disposition alternative.",5.0,admission_ward_routing,1.0,0.4589511454105377,0.00012571847764775157
V0703,,The pathway ends at IV Liquid and does not reach ward routing or discharge disposition.,,admission_ward_routing,2.0,,0.3346318006515503
V0704,discharge_disposition,"The narrative concludes with Release A, realizing the captured discharge disposition alternative.",7.0,admission_ward_routing,2.0,0.4450950622558594,0.0022163281682878733
V0705,discharge_disposition,"The narrative ends with a release route before an ER return, mapping to discharge disposition.",4.0,admission_ward_routing,1.0,0.12796086072921753,0.0008330133859999478
V0706,discharge_disposition,"The narrative concludes with Release A, realizing the captured discharge disposition alternative.",8.0,admission_ward_routing,1.0,0.7328252792358398,0.00019302907458040863
V0707,admission_ward_routing,"The case is routed to Admission NC, realizing the patient admission ward routing category.",8.0,discharge_disposition,1.0,0.7833865284919739,0.33339282870292664
V0708,admission_ward_routing,"The case is routed to Admission NC, realizing the patient admission ward routing category.",10.0,discharge_disposition,5.0,0.7697201371192932,0.3469402492046356
V0709,discharge_disposition,"The narrative concludes with Release B, realizing the captured discharge disposition alternative.",8.0,admission_ward_routing,2.0,0.3606557846069336,0.007811646908521652
V0710,discharge_disposition,"The narrative concludes with Release C, realizing the captured discharge disposition alternative.",174.0,admission_ward_routing,70.0,0.5666627287864685,0.14292915165424347
V0711,discharge_disposition,"The narrative concludes with Release A, realizing the captured discharge disposition alternative.",5.0,admission_ward_routing,2.0,0.4636712968349457,0.0004395149589981884
V0712,discharge_disposition,"The narrative concludes with Release A followed by an ER return, realizing discharge disposition.",11.0,admission_ward_routing,7.0,0.18818850815296173,2.603729626571294e-05
V0713,,The pathway stops at IV Antibiotics and does not realize ward routing or discharge.,,admission_ward_routing,2.0,,0.003704542526975274
V0714,discharge_disposition,"The narrative concludes with Release A, realizing the captured discharge disposition alternative.",5.0,admission_ward_routing,1.0,0.3594599664211273,0.00030965302721597254
V0715,discharge_disposition,"The narrative concludes with Release B, realizing the captured discharge disposition alternative.",7.0,admission_ward_routing,5.0,0.517326295375824,0.01628837175667286
V0716,discharge_disposition,"The narrative concludes with Release A, realizing the captured discharge disposition alternative.",5.0,admission_ward_routing,2.0,0.44446268677711487,8.926032023737207e-05
V0717,discharge_disposition,"The narrative concludes with Release A, realizing the captured discharge disposition alternative.",5.0,admission_ward_routing,2.0,0.4615875780582428,4.9460650188848376e-05
V0718,discharge_disposition,"The narrative concludes with Release D, realizing the captured discharge disposition alternative.",24.0,admission_ward_routing,13.0,0.23175440728664398,0.003502768697217107
V0719,discharge_disposition,"The narrative concludes with Release A prior to an ER return, realizing discharge disposition.",6.0,admission_ward_routing,2.0,0.03996078297495842,0.002443881006911397
V0720,discharge_disposition,"The narrative concludes with Release A prior to an ER return, realizing discharge disposition.",4.0,admission_ward_routing,2.0,0.12946031987667084,0.0006664472748525441
V0721,discharge_disposition,"The narrative concludes with Release A prior to an ER return, realizing discharge disposition.",16.0,admission_ward_routing,5.0,0.044260602444410324,0.00034471272374503314
V0722,discharge_disposition,"The narrative concludes with Release A, realizing the captured discharge disposition alternative.",5.0,admission_ward_routing,1.0,0.3757551610469818,0.0002135557442670688
V0723,discharge_disposition,"The narrative concludes with Release A, realizing the captured discharge disposition alternative.",7.0,admission_ward_routing,4.0,0.4662249982357025,4.3721880501834676e-05
V0724,discharge_disposition,"The narrative concludes with Release A prior to an ER return, realizing discharge disposition.",5.0,admission_ward_routing,2.0,0.00806512776762247,0.006236686836928129
V0725,discharge_disposition,"The narrative concludes with Release D, realizing the captured discharge disposition alternative.",9.0,admission_ward_routing,2.0,0.5250005722045898,0.18289335072040558
V0726,discharge_disposition,"The narrative concludes with Release A, realizing the captured discharge disposition alternative.",20.0,admission_ward_routing,9.0,0.44588932394981384,0.0030105833429843187
V0727,discharge_disposition,"The narrative concludes with Release A prior to an ER return, realizing discharge disposition.",4.0,admission_ward_routing,2.0,0.0872383639216423,0.0024948553182184696
V0728,discharge_disposition,"The narrative concludes with Release A, realizing the captured discharge disposition alternative.",7.0,admission_ward_routing,3.0,0.4694877564907074,9.222375956596807e-05
V0729,discharge_disposition,"The narrative concludes with Release A, realizing the captured discharge disposition alternative.",6.0,admission_ward_routing,4.0,0.4695040285587311,0.00010853328421944752
V0730,discharge_disposition,"The narrative concludes with Release A, realizing the captured discharge disposition alternative.",5.0,admission_ward_routing,2.0,0.3643132448196411,6.548217788804322e-05
V0731,discharge_disposition,"The narrative concludes with Release A, realizing the captured discharge disposition alternative.",8.0,admission_ward_routing,1.0,0.5379413962364197,0.000743212120141834
V0732,discharge_disposition,"The narrative concludes with Release A, realizing the captured discharge disposition alternative.",10.0,admission_ward_routing,2.0,0.6736533045768738,0.012812030501663685
V0733,discharge_disposition,"The narrative concludes with Release A, realizing the captured discharge disposition alternative.",7.0,admission_ward_routing,1.0,0.4745006561279297,6.692254828521982e-05
V0734,discharge_disposition,"The narrative concludes with Release A prior to an ER return, realizing discharge disposition.",4.0,admission_ward_routing,1.0,0.25066661834716797,0.014363791793584824
V0735,discharge_disposition,"The narrative concludes with Release A, realizing the captured discharge disposition alternative.",7.0,admission_ward_routing,1.0,0.6973478198051453,0.0008662789477966726
V0736,discharge_disposition,"The narrative concludes with Release A, realizing the captured discharge disposition alternative.",6.0,admission_ward_routing,1.0,0.35211387276649475,0.00042328587733209133
V0737,discharge_disposition,"The narrative concludes with Release A, realizing the captured discharge disposition alternative.",5.0,admission_ward_routing,2.0,0.3628884553909302,4.314721445553005e-05
V0738,discharge_disposition,"The narrative concludes with Release A, realizing the captured discharge disposition alternative.",6.0,admission_ward_routing,1.0,0.3868548572063446,0.0036405546125024557
V0739,discharge_disposition,"The narrative concludes with Release A, realizing the captured discharge disposition alternative.",10.0,admission_ward_routing,5.0,0.46977829933166504,1.1024879313481506e-05
V0740,discharge_disposition,"The narrative concludes with Release A, realizing the captured discharge disposition alternative.",7.0,admission_ward_routing,1.0,0.3582603633403778,0.0008899430395103991
V0741,discharge_disposition,"The narrative concludes with Release A, realizing the captured discharge disposition alternative.",7.0,admission_ward_routing,1.0,0.3652123212814331,8.249037637142465e-05
V0742,,The pathway terminates at LacticAcid and does not reach ward routing or discharge disposition.,,admission_ward_routing,3.0,,0.012724465690553188
V0743,discharge_disposition,"The narrative concludes with Release A, realizing the captured discharge disposition alternative.",6.0,admission_ward_routing,2.0,0.35165727138519287,0.0004347161448094994
V0744,discharge_disposition,"The narrative concludes with Release A prior to an ER return, realizing discharge disposition.",14.0,admission_ward_routing,7.0,0.15440084040164948,0.0015293057076632977
V0745,discharge_disposition,"The narrative concludes with Release A prior to an ER return, realizing discharge disposition.",8.0,admission_ward_routing,5.0,0.23010341823101044,0.11237063258886337
V0746,discharge_disposition,"The narrative concludes with Release A prior to an ER return, realizing discharge disposition.",24.0,admission_ward_routing,12.0,0.17395949363708496,0.0009688235004432499
V0747,discharge_disposition,"The narrative concludes with Release C, realizing the captured discharge disposition alternative.",9.0,admission_ward_routing,4.0,0.5174473524093628,0.09371375292539597
V0748,discharge_disposition,"The narrative concludes with Release A prior to an ER return, realizing discharge disposition.",6.0,admission_ward_routing,3.0,0.15505123138427734,0.0011746218660846353
V0749,discharge_disposition,"The narrative concludes with Release A, realizing the captured discharge disposition alternative.",4.0,admission_ward_routing,1.0,0.3645225465297699,8.001967216841877e-05
V0750,,The pathway stops at IV Antibiotics and does not realize ward routing or discharge.,,admission_ward_routing,3.0,,0.3420694172382355
V0751,admission_ward_routing,"The narrative includes 'Admission NC', representing admission to a non-critical inpatient ward.",3.0,discharge_disposition,2.0,0.12784849107265472,0.0009472703677602112
V0752,admission_ward_routing,"The narrative records 'Admission IC' and later 'Admission NC', representing ward routing choices.",19.0,discharge_disposition,9.0,0.5530277490615845,0.0016184194246307015
V0753,admission_ward_routing,"The narrative includes 'Admission NC', representing admission to a non-critical inpatient ward.",6.0,discharge_disposition,1.0,0.4995752274990082,0.0003742961271200329
V0754,admission_ward_routing,"The narrative includes 'Admission NC', representing admission to a non-critical inpatient ward.",5.0,discharge_disposition,1.0,0.46356892585754395,0.0024227628018707037
V0755,admission_ward_routing,"The narrative includes 'Admission NC', representing admission to a non-critical inpatient ward.",6.0,discharge_disposition,3.0,0.020123975351452827,0.001166608533822
V0756,admission_ward_routing,"The narrative includes 'Admission NC' and 'Admission IC', representing routing to an inpatient ward or intensive care unit.",34.0,discharge_disposition,16.0,0.5014682412147522,0.001703656860627234
V0757,admission_ward_routing,"The narrative includes 'Admission NC', representing admission to a non-critical inpatient ward.",8.0,discharge_disposition,3.0,0.35633787512779236,0.002682177582755685
V0758,admission_ward_routing,"The narrative includes 'Admission NC', representing admission to a non-critical inpatient ward.",5.0,discharge_disposition,1.0,0.04196071997284889,0.015186146833002567
V0759,,The narrative ends at IV Antibiotics without reaching any ward admission or discharge disposition step.,,admission_ward_routing,3.0,,0.06038370728492737
V0760,admission_ward_routing,"The narrative includes 'Admission NC', representing admission to a non-critical inpatient ward.",6.0,discharge_disposition,4.0,0.004302697721868753,0.0011162777664139867
V0761,admission_ward_routing,"The narrative includes 'Admission NC', representing admission to a non-critical inpatient ward.",6.0,discharge_disposition,1.0,0.13274584710597992,0.00013509762356989086
V0762,admission_ward_routing,"The narrative includes 'Admission IC' and 'Admission NC', representing routing to intensive care and inpatient wards.",24.0,discharge_disposition,12.0,0.20247896015644073,0.025106513872742653
V0763,admission_ward_routing,"The narrative includes 'Admission NC' and 'Admission IC', representing routing to inpatient and intensive care wards.",39.0,discharge_disposition,20.0,0.45709192752838135,0.00017225810734089464
V0764,,The narrative ends prematurely at ER Sepsis Triage and does not contain ward routing or discharge disposition.,,admission_ward_routing,3.0,,0.3366156816482544
V0765,admission_ward_routing,"The narrative includes 'Admission NC', representing admission to a non-critical inpatient ward.",7.0,discharge_disposition,5.0,0.431844562292099,0.0014531529741361737
V0766,admission_ward_routing,"The narrative includes 'Admission NC', representing admission to a non-critical inpatient ward.",6.0,discharge_disposition,1.0,0.24502982199192047,0.001767445937730372
V0767,admission_ward_routing,"The narrative includes 'Admission NC', representing admission to a non-critical inpatient ward.",6.0,discharge_disposition,2.0,0.7233052849769592,0.005749322474002838
V0768,admission_ward_routing,"The narrative includes 'Admission NC', representing admission to a non-critical inpatient ward.",8.0,discharge_disposition,3.0,0.34636786580085754,0.0015396312810480595
V0769,admission_ward_routing,"The narrative includes 'Admission NC', representing admission to a non-critical inpatient ward.",5.0,discharge_disposition,2.0,0.1203673705458641,0.0016244575381278992
V0770,admission_ward_routing,"The narrative includes 'Admission NC', representing admission to a non-critical inpatient ward.",10.0,discharge_disposition,3.0,0.45047542452812195,0.0009304405539296567
V0771,admission_ward_routing,"The narrative includes 'Admission NC', representing admission to a non-critical inpatient ward.",4.0,discharge_disposition,1.0,0.0029779181350022554,0.00017234835831914097
V0772,admission_ward_routing,"The narrative includes 'Admission NC', representing admission to a non-critical inpatient ward.",6.0,discharge_disposition,2.0,0.5244762301445007,0.35743820667266846
V0773,admission_ward_routing,"The narrative includes 'Admission NC', representing admission to a non-critical inpatient ward.",6.0,discharge_disposition,1.0,0.23926043510437012,0.004001944791525602
V0774,,The narrative terminates early at ER Sepsis Triage without reaching any admission or discharge activities.,,discharge_disposition,3.0,,0.3399728238582611
V0775,,The narrative stops at CRP and does not include ward routing or final discharge disposition.,,admission_ward_routing,2.0,,0.0038842447102069855
V0776,admission_ward_routing,"The narrative includes 'Admission NC', representing admission to a non-critical inpatient ward.",6.0,discharge_disposition,2.0,0.018766669556498528,6.692254828521982e-05
V0777,,The narrative terminates at Leucocytes and lacks ward admission or discharge disposition.,,admission_ward_routing,3.0,,0.3624292314052582
V0778,,The narrative terminates at Leucocytes without reaching ward admission or discharge steps.,,admission_ward_routing,3.0,,0.01478724554181099
V0779,admission_ward_routing,"The narrative includes 'Admission NC', representing admission to a non-critical inpatient ward.",6.0,discharge_disposition,3.0,0.4539724290370941,0.001513043069280684
V0780,admission_ward_routing,"The narrative includes 'Admission NC', representing admission to a non-critical inpatient ward.",15.0,discharge_disposition,8.0,0.13411585986614227,7.481849479518132e-06
V0781,admission_ward_routing,"The narrative includes 'Admission NC', representing admission to a non-critical inpatient ward.",8.0,discharge_disposition,5.0,0.46130236983299255,0.014111104421317577
V0782,admission_ward_routing,"The narrative includes 'Admission NC', representing admission to a non-critical inpatient ward.",9.0,discharge_disposition,3.0,0.12551766633987427,0.0008247224031947553
V0783,admission_ward_routing,"The narrative includes 'Admission NC', representing admission to a non-critical inpatient ward.",7.0,discharge_disposition,3.0,0.12038705497980118,0.0016441476764157414
V0784,admission_ward_routing,"The narrative includes 'Admission NC', representing admission to a non-critical inpatient ward.",12.0,discharge_disposition,5.0,0.13544154167175293,0.0011744064977392554
V0785,admission_ward_routing,"The narrative includes 'Admission NC', representing admission to a non-critical inpatient ward.",7.0,discharge_disposition,4.0,0.44957101345062256,2.603729626571294e-05
V0786,admission_ward_routing,"The narrative includes 'Admission NC', representing admission to a non-critical inpatient ward.",7.0,discharge_disposition,3.0,0.17142559587955475,0.005152614321559668
V0787,admission_ward_routing,"The narrative includes 'Admission NC', representing admission to a non-critical inpatient ward.",7.0,discharge_disposition,2.0,0.3727775514125824,0.0008671052637510002
V0788,admission_ward_routing,"The narrative includes 'Admission NC', representing admission to a non-critical inpatient ward.",3.0,discharge_disposition,2.0,0.12888607382774353,7.740608452877495e-06
V0789,admission_ward_routing,"The narrative includes 'Admission NC', representing admission to a non-critical inpatient ward.",5.0,discharge_disposition,3.0,0.015284094028174877,1.8557451767264865e-05
V0790,admission_ward_routing,"The narrative includes 'Admission NC', representing admission to a non-critical inpatient ward.",8.0,discharge_disposition,4.0,0.3404811918735504,0.0005068473401479423
V0791,,The narrative ends at IV Antibiotics without containing any ward routing or discharge disposition.,,discharge_disposition,3.0,,0.04513664171099663
V0792,admission_ward_routing,"The narrative includes 'Admission NC', representing admission to a non-critical inpatient ward.",5.0,discharge_disposition,3.0,0.45259881019592285,0.007811646908521652
V0793,admission_ward_routing,"The narrative includes 'Admission IC' and 'Admission NC', representing ward routing options.",6.0,discharge_disposition,3.0,0.18092860281467438,0.0035561390686780214
V0794,admission_ward_routing,"The narrative includes 'Admission NC', representing admission to a non-critical inpatient ward.",13.0,discharge_disposition,5.0,0.4905044138431549,0.00070331827737391
V0795,admission_ward_routing,"The narrative includes 'Admission NC' and 'Admission IC', representing routing choices to hospital wards.",40.0,discharge_disposition,20.0,0.10456620901823044,0.004784895572811365
V0796,admission_ward_routing,"The narrative includes 'Admission NC', representing admission to a non-critical inpatient ward.",6.0,discharge_disposition,3.0,0.34933972358703613,0.003915941808372736
V0797,admission_ward_routing,"The narrative includes 'Admission NC', representing admission to a non-critical inpatient ward.",8.0,discharge_disposition,3.0,0.42448675632476807,0.002117444993928075
V0798,admission_ward_routing,"The narrative includes 'Admission NC', representing admission to a non-critical inpatient ward.",7.0,discharge_disposition,2.0,0.5097692608833313,0.0017218432622030377
V0799,admission_ward_routing,"The narrative includes 'Admission NC', representing admission to a non-critical inpatient ward.",5.0,discharge_disposition,1.0,0.17176216840744019,0.018486009910702705
V0800,admission_ward_routing,"The narrative includes 'Admission NC', representing admission to a non-critical inpatient ward.",4.0,discharge_disposition,3.0,0.18577831983566284,0.005134254228323698
V0801,admission_ward_routing,"The narrative includes admission to a non-critical inpatient ward (Admission NC), realizing the patient ward routing choice.",6.0,discharge_disposition,3.0,0.004196209367364645,0.0010097891790792346
V0802,admission_ward_routing,The narrative features admission to a non-critical inpatient ward (Admission NC) and concludes with Release D.,6.0,discharge_disposition,2.0,0.33348438143730164,0.00750367296859622
V0803,admission_ward_routing,The patient is routed to both intensive care (Admission IC) and non-critical inpatient care (Admission NC).,8.0,discharge_disposition,6.0,0.45090237259864807,0.05543239414691925
V0804,admission_ward_routing,The narrative routes the patient to a non-critical inpatient ward (Admission NC) and ends with Release A before a return to ER.,4.0,discharge_disposition,2.0,0.5338038802146912,0.001471064519137144
V0805,admission_ward_routing,The narrative involves routing through intensive care (Admission IC) and non-critical inpatient care (Admission NC).,31.0,discharge_disposition,18.0,0.19284386932849884,0.015471418388187885
V0806,admission_ward_routing,The narrative includes admission to a non-critical inpatient ward (Admission NC) prior to release and an ER return.,5.0,discharge_disposition,3.0,0.5710824131965637,8.696131408214569e-05
V0807,admission_ward_routing,The narrative features admission to a non-critical inpatient ward (Admission NC).,7.0,discharge_disposition,2.0,0.24955035746097565,0.000743212120141834
V0808,admission_ward_routing,The narrative includes admission to a non-critical inpatient ward (Admission NC) before release and an ER return.,9.0,discharge_disposition,3.0,0.5013920664787292,2.477323323546443e-05
V0809,admission_ward_routing,The narrative contains multiple admissions to a non-critical inpatient ward (Admission NC).,10.0,discharge_disposition,5.0,0.01197111513465643,0.0006329219904728234
V0810,admission_ward_routing,The narrative features repeated routing to a non-critical inpatient ward (Admission NC).,4.0,discharge_disposition,3.0,0.009375859051942825,0.00016895815497264266
V0811,admission_ward_routing,The narrative involves routing to both intensive care (Admission IC) and a non-critical inpatient ward (Admission NC).,6.0,discharge_disposition,4.0,0.17270080745220184,0.00366909964941442
V0812,admission_ward_routing,The narrative features admissions to a non-critical inpatient ward (Admission NC) followed by release and ER return.,8.0,discharge_disposition,2.0,0.5845817923545837,0.013712174259126186
V0813,admission_ward_routing,The narrative includes admission to a non-critical inpatient ward (Admission NC).,15.0,discharge_disposition,7.0,0.13108642399311066,0.0030369095038622618
V0814,admission_ward_routing,The narrative includes admission to a non-critical inpatient ward (Admission NC).,4.0,discharge_disposition,1.0,0.12228882312774658,0.0002773843298200518
V0815,admission_ward_routing,The narrative features admissions to a non-critical inpatient ward (Admission NC) followed by release and ER return.,14.0,discharge_disposition,4.0,0.3539297878742218,0.00027410444454289973
V0816,,The narrative terminates at IV Antibiotics without any ward admission or final disposition routing.,,admission_ward_routing,2.0,,0.03522605448961258
V0817,admission_ward_routing,The narrative includes admission to a non-critical inpatient ward (Admission NC) and ends with Release C.,10.0,discharge_disposition,5.0,0.4819129407405853,0.0001831106055760756
V0818,admission_ward_routing,The narrative features admission to a non-critical inpatient ward (Admission NC).,13.0,discharge_disposition,5.0,0.12798774242401123,0.0016453536227345467
V0819,admission_ward_routing,The narrative includes multiple admissions to a non-critical inpatient ward (Admission NC).,7.0,discharge_disposition,5.0,0.0,0.0005369993159547448
V0820,,The variant terminates at LacticAcid measurement in the ER without reaching admission or disposition.,,admission_ward_routing,2.0,,0.35528209805488586
V0821,admission_ward_routing,The narrative features routing to a non-critical inpatient ward (Admission NC).,5.0,discharge_disposition,4.0,0.3874553143978119,0.0011746218660846353
V0822,admission_ward_routing,The narrative involves routing through intensive care (Admission IC) and non-critical inpatient care (Admission NC).,49.0,discharge_disposition,24.0,0.5003398060798645,0.0005752397119067609
V0823,admission_ward_routing,The narrative includes admission to a non-critical inpatient ward (Admission NC).,7.0,discharge_disposition,1.0,0.7681543231010437,0.007030779961496592
V0824,admission_ward_routing,The narrative features admission to a non-critical inpatient ward (Admission NC).,5.0,discharge_disposition,1.0,0.11660092324018478,0.000614195829257369
V0825,admission_ward_routing,The narrative includes admission to a non-critical inpatient ward (Admission NC).,7.0,discharge_disposition,1.0,0.6365481615066528,0.001801188918761909
V0826,admission_ward_routing,The narrative concludes immediately upon admission to a non-critical inpatient ward (Admission NC).,5.0,discharge_disposition,3.0,0.7536680698394775,0.36276569962501526
V0827,admission_ward_routing,The narrative features admission to a non-critical inpatient ward (Admission NC).,6.0,discharge_disposition,3.0,0.48655787110328674,0.0006282883114181459
V0828,admission_ward_routing,The narrative includes multiple sequential admissions to a non-critical inpatient ward (Admission NC).,11.0,discharge_disposition,4.0,0.5682241320610046,0.021267281845211983
V0829,admission_ward_routing,The narrative features multiple admissions to a non-critical inpatient ward (Admission NC).,4.0,discharge_disposition,3.0,0.004732571542263031,0.0015461514703929424
V0830,admission_ward_routing,The narrative includes repeated admissions to a non-critical inpatient ward (Admission NC).,6.0,discharge_disposition,4.0,0.003378227585926652,0.00019180744129698724
V0831,admission_ward_routing,The narrative includes admission to a non-critical inpatient ward (Admission NC) and concludes with Release D.,8.0,discharge_disposition,5.0,0.44702696800231934,0.006953094154596329
V0832,,The process terminates at IV Antibiotics in the ER without any ward routing or discharge disposition.,,admission_ward_routing,2.0,,0.044516388326883316
V0833,admission_ward_routing,The narrative features multiple admissions to a non-critical inpatient ward (Admission NC).,10.0,discharge_disposition,5.0,0.010677275247871876,0.0006609174888581038
V0834,admission_ward_routing,The narrative routes the patient to intensive care (Admission IC) and later a non-critical inpatient ward (Admission NC).,16.0,discharge_disposition,10.0,0.5732360482215881,6.898649007780477e-05
V0835,admission_ward_routing,The narrative includes admission to a non-critical inpatient ward (Admission NC).,5.0,discharge_disposition,1.0,0.13171611726284027,8.249037637142465e-05
V0836,admission_ward_routing,The narrative features multiple admissions to a non-critical inpatient ward (Admission NC).,10.0,discharge_disposition,4.0,0.006504323799163103,0.003317903494462371
V0837,admission_ward_routing,The narrative routes the patient to both intensive care (Admission IC) and a non-critical inpatient ward (Admission NC).,4.0,discharge_disposition,3.0,0.11732430011034012,0.00015448038175236434
V0838,admission_ward_routing,The narrative features admission to a non-critical inpatient ward (Admission NC).,5.0,discharge_disposition,1.0,0.3678981065750122,0.006124341394752264
V0839,admission_ward_routing,The narrative includes admission to a non-critical inpatient ward (Admission NC).,7.0,discharge_disposition,3.0,0.12935291230678558,4.314721445553005e-05
V0840,admission_ward_routing,The narrative includes routing to both intensive care (Admission IC) and a non-critical inpatient ward (Admission NC) before Release B.,55.0,discharge_disposition,31.0,0.5845581293106079,0.09014775604009628
V0841,admission_ward_routing,The narrative features admission to a non-critical inpatient ward (Admission NC).,4.0,discharge_disposition,2.0,0.17142677307128906,0.018150610849261284
V0842,admission_ward_routing,The narrative includes admission to a non-critical inpatient ward (Admission NC).,7.0,discharge_disposition,3.0,0.4675869047641754,5.056213922216557e-05
V0843,admission_ward_routing,The narrative includes admission to a non-critical inpatient ward (Admission NC) followed by IV Liquid.,7.0,discharge_disposition,2.0,0.7240243554115295,0.33354461193084717
V0844,admission_ward_routing,The narrative involves routing through intensive care (Admission IC) and a non-critical inpatient ward (Admission NC).,14.0,discharge_disposition,10.0,0.20413340628147125,0.0016343308379873633
V0845,admission_ward_routing,The narrative includes routing through intensive care (Admission IC) and a non-critical inpatient ward (Admission NC).,18.0,discharge_disposition,9.0,0.17958879470825195,0.0022163281682878733
V0846,admission_ward_routing,The narrative features admission to a non-critical inpatient ward (Admission NC).,5.0,discharge_disposition,2.0,0.18063302338123322,1.1024879313481506e-05
