variant_id,category_id,rationale,structural_distance_to_category_medoid,nearest_other_category_id,nearest_other_category_structural_distance,profile_distance_to_category_medoid,nearest_other_category_profile_distance
V0001,,The narrative ends at ER Sepsis Triage and does not reach any ward admission or discharge category.,,release_a,2.0,,0.3891150653362274
V0002,,The narrative terminates at CRP testing without any admission or release step.,,admission_nc,1.0,,0.37631967663764954
V0003,,"The narrative ends with Leucocytes testing, lacking admission or discharge dispositions.",,admission_nc,2.0,,0.3832360804080963
V0004,,The narrative concludes at IV Antibiotics administration and does not enter an inpatient ward or discharge flow.,,admission_nc,1.0,,0.08746704459190369
V0005,,The case stops at LacticAcid without proceeding to admission or release.,,admission_nc,1.0,,0.37761950492858887
V0006,,The narrative ends at IV Antibiotics without any admission or release categories.,,admission_nc,2.0,,0.06501110643148422
V0007,,The trace concludes at IV Antibiotics and does not reach ward admission or release.,,admission_nc,1.0,,0.05796925723552704
V0008,admission_nc,"The narrative includes Admission NC, realizing the admission to normal care inpatient ward category.",5.0,release_a,1.0,0.35159358382225037,0.0017786488169804215
V0009,,The sequence stops at IV Antibiotics and does not include admission or release events.,,admission_nc,2.0,,0.07609784603118896
V0010,,The narrative terminates at ER Sepsis Triage without reaching admission or discharge.,,release_a,2.0,,0.3388270139694214
V0011,,The trace ends at IV Antibiotics without any ward admission or release disposition.,,admission_nc,1.0,,0.061119209975004196
V0012,,The sequence ends at IV Antibiotics without reaching admission or release.,,admission_nc,2.0,,0.12144941836595535
V0013,,The narrative finishes at Leucocytes and lacks admission or release steps.,,admission_nc,3.0,,0.367016464471817
V0014,admission_nc,"The narrative includes Admission NC, realizing the admission to normal care inpatient ward category.",6.0,release_a,1.0,0.3474486172199249,0.000767590943723917
V0015,admission_nc,"The narrative includes Admission NC, realizing the admission to normal care inpatient ward category.",4.0,release_a,1.0,0.025362059473991394,0.001538728945888579
V0016,admission_nc,"The narrative includes Admission NC, realizing the admission to normal care inpatient ward category.",0.0,release_a,1.0,0.012927841395139694,6.932452379260212e-05
V0017,,The trace terminates at ER Sepsis Triage without admission or release.,,admission_nc,2.0,,0.36712613701820374
V0018,admission_nc,"The narrative includes Admission NC, realizing the admission to normal care inpatient ward category.",4.0,release_a,1.0,0.3465553820133209,0.00012561735638882965
V0019,,The trace finishes at IV Antibiotics and does not reach admission or release.,,release_a,3.0,,0.07660297304391861
V0020,,The sequence terminates at CRP testing without admission or release disposition.,,admission_nc,3.0,,0.3788929879665375
V0021,admission_nc,"The narrative includes Admission NC, realizing the admission to normal care inpatient ward category.",3.0,release_a,1.0,0.38331708312034607,0.0006289064767770469
V0022,admission_nc,"The narrative includes Admission NC, realizing the admission to normal care inpatient ward category.",4.0,release_a,2.0,0.3460136353969574,0.00066740857437253
V0023,admission_nc,"The narrative includes Admission NC, realizing the admission to normal care inpatient ward category.",6.0,release_a,1.0,0.38792896270751953,0.00020539744582492858
V0024,admission_nc,"The narrative includes Admission NC, realizing the admission to normal care inpatient ward category.",6.0,release_a,2.0,0.7838221192359924,0.3410704433917999
V0025,,The sequence ends at IV Antibiotics without any admission or release events.,,release_a,2.0,,0.06359736621379852
V0026,admission_nc,"The narrative includes Admission NC, realizing the admission to normal care inpatient ward category.",2.0,release_a,1.0,0.5302563309669495,0.04577702283859253
V0027,,The narrative stops at IV Antibiotics without reaching admission or release.,,admission_nc,3.0,,0.05877107381820679
V0028,admission_nc,"The narrative includes Admission NC, realizing the admission to normal care inpatient ward category.",3.0,release_a,1.0,0.415193647146225,0.0003073322877753526
V0029,,The narrative finishes at Leucocytes without admission or release dispositions.,,release_b,2.0,,0.36965814232826233
V0030,admission_nc,"The narrative includes Admission NC, realizing the admission to normal care inpatient ward category.",4.0,release_a,1.0,0.01425759494304657,0.00011264110798947513
V0031,,The trace terminates at LacticAcid without admission or release.,,release_b,3.0,,0.3540477454662323
V0032,admission_nc,"The narrative includes Admission NC, realizing the admission to normal care inpatient ward category.",6.0,release_a,1.0,0.3636672794818878,7.097923662513494e-05
V0033,admission_nc,"The narrative includes Admission NC, realizing the admission to normal care inpatient ward category.",4.0,release_a,1.0,0.5988398194313049,0.003758639097213745
V0034,,The trace finishes at IV Liquid without ward admission or release.,,admission_nc,2.0,,0.016784977167844772
V0035,admission_nc,"The narrative includes Admission NC, realizing the admission to normal care inpatient ward category.",3.0,release_a,1.0,0.0077952309511601925,9.696097549749538e-05
V0036,,The sequence terminates at CRP testing without admission or release.,,release_b,3.0,,0.38420066237449646
V0037,admission_nc,"The narrative includes Admission NC, realizing the admission to normal care inpatient ward category.",5.0,release_a,1.0,0.6885209083557129,0.0065433369018137455
V0038,,The narrative ends at IV Antibiotics without reaching admission or release steps.,,admission_nc,3.0,,0.06013834476470947
V0039,admission_nc,"The narrative includes Admission NC, realizing the admission to normal care inpatient ward category.",5.0,release_a,2.0,0.11781615018844604,0.0005369993159547448
V0040,admission_nc,"The narrative includes Admission NC, realizing the admission to normal care inpatient ward category.",5.0,release_b,1.0,0.7702324986457825,0.3391858637332916
V0041,admission_nc,"The narrative includes Admission NC, realizing the admission to normal care inpatient ward category.",1.0,release_a,1.0,0.12805397808551788,0.00026427218108437955
V0042,admission_nc,"The narrative includes Admission NC, realizing the admission to normal care inpatient ward category.",4.0,release_a,1.0,0.015568744391202927,4.5530483475886285e-05
V0043,,The trace ends at LacticAcid without admission or release disposition.,,admission_nc,2.0,,0.36644890904426575
V0044,admission_nc,"The narrative includes Admission NC, realizing the admission to normal care inpatient ward category.",2.0,release_a,1.0,0.01864929310977459,0.00030982462340034544
V0045,admission_nc,"The narrative includes Admission NC, realizing the admission to normal care inpatient ward category.",7.0,release_a,2.0,0.7247980237007141,0.002805172698572278
V0046,admission_nc,"The narrative includes Admission NC, realizing the admission to normal care inpatient ward category.",4.0,release_a,1.0,0.0,0.00018206116510555148
V0047,admission_nc,"The narrative includes Admission NC, realizing the admission to normal care inpatient ward category.",4.0,release_a,1.0,0.3667804002761841,0.0005718793836422265
V0048,admission_nc,"The narrative includes Admission NC, realizing the admission to normal care inpatient ward category.",2.0,release_a,1.0,0.00264758407138288,5.235307980910875e-05
V0049,admission_nc,"The narrative includes Admission NC, realizing the admission to normal care inpatient ward category.",6.0,release_a,2.0,0.43928399682044983,0.00011380133219063282
V0050,,The trace terminates at CRP testing without reaching admission or release.,,admission_nc,1.0,,0.37032926082611084
V0051,release_a,"The variant concludes with Release A, realizing the discharge disposition type A category.",3.0,admission_nc,2.0,0.12944914400577545,0.002407265594229102
V0052,,"The variant ends with Return ER after Release A, so it does not cleanly realize a primary release category.",,admission_nc,1.0,,0.0007076762267388403
V0053,release_a,"The variant concludes with Release A, realizing the discharge disposition type A category.",9.0,admission_nc,2.0,0.38241544365882874,0.002903180895373225
V0054,,The variant ends with Return ER following Release A.,,admission_nc,1.0,,0.0006520826718769968
V0055,,The variant ends with Return ER following Release A.,,admission_nc,1.0,,0.0005811529117636383
V0056,,The outcome is IV Antibiotics without any admission or release categories realized.,,admission_nc,2.0,,0.09129587560892105
V0057,release_a,"The variant concludes with Release A, realizing discharge disposition type A.",4.0,admission_nc,2.0,0.38008415699005127,0.0005718793836422265
V0058,release_a,"The variant concludes with Release A, realizing discharge disposition type A.",8.0,admission_nc,1.0,0.37483882904052734,0.004673418588936329
V0059,release_a,"The variant concludes with Release A, realizing discharge disposition type A.",2.0,admission_nc,2.0,0.03580353036522865,0.0022903818171471357
V0060,,The variant ends with Return ER.,,release_a,1.0,,0.001005847123451531
V0061,release_a,"The variant concludes with Release A, realizing discharge disposition type A.",4.0,release_d,2.0,0.006760756019502878,0.001824133680202067
V0062,,The outcome is IV Antibiotics without any admission or release categories realized.,,admission_nc,1.0,,0.06763414293527603
V0063,release_a,"The variant concludes with Release A, realizing discharge disposition type A.",12.0,release_b,6.0,0.005454994738101959,0.0009174887672998011
V0064,release_a,"The variant concludes with Release A, realizing discharge disposition type A.",6.0,admission_nc,3.0,0.18290001153945923,0.16752056777477264
V0065,release_a,"The variant concludes with Release A, realizing discharge disposition type A.",3.0,admission_nc,2.0,0.12566904723644257,0.00047669719788245857
V0066,release_a,"The variant concludes with Release A, realizing discharge disposition type A.",6.0,admission_nc,1.0,0.38287511467933655,0.003362850984558463
V0067,release_a,"The variant concludes with Release A, realizing discharge disposition type A.",6.0,admission_nc,3.0,0.008953345939517021,9.546783257974312e-05
V0068,release_b,"The variant concludes with Release B, realizing the discharge disposition type B category.",5.0,release_a,4.0,0.0,0.1732284426689148
V0069,release_a,"The variant concludes with Release A, realizing discharge disposition type A.",5.0,admission_nc,2.0,0.007503002882003784,0.001354874693788588
V0070,release_a,"The variant concludes with Release A, realizing discharge disposition type A.",5.0,release_d,2.0,0.19275180995464325,0.16698825359344482
V0071,,The variant ends with Return ER.,,release_a,3.0,,0.0008149051573127508
V0072,,The variant ends with Return ER.,,release_a,2.0,,0.00031539765768684447
V0073,release_a,"The variant concludes with Release A, realizing discharge disposition type A.",5.0,admission_nc,2.0,0.016926264390349388,0.0015468252822756767
V0074,,The variant ends with Return ER.,,release_a,1.0,,0.0014986841706559062
V0075,,The variant ends with Return ER.,,release_a,4.0,,0.0016834265552461147
V0076,release_b,"The variant concludes with Release B, realizing the discharge disposition type B category.",6.0,release_a,2.0,0.35440078377723694,0.0065433369018137455
V0077,release_b,"The variant concludes with Release B, realizing the discharge disposition type B category.",6.0,admission_nc,4.0,0.24737389385700226,0.25393566489219666
V0078,,The variant ends with Return ER.,,release_a,5.0,,0.0014013733016327024
V0079,release_a,"The variant concludes with Release A, realizing discharge disposition type A.",7.0,admission_nc,2.0,0.19278836250305176,0.16702480614185333
V0080,,The variant ends with Return ER.,,release_a,4.0,,0.00043312355410307646
V0081,,The outcome is IV Liquid without any admission or release categories realized.,,admission_nc,3.0,,0.09744075685739517
V0082,release_a,"The variant concludes with Release A, realizing discharge disposition type A.",7.0,admission_nc,3.0,0.35728147625923157,0.1950421929359436
V0083,,The variant ends with Return ER.,,admission_nc,2.0,,0.0001340450980933383
V0084,release_c,"The variant concludes with Release C, realizing the discharge disposition type C category.",5.0,release_b,3.0,0.1383093148469925,0.33340534567832947
V0085,,The variant ends with Return ER.,,admission_nc,2.0,,0.00043503878987394273
V0086,release_a,"The variant concludes with Release A, realizing discharge disposition type A.",6.0,admission_nc,1.0,0.023590875789523125,0.002068821107968688
V0087,release_a,"The variant concludes with Release A, realizing discharge disposition type A.",5.0,admission_nc,3.0,0.12403178215026855,0.0018202080391347408
V0088,,The outcome is IV Antibiotics without any admission or release categories realized.,,admission_nc,3.0,,0.11522545665502548
V0089,,The variant ends with Return ER.,,release_a,5.0,,0.0004765109915751964
V0090,release_a,"The variant concludes with Release A, realizing discharge disposition type A.",6.0,release_c,3.0,0.016834812238812447,0.0014553748769685626
V0091,release_c,"The variant concludes with Release C, realizing the discharge disposition type C category.",13.0,release_a,8.0,0.08758944272994995,0.3336044251918793
V0092,,The outcome is LacticAcid without any admission or release categories realized.,,release_a,2.0,,0.09228887408971786
V0093,release_d,"The variant concludes with Release D, realizing the discharge disposition type D category.",6.0,release_a,2.0,0.14002251625061035,0.22023777663707733
V0094,,The variant ends with Return ER.,,release_a,1.0,,0.0006598744075745344
V0095,release_a,"The variant concludes with Release A, realizing discharge disposition type A.",5.0,admission_nc,2.0,0.03357747569680214,0.0021963289473205805
V0096,release_a,"The variant concludes with Release A, realizing discharge disposition type A.",6.0,admission_nc,1.0,0.35102415084838867,0.005738748703151941
V0097,release_a,"The variant concludes with Release A, realizing discharge disposition type A.",4.0,admission_nc,1.0,0.1254587024450302,0.0006870361976325512
V0098,,The variant ends with Return ER.,,release_a,1.0,,0.00012047109339619055
V0099,release_a,"The variant concludes with Release A, realizing discharge disposition type A.",4.0,admission_nc,2.0,0.11987689882516861,0.000992448884062469
V0100,release_a,"The variant concludes with Release A, realizing discharge disposition type A.",4.0,admission_nc,1.0,0.017959458753466606,0.002580020111054182
V0101,release_a,"The narrative culminates in Release A, realizing the discharge disposition type A goal.",8.0,admission_nc,4.0,0.4279285967350006,0.0013764862669631839
V0102,release_a,"The narrative ends with Release A, matching the discharge disposition type A category.",4.0,admission_nc,3.0,0.1296493411064148,0.0022070661652833223
V0103,release_a,"The patient is discharged via Release A, fulfilling the corresponding taxonomy goal.",6.0,admission_nc,5.0,0.13969536125659943,0.0010904624359682202
V0104,release_a,"The process includes Release A before returning to ER, thus realizing the release_a category.",9.0,admission_nc,2.0,0.7459506988525391,0.033884577453136444
V0105,release_b,"The narrative terminates with Release B, realizing the discharge disposition type B goal.",8.0,release_a,4.0,0.021725786849856377,0.1761797070503235
V0106,release_a,"The narrative ends with Release A, aligning with the release_a category.",9.0,release_c,3.0,0.16826117038726807,0.08404592424631119
V0107,release_a,"The workflow completes with Release A, realizing the discharge disposition type A category.",6.0,admission_nc,4.0,0.004118672106415033,0.0008179508149623871
V0108,release_a,"The patient receives Release A prior to an ER return, realizing the release_a category.",4.0,admission_nc,2.0,0.3542792797088623,0.00256820279173553
V0109,release_a,"The narrative features Release A as its discharge path, matching release_a.",7.0,admission_nc,2.0,0.6261156797409058,0.11197053641080856
V0110,release_a,"The narrative includes Release A, realizing the discharge disposition type A category.",8.0,admission_nc,2.0,0.7499873638153076,0.03792121633887291
V0111,admission_nc,"The variant ends at Admission NC without further progression, realizing the admission to normal care inpatient ward category.",5.0,release_a,1.0,0.7758385539054871,0.33357980847358704
V0112,release_a,"The narrative includes Release A before an ER return, realizing the release_a category.",4.0,admission_nc,3.0,0.5062620639801025,0.005918651819229126
V0113,release_b,"The workflow concludes with Release B, realizing the discharge disposition type B category.",8.0,admission_nc,2.0,0.3651614487171173,0.2606121003627777
V0114,release_a,"The narrative ends with Release A, matching the release_a category.",6.0,admission_nc,3.0,0.13551732897758484,0.0036609238013625145
V0115,release_a,"The process includes Release A, realizing the discharge disposition type A category.",5.0,admission_nc,4.0,0.42864349484443665,0.0020913672633469105
V0116,release_a,"The narrative ends with Release A before a return to ER, realizing release_a.",5.0,admission_nc,1.0,0.39134398102760315,0.0026055171620100737
V0117,release_d,"The narrative terminates with Release D, realizing the discharge disposition type D category.",7.0,admission_nc,2.0,0.3800358474254608,0.006395623087882996
V0118,release_a,"The workflow concludes with Release A, realizing the release_a category.",5.0,admission_nc,3.0,0.017522422596812248,0.01037553045898676
V0119,release_a,"The narrative features Release A, matching the discharge disposition type A category.",6.0,admission_nc,2.0,0.011857488192617893,0.0008743650396354496
V0120,release_a,"The patient is discharged via Release A, fulfilling the release_a category.",9.0,admission_nc,5.0,0.5555859208106995,0.017988337203860283
V0121,release_a,"The process includes Release A, realizing the discharge disposition type A goal.",5.0,admission_nc,2.0,0.3959503173828125,0.0007203731220215559
V0122,release_a,"The narrative ends with Release A, realizing the release_a category.",3.0,admission_nc,1.0,0.017666222527623177,0.010519330389797688
V0123,release_a,"The narrative includes Release A before an ER return, aligning with release_a.",10.0,release_c,6.0,0.47200170159339905,0.00400783633813262
V0124,release_a,"The workflow leads to Release A, realizing the discharge disposition type A category.",4.0,admission_nc,1.0,0.33501124382019043,0.004188743885606527
V0125,release_a,"The narrative contains Release A prior to an ER return, realizing the release_a category.",12.0,admission_nc,8.0,0.5397911667823792,0.0021829388570040464
V0126,release_a,"The patient experiences Release A, realizing the discharge disposition type A category.",6.0,admission_nc,3.0,0.5565704703330994,0.11634121090173721
V0127,,"The narrative ends at LacticAcid without reaching an admission or discharge goal, falling into the residual.",,release_b,2.0,,0.3333404064178467
V0128,release_a,"The narrative includes Release A before returning to the ER, realizing the release_a category.",14.0,admission_ic,7.0,0.5269414782524109,0.010666850954294205
V0129,release_a,"The process includes Release A prior to an ER return, realizing the release_a category.",21.0,admission_nc,12.0,0.5533310770988464,0.0024876133538782597
V0130,release_a,"The narrative concludes with Release A, realizing the discharge disposition type A category.",4.0,admission_nc,2.0,0.023272523656487465,0.002387170447036624
V0131,release_a,"The process features Release A before an ER return, matching the release_a category.",9.0,admission_nc,3.0,0.6697755455970764,0.2315760999917984
V0132,,"The process stops at IV Antibiotics without reaching an admission or release goal, forming part of the residual.",,admission_nc,4.0,,0.3541009724140167
V0133,,"The narrative ends at IV Antibiotics without any admission or release outcome, placing it in the residual.",,release_a,4.0,,0.3394845724105835
V0134,release_a,"The workflow includes Release A before an ER return, realizing the release_a category.",17.0,admission_nc,10.0,0.5776081085205078,0.006653722375631332
V0135,release_a,"The narrative culminates in Release A, realizing the discharge disposition type A category.",5.0,admission_nc,3.0,0.0295835230499506,0.0002452910994179547
V0136,release_a,"The narrative includes Release A prior to returning to the ER, realizing the release_a category.",19.0,admission_ic,13.0,0.5279905796051025,0.0030190572142601013
V0137,,"The variant terminates at LacticAcid without any qualifying admission or release outcome, belonging to the residual.",,release_a,2.0,,0.10903880000114441
V0138,release_c,"The narrative ends with Release C, realizing the discharge disposition type C category.",2.0,release_a,2.0,0.13761679828166962,0.33340248465538025
V0139,release_a,"The process concludes with Release A, realizing the discharge disposition type A category.",21.0,admission_ic,12.0,0.17792421579360962,0.0886436179280281
V0140,release_a,"The narrative features Release A before an ER return, realizing the release_a category.",7.0,admission_nc,4.0,0.5357482433319092,0.004738577641546726
V0141,release_a,"The process includes Release A prior to an ER return, realizing the release_a category.",8.0,admission_nc,7.0,0.5187110900878906,0.009763986803591251
V0142,release_a,"The narrative ends with Release A, realizing the discharge disposition type A category.",4.0,admission_nc,2.0,0.007315053138881922,0.0015428244369104505
V0143,release_a,"The workflow finishes with Release A before an ER return, realizing the release_a category.",7.0,admission_nc,3.0,0.34454524517059326,0.003066557226702571
V0144,release_a,"The narrative terminates with Release A, realizing the discharge disposition type A category.",6.0,release_c,5.0,0.12547017633914948,0.0006755487411282957
V0145,release_b,"The narrative concludes with Release B, realizing the discharge disposition type B category.",105.0,release_a,47.0,0.2256491780281067,0.046769771724939346
V0146,,"The narrative stops at Leucocytes without an admission or release milestone, fitting into the residual.",,admission_nc,3.0,,0.28501901030540466
V0147,release_b,"The narrative terminates with Release B, realizing the discharge disposition type B category.",5.0,release_a,2.0,0.0019673386123031378,0.17126111686229706
V0148,,"The process ends at IV Antibiotics without reaching any defined admission or release category, placing it in the residual.",,admission_nc,2.0,,0.053657982498407364
V0149,release_a,"The narrative features Release A, realizing the discharge disposition type A category.",7.0,admission_nc,4.0,0.01694491319358349,0.001565474085509777
V0150,release_b,"The workflow concludes with Release B, realizing the discharge disposition type B category.",8.0,release_a,4.0,0.02203805185854435,0.17649197578430176
V0151,release_d,"The narrative ends with Release D, directly realizing Discharge Disposition Type D.",15.0,release_a,8.0,0.44845911860466003,0.001840634853579104
V0152,release_a,"The narrative ends with Release A, realizing Discharge Disposition Type A.",9.0,admission_nc,5.0,0.37128308415412903,0.18104058504104614
V0153,release_a,"The narrative concludes with Release A, fulfilling the criteria for Discharge Disposition Type A.",8.0,admission_nc,3.0,0.35094019770622253,0.0006221384392119944
V0154,release_a,"Despite the return to ER later, the primary discharge pathway is Release A.",5.0,admission_nc,5.0,0.5771765112876892,0.006222136784344912
V0155,release_a,The patient is discharged via Release A prior to the post-discharge ER return.,5.0,admission_nc,3.0,0.5398070216178894,0.006928617600351572
V0156,release_a,"The narrative concludes with Release A, representing Discharge Disposition Type A.",6.0,admission_nc,2.0,0.33443188667297363,0.2200889140367508
V0157,release_a,The narrative concludes with Release A after normal care admission.,9.0,admission_nc,6.0,0.36390015482902527,0.0014119163388386369
V0158,release_a,The final disposition before ER return is Release A.,4.0,admission_nc,3.0,0.11933472752571106,0.0015346285654231906
V0159,release_a,"Discharge event is Release A, fulfilling Discharge Disposition Type A.",6.0,admission_nc,2.0,0.11899423599243164,0.0018563204212114215
V0160,release_a,The discharge event in the flow is Release A.,5.0,admission_nc,3.0,0.4616328179836273,0.004806386306881905
V0161,release_a,The patient is released via Release A before any subsequent ER return.,7.0,admission_nc,3.0,0.5480968952178955,0.0013613001210615039
V0162,release_b,"The narrative concludes with Release B, realizing Discharge Disposition Type B.",6.0,release_a,2.0,0.12079416960477829,0.12735594809055328
V0163,release_a,The narrative completes with Release A.,5.0,admission_nc,2.0,0.4058655798435211,0.0021020262502133846
V0164,release_a,Discharge path taken is Release A.,9.0,release_d,6.0,0.5059947371482849,0.002952434355393052
V0165,release_a,The case concludes with Release A.,6.0,admission_nc,1.0,0.35329070687294006,0.0029726705979555845
V0166,release_a,The final treatment phase resolves with Release A.,7.0,admission_nc,4.0,0.1210278570652008,0.00015850765339564532
V0167,release_a,The pathway concludes via Release A.,8.0,admission_nc,7.0,0.13753394782543182,0.00911297369748354
V0168,release_a,Discharge is recorded as Release A.,11.0,admission_nc,7.0,0.527099072933197,0.010509226471185684
V0169,release_a,The case ends with Release A.,4.0,admission_nc,2.0,0.1354426145553589,0.003586207516491413
V0170,release_b,"The narrative concludes with Release B, realizing Discharge Disposition Type B.",7.0,release_c,3.0,0.1337714046239853,0.12155866622924805
V0171,release_a,The narrative finishes with Release A.,7.0,admission_nc,4.0,0.3440646827220917,0.0025859877932816744
V0172,release_a,Discharge follows Release A.,17.0,admission_nc,8.0,0.3607647120952606,0.004547347780317068
V0173,release_a,The pathway leads to Release A.,8.0,admission_nc,4.0,0.025402577593922615,0.0002571165969129652
V0174,release_a,Discharge is marked by Release A.,45.0,release_b,22.0,0.4899185597896576,0.009814383462071419
V0175,release_a,The final activity before return is Release A.,4.0,admission_nc,2.0,0.12567274272441864,0.00047299955622293055
V0176,release_a,The sequence terminates with Release A.,7.0,admission_nc,6.0,0.013337201438844204,0.0002998188720084727
V0177,release_a,Discharge occurs via Release A.,3.0,release_d,3.0,0.13138198852539062,0.000474410509923473
V0178,release_a,The variant concludes with Release A.,16.0,admission_nc,9.0,0.13108320534229279,0.006308223586529493
V0179,release_a,The case finishes with Release A.,6.0,admission_nc,3.0,0.5239884853363037,0.004952473100274801
V0180,release_a,Discharge is processed through Release A.,10.0,admission_nc,4.0,0.7152121663093567,0.23568369448184967
V0181,release_a,The primary clinical outcome before late diagnostics is Release A.,9.0,admission_nc,5.0,0.3342682123184204,0.33488237857818604
V0182,release_a,The patient is discharged via Release A.,18.0,admission_ic,11.0,0.16806526482105255,0.0870390310883522
V0183,release_a,The pathway concludes with Release A.,10.0,admission_nc,6.0,0.49254488945007324,0.013016493059694767
V0184,release_a,Discharge is executed via Release A.,5.0,admission_nc,2.0,0.2493474930524826,0.02519840933382511
V0185,release_a,The case terminates with Release A.,17.0,release_c,11.0,0.17561520636081696,0.08804864436388016
V0186,release_a,The flow finishes at Release A.,6.0,release_d,4.0,0.19456125795841217,0.08511346578598022
V0187,,Incomplete pathway ending in diagnostic assessment; does not match any admission or release goal category.,,admission_nc,3.0,,0.3373466432094574
V0188,release_a,The narrative concludes with Release A.,7.0,admission_nc,3.0,0.2546330690383911,0.11384724825620651
V0189,release_a,Discharge disposition is Release A.,3.0,admission_nc,3.0,0.018141036853194237,0.002761597977951169
V0190,release_a,The narrative concludes with Release A.,7.0,admission_nc,2.0,0.18426881730556488,0.1688893586397171
V0191,release_a,Discharge is achieved through Release A.,9.0,admission_nc,6.0,0.37262675166130066,0.0020415193866938353
V0192,release_a,The patient is discharged via Release A.,6.0,admission_nc,3.0,0.5546985268592834,0.007962931878864765
V0193,release_a,The case ends with Release A.,9.0,release_d,6.0,0.006393044721335173,2.0560904886224307e-05
V0194,release_a,The sequence culminates in Release A.,7.0,admission_nc,2.0,0.004726229701191187,0.0002103931619785726
V0195,release_a,Discharge is processed via Release A.,6.0,admission_nc,2.0,0.02358940802514553,0.002070288872346282
V0196,,The variant ends with an unspecified or malformed release activity (Release E) which is not part of the taxonomy.,,release_d,15.0,,0.0017006737180054188
V0197,,Incomplete process path ending in Leucocytes without reaching any admission or release category.,,admission_nc,1.0,,0.2589362859725952
V0198,release_a,The narrative ends with Release A.,7.0,admission_nc,2.0,0.36400189995765686,0.1883217841386795
V0199,release_a,The patient is discharged via Release A.,8.0,admission_nc,4.0,0.36361777782440186,0.0016942891525104642
V0200,release_a,The narrative concludes with Release A.,3.0,admission_nc,1.0,0.34407076239585876,0.0025920977350324392
V0201,release_a,The variant ends with Release A pathway.,22.0,release_d,12.0,0.5101239681243896,0.0011768318945541978
V0202,release_a,The variant concludes with Release A.,4.0,admission_nc,2.0,0.036341626197099686,0.0017522848211228848
V0203,release_a,The discharge pathway is Release A.,7.0,admission_nc,4.0,0.3508644998073578,7.097923662513494e-05
V0204,release_a,The variant finishes at Release A.,4.0,admission_nc,2.0,0.015146461315453053,0.00023297588631976396
V0205,release_d,The variant's outcome is Release D.,17.0,release_a,9.0,0.012281385250389576,0.09571164846420288
V0206,release_b,The variant finishes with Release B.,7.0,admission_nc,3.0,0.36165082454681396,0.013793335296213627
V0207,release_a,The variant's outcome is Release A.,5.0,admission_nc,2.0,0.023873882368206978,0.0017858132487162948
V0208,release_a,The variant concludes via Release A.,8.0,admission_nc,5.0,0.13156025111675262,0.00029615717357955873
V0209,release_a,The variant leads to Release A.,7.0,admission_nc,2.0,0.37315940856933594,0.0063528516329824924
V0210,release_a,The variant ends with Release A before a return to ER.,6.0,admission_nc,4.0,0.40466514229774475,0.002203351818025112
V0211,release_a,The sequence includes Release A prior to Return ER.,5.0,release_d,3.0,0.38038167357444763,0.0022183835972100496
V0212,release_a,The variant finishes at Release A before Return ER.,6.0,admission_nc,5.0,0.46591344475746155,0.0005257689044810832
V0213,release_a,The variant has a Release A step before Return ER.,9.0,admission_nc,4.0,0.674827516078949,0.2360561490058899
V0214,release_a,The narrative terminates at Release A.,4.0,admission_nc,2.0,0.030491793528199196,0.0008893530466593802
V0215,release_a,The narrative's final discharge step is Release A.,8.0,release_d,4.0,0.005095456261187792,0.0012770274188369513
V0216,release_a,The narrative incorporates Release A prior to Return ER.,8.0,admission_nc,4.0,0.4954260289669037,0.015897588804364204
V0217,,The narrative ends at IV Antibiotics without reaching a defined release or admission category.,,release_a,4.0,,0.09954611212015152
V0218,release_b,The narrative concludes with Release B.,13.0,release_a,10.0,0.197331503033638,0.037226609885692596
V0219,,The narrative terminates early at Leucocytes without reaching any release or admission stage.,,release_a,2.0,,0.23908162117004395
V0220,release_a,The narrative includes Release A prior to Return ER.,5.0,admission_nc,2.0,0.3732002079486847,0.0019969227723777294
V0221,release_a,The narrative concludes at Release A.,6.0,admission_nc,4.0,0.2607724666595459,0.13235148787498474
V0222,release_a,The narrative finishes at Release A.,12.0,release_c,7.0,0.11565542221069336,0.006851419806480408
V0223,release_a,The narrative ends with Release A.,2.0,admission_nc,2.0,0.22356729209423065,0.05097861960530281
V0224,release_a,The narrative contains Release A before Return ER.,5.0,admission_nc,2.0,0.4393184185028076,0.012766260653734207
V0225,release_b,The narrative ends with Release B.,10.0,admission_nc,4.0,0.25549080967903137,0.34730076789855957
V0226,release_a,The narrative terminates at Release A.,6.0,admission_nc,3.0,0.1367940753698349,0.00399176636710763
V0227,release_d,The narrative records a Release D outcome.,7.0,release_a,3.0,0.336277037858963,0.00023641105508431792
V0228,release_a,The narrative leads to Release A.,6.0,admission_nc,3.0,0.22239385545253754,0.11324656009674072
V0229,release_a,The narrative includes Release A before Return ER.,6.0,admission_nc,3.0,0.3514864444732666,0.024019764736294746
V0230,release_a,The narrative includes Release A prior to Return ER.,5.0,admission_nc,3.0,0.491645485162735,0.012117087841033936
V0231,release_a,The narrative incorporates Release A before Return ER.,5.0,admission_nc,2.0,0.526244580745697,0.004765125457197428
V0232,,The narrative terminates at IV Antibiotics without final admission or release categories.,,admission_nc,1.0,,0.08428135514259338
V0233,release_a,The narrative includes Release A prior to Return ER.,7.0,admission_nc,2.0,0.3719724714756012,0.0013872712152078748
V0234,,The narrative ends at Leucocytes without matching any release or admission category.,,admission_nc,2.0,,0.36329925060272217
V0235,release_a,The narrative terminates at Release A.,7.0,admission_nc,3.0,0.20167313516139984,0.16975410282611847
V0236,release_a,The narrative concludes with Release A.,8.0,admission_nc,2.0,0.3621377944946289,0.19018590450286865
V0237,release_a,The narrative includes Release A before Return ER.,5.0,admission_nc,1.0,0.4476865828037262,0.00948717724531889
V0238,release_a,The narrative ends with Release A.,6.0,admission_nc,4.0,0.11595219373703003,0.001185719040222466
V0239,release_c,The narrative concludes with Release C.,10.0,release_b,6.0,0.019804323092103004,0.33454981446266174
V0240,release_a,The narrative terminates at Release A.,4.0,release_d,3.0,0.02739907056093216,0.0004096225602552295
V0241,release_a,The narrative includes Release A prior to Return ER.,9.0,admission_nc,4.0,0.4898409843444824,0.0103125786408782
V0242,release_a,The narrative includes Release A before Return ER.,8.0,admission_nc,2.0,0.5737016201019287,0.01240634173154831
V0243,release_a,The narrative finishes at Release A before Return ER.,27.0,admission_nc,15.0,0.5599926114082336,0.07910116761922836
V0244,release_a,The narrative concludes with Release A.,9.0,admission_nc,6.0,0.12123451381921768,0.0003651609004009515
V0245,release_a,The narrative terminates at Release A.,11.0,admission_nc,8.0,0.12694871425628662,0.002173741115257144
V0246,release_a,The narrative ends with Release A.,8.0,admission_nc,5.0,0.12232368439435959,0.005265321582555771
V0247,release_b,The narrative concludes with Release B.,11.0,release_a,8.0,0.1072438582777977,0.09503111243247986
V0248,release_a,The narrative incorporates Release A before Return ER.,13.0,release_b,8.0,0.5204105973243713,0.011463511735200882
V0249,release_a,The narrative terminates at Release A.,4.0,admission_nc,3.0,0.04401431605219841,0.0006097574951127172
V0250,release_a,The narrative includes Release A prior to Return ER.,7.0,admission_nc,4.0,0.40798792243003845,2.027826849371195e-05
V0251,admission_ic,The narrative includes direct admission to the Intensive Care unit via Admission IC before subsequent care.,0.0,release_a,4.0,0.0,0.0011768318945541978
V0252,admission_nc,The narrative shows admission to a standard inpatient ward via Admission NC and ends with Release A.,4.0,release_a,2.0,0.11408471316099167,5.303269063006155e-06
V0253,admission_nc,The narrative shows admission to a standard inpatient ward via Admission NC and ends with Release A.,3.0,release_a,2.0,0.34403106570243835,0.005738748703151941
V0254,release_d,The narrative features multiple standard ward stays and ultimately concludes with Release D.,17.0,release_a,9.0,0.02873574197292328,0.0874093770980835
V0255,admission_nc,The narrative features Admission NC and concludes with Release A.,4.0,release_a,3.0,0.11912455409765244,1.0050053788290825e-05
V0256,admission_nc,The narrative features Admission NC and Release A prior to returning to the ER.,6.0,release_a,2.0,0.5249125957489014,0.001205101958476007
V0257,admission_ic,The narrative includes Admission IC early in the sequence before transitioning to normal care and Release A.,13.0,release_a,8.0,0.40378329157829285,0.0019075862364843488
V0258,admission_nc,The narrative includes Admission NC and terminates with Release B.,8.0,release_a,5.0,0.4452127516269684,0.0031843918841332197
V0259,admission_nc,The narrative includes Admission NC and terminates with Release A.,4.0,release_a,2.0,0.00030552817042917013,0.00011997407273156568
V0260,,The narrative terminates at IV Antibiotics without reaching a ward admission or a recognized release category.,,admission_nc,2.0,,0.049976129084825516
V0261,admission_nc,The narrative features Admission NC and Release A before a return to the ER.,9.0,release_a,4.0,0.39533188939094543,0.0003742961271200329
V0262,admission_nc,The narrative features Admission NC and Release A before an ER return.,8.0,release_a,3.0,0.36444291472435,0.0008465871214866638
V0263,admission_nc,The narrative features Admission NC and Release A before an ER return.,6.0,release_a,2.0,0.4014703333377838,0.0026055171620100737
V0264,admission_nc,The narrative includes Admission NC and concludes with Release A.,4.0,release_a,2.0,0.11341387778520584,0.00016895815497264266
V0265,admission_nc,The narrative includes Admission NC and Release A before an ER return.,4.0,release_a,2.0,0.5503293871879578,0.017988337203860283
V0266,admission_nc,The narrative includes Admission NC and concludes with Release A.,5.0,release_a,2.0,0.12101733684539795,0.000522226036991924
V0267,admission_nc,The narrative includes Admission NC and concludes with Release A.,7.0,release_a,3.0,0.12153586000204086,3.706371217049309e-06
V0268,,The narrative ends at Leucocytes without achieving ward admission or any release disposition.,,release_a,2.0,,0.07482597976922989
V0269,admission_nc,The narrative includes Admission NC and Release A before an ER return.,8.0,release_a,1.0,0.42069947719573975,2.027826849371195e-05
V0270,admission_nc,The narrative includes Admission NC and Release A before an ER return.,8.0,release_a,3.0,0.4136594533920288,0.0011227871291339397
V0271,admission_ic,The narrative includes direct Admission IC followed by normal care and terminates with Release B.,7.0,release_b,6.0,0.40568527579307556,0.002466572681441903
V0272,admission_nc,The narrative features Admission NC and concludes with Release A.,8.0,release_a,3.0,0.019104337319731712,2.0560904886224307e-05
V0273,admission_ic,The narrative includes multiple ward admissions including Admission IC and terminates with Release D.,71.0,release_b,43.0,0.4374586045742035,0.041752103716135025
V0274,admission_nc,The narrative includes Admission NC and concludes with Release C.,5.0,release_a,3.0,0.6948288083076477,0.33583006262779236
V0275,admission_ic,The narrative includes direct Admission IC and ultimately concludes with Release A.,17.0,release_a,9.0,0.4151459038257599,0.0009773572674021125
V0276,admission_nc,The narrative includes Admission NC and concludes with Release A.,4.0,release_a,2.0,0.01660637930035591,0.0002452910994179547
V0277,admission_ic,The narrative includes Admission IC followed by normal care and Release A prior to an ER return.,11.0,release_a,6.0,0.02866113744676113,0.0021829388570040464
V0278,admission_nc,The narrative includes Admission NC and concludes with Release A.,8.0,release_a,2.0,0.0036392773035913706,1.248331227543531e-05
V0279,admission_nc,The narrative includes Admission NC and Release A before an ER return.,11.0,release_a,4.0,0.3542105257511139,0.0025859877932816744
V0280,admission_nc,The narrative includes Admission NC and Release A before an ER return.,13.0,release_a,3.0,0.41037675738334656,1.1670806998154148e-05
V0281,admission_nc,The narrative includes Admission NC and concludes with Release A.,8.0,release_c,5.0,0.0121176578104496,0.000614195829257369
V0282,admission_nc,The narrative includes Admission NC and concludes with Release A.,7.0,release_a,3.0,0.003873975947499275,1.6643315348119359e-06
V0283,admission_nc,The narrative includes Admission NC and concludes with Release C.,25.0,release_a,8.0,0.49226030707359314,0.00026249856455251575
V0284,admission_nc,The narrative includes Admission NC and Release A before an ER return.,8.0,release_a,3.0,0.5317678451538086,0.0012199891498312354
V0285,admission_nc,The narrative includes Admission NC and concludes with Release A.,11.0,release_a,4.0,0.13750682771205902,0.0002652652619872242
V0286,admission_nc,The narrative includes Admission NC and concludes with Release A.,8.0,release_a,2.0,0.3375861942768097,0.0006221384392119944
V0287,,The narrative ends at CRP without reaching any ward admission or release category.,,release_a,2.0,,0.3696722984313965
V0288,admission_nc,The narrative includes Admission NC and Release A before an ER return.,7.0,release_a,2.0,0.3519318103790283,0.0018284408142790198
V0289,admission_nc,The narrative includes Admission NC and concludes with Release A.,5.0,release_a,2.0,0.03067270666360855,0.00025890138931572437
V0290,admission_nc,The narrative includes Admission NC and Release A before an ER return.,9.0,release_a,5.0,0.5594674944877625,0.0003389155026525259
V0291,admission_nc,The narrative includes Admission NC and concludes with Release A.,4.0,release_a,2.0,0.26181402802467346,0.02519840933382511
V0292,,The narrative terminates at Leucocytes without reaching any ward admission or release category.,,release_a,2.0,,0.4081244170665741
V0293,admission_nc,The narrative includes Admission NC and concludes with Release A.,3.0,release_a,1.0,0.18163031339645386,0.00437926547601819
V0294,admission_nc,The narrative includes Admission NC and concludes with Release A.,5.0,release_a,2.0,0.11274249106645584,0.0001266155013581738
V0295,admission_nc,The narrative includes Admission NC and terminates with IV Antibiotics without a release outcome.,6.0,release_a,2.0,0.7148275375366211,0.33373406529426575
V0296,admission_nc,The narrative includes Admission NC and Release A before an ER return.,7.0,release_a,2.0,0.4509313106536865,0.009189937263727188
V0297,admission_nc,The narrative includes Admission NC and Release A before an ER return.,5.0,release_a,1.0,0.41455045342445374,0.00033583759795874357
V0298,admission_nc,The narrative includes Admission NC and concludes with Release A.,3.0,release_a,2.0,0.013031692244112492,3.452698001638055e-05
V0299,admission_nc,The narrative includes Admission NC and concludes with Release A.,13.0,release_a,4.0,0.019878746941685677,0.0006092095864005387
V0300,admission_ic,"The narrative includes both Admission NC and Admission IC, culminating in Release A before an ER return.",9.0,admission_nc,8.0,0.10725323110818863,0.0014559595147147775
V0301,release_a,"The narrative outcome is Release A, corresponding to Discharge Disposition Type A.",7.0,admission_nc,3.0,0.35871466994285583,0.006597386207431555
V0302,,"The outcome is ER Sepsis Triage, which does not represent admission or release.",,admission_nc,4.0,,0.3757302761077881
V0303,release_a,"The narrative outcome is Release A, corresponding to Discharge Disposition Type A.",7.0,admission_nc,5.0,0.5109565258026123,0.0012242308584973216
V0304,release_a,"The narrative outcome is Release A, corresponding to Discharge Disposition Type A.",8.0,admission_nc,3.0,0.12799300253391266,0.0018472605152055621
V0305,,"The outcome is IV Antibiotics, which does not represent admission or release.",,release_a,4.0,,0.12083896994590759
V0306,release_a,"The narrative outcome is Release A, corresponding to Discharge Disposition Type A.",9.0,admission_nc,4.0,0.17442286014556885,0.16776834428310394
V0307,release_a,"The narrative outcome is Release A, corresponding to Discharge Disposition Type A.",5.0,admission_nc,1.0,0.391666054725647,0.0029275782871991396
V0308,release_a,"The narrative outcome is Release A, corresponding to Discharge Disposition Type A.",9.0,admission_nc,5.0,0.45393529534339905,0.009890234097838402
V0309,admission_nc,The patient is admitted to Admission NC.,6.0,release_a,3.0,0.7794578075408936,0.3367060720920563
V0310,release_a,"The narrative outcome is Release A, corresponding to Discharge Disposition Type A.",6.0,admission_nc,3.0,0.12945057451725006,0.0024058378767222166
V0311,release_a,"The narrative outcome is Release A, corresponding to Discharge Disposition Type A.",17.0,admission_ic,10.0,0.5106756687164307,0.001728525967337191
V0312,release_a,"The narrative outcome is Release A, corresponding to Discharge Disposition Type A.",7.0,admission_nc,5.0,0.036578744649887085,0.02943185158073902
V0313,release_c,"The narrative outcome is Release C, corresponding to Discharge Disposition Type C.",4.0,admission_nc,4.0,0.02167687751352787,0.3333558142185211
V0314,release_c,"The narrative outcome is Release C, corresponding to Discharge Disposition Type C.",7.0,admission_nc,5.0,0.0055399625562131405,0.33351871371269226
V0315,release_a,"The narrative outcome is Release A, corresponding to Discharge Disposition Type A.",25.0,admission_nc,14.0,0.14607714116573334,0.04091330245137215
V0316,,"The outcome is Release E, which does not match any defined category in the taxonomy.",,release_a,3.0,,0.3334403932094574
V0317,release_a,"The narrative outcome is Release A, corresponding to Discharge Disposition Type A.",159.0,release_b,67.0,0.5914861559867859,0.07397598773241043
V0318,release_a,"The narrative outcome is Release A, corresponding to Discharge Disposition Type A.",23.0,release_d,14.0,0.13781723380088806,0.032653387635946274
V0319,release_a,"The narrative outcome is Release A, corresponding to Discharge Disposition Type A.",12.0,release_c,8.0,0.005046620965003967,0.0013258624821901321
V0320,release_a,"The narrative outcome is Release A, corresponding to Discharge Disposition Type A.",6.0,admission_nc,3.0,0.6253691911697388,0.11271701008081436
V0321,release_a,"The narrative outcome is Release A, corresponding to Discharge Disposition Type A.",8.0,admission_nc,6.0,0.559047520160675,0.008204028010368347
V0322,,"The outcome is IV Antibiotics, which does not represent admission or release.",,release_a,3.0,,0.09691102057695389
V0323,release_a,"The narrative outcome is Release A, corresponding to Discharge Disposition Type A.",9.0,admission_nc,2.0,0.39381828904151917,0.014306009747087955
V0324,release_a,"The narrative outcome is Release A, corresponding to Discharge Disposition Type A.",28.0,admission_ic,16.0,0.5402475595474243,0.0011538139078766108
V0325,,"The outcome is IV Antibiotics, which does not represent admission or release.",,release_a,3.0,,0.42392000555992126
V0326,release_a,"The narrative outcome is Release A, corresponding to Discharge Disposition Type A.",3.0,admission_nc,2.0,0.02517876960337162,0.0004809253441635519
V0327,release_a,"The narrative outcome is Release A, corresponding to Discharge Disposition Type A.",6.0,admission_nc,3.0,0.4708585739135742,0.002864725887775421
V0328,release_a,The narrative includes Release A before the return to ER.,7.0,admission_nc,3.0,0.42893317341804504,0.002381053986027837
V0329,release_a,"The narrative outcome is Release A, corresponding to Discharge Disposition Type A.",16.0,release_b,9.0,0.12450971454381943,0.0002652652619872242
V0330,,"The outcome is IV Liquid, which does not represent admission or release.",,admission_nc,1.0,,0.0009680844959802926
V0331,release_a,"The narrative outcome is Release A, corresponding to Discharge Disposition Type A.",14.0,release_d,8.0,0.026142248883843422,0.018995357677340508
V0332,release_b,"The narrative outcome is Release B, corresponding to Discharge Disposition Type B.",8.0,release_a,2.0,0.2784082293510437,0.3702181577682495
V0333,release_b,"The narrative outcome is Release B, corresponding to Discharge Disposition Type B.",12.0,release_a,8.0,0.08355250954627991,0.08967594057321548
V0334,release_d,"The narrative outcome is Release D, corresponding to Discharge Disposition Type D.",25.0,release_a,14.0,0.43670937418937683,0.0011538139078766108
V0335,release_a,"The narrative outcome is Release A, corresponding to Discharge Disposition Type A.",6.0,admission_nc,4.0,0.4540430009365082,0.012396258302032948
V0336,,"The outcome is CRP, which does not represent admission or release.",,admission_nc,1.0,,0.3399571478366852
V0337,release_a,"The narrative outcome is Release A, corresponding to Discharge Disposition Type A.",6.0,admission_nc,2.0,0.026736358180642128,0.000253088801400736
V0338,release_a,"The narrative outcome is Release A, corresponding to Discharge Disposition Type A.",5.0,admission_nc,4.0,0.1181485578417778,0.0010106355184689164
V0339,release_a,"The narrative outcome is Release A, corresponding to Discharge Disposition Type A.",22.0,admission_ic,14.0,0.5350279211997986,0.10406583547592163
V0340,release_a,"The narrative outcome is Release A, corresponding to Discharge Disposition Type A.",6.0,admission_nc,4.0,0.02834612876176834,4.5530483475886285e-05
V0341,release_a,"The narrative outcome is Release A, corresponding to Discharge Disposition Type A.",4.0,admission_nc,2.0,0.12985514104366302,0.002001264365389943
V0342,,"The outcome is CRP, which does not represent admission or release.",,admission_nc,2.0,,0.3888669013977051
V0343,release_a,"The narrative outcome is Release A, corresponding to Discharge Disposition Type A.",6.0,admission_nc,3.0,0.11313137412071228,0.00028682794072665274
V0344,release_b,"The narrative outcome is Release B, corresponding to Discharge Disposition Type B.",9.0,release_c,3.0,0.1462228149175644,0.13401006162166595
V0345,release_a,"The narrative outcome is Release A, corresponding to Discharge Disposition Type A.",16.0,admission_nc,10.0,0.18496038019657135,0.08796317130327225
V0346,release_a,"The narrative outcome is Release A, corresponding to Discharge Disposition Type A.",16.0,admission_nc,9.0,0.5983155369758606,0.009892926551401615
V0347,release_d,"The narrative outcome is Release D, corresponding to Discharge Disposition Type D.",8.0,release_a,5.0,0.5113713145256042,0.0003271280147600919
V0348,release_a,"The narrative outcome is Release A, corresponding to Discharge Disposition Type A.",6.0,admission_nc,4.0,0.4657002389431,0.006395623087882996
V0349,,"The outcome is ER Sepsis Triage, which does not represent admission or release.",,admission_nc,5.0,,0.349503755569458
V0350,release_a,"The narrative outcome is Release A, corresponding to Discharge Disposition Type A.",9.0,admission_nc,2.0,0.7430149912834167,0.030948853120207787
V0351,release_a,"The narrative culminates in Release A, realizing the discharge disposition type A category.",9.0,admission_nc,2.0,0.35941287875175476,0.00012561735638882965
V0352,release_a,"The pathway includes Release A before an ER return, realizing the discharge disposition type A category.",5.0,admission_nc,4.0,0.4792659282684326,0.00026249856455251575
V0353,release_a,"The narrative ends with Release A prior to returning to the ER, aligning with discharge disposition type A.",5.0,admission_nc,2.0,0.41963839530944824,0.0003271280147600919
V0354,release_a,"The outcome is Release A, corresponding to the discharge disposition type A category.",18.0,admission_ic,10.0,0.17771078646183014,0.08338967710733414
V0355,release_a,"The narrative leads to Release A, matching the discharge disposition type A category.",6.0,admission_nc,5.0,0.1798364520072937,0.08519817143678665
V0356,release_a,"The process terminates with Release A, realizing discharge disposition type A.",11.0,admission_nc,7.0,0.12703758478164673,0.021873734891414642
V0357,release_a,"Release A is observed in the trajectory before the ER return, realizing category release_a.",7.0,admission_nc,2.0,0.49833250045776367,0.013848223723471165
V0358,release_a,"The case flow incorporates Release A, satisfying the discharge disposition type A category.",7.0,admission_nc,2.0,0.6764909625053406,0.23439276218414307
V0359,release_a,"Release A occurs prior to the subsequent ER return, realizing the discharge disposition type A category.",6.0,admission_nc,4.0,0.4043245315551758,0.0018627376994118094
V0360,release_a,"The final disposition activity is Release A, realizing category release_a.",6.0,admission_nc,4.0,0.347265362739563,0.0030526688788086176
V0361,release_a,"The trajectory results in Release A, aligning with discharge disposition type A.",6.0,admission_nc,3.0,0.14733770489692688,0.006551870610564947
V0362,release_a,"The process ends with Release A, realizing the discharge disposition type A category.",3.0,admission_nc,1.0,0.01995033584535122,0.00457089813426137
V0363,release_a,"Release A marks the final disposition of this variant, realizing category release_a.",4.0,admission_nc,2.0,0.025853969156742096,9.042237797984853e-05
V0364,release_a,"Release A is executed before the ER return, realizing discharge disposition type A.",6.0,admission_nc,2.0,0.40703102946281433,0.0009366095182485878
V0365,,The narrative terminates at Leucocytes without reaching any admission or release category.,,release_a,6.0,,0.06894596666097641
V0366,release_a,"Release A occurs before the patient returns to the ER, matching category release_a.",5.0,admission_nc,4.0,0.34995555877685547,0.0009798796381801367
V0367,release_a,"The pathway achieves Release A prior to an ER return, realizing discharge disposition type A.",23.0,admission_ic,13.0,0.4920714795589447,0.007661447394639254
V0368,admission_nc,"The narrative ends directly at Admission NC, satisfying the admission to normal care inpatient ward goal.",6.0,release_a,2.0,0.7900290489196777,0.34727731347084045
V0369,release_a,"Release A is performed before the ER return, realizing the discharge disposition type A category.",11.0,admission_nc,7.0,0.4600392282009125,0.0037863878533244133
V0370,release_a,"The sequence includes Release A before an ER return, matching discharge disposition type A.",6.0,admission_nc,5.0,0.5122596621513367,0.0033124852925539017
V0371,release_b,"The process concludes with Release B, realizing the discharge disposition type B category.",5.0,admission_nc,2.0,0.36474713683128357,0.01688963733613491
V0372,release_a,"The outcome of the narrative is Release A, realizing the discharge disposition type A category.",13.0,admission_nc,8.0,0.1789788454771042,0.08468502759933472
V0373,release_a,"The trajectory terminates with Release A, aligning with category release_a.",6.0,release_b,3.0,0.0059882719069719315,0.0010516488691791892
V0374,,The narrative ends at Leucocytes and does not complete an admission or release goal.,,release_a,2.0,,0.06948789209127426
V0375,release_a,"Release A is the concluding discharge step, realizing discharge disposition type A.",10.0,release_d,7.0,0.17860162258148193,0.08506224304437637
V0376,release_c,"The narrative culminates in Release C, realizing the discharge disposition type C category.",6.0,release_a,3.0,0.007629280909895897,0.3339240849018097
V0377,release_a,"The process results in Release A, matching category release_a.",3.0,admission_nc,2.0,0.01808384247124195,0.0027044035959988832
V0378,,The narrative stops at IV Antibiotics in the ER phase and does not reach admission or release.,,admission_nc,1.0,,0.05921044945716858
V0379,,The process terminates at IV Antibiotics without proceeding to a ward admission or release.,,admission_nc,2.0,,0.07042409479618073
V0380,release_a,"The final activity is Release A, realizing discharge disposition type A.",8.0,admission_nc,4.0,0.35787245631217957,0.000873001292347908
V0381,release_a,"The narrative concludes with Release A, matching category release_a.",6.0,admission_nc,2.0,0.1405215561389923,0.00026427218108437955
V0382,release_a,"Release A is completed prior to the ER return, realizing discharge disposition type A.",6.0,admission_nc,3.0,0.45259642601013184,0.01384276058524847
V0383,release_a,"The trajectory results in Release A, realizing category release_a.",8.0,admission_nc,3.0,0.3665066957473755,0.0021812545601278543
V0384,release_b,"The process ends with Release B, realizing the discharge disposition type B category.",9.0,release_a,6.0,0.1950094848871231,0.016130076721310616
V0385,release_a,"Release A is achieved before an ER return, matching discharge disposition type A.",11.0,release_c,7.0,0.44558802247047424,0.018237542361021042
V0386,release_a,"The narrative features Release A prior to an ER return, realizing category release_a.",6.0,admission_nc,2.0,0.3998048007488251,0.0011227871291339397
V0387,release_a,"The final disposition is Release A, realizing discharge disposition type A.",5.0,admission_nc,3.0,0.1260441392660141,0.001269170781597495
V0388,release_a,"The pathway culminates in Release A, matching category release_a.",7.0,admission_nc,5.0,0.02687680721282959,0.00011264110798947513
V0389,release_a,"The process terminates at Release A, realizing discharge disposition type A.",6.0,admission_nc,1.0,0.37269648909568787,0.1796271950006485
V0390,release_b,"The narrative results in Release B, realizing the discharge disposition type B category.",7.0,release_a,3.0,0.012797337956726551,0.18602578341960907
V0391,release_a,"Release A is the final outcome of the variant, matching category release_a.",5.0,admission_nc,4.0,0.13524560630321503,0.006824629381299019
V0392,release_a,"The trajectory ends with Release A, realizing discharge disposition type A.",4.0,admission_nc,2.0,0.25758978724479675,0.11680394411087036
V0393,release_b,"The narrative concludes with Release B, realizing the discharge disposition type B category.",17.0,release_a,9.0,0.03321772441267967,0.18767164647579193
V0394,release_a,"The process terminates in Release A, matching category release_a.",7.0,admission_nc,4.0,0.03312350809574127,0.001742361462675035
V0395,release_a,"The final activity is Release A, realizing discharge disposition type A.",0.0,admission_nc,1.0,0.00908009335398674,1.248331227543531e-05
V0396,release_a,"The narrative finishes with Release A, matching category release_a.",4.0,release_d,1.0,0.013641263358294964,0.0006038809660822153
V0397,release_a,"Release A marks the conclusion of the clinical flow, realizing discharge disposition type A.",7.0,admission_nc,4.0,0.1390020102262497,0.0017838276689872146
V0398,release_a,"Release A occurs prior to the subsequent ER return, realizing category release_a.",16.0,release_d,10.0,0.4702877998352051,0.002293940167874098
V0399,release_b,"The narrative culminates in Release B, realizing the discharge disposition type B category.",9.0,release_a,2.0,0.43542158603668213,0.08756411075592041
V0400,release_a,"The process ends with Release A, realizing discharge disposition type A.",5.0,admission_nc,2.0,0.19077707827091217,0.16821594536304474
V0401,release_b,"The narrative outcome is Release B, realizing the Discharge Disposition Type B category.",8.0,release_a,4.0,0.1129515990614891,0.1195133700966835
V0402,release_a,"The narrative shows pathway Release A before a return to ER, realizing the Discharge Disposition Type A category.",7.0,admission_nc,4.0,0.415731817483902,0.0035794225987046957
V0403,release_a,"The narrative shows pathway Release A before subsequent return to ER, realizing Discharge Disposition Type A.",9.0,admission_nc,6.0,0.500694215297699,0.038399506360292435
V0404,release_a,"The narrative shows pathway Release A, realizing the Discharge Disposition Type A category.",6.0,admission_nc,2.0,0.5360127091407776,0.005003033671528101
V0405,release_a,"The narrative outcome is Release A, realizing the Discharge Disposition Type A category.",5.0,admission_nc,4.0,0.04314565658569336,0.00025890138931572437
V0406,release_a,"The narrative ends with Release A, realizing Discharge Disposition Type A.",6.0,admission_nc,2.0,0.19319665431976318,0.1671261340379715
V0407,release_b,"The narrative outcome is Release B, realizing the Discharge Disposition Type B category.",6.0,release_a,5.0,0.14288106560707092,0.14944283664226532
V0408,release_a,"The narrative shows pathway Release A, realizing Discharge Disposition Type A.",7.0,admission_nc,2.0,0.3628557026386261,0.0024563290644437075
V0409,release_a,"The narrative shows pathway Release A, realizing Discharge Disposition Type A.",7.0,admission_nc,3.0,0.5178160667419434,0.0012199891498312354
V0410,release_d,"The narrative outcome is Release D, realizing the Discharge Disposition Type D category.",6.0,release_a,1.0,0.14332804083824158,0.22354330122470856
V0411,release_a,"The narrative includes pathway Release A, realizing Discharge Disposition Type A.",10.0,admission_nc,6.0,0.4450516700744629,0.3389069736003876
V0412,release_a,"The narrative includes pathway Release A before a return to ER, realizing Discharge Disposition Type A.",11.0,admission_nc,4.0,0.37702274322509766,0.0018256340408697724
V0413,release_a,"The narrative includes pathway Release A, realizing Discharge Disposition Type A.",7.0,admission_nc,2.0,0.7556336522102356,0.04356752708554268
V0414,release_a,"The narrative includes pathway Release A, realizing Discharge Disposition Type A.",7.0,admission_nc,4.0,0.37465155124664307,0.0005455769714899361
V0415,admission_nc,"The narrative ends with Admission NC, realizing the Admission to Normal Care Inpatient Ward category.",5.0,release_a,3.0,0.7742369771003723,0.3351813852787018
V0416,release_a,"The narrative outcome is Release A, realizing Discharge Disposition Type A.",8.0,admission_nc,2.0,0.383341521024704,0.003829243825748563
V0417,,The narrative loops back to ER Triage and does not complete a ward admission or final release category.,,admission_nc,1.0,,0.6931584477424622
V0418,release_a,"The narrative shows pathway Release A, realizing Discharge Disposition Type A.",4.0,admission_nc,2.0,0.38481590151786804,0.002215833403170109
V0419,release_a,"The narrative outcome is Release A, realizing Discharge Disposition Type A.",4.0,admission_nc,1.0,0.012917407788336277,0.00011997407273156568
V0420,release_a,"The narrative outcome is Release A, realizing Discharge Disposition Type A.",7.0,admission_nc,3.0,0.3601721525192261,0.1921515315771103
V0421,release_b,"The narrative outcome is Release B, realizing the Discharge Disposition Type B category.",7.0,release_a,4.0,0.00939370971173048,0.16948570311069489
V0422,release_a,"The narrative shows pathway Release A, realizing Discharge Disposition Type A.",11.0,release_c,7.0,0.5350766777992249,0.0025315512903034687
V0423,release_c,"The narrative outcome is Release C, realizing the Discharge Disposition Type C category.",6.0,release_a,4.0,0.01725548319518566,0.33396363258361816
V0424,release_a,"The narrative includes pathway Release A, realizing Discharge Disposition Type A.",7.0,admission_nc,3.0,0.6747285723686218,0.03733763471245766
V0425,release_a,"The narrative outcome is Release A, realizing Discharge Disposition Type A.",3.0,release_c,2.0,0.015431790612637997,5.235307980910875e-05
V0426,release_c,"The narrative outcome is Release C, realizing the Discharge Disposition Type C category.",4.0,admission_nc,2.0,0.018275557085871696,0.33333656191825867
V0427,release_c,"The narrative shows pathway Release C, realizing Discharge Disposition Type C.",8.0,release_a,4.0,0.3918193578720093,0.0019520153291523457
V0428,release_c,"The narrative outcome is Release C, realizing Discharge Disposition Type C.",10.0,release_a,6.0,0.12931039929389954,0.33356547355651855
V0429,,The narrative ends at IV Antibiotics without reaching a ward admission or release category.,,release_a,2.0,,0.0716819316148758
V0430,release_a,"The narrative outcome is Release A, realizing Discharge Disposition Type A.",8.0,admission_nc,3.0,0.11896595358848572,0.0019075862364843488
V0431,release_a,"The narrative outcome is Release A, realizing Discharge Disposition Type A.",2.0,admission_nc,1.0,0.02317447029054165,0.0024852261412888765
V0432,release_b,"The narrative outcome is Release B, realizing the Discharge Disposition Type B category.",11.0,release_a,9.0,0.2100725919008255,0.0499676950275898
V0433,release_c,"The narrative outcome is Release C, realizing the Discharge Disposition Type C category.",6.0,release_a,2.0,0.22553741931915283,0.3391452729701996
V0434,release_a,"The narrative outcome is Release A, realizing Discharge Disposition Type A.",7.0,admission_nc,3.0,0.11341449618339539,3.706371217049309e-06
V0435,release_a,"The narrative includes pathway Release A before a return to ER, realizing Discharge Disposition Type A.",36.0,release_d,20.0,0.5347631573677063,0.004330573603510857
V0436,release_b,"The narrative outcome is Release B, realizing the Discharge Disposition Type B category.",8.0,release_a,5.0,0.0316169448196888,0.18607085943222046
V0437,release_d,"The narrative outcome is Release D, realizing the Discharge Disposition Type D category.",30.0,release_a,16.0,0.5003300905227661,0.0037863878533244133
V0438,release_a,"The narrative outcome is Release A, realizing Discharge Disposition Type A.",11.0,release_c,5.0,0.009741471149027348,0.002594578778371215
V0439,release_a,"The narrative outcome is Release A, realizing Discharge Disposition Type A.",28.0,release_b,12.0,0.038935158401727676,0.03178826719522476
V0440,release_a,"The narrative shows pathway Release A, realizing Discharge Disposition Type A.",11.0,release_c,5.0,0.5490028262138367,0.001840634853579104
V0441,release_a,"The narrative shows pathway Release A, realizing Discharge Disposition Type A.",5.0,admission_nc,1.0,0.44179949164390564,0.015247362665832043
V0442,release_a,"The narrative shows pathway Release A, realizing Discharge Disposition Type A.",8.0,admission_nc,4.0,0.5109755992889404,0.001205101958476007
V0443,release_a,"The narrative shows pathway Release A, realizing Discharge Disposition Type A.",5.0,admission_nc,2.0,0.3794967830181122,0.0031032694969326258
V0444,release_c,"The narrative outcome is Release C, realizing the Discharge Disposition Type C category.",6.0,release_a,3.0,0.1267877072095871,0.333497554063797
V0445,release_a,"The narrative outcome is Release A, realizing Discharge Disposition Type A.",4.0,admission_nc,2.0,0.1301109939813614,0.0017454099142923951
V0446,release_a,"The narrative outcome is Release A, realizing Discharge Disposition Type A.",5.0,admission_nc,3.0,0.1278451681137085,0.0016994373872876167
V0447,release_c,"The narrative shows pathway Release C, realizing Discharge Disposition Type C.",10.0,release_a,5.0,0.5094826221466064,0.0008237233851104975
V0448,release_a,"The narrative shows pathway Release A, realizing Discharge Disposition Type A.",11.0,release_c,7.0,0.517277181148529,0.008330038748681545
V0449,release_a,"The narrative shows pathway Release A, realizing Discharge Disposition Type A.",6.0,admission_nc,4.0,0.5530524849891663,0.01544420700520277
V0450,release_a,"The narrative outcome is Release A, realizing Discharge Disposition Type A.",5.0,admission_nc,2.0,0.014192665927112103,0.0011552829528227448
V0451,release_a,"The narrative concludes with Release A, realizing the discharge disposition type A.",6.0,admission_nc,2.0,0.34514865279197693,0.20717503130435944
V0452,release_a,"The narrative ends with Release A, realizing the discharge disposition type A.",25.0,release_b,15.0,0.18582312762737274,0.08882591873407364
V0453,release_a,"The narrative includes Release A before returning to the ER, realizing discharge disposition type A.",12.0,admission_nc,6.0,0.47076988220214844,0.0027760693337768316
V0454,release_a,"The narrative contains Release A prior to returning to the ER, realizing discharge disposition type A.",4.0,admission_nc,2.0,0.5134360790252686,0.001255317940376699
V0455,release_a,"The narrative concludes with Release A, realizing discharge disposition type A.",5.0,admission_nc,3.0,0.11831935495138168,0.006455620750784874
V0456,release_a,"The narrative ends with Release A, realizing discharge disposition type A.",6.0,admission_nc,3.0,0.13838930428028107,0.0023965274449437857
V0457,release_a,"The narrative ends with Release A, realizing discharge disposition type A.",18.0,admission_ic,9.0,0.18021385371685028,0.08345001935958862
V0458,release_a,"The narrative includes Release A prior to returning to the ER, realizing discharge disposition type A.",6.0,admission_nc,2.0,0.5633015036582947,0.022806422784924507
V0459,release_a,"The narrative concludes with Release A, realizing discharge disposition type A.",7.0,release_c,3.0,0.11811911314725876,0.000981189077720046
V0460,release_a,"The narrative includes Release A before returning to the ER, realizing discharge disposition type A.",5.0,admission_nc,3.0,0.4495360851287842,0.011336694471538067
V0461,release_a,"The narrative ends with Release A, realizing discharge disposition type A.",6.0,admission_nc,3.0,0.1332905888557434,0.001434184960089624
V0462,,The outcome is CRP and does not reach any of the specified release or admission endpoints.,,admission_nc,1.0,,0.35143592953681946
V0463,release_a,"The narrative includes Release A before returning to the ER, realizing discharge disposition type A.",8.0,admission_nc,2.0,0.7350196242332458,0.02295343391597271
V0464,release_a,"The narrative contains Release A prior to returning to the ER, realizing discharge disposition type A.",8.0,admission_nc,5.0,0.5727564692497253,0.0018020950956270099
V0465,release_a,"The narrative ends with Release A, realizing discharge disposition type A.",7.0,admission_nc,5.0,0.029771065339446068,0.0004328330687712878
V0466,release_a,"The narrative ends with Release A, realizing discharge disposition type A.",3.0,admission_nc,3.0,0.1262185275554657,0.0014435508055612445
V0467,release_a,"The narrative includes Release A before returning to the ER, realizing discharge disposition type A.",8.0,admission_nc,5.0,0.4592770040035248,0.0071622333489358425
V0468,release_a,"The narrative includes Release A prior to returning to the ER, realizing discharge disposition type A.",7.0,admission_nc,5.0,0.33542168140411377,0.0037782832514494658
V0469,release_a,"The narrative contains Release A before returning to the ER, realizing discharge disposition type A.",7.0,admission_nc,4.0,0.46667560935020447,0.00023641105508431792
V0470,release_d,"The narrative concludes with Release D, realizing discharge disposition type D.",5.0,release_a,2.0,0.14845110476016998,0.22866636514663696
V0471,release_a,"The narrative ends with Release A, realizing discharge disposition type A.",6.0,admission_nc,3.0,0.028142472729086876,0.00015812554920557886
V0472,release_a,"The narrative ends with Release A, realizing discharge disposition type A.",5.0,admission_nc,3.0,0.023987403139472008,0.001672291778959334
V0473,release_a,"The narrative includes Release A before returning to the ER, realizing discharge disposition type A.",7.0,admission_nc,2.0,0.3346465826034546,0.007179879117757082
V0474,release_a,"The narrative includes Release A prior to returning to the ER, realizing discharge disposition type A.",5.0,admission_nc,2.0,0.4187782108783722,0.0005330360145308077
V0475,release_a,"The narrative concludes with Release A, realizing discharge disposition type A.",5.0,admission_nc,2.0,0.012022576294839382,0.000709278101567179
V0476,release_a,"The narrative includes Release A before returning to the ER, realizing discharge disposition type A.",5.0,release_b,4.0,0.5686843395233154,0.031086785718798637
V0477,release_a,"The narrative ends with Release A, realizing discharge disposition type A.",6.0,admission_nc,4.0,0.12087465077638626,5.303269063006155e-06
V0478,release_a,"The narrative ends with Release A, realizing discharge disposition type A.",7.0,admission_nc,5.0,0.13217952847480774,0.0003231252485420555
V0479,release_a,"The narrative contains Release A before returning to the ER, realizing discharge disposition type A.",4.0,admission_nc,2.0,0.3346345126628876,0.0045654624700546265
V0480,release_a,"The narrative ends with Release A, realizing discharge disposition type A.",6.0,release_b,3.0,0.007919360883533955,0.0009385165176354349
V0481,release_a,"The narrative ends with Release A, realizing discharge disposition type A.",10.0,release_b,6.0,0.11704874038696289,0.007726229727268219
V0482,release_a,"The narrative includes Release A before returning to the ER, realizing discharge disposition type A.",8.0,admission_nc,4.0,0.4536081850528717,0.012831001542508602
V0483,release_b,"The narrative concludes with Release B, realizing discharge disposition type B.",26.0,release_a,12.0,0.059152472764253616,0.21360640227794647
V0484,release_a,"The narrative includes Release A prior to returning to the ER, realizing discharge disposition type A.",9.0,admission_nc,4.0,0.5550714135169983,0.004227946046739817
V0485,release_a,"The narrative ends with Release A, realizing discharge disposition type A.",22.0,release_c,16.0,0.17598243057727814,0.08768142014741898
V0486,release_d,"The narrative concludes with Release D, realizing discharge disposition type D.",10.0,release_b,5.0,0.0,0.10799303650856018
V0487,release_a,"The narrative ends with Release A, realizing discharge disposition type A.",7.0,admission_nc,5.0,0.17087720334529877,0.08985096961259842
V0488,,The outcome is IV Liquid and does not reach any of the specified release or admission endpoints.,,admission_nc,2.0,,0.0751785933971405
V0489,release_a,"The narrative ends with Release A, realizing discharge disposition type A.",8.0,admission_nc,3.0,0.34895649552345276,0.001361554954200983
V0490,release_a,"The narrative ends with Release A, realizing discharge disposition type A.",4.0,admission_nc,2.0,0.18517719209194183,0.08453398197889328
V0491,release_a,"The narrative ends with Release A, realizing discharge disposition type A.",4.0,admission_nc,2.0,0.028071634471416473,0.00022896243899594992
V0492,,The outcome is IV Liquid and does not reach any of the specified release or admission endpoints.,,admission_nc,3.0,,0.33516204357147217
V0493,release_b,"The narrative concludes with Release B, realizing discharge disposition type B.",0.0,release_a,2.0,0.13393361866474152,0.12172087281942368
V0494,release_a,"The narrative ends with Release A, realizing discharge disposition type A.",7.0,admission_nc,6.0,0.011493145488202572,0.0012387089664116502
V0495,,The outcome is IV Antibiotics and does not reach any of the specified release or admission endpoints.,,release_a,3.0,,0.058718886226415634
V0496,release_a,"The narrative ends with Release A, realizing discharge disposition type A.",8.0,admission_nc,4.0,0.1263057440519333,0.002115231705829501
V0497,release_a,"The narrative includes Release A before returning to the ER, realizing discharge disposition type A.",9.0,admission_nc,3.0,0.6785303950309753,0.05726318061351776
V0498,release_d,"The narrative concludes with Release D, realizing discharge disposition type D.",8.0,release_a,4.0,0.11551537364721298,0.186922088265419
V0499,release_a,"The narrative ends with Release A, realizing discharge disposition type A.",4.0,admission_nc,3.0,0.1367950290441513,0.003990801516920328
V0500,release_a,"The narrative ends with Release A, realizing discharge disposition type A.",8.0,admission_nc,4.0,0.19553183019161224,0.16713972389698029
V0501,admission_nc,"The process variant ends with IV Liquid after an Admission NC step, representing normal care ward admission.",5.0,release_a,2.0,0.7156476378440857,0.33455419540405273
V0502,admission_nc,"The narrative culminates in Admission NC, realizing the normal care inpatient ward admission category.",5.0,release_a,2.0,0.7651626467704773,0.3442557156085968
V0503,release_b,"The narrative ends with Release B, directly matching the Discharge Disposition Type B category.",8.0,admission_nc,1.0,0.37633016705513,0.02847270667552948
V0504,release_a,"The narrative ends with Release A (followed by Return ER), realizing the discharge disposition type A.",3.0,admission_nc,2.0,0.363162636756897,0.00214942405000329
V0505,release_a,The narrative concludes its main treatment path with Release A before a return to ER.,5.0,admission_nc,1.0,0.3948901891708374,0.00033978806459344923
V0506,release_a,"The outcome is Release A, mapping directly to Discharge Disposition Type A.",2.0,admission_nc,2.0,0.025729021057486534,3.452698001638055e-05
V0507,,The narrative stops at IV Antibiotics without an admission or release event.,,admission_nc,2.0,,0.060233745723962784
V0508,release_a,The variant includes Release A prior to a return to the ER.,11.0,admission_nc,6.0,0.39765655994415283,1.1670806998154148e-05
V0509,release_a,"The outcome is Release A, which realizes the Discharge Disposition Type A category.",4.0,admission_nc,2.0,0.018044183030724525,0.002664744621142745
V0510,,The variant terminates at IV Antibiotics without reaching a ward admission or release category.,,admission_nc,1.0,,0.08019962161779404
V0511,release_a,The final disposition before completion is Release A.,10.0,admission_nc,8.0,0.18719463050365448,0.09019742161035538
V0512,release_a,The variant ends with Release A.,6.0,admission_nc,4.0,0.13555829226970673,0.0037018817383795977
V0513,release_a,The variant outcome is Release A.,4.0,admission_nc,2.0,0.14337550103664398,0.0025896632578223944
V0514,release_a,The variant outcome is Release A.,11.0,admission_nc,5.0,0.1241239532828331,0.0006510278326459229
V0515,release_a,The variant includes a discharge via Release A before an ER return.,9.0,release_b,4.0,0.5108503699302673,0.001330360653810203
V0516,,The trace terminates at Leucocytes without an admission or release milestone.,,release_a,6.0,,0.1273200362920761
V0517,,The trace terminates prematurely at ER Triage.,,admission_nc,1.0,,0.6884955763816833
V0518,release_a,The outcome is Release A.,6.0,admission_nc,3.0,0.041616033762693405,0.0017885238630697131
V0519,release_a,The treatment concludes with Release A followed by Return ER.,5.0,admission_nc,2.0,0.4473893642425537,0.009189937263727188
V0520,release_a,The treatment concludes with Release A followed by Return ER.,6.0,admission_nc,1.0,0.5598078370094299,0.11310382932424545
V0521,release_a,The final disposition is Release A.,7.0,admission_nc,6.0,0.12348362803459167,0.0012720535742118955
V0522,release_b,"The outcome is Release B, realizing Discharge Disposition Type B.",17.0,release_d,9.0,0.11910214275121689,0.10688940435647964
V0523,release_a,The outcome is Release A.,6.0,admission_nc,5.0,0.17210949957370758,0.08383774757385254
V0524,release_a,The outcome is Release A.,4.0,admission_nc,3.0,0.0088562136515975,1.6643315348119359e-06
V0525,release_a,The outcome is Release A.,4.0,release_d,2.0,0.17577193677425385,0.16667936742305756
V0526,release_a,The variant includes Release A prior to an ER return.,7.0,admission_nc,3.0,0.5417672991752625,0.0049683088436722755
V0527,release_a,The outcome is Release A.,8.0,admission_nc,5.0,0.17842958867549896,0.08399578928947449
V0528,release_a,The variant features Release A before an ER return.,10.0,admission_nc,6.0,0.5628114342689514,0.008142935112118721
V0529,release_a,The variant features Release A before an ER return.,6.0,admission_nc,1.0,0.4218597114086151,0.002548444317653775
V0530,release_a,The variant features Release A before an ER return.,7.0,admission_nc,5.0,0.49766191840171814,0.014518859796226025
V0531,release_a,"The variant includes Admission IC and Admission NC, but ultimately discharges via Release A before an ER return.",7.0,admission_nc,6.0,0.501568615436554,0.10114588588476181
V0532,release_a,The outcome is Release A.,4.0,admission_nc,3.0,0.00931591633707285,0.00022333946253638715
V0533,release_a,The outcome is Release A.,4.0,admission_nc,3.0,0.0021419881377369165,0.0027561839669942856
V0534,release_a,The outcome is Release A.,5.0,admission_nc,2.0,0.1328575611114502,0.0010011509293690324
V0535,release_a,The variant features Release A before an ER return.,6.0,admission_nc,4.0,0.40215444564819336,0.0003073322877753526
V0536,release_a,The outcome is Release A.,5.0,admission_nc,3.0,0.131866455078125,1.0050053788290825e-05
V0537,release_a,The outcome is Release A.,7.0,admission_nc,5.0,0.025427332147955894,0.00023236357083078474
V0538,release_a,The outcome is Release A.,12.0,admission_nc,9.0,0.12996970117092133,0.005194725468754768
V0539,release_a,The variant features Release A prior to an ER return.,7.0,release_d,4.0,0.4668215215206146,0.0003822969738394022
V0540,release_b,"The outcome is Release B, realizing Discharge Disposition Type B.",7.0,release_a,4.0,0.009863734245300293,0.1830921769142151
V0541,release_a,The outcome is Release A.,8.0,admission_nc,2.0,0.36254677176475525,0.0017786488169804215
V0542,release_a,The variant includes an Admission IC step and later finishes with Release A.,8.0,admission_nc,6.0,0.12939833104610443,0.0009773572674021125
V0543,release_a,"The variant contains Admission IC and Admission NC, eventually discharging via Release A.",21.0,admission_ic,14.0,0.4683259427547455,0.004500335548073053
V0544,release_a,The outcome is Release A.,5.0,admission_nc,1.0,0.023481985554099083,0.0021777108777314425
V0545,release_a,The outcome is Release A.,4.0,admission_nc,2.0,0.008792991749942303,6.488679355243221e-05
V0546,release_a,The variant features Release A prior to an ER return.,5.0,admission_nc,3.0,0.3654951751232147,0.0001831106055760756
V0547,release_b,"The outcome is Release B, realizing Discharge Disposition Type B.",16.0,release_a,10.0,0.027221789583563805,0.1816757172346115
V0548,release_a,The outcome is Release A.,8.0,release_b,5.0,0.17589765787124634,0.08386058360338211
V0549,,The variant ends at IV Liquid without an admission or release event.,,admission_nc,2.0,,0.0017544151050969958
V0550,release_b,"The outcome is Release B, realizing Discharge Disposition Type B.",9.0,admission_nc,3.0,0.2006756067276001,0.2072373777627945
V0551,release_a,"The narrative ends with Release A, indicating the patient was discharged via pathway Release A.",73.0,release_b,36.0,0.20030546188354492,0.10330826044082642
V0552,release_b,"The narrative ends with Release B, indicating the patient was discharged via pathway Release B.",12.0,release_c,6.0,0.1275031715631485,0.11529042571783066
V0553,,"The narrative concludes with Release E, which does not map to any of the standard defined release categories in the taxonomy.",,release_a,8.0,,0.3345264494419098
V0554,release_a,The narrative ends with Release A.,4.0,admission_nc,2.0,0.12124940007925034,0.00038004806265234947
V0555,release_b,The narrative ends with Release B.,7.0,release_a,4.0,0.22606010735034943,0.22494608163833618
V0556,,"The outcome is Return ER, which is outside the defined taxonomy categories.",,release_a,3.0,,0.0004735417023766786
V0557,release_a,The narrative ends with Release A.,6.0,admission_nc,3.0,0.11563528329133987,0.006831285078078508
V0558,,"The outcome is Return ER, not mapped in the taxonomy.",,release_a,3.0,,0.0017119027907028794
V0559,,"The outcome is Return ER, which does not fit any taxonomy category.",,release_a,4.0,,0.00030402603442780674
V0560,,The outcome is Return ER.,,release_a,3.0,,0.0014909828314557672
V0561,release_a,The narrative ends with Release A.,6.0,admission_nc,4.0,0.006814980413764715,0.001878357375971973
V0562,release_a,The narrative ends with Release A.,7.0,admission_nc,4.0,0.0050335838459432125,9.696097549749538e-05
V0563,release_a,The narrative ends with Release A.,13.0,admission_nc,8.0,0.1834729164838791,0.08383697271347046
V0564,,The outcome is Return ER.,,release_a,2.0,,0.003712746547535062
V0565,admission_nc,"The narrative ends with Admission NC, reflecting standard non-ICU inpatient admission.",7.0,release_a,3.0,0.7622809410095215,0.34713736176490784
V0566,release_a,The narrative ends with Release A.,6.0,admission_nc,4.0,0.11331511288881302,0.00010309359640814364
V0567,,The outcome is Return ER.,,admission_nc,2.0,,0.0007967143319547176
V0568,release_a,The narrative ends with Release A.,7.0,admission_nc,5.0,0.1685890555381775,0.08756282180547714
V0569,release_a,The narrative ends with Release A.,2.0,admission_nc,1.0,0.12706877291202545,0.00092303630663082
V0570,release_a,The narrative ends with Release A.,14.0,release_c,7.0,0.12029428035020828,0.00448068929836154
V0571,release_b,The narrative ends with Release B.,26.0,release_a,14.0,0.11622101068496704,0.1040082648396492
V0572,release_a,The narrative ends with Release A.,20.0,admission_ic,11.0,0.13424807786941528,0.029084227979183197
V0573,,The outcome is Return ER.,,release_a,2.0,,5.731179771828465e-05
V0574,release_a,The narrative ends with Release A.,13.0,admission_nc,10.0,0.18704648315906525,0.0836988091468811
V0575,,"The outcome is Leucocytes, which is a diagnostic activity, not a discharge or admission category.",,release_a,2.0,,0.06940972059965134
V0576,release_a,The narrative ends with Release A.,8.0,admission_nc,5.0,0.14434929192066193,0.003563456004485488
V0577,,The outcome is Return ER.,,release_a,9.0,,0.00029331285622902215
V0578,,The outcome is Return ER.,,release_a,2.0,,0.0014760210178792477
V0579,,The outcome is Return ER.,,release_a,21.0,,0.0014930098550394177
V0580,,"The outcome is CRP, which is a diagnostic test, not a category.",,admission_nc,2.0,,0.34905365109443665
V0581,release_d,The narrative ends with Release D.,5.0,release_a,3.0,0.3378317058086395,0.0006664472748525441
V0582,release_a,The narrative ends with Release A.,6.0,admission_nc,2.0,0.18017087876796722,0.014191283844411373
V0583,release_a,The narrative ends with Release A.,4.0,admission_nc,3.0,0.12338235229253769,0.001170777715742588
V0584,,"The outcome is IV Liquid, which is an ongoing treatment step rather than a taxonomy category.",,release_a,3.0,,0.0017862230306491256
V0585,,"The outcome is LacticAcid, a diagnostic test.",,admission_nc,2.0,,0.3363097608089447
V0586,release_b,The narrative ends with Release B.,6.0,release_a,1.0,0.11932045966386795,0.11275868862867355
V0587,,"The outcome is CRP, a diagnostic test.",,release_a,2.0,,0.4022698402404785
V0588,release_c,The narrative ends with Release C.,12.0,release_a,5.0,0.542354941368103,0.004931775387376547
V0589,release_b,The narrative ends with Release B.,7.0,admission_nc,5.0,0.1817622035741806,0.002882793778553605
V0590,,The outcome is Return ER.,,release_a,4.0,,0.0020043847616761923
V0591,,The outcome is Return ER.,,release_a,1.0,,0.007256778422743082
V0592,,"The outcome is IV Antibiotics, a treatment step.",,admission_nc,3.0,,0.09464547783136368
V0593,release_a,The narrative ends with Release A.,4.0,admission_nc,3.0,0.0024255637545138597,0.0018113679252564907
V0594,release_b,The narrative ends with Release B.,6.0,release_a,4.0,0.10034871846437454,0.10691049695014954
V0595,,The outcome is Return ER.,,release_a,3.0,,0.0016271689673885703
V0596,release_a,The narrative ends with Release A.,6.0,admission_nc,4.0,0.016931505873799324,0.0015520690940320492
V0597,release_a,The narrative ends with Release A.,10.0,admission_nc,8.0,0.16848702728748322,0.08746079355478287
V0598,,"The outcome is Release E, which is not in the taxonomy.",,release_a,7.0,,0.3335825204849243
V0599,release_a,The narrative ends with Release A.,6.0,admission_nc,3.0,0.03339267149567604,0.0020115261431783438
V0600,release_a,The narrative ends with Release A.,25.0,admission_ic,14.0,0.17787213623523712,0.08579173684120178
V0601,release_c,"The narrative culminates in Release C, directly realizing the Discharge Disposition Type C category.",0.0,release_a,2.0,0.13279515504837036,0.33337584137916565
V0602,release_d,"The narrative culminates in Release D, realizing the Discharge Disposition Type D category.",7.0,release_a,5.0,0.10042574256658554,0.041752103716135025
V0603,,"The narrative ends with Release E, which does not match any of the defined categories.",,release_a,2.0,,0.33371493220329285
V0604,release_a,"The narrative culminates in Release A, realizing the Discharge Disposition Type A category.",6.0,admission_nc,4.0,0.006537682842463255,0.0001651990314712748
V0605,release_a,"Although there is a subsequent Return ER, the primary treatment pathway ends with Release A, realizing Discharge Disposition Type A.",10.0,admission_nc,7.0,0.5546643733978271,0.017056075856089592
V0606,release_a,"The narrative ends with Release A, realizing the Discharge Disposition Type A category.",6.0,admission_nc,2.0,0.023441964760422707,0.0022177291102707386
V0607,release_a,"The narrative ends with Release A, realizing the Discharge Disposition Type A category.",9.0,admission_nc,4.0,0.13412432372570038,0.0022679190151393414
V0608,release_a,"The narrative ends with Release A, realizing the Discharge Disposition Type A category.",4.0,admission_nc,3.0,0.1223381832242012,0.0001266155013581738
V0609,release_a,"The narrative ends with Release A, realizing the Discharge Disposition Type A category.",7.0,admission_nc,3.0,0.011627208441495895,0.0011046453146263957
V0610,release_a,"The narrative ends with Release A, realizing the Discharge Disposition Type A category.",4.0,admission_nc,3.0,0.12828458845615387,0.0021388628520071507
V0611,release_a,"The narrative ends with Release A, realizing the Discharge Disposition Type A category.",9.0,release_c,6.0,0.17986077070236206,0.08380309492349625
V0612,release_a,"The narrative ends with Release A, realizing the Discharge Disposition Type A category.",5.0,admission_nc,3.0,0.1358402669429779,0.003983865026384592
V0613,release_a,"The narrative ends with Release A, realizing the Discharge Disposition Type A category.",4.0,admission_nc,1.0,0.20008717477321625,0.168706014752388
V0614,release_a,"The clinical release follows Release A, realizing Discharge Disposition Type A despite a later Return ER.",7.0,admission_nc,2.0,0.7491025328636169,0.03703635558485985
V0615,release_c,"The narrative includes Release C as its disposition outcome, realizing Discharge Disposition Type C.",5.0,release_a,2.0,0.5079033970832825,0.0017379781929776073
V0616,release_a,"The narrative ends with Release A, realizing the Discharge Disposition Type A category.",4.0,admission_nc,2.0,0.18394939601421356,0.16856996715068817
V0617,release_a,"The narrative ends with Release A, realizing the Discharge Disposition Type A category.",5.0,release_c,3.0,0.14379191398620605,0.0030060841236263514
V0618,release_c,"The narrative culminates in Release C, realizing the Discharge Disposition Type C category.",8.0,release_a,5.0,0.0,0.33340775966644287
V0619,release_a,"The narrative ends with Release A, realizing the Discharge Disposition Type A category.",7.0,admission_nc,3.0,0.19081032276153564,0.16818271577358246
V0620,release_a,"The narrative ends with Release A, realizing the Discharge Disposition Type A category.",5.0,admission_nc,4.0,0.13019555807113647,0.0017745723016560078
V0621,release_b,"The narrative ends with Release B, realizing the Discharge Disposition Type B category.",6.0,release_a,3.0,0.40973857045173645,0.30518922209739685
V0622,release_a,"The narrative ends with Release A, realizing the Discharge Disposition Type A category.",21.0,release_d,13.0,0.11340365558862686,0.0036547088529914618
V0623,release_a,"The narrative ends with Release A, realizing the Discharge Disposition Type A category.",5.0,release_c,3.0,0.031071320176124573,0.00030982462340034544
V0624,release_a,"The narrative ends with Release A, realizing the Discharge Disposition Type A category.",5.0,admission_nc,3.0,0.1819281429052353,0.08356017619371414
V0625,release_a,"The narrative concludes with Release A prior to a Return ER event, realizing Discharge Disposition Type A.",4.0,release_d,2.0,0.4410628378391266,0.014510717242956161
V0626,release_a,"The narrative ends with Release A, realizing the Discharge Disposition Type A category.",5.0,release_c,3.0,0.241658553481102,0.03288735821843147
V0627,release_a,"The narrative culminates in Release A, realizing the Discharge Disposition Type A category.",14.0,admission_ic,11.0,0.5533502697944641,0.002506805816665292
V0628,release_a,"The narrative ends with Release A, realizing the Discharge Disposition Type A category.",5.0,admission_nc,3.0,0.20177817344665527,0.16964907944202423
V0629,,"The narrative ends with Release E, which does not match any of the defined categories.",,release_a,5.0,,0.33996978402137756
V0630,release_a,"The narrative ends with Release A, realizing the Discharge Disposition Type A category.",10.0,admission_nc,7.0,0.13086315989494324,0.0024421827401965857
V0631,release_a,"The narrative concludes with Release A, realizing the Discharge Disposition Type A category.",5.0,admission_nc,2.0,0.3754025399684906,0.00020539744582492858
V0632,release_a,"The narrative culminates in Release A before a Return ER, realizing Discharge Disposition Type A.",4.0,admission_nc,2.0,0.41645577549934387,0.002855469472706318
V0633,release_d,"The narrative ends with Release D, realizing the Discharge Disposition Type D category.",0.0,release_a,3.0,0.48728999495506287,0.00033978806459344923
V0634,release_a,"The narrative ends with Release A, realizing the Discharge Disposition Type A category.",6.0,admission_nc,3.0,0.025501282885670662,0.00015841257118154317
V0635,release_a,"The narrative concludes with Release A, realizing the Discharge Disposition Type A category.",6.0,admission_nc,3.0,0.5463967323303223,0.0003389155026525259
V0636,,The narrative ends with LacticAcid and does not reach a recognized discharge disposition category.,,release_a,2.0,,0.0962497815489769
V0637,release_a,"The narrative ends with Release A, realizing the Discharge Disposition Type A category.",4.0,admission_nc,2.0,0.13689400255680084,0.003891833359375596
V0638,release_a,"The narrative ends with Release A, realizing the Discharge Disposition Type A category.",6.0,admission_nc,4.0,0.595753014087677,0.007330444175750017
V0639,release_a,"The narrative concludes with Release A, realizing the Discharge Disposition Type A category.",8.0,admission_nc,7.0,0.530387818813324,0.008705905638635159
V0640,release_a,"The narrative ends with Release A, realizing the Discharge Disposition Type A category.",9.0,admission_nc,5.0,0.3699563443660736,0.0006289064767770469
V0641,release_a,"The narrative ends with Release A, realizing the Discharge Disposition Type A category.",3.0,admission_nc,2.0,0.42016804218292236,0.0008567627519369125
V0642,release_a,"The narrative ends with Release A, realizing the Discharge Disposition Type A category.",10.0,admission_ic,4.0,0.13395316898822784,0.005532179493457079
V0643,release_a,"The narrative ends with Release A, realizing the Discharge Disposition Type A category.",23.0,release_d,12.0,0.524129331111908,0.014964391477406025
V0644,,The narrative terminates at CRP and lacks a recognized discharge disposition.,,release_b,1.0,,0.3505743443965912
V0645,,The narrative terminates at LacticAcid and lacks a recognized discharge disposition.,,admission_nc,2.0,,0.3411502540111542
V0646,release_a,"The narrative features a Release A event within its flow, realizing Discharge Disposition Type A.",14.0,admission_nc,7.0,0.45939597487449646,0.3377629518508911
V0647,release_a,"The narrative ends with Release A, realizing the Discharge Disposition Type A category.",3.0,admission_nc,1.0,0.23959855735301971,0.11345281451940536
V0648,release_a,"The narrative ends with Release A, realizing the Discharge Disposition Type A category.",8.0,admission_nc,4.0,0.003993597812950611,0.0023788856342434883
V0649,release_a,"The narrative culminates in Release A, realizing the Discharge Disposition Type A category.",8.0,admission_nc,5.0,0.459451824426651,0.006987418979406357
V0650,release_a,"The narrative culminates in Release A, realizing the Discharge Disposition Type A category.",8.0,admission_nc,2.0,0.7563906311988831,0.22538095712661743
V0651,release_a,The narrative records a patient discharge via Release A.,8.0,admission_nc,3.0,0.6060371994972229,0.019929252564907074
V0652,release_a,The narrative records a patient discharge via Release A.,4.0,admission_nc,2.0,0.5972147583961487,0.11768632382154465
V0653,release_a,The narrative records a patient discharge via Release A.,4.0,admission_nc,4.0,0.13055075705051422,0.0013056452153250575
V0654,,The process terminates at Leucocytes without reaching any of the defined disposition categories.,,release_a,4.0,,0.08748802542686462
V0655,release_a,The narrative records a patient discharge via Release A.,8.0,admission_nc,5.0,0.19662976264953613,0.08362168818712234
V0656,release_d,The narrative records a patient discharge via Release D.,10.0,release_c,6.0,0.01688617654144764,0.12487921118736267
V0657,release_a,The narrative records a patient discharge via Release A.,3.0,admission_nc,2.0,0.17883650958538055,0.08440268784761429
V0658,release_a,The narrative records a patient discharge via Release A.,7.0,admission_nc,2.0,0.5731586217880249,0.03556106612086296
V0659,release_a,The narrative records a patient discharge via Release A.,7.0,admission_nc,3.0,0.36834731698036194,0.004021883476525545
V0660,release_a,The narrative records a patient discharge via Release A.,18.0,release_d,11.0,0.11889851838350296,0.005876448005437851
V0661,release_a,The narrative records a patient discharge via Release A.,19.0,admission_nc,11.0,0.1190897524356842,0.013925903476774693
V0662,release_a,The narrative records a patient discharge via Release A.,10.0,admission_nc,6.0,0.5046647191047668,0.004282416310161352
V0663,admission_nc,The narrative terminates with Admission NC.,5.0,release_a,2.0,0.7684038281440735,0.3410145342350006
V0664,,The process terminates at IV Liquid and does not reach a ward admission or release disposition.,,admission_nc,4.0,,0.09842926263809204
V0665,release_a,The narrative records a patient discharge via Release A.,4.0,admission_nc,3.0,0.0043484861962497234,0.0005881366087123752
V0666,release_a,The narrative records a patient discharge via Release A.,7.0,release_b,2.0,0.15128809213638306,0.01050226017832756
V0667,release_a,The narrative records a patient discharge via Release A.,7.0,release_b,2.0,0.4121288061141968,0.0008237233851104975
V0668,release_a,The narrative records a patient discharge via Release A.,6.0,admission_nc,2.0,0.38447079062461853,0.00495850620791316
V0669,release_a,The narrative records a patient discharge via Release A.,3.0,admission_nc,2.0,0.025883173570036888,0.00011962576536461711
V0670,release_a,The narrative records a patient discharge via Release A.,10.0,release_d,4.0,0.3472447693347931,0.33360064029693604
V0671,release_a,The narrative records a patient discharge via Release A.,8.0,admission_nc,4.0,0.3838052749633789,0.0012052453821524978
V0672,release_b,The narrative records a patient discharge via Release B.,18.0,release_a,12.0,0.17641283571720123,0.002466572681441903
V0673,release_a,The narrative records a patient discharge via Release A.,9.0,admission_nc,6.0,0.11540315300226212,0.001466432586312294
V0674,release_a,The narrative records a patient discharge via Release A.,39.0,release_d,22.0,0.15264546871185303,0.04748162254691124
V0675,release_d,The narrative records a patient discharge via Release D.,7.0,release_a,5.0,0.40084752440452576,0.0009016120457090437
V0676,,The process terminates at IV Antibiotics without reaching any defined discharge or admission category.,,admission_nc,2.0,,0.08807461708784103
V0677,release_a,The narrative records a patient discharge via Release A.,8.0,admission_nc,2.0,0.714871346950531,0.002805172698572278
V0678,release_a,The narrative records a patient discharge via Release A.,6.0,admission_nc,4.0,0.13510702550411224,0.0032506196293979883
V0679,,The process terminates at IV Antibiotics without reaching any defined discharge or admission category.,,admission_nc,2.0,,0.06351962685585022
V0680,release_a,The narrative records a patient discharge via Release A.,9.0,admission_nc,6.0,0.4759720265865326,0.012146451510488987
V0681,release_a,The narrative records a patient discharge via Release A.,5.0,admission_nc,4.0,0.564975380897522,0.021132556721568108
V0682,release_b,The narrative records a patient discharge via Release B.,8.0,release_a,6.0,0.08563952893018723,0.09220131486654282
V0683,release_a,The narrative records a patient discharge via Release A.,8.0,release_d,6.0,0.1241191029548645,0.0006558714085258543
V0684,release_a,The narrative records a patient discharge via Release A.,5.0,admission_nc,2.0,0.1193302646279335,0.0015390818007290363
V0685,,The process terminates at IV Antibiotics without reaching any defined discharge or admission category.,,admission_nc,2.0,,0.0492076613008976
V0686,release_a,The narrative records a patient discharge via Release A.,8.0,admission_nc,1.0,0.7559074759483337,0.043841272592544556
V0687,release_a,The narrative records a patient discharge via Release A.,5.0,admission_nc,2.0,0.4752638339996338,0.004264625255018473
V0688,release_a,The narrative records a patient discharge via Release A.,5.0,admission_nc,2.0,0.37671688199043274,0.0015197525499388576
V0689,,The process terminates at IV Antibiotics without reaching any defined discharge or admission category.,,release_a,4.0,,0.048105333000421524
V0690,release_a,The narrative records a patient discharge via Release A.,10.0,admission_ic,7.0,0.12428731471300125,0.004133663140237331
V0691,release_b,The narrative records a patient discharge via Release B.,8.0,admission_nc,2.0,0.39462682604789734,0.04676935449242592
V0692,release_b,The narrative records a patient discharge via Release B.,6.0,release_a,3.0,0.3737633228302002,0.02590586431324482
V0693,release_a,The narrative records a patient discharge via Release A.,5.0,admission_nc,2.0,0.5018158555030823,0.11307736486196518
V0694,,The process terminates at ER Sepsis Triage and does not reach a ward admission or release disposition.,,admission_nc,3.0,,0.4203183650970459
V0695,release_a,The narrative records a patient discharge via Release A.,3.0,admission_nc,2.0,0.11589808017015457,0.007094081025570631
V0696,release_a,The narrative records a patient discharge via Release A.,10.0,admission_nc,6.0,0.5898785591125488,0.0014559595147147775
V0697,release_a,The narrative records a patient discharge via Release A.,7.0,admission_nc,1.0,0.03480414301156998,0.003289768472313881
V0698,release_a,The narrative records a patient discharge via Release A.,4.0,admission_nc,1.0,0.1451994776725769,0.0044136508367955685
V0699,release_a,The narrative records a patient discharge via Release A.,6.0,admission_nc,4.0,0.027811991050839424,0.0004886052338406444
V0700,release_b,The narrative records a patient discharge via Release B.,8.0,release_a,2.0,0.2397448867559433,0.33369848132133484
V0701,release_c,"The narrative outcome is Release C, realizing Discharge Disposition Type C.",8.0,release_a,3.0,0.004107105545699596,0.33367064595222473
V0702,release_a,"The narrative outcome is Release A, realizing Discharge Disposition Type A.",4.0,admission_nc,2.0,0.11975118517875671,0.0011181674199178815
V0703,,"The narrative does not reach a discharge disposition or admission ward, ending instead at IV Liquid.",,release_a,2.0,,0.33499279618263245
V0704,release_a,"The narrative outcome is Release A, realizing Discharge Disposition Type A.",5.0,admission_nc,4.0,0.11632708460092545,0.011163239367306232
V0705,release_a,The narrative features a discharge via Release A before returning to the ER.,6.0,admission_nc,3.0,0.4671608507633209,0.0007216189987957478
V0706,release_a,"The narrative outcome is Release A, realizing Discharge Disposition Type A.",6.0,admission_nc,1.0,0.39362525939941406,0.014112981967628002
V0707,admission_nc,"The narrative ends with Admission NC, realizing Admission to Normal Care Inpatient Ward.",6.0,release_a,2.0,0.7761445045471191,0.33339282870292664
V0708,,The narrative ends at IV Antibiotics without reaching any admission or release category.,,admission_nc,4.0,,0.047650571912527084
V0709,release_b,"The narrative outcome is Release B, realizing Discharge Disposition Type B.",4.0,release_a,2.0,0.11250493675470352,0.11906671524047852
V0710,release_c,"The narrative outcome is Release C, realizing Discharge Disposition Type C.",173.0,release_a,70.0,0.14292915165424347,0.33356043696403503
V0711,release_a,"The narrative outcome is Release A, realizing Discharge Disposition Type A.",6.0,admission_nc,2.0,0.12447129935026169,0.0016744398744776845
V0712,release_a,The narrative features a discharge via Release A before an ER return.,13.0,admission_ic,8.0,0.5273885130882263,0.011705269105732441
V0713,,The narrative ends at IV Antibiotics without reaching any terminal admission or release goal.,,admission_nc,2.0,,0.043946027755737305
V0714,release_a,"The narrative outcome is Release A, realizing Discharge Disposition Type A.",5.0,admission_nc,3.0,0.02025998942553997,0.004880551248788834
V0715,release_b,"The narrative outcome is Release B, realizing Discharge Disposition Type B.",7.0,release_a,4.0,0.2136198729276657,0.053514983505010605
V0716,release_a,"The narrative outcome is Release A, realizing Discharge Disposition Type A.",6.0,release_b,2.0,0.11695948243141174,0.007815489545464516
V0717,release_a,"The narrative outcome is Release A, realizing Discharge Disposition Type A.",6.0,admission_nc,3.0,0.12238764762878418,0.00017607615154702216
V0718,release_d,"The narrative outcome is Release D, realizing Discharge Disposition Type D.",20.0,release_a,10.0,0.4685699939727783,0.0018020950956270099
V0719,release_a,The narrative features a discharge via Release A prior to returning to the ER.,8.0,admission_nc,5.0,0.3791607618331909,0.003439288353547454
V0720,release_a,The narrative features a discharge via Release A prior to an ER return.,3.0,admission_nc,2.0,0.46866026520729065,0.0006664472748525441
V0721,release_a,The narrative features a discharge via Release A prior to returning to the ER.,15.0,admission_nc,8.0,0.38346055150032043,0.0008605325710959733
V0722,release_a,"The narrative outcome is Release A, realizing Discharge Disposition Type A.",6.0,admission_nc,3.0,0.03655518218874931,0.001538728945888579
V0723,release_a,"The narrative outcome is Release A, realizing Discharge Disposition Type A.",7.0,admission_nc,4.0,0.1270250529050827,0.0008793144370429218
V0724,release_a,The narrative features a discharge via Release A prior to an ER return.,6.0,admission_nc,2.0,0.3355318307876587,0.00806512776762247
V0725,release_d,"The narrative outcome is Release D, realizing Discharge Disposition Type D.",10.0,admission_nc,2.0,0.2604072391986847,0.31284472346305847
V0726,release_a,"The narrative outcome is Release A, realizing Discharge Disposition Type A.",18.0,release_b,11.0,0.11553282290697098,0.010368984192609787
V0727,release_a,The narrative features a discharge via Release A prior to an ER return.,5.0,admission_nc,2.0,0.4264383316040039,0.00011380133219063282
V0728,release_a,"The narrative outcome is Release A, realizing Discharge Disposition Type A.",6.0,admission_nc,4.0,0.1302877813577652,0.0018667960539460182
V0729,release_a,"The narrative outcome is Release A, realizing Discharge Disposition Type A.",6.0,admission_nc,4.0,0.13030408322811127,0.0018831054912880063
V0730,release_a,"The narrative outcome is Release A, realizing Discharge Disposition Type A.",4.0,admission_nc,3.0,0.025113286450505257,0.0005464075366035104
V0731,release_a,"The narrative outcome is Release A, realizing Discharge Disposition Type A.",7.0,admission_nc,2.0,0.19874142110347748,0.00437926547601819
V0732,release_a,"The narrative outcome is Release A, realizing Discharge Disposition Type A.",8.0,admission_nc,3.0,0.3344533443450928,0.015864700078964233
V0733,release_a,"The narrative outcome is Release A, realizing Discharge Disposition Type A.",7.0,admission_nc,2.0,0.1353006660938263,0.0034442609176039696
V0734,release_a,The narrative features a discharge via Release A prior to an ER return.,3.0,admission_nc,1.0,0.589866578578949,0.003758639097213745
V0735,release_a,"The narrative outcome is Release A, realizing Discharge Disposition Type A.",6.0,admission_nc,2.0,0.3581477701663971,0.19417591392993927
V0736,release_a,"The narrative outcome is Release A, realizing Discharge Disposition Type A.",5.0,admission_nc,4.0,0.012913915328681469,0.00012346701987553388
V0737,release_a,"The narrative outcome is Release A, realizing Discharge Disposition Type A.",6.0,admission_nc,2.0,0.02368847467005253,0.0019712208304554224
V0738,release_a,"The narrative outcome is Release A, realizing Discharge Disposition Type A.",5.0,admission_nc,2.0,0.04765487089753151,0.004250312224030495
V0739,release_a,"The narrative outcome is Release A, realizing Discharge Disposition Type A.",8.0,admission_nc,5.0,0.13057830929756165,0.002157332608476281
V0740,release_a,"The narrative outcome is Release A, realizing Discharge Disposition Type A.",7.0,admission_nc,4.0,0.019060393795371056,0.003680954920127988
V0741,release_a,"The narrative outcome is Release A, realizing Discharge Disposition Type A.",6.0,admission_nc,3.0,0.02601233869791031,0.00024879188276827335
V0742,,The narrative ends at LacticAcid without realizing any admission or release category.,,release_a,3.0,,0.10897424817085266
V0743,release_a,"The narrative outcome is Release A, realizing Discharge Disposition Type A.",8.0,release_b,3.0,0.012457291595637798,0.00027456198586151004
V0744,release_a,The narrative features a discharge via Release A prior to an ER return.,15.0,release_d,10.0,0.49360084533691406,0.006132142152637243
V0745,release_a,The narrative features a discharge via Release A prior to an ER return.,8.0,release_b,5.0,0.5693033933639526,0.11935805529356003
V0746,release_a,The narrative features a discharge via Release A prior to an ER return.,25.0,admission_ic,16.0,0.513159453868866,0.004212322179228067
V0747,release_c,"The narrative outcome is Release C, realizing Discharge Disposition Type C.",5.0,release_a,5.0,0.09371375292539597,0.33414873480796814
V0748,release_a,The narrative features a discharge via Release A prior to an ER return.,7.0,admission_nc,4.0,0.49425116181373596,0.014722787775099277
V0749,release_a,"The narrative outcome is Release A, realizing Discharge Disposition Type A.",4.0,admission_nc,2.0,0.025322558358311653,0.0003371362399775535
V0750,,The narrative ends at IV Antibiotics without reaching any admission or release category.,,release_a,3.0,,0.34315261244773865
V0751,release_a,"The narrative culminates in Release A, realizing the discharge disposition type A pathway.",4.0,admission_nc,2.0,0.022227197885513306,0.003432496450841427
V0752,release_a,"Despite returning to the ER later, the patient's primary discharge disposition in the sequence is Release A.",19.0,admission_ic,6.0,0.4919823706150055,0.007750561460852623
V0753,release_a,The narrative includes a Discharge via Release A before the patient returned to the ER.,6.0,admission_nc,3.0,0.3829743564128876,0.0003742961271200329
V0754,release_a,The patient's initial release pathway is Release A.,5.0,admission_nc,1.0,0.3469679653644562,0.003967460710555315
V0755,release_a,The pathway concludes with Release A.,5.0,admission_nc,3.0,0.13672488927841187,0.004060936626046896
V0756,release_a,The narrative includes an Admission IC step and eventually concludes the inpatient stay with Release A.,31.0,release_d,15.0,0.5793117880821228,0.008357378654181957
V0757,release_a,The patient undergoes normal care admission and is eventually discharged via Release A.,6.0,admission_nc,4.0,0.4619591236114502,0.004480055999010801
V0758,release_a,The narrative terminates with Release A.,4.0,admission_nc,1.0,0.15856164693832397,0.01777580939233303
V0759,,The process terminates at IV Antibiotics without reaching any ward admission or release disposition.,,release_a,3.0,,0.10803428292274475
V0760,release_a,The narrative ends with a Release A disposition after standard care ward admission.,6.0,admission_nc,4.0,0.11229822039604187,0.0011199841974303126
V0761,release_a,The inpatient stay features normal care and concludes with Release A.,6.0,admission_nc,4.0,0.027124546468257904,0.00013509762356989086
V0762,release_a,The patient experiences both ICU and normal care before being discharged via Release A.,23.0,admission_ic,10.0,0.14143359661102295,0.03626975417137146
V0763,release_a,The narrative records an eventual discharge through Release A.,41.0,release_b,21.0,0.5349354147911072,0.004158315248787403
V0764,,The narrative terminates early at ER Sepsis Triage without any admission or release categories.,,release_a,3.0,,0.33717337250709534
V0765,release_a,The inpatient phase concludes with Release A.,6.0,admission_nc,5.0,0.5374658107757568,0.006456186529248953
V0766,release_a,The narrative concludes with Release A.,6.0,admission_nc,1.0,0.19496409595012665,0.1666698306798935
V0767,release_a,Discharge is achieved via Release A.,9.0,admission_nc,2.0,0.7178154587745667,0.005749322474002838
V0768,release_a,The patient is admitted to normal care and discharged via Release A.,9.0,admission_nc,3.0,0.35185766220092773,0.0015396312810480595
V0769,release_a,The narrative ends with Release A.,4.0,admission_nc,2.0,0.003766445443034172,0.0026060377713292837
V0770,release_a,The pathway concludes with Release A.,7.0,admission_nc,5.0,0.5283189415931702,0.010774829424917698
V0771,release_a,The narrative concludes with Release A.,4.0,admission_nc,1.0,0.11957883834838867,0.0012905156472697854
V0772,,"The sequence stops at CRP following an admission, missing a definitive release or discharge category.",,release_a,2.0,,0.35271406173706055
V0773,release_a,The narrative concludes with Release A.,5.0,admission_nc,2.0,0.1891946941614151,0.16979831457138062
V0774,,The sequence terminates at ER Sepsis Triage without reaching admission or release.,,admission_nc,3.0,,0.3399728238582611
V0775,,The process ends at CRP without reaching admission or discharge stages.,,release_a,2.0,,0.35355398058891296
V0776,release_a,The narrative concludes with Release A.,4.0,release_c,3.0,0.13536758720874786,0.003511183662340045
V0777,,The sequence stops at Leucocytes without reaching any admission or release phases.,,admission_nc,3.0,,0.3624292314052582
V0778,,The process terminates at Leucocytes without reaching admission or discharge steps.,,admission_nc,3.0,,0.24414904415607452
V0779,release_a,The initial discharge before ER return was via Release A.,6.0,admission_nc,3.0,0.3373715579509735,0.0018284408142790198
V0780,release_a,The narrative concludes with Release A.,15.0,release_c,8.0,0.017514940351247787,0.010368048213422298
V0781,release_c,"The narrative terminates specifically with Release C, realizing the specialized extended treatment release.",8.0,release_a,5.0,0.11267659813165665,0.33335208892822266
V0782,release_a,The narrative concludes with Release A.,8.0,admission_nc,3.0,0.008916748687624931,0.0017698565497994423
V0783,release_a,The narrative concludes with Release A.,7.0,admission_nc,3.0,0.003786135697737336,0.0025863477494567633
V0784,release_a,The narrative concludes with Release A.,9.0,admission_nc,6.0,0.01884062960743904,0.011693737469613552
V0785,release_a,The primary discharge before ER return follows the Release A pathway.,5.0,admission_nc,4.0,0.5274145007133484,0.011679232120513916
V0786,release_a,The narrative concludes with Release A.,8.0,admission_nc,5.0,0.11184199899435043,0.005216369871050119
V0787,release_a,The primary discharge prior to ER return is via Release A.,6.0,admission_nc,2.0,0.47839879989624023,0.001129603828303516
V0788,release_a,The narrative concludes with Release A.,3.0,release_d,3.0,0.02326478250324726,0.0023949111346155405
V0789,release_a,The narrative concludes with Release A.,4.0,admission_nc,3.0,0.13188500702381134,2.8607506465050392e-05
V0790,release_d,"The narrative terminates with Release D, realizing the alternative complex clinical release flow.",9.0,admission_nc,4.0,0.017393022775650024,0.1253860592842102
V0791,,The process terminates at IV Antibiotics without an admission or discharge disposition.,,admission_nc,3.0,,0.09278720617294312
V0792,release_b,"The narrative concludes with Release B, realizing discharge disposition type B.",4.0,release_a,2.0,0.11752891540527344,0.11125507205724716
V0793,release_a,The narrative concludes with Release A.,6.0,admission_nc,3.0,0.1198832169175148,0.01471937820315361
V0794,release_a,The primary discharge before ER return is via Release A.,10.0,release_c,6.0,0.3739035129547119,0.0012936044950038195
V0795,release_a,The narrative concludes with Release A.,41.0,release_d,20.0,0.18240971863269806,0.08541252464056015
V0796,release_a,The narrative concludes with Release A.,8.0,release_b,3.0,0.3548295199871063,0.003915941808372736
V0797,release_a,The primary discharge before ER return is via Release A.,7.0,admission_nc,4.0,0.5301080346107483,0.0009016120457090437
V0798,release_a,The initial discharge prior to ER return is via Release A.,4.0,admission_nc,2.0,0.3931683301925659,0.0020616312976926565
V0799,release_a,The narrative concludes with Release A.,6.0,admission_nc,2.0,0.06614088267087936,0.02273632027208805
V0800,release_a,The narrative concludes with Release A.,6.0,admission_nc,3.0,0.13571256399154663,0.0072915866039693356
V0801,release_a,"The process variant ends with Release A, realizing Discharge Disposition Type A.",6.0,admission_nc,3.0,0.1124047040939331,0.0010134956100955606
V0802,release_d,"The process variant ends with Release D, realizing Discharge Disposition Type D.",7.0,admission_nc,2.0,0.024389848113059998,0.13238288462162018
V0803,release_b,"The process variant ends with Release B, realizing Discharge Disposition Type B.",8.0,release_a,6.0,0.10299691557884216,0.10955869406461716
V0804,,"The process variant ends with Return ER, which does not match any discharge or admission category in the taxonomy.",,admission_nc,2.0,,0.0007471114513464272
V0805,release_a,"The process variant ends with Release A, realizing Discharge Disposition Type A.",31.0,release_d,14.0,0.13179850578308105,0.026634657755494118
V0806,,"The process variant ends with Return ER, which does not fit any of the defined categories.",,admission_nc,3.0,,8.696131408214569e-05
V0807,release_a,"The process variant ends with Release A, realizing Discharge Disposition Type A.",6.0,release_b,2.0,0.19948463141918182,0.005122477654367685
V0808,,"The process variant ends with Return ER, which is outside the defined taxonomy categories.",,release_a,2.0,,2.477323323546443e-05
V0809,release_a,"The process variant ends with Release A, realizing Discharge Disposition Type A.",8.0,admission_nc,5.0,0.11759240180253983,0.007182567846029997
V0810,release_a,"The process variant ends with Release A, realizing Discharge Disposition Type A.",4.0,release_d,4.0,0.1259767860174179,0.00016895815497264266
V0811,release_a,"The process variant ends with Release A, realizing Discharge Disposition Type A.",7.0,admission_nc,4.0,0.12263504415750504,0.005576686467975378
V0812,,"The process variant ends with Return ER, which does not match any of the taxonomy categories.",,release_a,1.0,,0.013712174259126186
V0813,release_a,"The process variant ends with Release A, realizing Discharge Disposition Type A.",13.0,admission_nc,8.0,0.014485512860119343,0.007338620722293854
V0814,release_a,"The process variant ends with Release A, realizing Discharge Disposition Type A.",5.0,admission_nc,1.0,0.016667528077960014,0.0012880897847935557
V0815,,"The process variant ends with Return ER, which falls outside the scope of the taxonomy categories.",,admission_nc,4.0,,9.928982035489753e-05
V0816,,"The process variant terminates at IV Antibiotics, which is not a recognized final release or admission category.",,admission_nc,4.0,,0.08287663012742996
V0817,release_c,"The process variant concludes with Release C prior to Return ER, realizing Discharge Disposition Type C.",12.0,release_a,6.0,0.4634896218776703,0.0001831106055760756
V0818,release_a,"The process variant ends with Release A, realizing Discharge Disposition Type A.",14.0,release_c,5.0,0.01138682384043932,0.004239932633936405
V0819,release_a,"The process variant ends with Release A, realizing Discharge Disposition Type A.",5.0,admission_nc,5.0,0.11660092324018478,0.0005369993159547448
V0820,,"The process variant terminates at LacticAcid, which is not part of the admission or release categories.",,release_a,2.0,,0.35528209805488586
V0821,,"The process variant ends with Return ER, which does not match any category.",,release_a,4.0,,0.0005316729075275362
V0822,release_a,"The process variant ends with Release A before Return ER, realizing Discharge Disposition Type A.",49.0,release_d,24.0,0.5781833529472351,0.007228961680084467
V0823,,"The process variant ends with Return ER, which does not fit the taxonomy.",,admission_nc,1.0,,0.006757034454494715
V0824,release_a,"The process variant ends with Release A, realizing Discharge Disposition Type A.",5.0,admission_nc,2.0,0.0,0.000614195829257369
V0825,,"The process variant ends with Return ER, which is not covered by the categories.",,release_a,1.0,,0.001801188918761909
V0826,admission_nc,"The process variant terminates at Admission NC, realizing Admission to Normal Care Inpatient Ward.",6.0,release_b,2.0,0.7464260458946228,0.3444690704345703
V0827,,"The process variant ends with Return ER, which does not fit any category.",,admission_nc,3.0,,6.181454068610037e-07
V0828,,"The process variant ends with Return ER, failing to match any category.",,release_a,3.0,,0.021267281845211983
V0829,release_a,"The process variant ends with Release A, realizing Discharge Disposition Type A.",4.0,admission_nc,3.0,0.11186834424734116,0.0015498577849939466
V0830,release_a,"The process variant ends with Release A, realizing Discharge Disposition Type A.",9.0,admission_nc,6.0,0.11322268843650818,0.00019551381410565227
V0831,release_d,"The process variant ends with Release D, realizing Discharge Disposition Type D.",8.0,release_a,4.0,0.13306941092014313,0.2132846862077713
V0832,,"The process variant terminates at IV Antibiotics, which is not part of the taxonomy.",,release_a,2.0,,0.0921669602394104
V0833,release_a,"The process variant ends with Release A, realizing Discharge Disposition Type A.",11.0,admission_nc,7.0,0.11629856377840042,0.0074945613741874695
V0834,,"The process variant ends with Return ER, which is not represented in the categories.",,admission_ic,9.0,,6.898649007780477e-05
V0835,release_a,"The process variant ends with Release A, realizing Discharge Disposition Type A.",2.0,admission_nc,1.0,0.0260948296636343,0.0003312822664156556
V0836,release_a,"The process variant ends with Release A, realizing Discharge Disposition Type A.",8.0,admission_nc,7.0,0.11212561279535294,0.0033216101583093405
V0837,release_a,"The process variant ends with Release A, realizing Discharge Disposition Type A.",5.0,admission_nc,4.0,0.011703007854521275,0.0010288454359397292
V0838,release_a,"The process variant ends with Release A, realizing Discharge Disposition Type A.",7.0,admission_nc,2.0,0.3733879327774048,0.006124341394752264
V0839,release_a,"The process variant ends with Release A, realizing Discharge Disposition Type A.",6.0,admission_nc,4.0,0.023731620982289314,0.00192807347048074
V0840,release_b,"The process variant ends with Release B, realizing Discharge Disposition Type B.",53.0,release_a,22.0,0.2657969295978546,0.13691753149032593
V0841,release_a,"The process variant ends with Release A, realizing Discharge Disposition Type A.",6.0,admission_nc,2.0,0.06580547988414764,0.02240092307329178
V0842,,"The process variant ends with Return ER, which does not match any category.",,admission_nc,3.0,,5.056213922216557e-05
V0843,,"The process variant terminates at IV Liquid, which is not a valid category endpoint.",,release_b,1.0,,0.0011347128311172128
V0844,release_a,"The process variant ends with Release A, realizing Discharge Disposition Type A.",14.0,admission_ic,10.0,0.1762898713350296,0.08700928837060928
V0845,release_a,"The process variant ends with Release A, realizing Discharge Disposition Type A.",18.0,admission_ic,9.0,0.11854341626167297,0.013379567302763462
V0846,release_a,"The process variant ends with Release A, realizing Discharge Disposition Type A.",4.0,admission_nc,3.0,0.1305672973394394,0.002146307611837983
