variant_id,activity_sequence,trace_length,frequency,frequency_pct,representative_case_id,duration_seconds_mean,duration_seconds_median,duration_seconds_min,duration_seconds_max,outcome,rework,resource_distribution
V0001,ER Registration>ER Triage>ER Sepsis Triage,3,35,0.0333333333333333,SKA,1453.7428571428572,1043.0,122.0,6345.0,ER Sepsis Triage,{},{}
V0002,ER Registration>ER Triage>ER Sepsis Triage>Leucocytes>CRP,5,24,0.0228571428571428,MCA,2021.0,1624.5,473.0,4594.0,CRP,{},{}
V0003,ER Registration>ER Triage>ER Sepsis Triage>CRP>Leucocytes,5,22,0.0209523809523809,DE,1650.3636363636363,1278.5,404.0,4562.0,Leucocytes,{},{}
V0004,ER Registration>ER Triage>ER Sepsis Triage>CRP>LacticAcid>Leucocytes>IV Liquid>IV Antibiotics,8,13,0.0123809523809523,DQ,7332.461538461538,4707.0,1181.0,22924.0,IV Antibiotics,{},{}
V0005,ER Registration>ER Triage>ER Sepsis Triage>Leucocytes>CRP>LacticAcid,6,11,0.0104761904761904,REA,1815.1818181818182,1553.0,399.0,4681.0,LacticAcid,{},{}
V0006,ER Registration>ER Triage>ER Sepsis Triage>Leucocytes>CRP>LacticAcid>IV Liquid>IV Antibiotics,8,9,0.0085714285714285,IFA,12876.555555555555,10244.0,7832.0,22400.0,IV Antibiotics,{},{}
V0007,ER Registration>ER Triage>ER Sepsis Triage>Leucocytes>LacticAcid>CRP>IV Liquid>IV Antibiotics,8,7,0.0066666666666666,RJA,12374.57142857143,13073.0,3796.0,20209.0,IV Antibiotics,{},{}
V0008,ER Registration>ER Triage>ER Sepsis Triage>Leucocytes>CRP>Admission NC>Release A,7,5,0.0047619047619047,RB,291946.4,274089.0,159839.0,449758.0,Release A,{},{}
V0009,ER Registration>ER Triage>ER Sepsis Triage>LacticAcid>Leucocytes>CRP>IV Liquid>IV Antibiotics,8,5,0.0047619047619047,GGA,7377.8,6978.0,3519.0,11726.0,IV Antibiotics,{},{}
V0010,ER Registration>ER Triage>CRP>Leucocytes>ER Sepsis Triage,5,5,0.0047619047619047,SG,5429.8,5951.0,983.0,8477.0,ER Sepsis Triage,{},{}
V0011,ER Registration>ER Triage>ER Sepsis Triage>CRP>Leucocytes>LacticAcid>IV Liquid>IV Antibiotics,8,5,0.0047619047619047,PHA,11893.4,11722.0,4435.0,20923.0,IV Antibiotics,{},{}
V0012,ER Registration>ER Triage>ER Sepsis Triage>IV Liquid>CRP>Leucocytes>LacticAcid>IV Antibiotics,8,4,0.0038095238095238,E,2458.5,1451.0,1082.0,5850.0,IV Antibiotics,{},{}
V0013,ER Registration>ER Triage>ER Sepsis Triage>CRP>LacticAcid>Leucocytes,6,4,0.0038095238095238,GKA,2051.25,2242.0,502.0,3219.0,Leucocytes,{},{}
V0014,ER Registration>ER Triage>ER Sepsis Triage>CRP>Leucocytes>Admission NC>Release A,7,4,0.0038095238095238,BNA,320865.25,316395.0,216004.0,434667.0,Release A,{},{}
V0015,ER Registration>ER Triage>ER Sepsis Triage>Leucocytes>LacticAcid>CRP>IV Liquid>IV Antibiotics>Admission NC>CRP>Leucocytes>Release A,12,4,0.0038095238095238,TBA,213253.25,214330.5,91039.0,333313.0,Release A,"{""CRP"": 4, ""Leucocytes"": 4}",{}
V0016,ER Registration>ER Triage>ER Sepsis Triage>Leucocytes>CRP>LacticAcid>IV Liquid>IV Antibiotics>Admission NC>Leucocytes>CRP>Release A,12,4,0.0038095238095238,JJ,401794.75,329676.5,176537.0,771289.0,Release A,"{""CRP"": 4, ""Leucocytes"": 4}",{}
V0017,ER Registration>ER Triage>Leucocytes>CRP>ER Sepsis Triage,5,4,0.0038095238095238,KL,2504.5,2233.5,1475.0,4076.0,ER Sepsis Triage,{},{}
V0018,ER Registration>ER Triage>ER Sepsis Triage>LacticAcid>Leucocytes>CRP>IV Liquid>IV Antibiotics>Admission NC>Release A,10,4,0.0038095238095238,PEA,305017.5,326334.5,138031.0,429370.0,Release A,{},{}
V0019,ER Registration>ER Triage>CRP>LacticAcid>Leucocytes>ER Sepsis Triage>IV Liquid>IV Antibiotics,8,3,0.0028571428571428,GH,11377.666666666666,6857.0,6468.0,20808.0,IV Antibiotics,{},{}
V0020,ER Registration>ER Triage>ER Sepsis Triage>IV Liquid>IV Antibiotics>Leucocytes>LacticAcid>CRP,8,3,0.0028571428571428,UJA,1571.6666666666667,1486.0,1235.0,1994.0,CRP,{},{}
V0021,ER Registration>ER Triage>ER Sepsis Triage>IV Liquid>Leucocytes>CRP>LacticAcid>IV Antibiotics>Admission NC>Leucocytes>CRP>Release A>Return ER,13,3,0.0028571428571428,VDA,3540266.6666666665,2912358.0,357761.0,7350681.0,Return ER,"{""CRP"": 3, ""Leucocytes"": 3}",{}
V0022,ER Registration>ER Triage>ER Sepsis Triage>CRP>LacticAcid>Leucocytes>IV Liquid>IV Antibiotics>Admission NC>Release A,10,3,0.0028571428571428,LFA,337145.3333333333,332515.0,255799.0,423122.0,Release A,{},{}
V0023,ER Registration>ER Triage>ER Sepsis Triage>IV Liquid>IV Antibiotics>Leucocytes>LacticAcid>CRP>Admission NC>Leucocytes>CRP>Release A>Return ER,13,3,0.0028571428571428,WFA,4393366.333333333,3416688.0,3130953.0,6632458.0,Return ER,"{""CRP"": 3, ""Leucocytes"": 3}",{}
V0024,ER Registration>ER Triage>ER Sepsis Triage>IV Liquid>Leucocytes>LacticAcid>CRP>IV Antibiotics>Admission NC,9,3,0.0028571428571428,DU,10630.666666666666,8924.0,7449.0,15519.0,Admission NC,{},{}
V0025,ER Registration>ER Triage>Leucocytes>CRP>LacticAcid>ER Sepsis Triage>IV Liquid>IV Antibiotics,8,3,0.0028571428571428,CLA,14403.333333333334,10758.0,7291.0,25161.0,IV Antibiotics,{},{}
V0026,ER Registration>ER Triage>ER Sepsis Triage>Leucocytes>CRP>LacticAcid>IV Liquid>IV Antibiotics>Admission NC>CRP>Release A>Return ER,12,3,0.0028571428571428,OLA,6238400.333333333,1470806.0,567525.0,16676870.0,Return ER,"{""CRP"": 3}",{}
V0027,ER Registration>ER Triage>LacticAcid>Leucocytes>CRP>ER Sepsis Triage>IV Liquid>IV Antibiotics,8,3,0.0028571428571428,UFA,10893.333333333334,12715.0,7130.0,12835.0,IV Antibiotics,{},{}
V0028,ER Registration>ER Triage>ER Sepsis Triage>CRP>LacticAcid>Leucocytes>IV Liquid>IV Antibiotics>Admission NC>Leucocytes>CRP>Release A>Return ER,13,2,0.0019047619047619,D,8783175.0,8783175.0,1575881.0,15990469.0,Return ER,"{""CRP"": 2, ""Leucocytes"": 2}",{}
V0029,ER Registration>ER Triage>ER Sepsis Triage>IV Liquid>IV Antibiotics>CRP>LacticAcid>Leucocytes,8,2,0.0019047619047619,CA,2046.0,2046.0,1367.0,2725.0,Leucocytes,{},{}
V0030,ER Registration>ER Triage>ER Sepsis Triage>LacticAcid>Leucocytes>CRP>IV Liquid>IV Antibiotics>Admission NC>Leucocytes>CRP>CRP>Leucocytes>Release A,14,2,0.0019047619047619,MA,314839.5,314839.5,261891.0,367788.0,Release A,"{""CRP"": 2, ""Leucocytes"": 2}",{}
V0031,ER Registration>ER Triage>ER Sepsis Triage>IV Liquid>IV Antibiotics>CRP>Leucocytes>LacticAcid,8,2,0.0019047619047619,FB,3513.0,3513.0,1897.0,5129.0,LacticAcid,{},{}
V0032,ER Registration>ER Triage>ER Sepsis Triage>IV Liquid>CRP>LacticAcid>Leucocytes>IV Antibiotics>Admission NC>Leucocytes>CRP>Leucocytes>CRP>Leucocytes>Release A>Return ER,16,2,0.0019047619047619,PB,1474764.5,1474764.5,1346123.0,1603406.0,Return ER,"{""CRP"": 2, ""Leucocytes"": 2}",{}
V0033,ER Registration>ER Triage>ER Sepsis Triage>LacticAcid>Leucocytes>CRP>IV Liquid>IV Antibiotics>Admission NC>CRP>Release A>Return ER,12,2,0.0019047619047619,DC,15812989.0,15812989.0,8905121.0,22720857.0,Return ER,"{""CRP"": 2}",{}
V0034,ER Registration>ER Triage>ER Sepsis Triage>Leucocytes>CRP>IV Antibiotics>IV Liquid,7,2,0.0019047619047619,NC,52897.0,52897.0,18451.0,87343.0,IV Liquid,{},{}
V0035,ER Registration>ER Triage>ER Sepsis Triage>Leucocytes>CRP>LacticAcid>IV Liquid>IV Antibiotics>Admission NC>CRP>Leucocytes>CRP>Leucocytes>CRP>Release A,15,2,0.0019047619047619,HJ,675697.0,675697.0,418836.0,932558.0,Release A,"{""CRP"": 2, ""Leucocytes"": 2}",{}
V0036,ER Registration>ER Triage>ER Sepsis Triage>IV Liquid>IV Antibiotics>LacticAcid>Leucocytes>CRP,8,2,0.0019047619047619,FV,1236.5,1236.5,1232.0,1241.0,CRP,{},{}
V0037,ER Registration>ER Triage>ER Sepsis Triage>Leucocytes>CRP>LacticAcid>Admission NC>Release B,8,2,0.0019047619047619,DD,242013.5,242013.5,29490.0,454537.0,Release B,{},{}
V0038,ER Registration>ER Triage>ER Sepsis Triage>IV Liquid>Leucocytes>CRP>LacticAcid>IV Antibiotics,8,2,0.0019047619047619,JF,12127.0,12127.0,11835.0,12419.0,IV Antibiotics,{},{}
V0039,ER Registration>ER Triage>ER Sepsis Triage>CRP>LacticAcid>Leucocytes>IV Liquid>IV Antibiotics>Admission NC>Leucocytes>CRP>Admission NC>CRP>Leucocytes>Release A,15,2,0.0019047619047619,PF,650663.0,650663.0,541057.0,760269.0,Release A,"{""Admission NC"": 2, ""CRP"": 2, ""Leucocytes"": 2}",{}
V0040,ER Registration>ER Triage>ER Sepsis Triage>Leucocytes>LacticAcid>CRP>IV Liquid>IV Antibiotics>Admission NC,9,2,0.0019047619047619,KR,14287.0,14287.0,14058.0,14516.0,Admission NC,{},{}
V0041,ER Registration>ER Triage>ER Sepsis Triage>Leucocytes>CRP>LacticAcid>IV Liquid>IV Antibiotics>Admission NC>Admission NC>Leucocytes>CRP>Release A,13,2,0.0019047619047619,HQ,286882.5,286882.5,268516.0,305249.0,Release A,"{""Admission NC"": 2, ""CRP"": 2, ""Leucocytes"": 2}",{}
V0042,ER Registration>ER Triage>ER Sepsis Triage>CRP>LacticAcid>Leucocytes>IV Liquid>IV Antibiotics>Admission NC>CRP>Leucocytes>Release A,12,2,0.0019047619047619,DG,300864.0,300864.0,284923.0,316805.0,Release A,"{""CRP"": 2, ""Leucocytes"": 2}",{}
V0043,ER Registration>ER Triage>ER Sepsis Triage>CRP>Leucocytes>LacticAcid,6,2,0.0019047619047619,NG,2286.5,2286.5,801.0,3772.0,LacticAcid,{},{}
V0044,ER Registration>ER Triage>ER Sepsis Triage>LacticAcid>CRP>Leucocytes>IV Liquid>IV Antibiotics>Admission NC>Leucocytes>CRP>Release A,12,2,0.0019047619047619,DI,270421.0,270421.0,210957.0,329885.0,Release A,"{""CRP"": 2, ""Leucocytes"": 2}",{}
V0045,ER Registration>ER Triage>ER Sepsis Triage>LacticAcid>CRP>Leucocytes>Admission NC>Release A>Return ER,9,2,0.0019047619047619,HI,3861718.0,3861718.0,1828249.0,5895187.0,Return ER,{},{}
V0046,ER Registration>ER Triage>ER Sepsis Triage>LacticAcid>Leucocytes>CRP>IV Liquid>IV Antibiotics>Admission NC>CRP>Leucocytes>Leucocytes>CRP>Release A,14,2,0.0019047619047619,YI,515841.0,515841.0,437130.0,594552.0,Release A,"{""CRP"": 2, ""Leucocytes"": 2}",{}
V0047,ER Registration>ER Triage>ER Sepsis Triage>LacticAcid>CRP>Leucocytes>IV Liquid>IV Antibiotics>Admission NC>Release A,10,2,0.0019047619047619,ET,161990.5,161990.5,72341.0,251640.0,Release A,{},{}
V0048,ER Registration>ER Triage>ER Sepsis Triage>Leucocytes>CRP>LacticAcid>IV Liquid>IV Antibiotics>Admission NC>Leucocytes>CRP>CRP>Leucocytes>Release A,14,2,0.0019047619047619,HT,470649.5,470649.5,309006.0,632293.0,Release A,"{""CRP"": 2, ""Leucocytes"": 2}",{}
V0049,ER Registration>ER Triage>ER Sepsis Triage>IV Liquid>IV Antibiotics>Leucocytes>CRP>LacticAcid>Admission NC>CRP>Leucocytes>Leucocytes>CRP>Release A>Return ER,15,2,0.0019047619047619,LN,20228210.5,20228210.5,10854566.0,29601855.0,Return ER,"{""CRP"": 2, ""Leucocytes"": 2}",{}
V0050,ER Registration>ER Triage>ER Sepsis Triage>LacticAcid>Leucocytes>CRP,6,2,0.0019047619047619,BO,1999.0,1999.0,1448.0,2550.0,CRP,{},{}
V0051,ER Registration>ER Triage>ER Sepsis Triage>Leucocytes>CRP>LacticAcid>IV Liquid>IV Antibiotics>Admission NC>Leucocytes>CRP>Admission NC>Leucocytes>CRP>Release A,15,2,0.0019047619047619,DR,424817.0,424817.0,418948.0,430686.0,Release A,"{""Admission NC"": 2, ""CRP"": 2, ""Leucocytes"": 2}",{}
V0052,ER Registration>ER Triage>ER Sepsis Triage>Leucocytes>CRP>LacticAcid>IV Liquid>IV Antibiotics>Admission NC>Leucocytes>CRP>Release A>Return ER,13,2,0.0019047619047619,IQ,9141617.5,9141617.5,421865.0,17861370.0,Return ER,"{""CRP"": 2, ""Leucocytes"": 2}",{}
V0053,ER Registration>ER Triage>ER Sepsis Triage>Admission NC>Release A,5,2,0.0019047619047619,KAA,146496.5,146496.5,83961.0,209032.0,Release A,{},{}
V0054,ER Registration>ER Triage>ER Sepsis Triage>LacticAcid>Leucocytes>CRP>IV Liquid>IV Antibiotics>Admission NC>Leucocytes>CRP>Release A>Return ER,13,2,0.0019047619047619,DCA,3520907.5,3520907.5,3416070.0,3625745.0,Return ER,"{""CRP"": 2, ""Leucocytes"": 2}",{}
V0055,ER Registration>ER Triage>ER Sepsis Triage>Leucocytes>CRP>LacticAcid>IV Liquid>IV Antibiotics>Admission NC>Admission NC>Leucocytes>CRP>Release A>Return ER,14,2,0.0019047619047619,PV,5286698.0,5286698.0,4005625.0,6567771.0,Return ER,"{""Admission NC"": 2, ""CRP"": 2, ""Leucocytes"": 2}",{}
V0056,ER Registration>ER Triage>ER Sepsis Triage>Leucocytes>LacticAcid>CRP>IV Antibiotics,7,2,0.0019047619047619,CS,4122.5,4122.5,2135.0,6110.0,IV Antibiotics,{},{}
V0057,ER Registration>ER Triage>ER Sepsis Triage>Leucocytes>CRP>LacticAcid>IV Liquid>IV Antibiotics>Admission NC>Release A,10,2,0.0019047619047619,PS,158814.0,158814.0,57615.0,260013.0,Release A,{},{}
V0058,ER Registration>ER Triage>ER Sepsis Triage>Leucocytes>Admission NC>Release A,6,2,0.0019047619047619,LMA,190447.5,190447.5,103155.0,277740.0,Release A,{},{}
V0059,ER Registration>ER Triage>ER Sepsis Triage>Leucocytes>CRP>LacticAcid>IV Liquid>IV Antibiotics>Admission NC>CRP>Leucocytes>Release A,12,2,0.0019047619047619,BAA,232022.5,232022.5,229137.0,234908.0,Release A,"{""CRP"": 2, ""Leucocytes"": 2}",{}
V0060,ER Registration>ER Triage>ER Sepsis Triage>Leucocytes>CRP>Admission NC>Leucocytes>CRP>Release A>Return ER,10,2,0.0019047619047619,FBA,12710589.0,12710589.0,2159026.0,23262152.0,Return ER,"{""CRP"": 2, ""Leucocytes"": 2}",{}
V0061,ER Registration>ER Triage>ER Sepsis Triage>CRP>Leucocytes>LacticAcid>IV Liquid>IV Antibiotics>Admission NC>Leucocytes>CRP>Leucocytes>CRP>Release A,14,2,0.0019047619047619,SDA,634334.0,634334.0,576601.0,692067.0,Release A,"{""CRP"": 2, ""Leucocytes"": 2}",{}
V0062,ER Registration>ER Triage>ER Sepsis Triage>LacticAcid>CRP>Leucocytes>IV Liquid>IV Antibiotics,8,2,0.0019047619047619,LJA,9354.5,9354.5,8216.0,10493.0,IV Antibiotics,{},{}
V0063,ER Registration>Leucocytes>CRP>LacticAcid>ER Triage>ER Sepsis Triage>IV Liquid>IV Antibiotics>Admission NC>CRP>Leucocytes>Leucocytes>CRP>Leucocytes>CRP>CRP>Leucocytes>Leucocytes>CRP>CRP>Leucocytes>Release A,22,1,0.0009523809523809,A,968359.0,968359.0,968359.0,968359.0,Release A,"{""CRP"": 1, ""Leucocytes"": 1}",{}
V0064,ER Registration>ER Triage>CRP>LacticAcid>Leucocytes>ER Sepsis Triage>IV Liquid>IV Antibiotics>Admission NC>CRP>CRP>Release A,12,1,0.0009523809523809,B,456936.0,456936.0,456936.0,456936.0,Release A,"{""CRP"": 1}",{}
V0065,ER Registration>ER Triage>ER Sepsis Triage>Leucocytes>CRP>IV Liquid>IV Antibiotics>Admission NC>Admission NC>Leucocytes>CRP>Leucocytes>CRP>Release A,14,1,0.0009523809523809,C,484231.0,484231.0,484231.0,484231.0,Release A,"{""Admission NC"": 1, ""CRP"": 1, ""Leucocytes"": 1}",{}
V0066,ER Registration>ER Triage>ER Sepsis Triage>Leucocytes>CRP>LacticAcid>IV Antibiotics>IV Liquid>Admission NC>Release A,10,1,0.0009523809523809,F,144183.0,144183.0,144183.0,144183.0,Release A,{},{}
V0067,ER Registration>ER Triage>ER Sepsis Triage>IV Liquid>IV Antibiotics>LacticAcid>CRP>Leucocytes>Admission NC>Leucocytes>CRP>Release A,12,1,0.0009523809523809,G,587953.0,587953.0,587953.0,587953.0,Release A,"{""CRP"": 1, ""Leucocytes"": 1}",{}
V0068,ER Registration>ER Triage>ER Sepsis Triage>CRP>LacticAcid>Leucocytes>Admission IC>Admission NC>CRP>Leucocytes>CRP>Admission NC>Release B,13,1,0.0009523809523809,H,400198.0,400198.0,400198.0,400198.0,Release B,"{""Admission NC"": 1, ""CRP"": 1, ""Leucocytes"": 1}",{}
V0069,ER Registration>ER Triage>ER Sepsis Triage>IV Antibiotics>Leucocytes>CRP>LacticAcid>Admission NC>Leucocytes>CRP>Release A,11,1,0.0009523809523809,I,618237.0,618237.0,618237.0,618237.0,Release A,"{""CRP"": 1, ""Leucocytes"": 1}",{}
V0070,ER Registration>ER Triage>ER Sepsis Triage>CRP>Leucocytes>LacticAcid>IV Liquid>IV Antibiotics>Admission NC>CRP>Release A,11,1,0.0009523809523809,J,324855.0,324855.0,324855.0,324855.0,Release A,"{""CRP"": 1}",{}
V0071,ER Registration>ER Triage>ER Sepsis Triage>LacticAcid>CRP>Leucocytes>IV Antibiotics>Admission NC>Leucocytes>CRP>Admission NC>IV Liquid>CRP>Leucocytes>Release A>Return ER,16,1,0.0009523809523809,K,9243851.0,9243851.0,9243851.0,9243851.0,Return ER,"{""Admission NC"": 1, ""CRP"": 1, ""Leucocytes"": 1}",{}
V0072,ER Registration>ER Triage>ER Sepsis Triage>Leucocytes>CRP>LacticAcid>IV Liquid>IV Antibiotics>Admission NC>Leucocytes>Leucocytes>Leucocytes>CRP>Release A>Return ER,15,1,0.0009523809523809,L,971592.0,971592.0,971592.0,971592.0,Return ER,"{""CRP"": 1, ""Leucocytes"": 1}",{}
V0073,ER Registration>ER Triage>ER Sepsis Triage>CRP>LacticAcid>Leucocytes>Admission NC>IV Liquid>IV Antibiotics>CRP>Leucocytes>Release A,12,1,0.0009523809523809,N,446102.0,446102.0,446102.0,446102.0,Release A,"{""CRP"": 1, ""Leucocytes"": 1}",{}
V0074,ER Registration>ER Triage>ER Sepsis Triage>IV Liquid>CRP>Leucocytes>LacticAcid>IV Antibiotics>Admission NC>Release A>Return ER,11,1,0.0009523809523809,O,504700.0,504700.0,504700.0,504700.0,Return ER,{},{}
V0075,ER Registration>ER Triage>ER Sepsis Triage>Leucocytes>CRP>LacticAcid>IV Liquid>IV Antibiotics>Admission NC>Admission IC>LacticAcid>Leucocytes>CRP>Admission NC>Leucocytes>CRP>Leucocytes>Release A>Return ER,19,1,0.0009523809523809,S,19100284.0,19100284.0,19100284.0,19100284.0,Return ER,"{""Admission NC"": 1, ""CRP"": 1, ""LacticAcid"": 1, ""Leucocytes"": 1}",{}
V0076,ER Registration>ER Triage>ER Sepsis Triage>IV Liquid>IV Antibiotics>CRP>LacticAcid>Leucocytes>Admission NC>Release B,10,1,0.0009523809523809,T,192944.0,192944.0,192944.0,192944.0,Release B,{},{}
V0077,ER Registration>ER Triage>ER Sepsis Triage>Leucocytes>Admission NC>Leucocytes>Leucocytes>Leucocytes>Leucocytes>CRP>Release B,11,1,0.0009523809523809,U,167497.0,167497.0,167497.0,167497.0,Release B,"{""Leucocytes"": 1}",{}
V0078,ER Registration>ER Triage>ER Sepsis Triage>IV Liquid>Leucocytes>LacticAcid>CRP>IV Antibiotics>Admission IC>LacticAcid>CRP>Leucocytes>LacticAcid>LacticAcid>CRP>Leucocytes>Admission NC>Leucocytes>CRP>Release A>Return ER,21,1,0.0009523809523809,V,7128640.0,7128640.0,7128640.0,7128640.0,Return ER,"{""CRP"": 1, ""LacticAcid"": 1, ""Leucocytes"": 1}",{}
V0079,ER Registration>ER Triage>ER Sepsis Triage>IV Liquid>LacticAcid>Leucocytes>CRP>IV Antibiotics>Admission NC>CRP>Release A,11,1,0.0009523809523809,W,324444.0,324444.0,324444.0,324444.0,Release A,"{""CRP"": 1}",{}
V0080,ER Registration>ER Triage>Leucocytes>CRP>LacticAcid>ER Sepsis Triage>Leucocytes>CRP>LacticAcid>Admission NC>CRP>Release A>Return ER,13,1,0.0009523809523809,X,18774640.0,18774640.0,18774640.0,18774640.0,Return ER,"{""CRP"": 1, ""LacticAcid"": 1, ""Leucocytes"": 1}",{}
V0081,ER Registration>ER Triage>ER Sepsis Triage>IV Antibiotics>CRP>LacticAcid>Leucocytes>IV Liquid,8,1,0.0009523809523809,Y,3239.0,3239.0,3239.0,3239.0,IV Liquid,{},{}
V0082,ER Registration>ER Triage>ER Sepsis Triage>Leucocytes>LacticAcid>CRP>Admission IC>Admission NC>Admission NC>Release A,10,1,0.0009523809523809,Z,349807.0,349807.0,349807.0,349807.0,Release A,"{""Admission NC"": 1}",{}
V0083,ER Registration>ER Triage>ER Sepsis Triage>IV Liquid>IV Antibiotics>LacticAcid>CRP>Leucocytes>Admission NC>CRP>Leucocytes>Release A>Return ER,13,1,0.0009523809523809,BA,7399318.0,7399318.0,7399318.0,7399318.0,Return ER,"{""CRP"": 1, ""Leucocytes"": 1}",{}
V0084,ER Registration>ER Triage>ER Sepsis Triage>CRP>Leucocytes>LacticAcid>IV Antibiotics>Admission NC>IV Liquid>Leucocytes>CRP>Release C,12,1,0.0009523809523809,DA,489174.0,489174.0,489174.0,489174.0,Release C,"{""CRP"": 1, ""Leucocytes"": 1}",{}
V0085,ER Registration>ER Triage>ER Sepsis Triage>Leucocytes>CRP>LacticAcid>IV Liquid>IV Antibiotics>Admission NC>Admission NC>Leucocytes>CRP>CRP>Release A>Return ER,15,1,0.0009523809523809,EA,14254218.0,14254218.0,14254218.0,14254218.0,Return ER,"{""Admission NC"": 1, ""CRP"": 1, ""Leucocytes"": 1}",{}
V0086,ER Registration>ER Triage>ER Sepsis Triage>IV Liquid>IV Antibiotics>CRP>Leucocytes>LacticAcid>Admission NC>CRP>Leucocytes>Release A,12,1,0.0009523809523809,GA,354162.0,354162.0,354162.0,354162.0,Release A,"{""CRP"": 1, ""Leucocytes"": 1}",{}
V0087,ER Registration>ER Triage>Leucocytes>CRP>LacticAcid>ER Sepsis Triage>Admission NC>Admission NC>Leucocytes>CRP>Release A,11,1,0.0009523809523809,HA,512479.0,512479.0,512479.0,512479.0,Release A,"{""Admission NC"": 1, ""CRP"": 1, ""Leucocytes"": 1}",{}
V0088,IV Liquid>ER Registration>ER Triage>ER Sepsis Triage>LacticAcid>CRP>Leucocytes>IV Antibiotics,8,1,0.0009523809523809,IA,1800.0,1800.0,1800.0,1800.0,IV Antibiotics,{},{}
V0089,ER Registration>ER Sepsis Triage>IV Antibiotics>ER Triage>Leucocytes>LacticAcid>CRP>Admission NC>Admission NC>CRP>LacticAcid>Leucocytes>Release A>Return ER,14,1,0.0009523809523809,JA,6093587.0,6093587.0,6093587.0,6093587.0,Return ER,"{""Admission NC"": 1, ""CRP"": 1, ""LacticAcid"": 1, ""Leucocytes"": 1}",{}
V0090,ER Registration>ER Triage>ER Sepsis Triage>IV Liquid>IV Antibiotics>CRP>LacticAcid>Leucocytes>Admission NC>Leucocytes>CRP>Leucocytes>CRP>CRP>Leucocytes>Release A,16,1,0.0009523809523809,KA,447517.0,447517.0,447517.0,447517.0,Release A,"{""CRP"": 1, ""Leucocytes"": 1}",{}
V0091,ER Registration>ER Triage>ER Sepsis Triage>IV Antibiotics>IV Liquid>Leucocytes>CRP>LacticAcid>Admission NC>Admission NC>Leucocytes>CRP>CRP>Leucocytes>Leucocytes>Leucocytes>Leucocytes>Leucocytes>CRP>LacticAcid>Leucocytes>CRP>Leucocytes>Release C,24,1,0.0009523809523809,NA,1082681.0,1082681.0,1082681.0,1082681.0,Release C,"{""Admission NC"": 1, ""CRP"": 1, ""LacticAcid"": 1, ""Leucocytes"": 1}",{}
V0092,ER Registration>ER Triage>ER Sepsis Triage>IV Liquid>IV Antibiotics>LacticAcid>CRP>Leucocytes>Leucocytes>CRP>LacticAcid,11,1,0.0009523809523809,OA,55066.0,55066.0,55066.0,55066.0,LacticAcid,"{""CRP"": 1, ""LacticAcid"": 1, ""Leucocytes"": 1}",{}
V0093,ER Registration>ER Triage>ER Sepsis Triage>IV Liquid>Leucocytes>LacticAcid>CRP>IV Antibiotics>Admission NC>CRP>Leucocytes>CRP>Leucocytes>Release D,14,1,0.0009523809523809,QA,569773.0,569773.0,569773.0,569773.0,Release D,"{""CRP"": 1, ""Leucocytes"": 1}",{}
V0094,ER Registration>ER Triage>ER Sepsis Triage>IV Liquid>CRP>LacticAcid>Leucocytes>IV Antibiotics>Admission NC>CRP>Leucocytes>CRP>Release A>Return ER,14,1,0.0009523809523809,SA,7265801.0,7265801.0,7265801.0,7265801.0,Return ER,"{""CRP"": 1, ""Leucocytes"": 1}",{}
V0095,ER Registration>ER Triage>ER Sepsis Triage>CRP>Leucocytes>Admission NC>CRP>Leucocytes>CRP>Release A,10,1,0.0009523809523809,TA,250616.0,250616.0,250616.0,250616.0,Release A,"{""CRP"": 1, ""Leucocytes"": 1}",{}
V0096,ER Registration>ER Triage>ER Sepsis Triage>LacticAcid>Leucocytes>CRP>IV Liquid>IV Antibiotics>Admission NC>LacticAcid>Release A,11,1,0.0009523809523809,UA,434446.0,434446.0,434446.0,434446.0,Release A,"{""LacticAcid"": 1}",{}
V0097,ER Registration>ER Triage>ER Sepsis Triage>CRP>LacticAcid>Leucocytes>IV Liquid>IV Antibiotics>Admission NC>CRP>Leucocytes>Admission NC>Release A,13,1,0.0009523809523809,VA,487771.0,487771.0,487771.0,487771.0,Release A,"{""Admission NC"": 1, ""CRP"": 1, ""Leucocytes"": 1}",{}
V0098,ER Registration>ER Triage>ER Sepsis Triage>CRP>Admission NC>Admission NC>Release A>Return ER,8,1,0.0009523809523809,WA,1121852.0,1121852.0,1121852.0,1121852.0,Return ER,"{""Admission NC"": 1}",{}
V0099,ER Registration>ER Triage>ER Sepsis Triage>CRP>LacticAcid>Leucocytes>IV Liquid>IV Antibiotics>Admission NC>Admission NC>CRP>Leucocytes>CRP>Release A,14,1,0.0009523809523809,CB,591784.0,591784.0,591784.0,591784.0,Release A,"{""Admission NC"": 1, ""CRP"": 1, ""Leucocytes"": 1}",{}
V0100,ER Registration>ER Triage>ER Sepsis Triage>CRP>LacticAcid>Leucocytes>IV Liquid>IV Antibiotics>Admission NC>Leucocytes>CRP>Release A,12,1,0.0009523809523809,DB,430423.0,430423.0,430423.0,430423.0,Release A,"{""CRP"": 1, ""Leucocytes"": 1}",{}
V0101,ER Registration>Leucocytes>LacticAcid>CRP>ER Triage>ER Sepsis Triage>IV Liquid>IV Antibiotics>Admission NC>Leucocytes>CRP>Release A>Return ER,13,1,0.0009523809523809,GB,21215784.0,21215784.0,21215784.0,21215784.0,Return ER,"{""CRP"": 1, ""Leucocytes"": 1}",{}
V0102,ER Registration>ER Triage>ER Sepsis Triage>CRP>LacticAcid>Leucocytes>IV Liquid>IV Antibiotics>Admission NC>CRP>Leucocytes>Admission NC>Leucocytes>CRP>Release A,15,1,0.0009523809523809,HB,421882.0,421882.0,421882.0,421882.0,Release A,"{""Admission NC"": 1, ""CRP"": 1, ""Leucocytes"": 1}",{}
V0103,ER Registration>Leucocytes>CRP>LacticAcid>ER Triage>ER Sepsis Triage>IV Liquid>IV Antibiotics>Admission NC>Leucocytes>Admission NC>CRP>Leucocytes>Release A,14,1,0.0009523809523809,IB,297923.0,297923.0,297923.0,297923.0,Release A,"{""Admission NC"": 1, ""CRP"": 1, ""Leucocytes"": 1}",{}
V0104,ER Registration>ER Triage>ER Sepsis Triage>LacticAcid>CRP>Leucocytes>IV Antibiotics>IV Liquid>Admission NC>Release A>Return ER,11,1,0.0009523809523809,KB,12484944.0,12484944.0,12484944.0,12484944.0,Return ER,{},{}
V0105,ER Registration>ER Triage>LacticAcid>CRP>Leucocytes>ER Sepsis Triage>IV Liquid>IV Antibiotics>Admission NC>Admission NC>CRP>Leucocytes>Leucocytes>CRP>CRP>Leucocytes>Leucocytes>CRP>Release B,19,1,0.0009523809523809,LB,849218.0,849218.0,849218.0,849218.0,Release B,"{""Admission NC"": 1, ""CRP"": 1, ""Leucocytes"": 1}",{}
V0106,ER Registration>ER Triage>ER Sepsis Triage>Leucocytes>LacticAcid>CRP>IV Liquid>IV Antibiotics>Admission NC>CRP>Leucocytes>LacticAcid>Admission NC>CRP>Leucocytes>CRP>CRP>Leucocytes>CRP>Leucocytes>Release A,21,1,0.0009523809523809,NB,758605.0,758605.0,758605.0,758605.0,Release A,"{""Admission NC"": 1, ""CRP"": 1, ""LacticAcid"": 1, ""Leucocytes"": 1}",{}
V0107,ER Registration>ER Triage>CRP>LacticAcid>Leucocytes>ER Sepsis Triage>IV Liquid>IV Antibiotics>Admission NC>CRP>Leucocytes>Leucocytes>CRP>Leucocytes>CRP>Release A,16,1,0.0009523809523809,OB,695110.0,695110.0,695110.0,695110.0,Release A,"{""CRP"": 1, ""Leucocytes"": 1}",{}
V0108,ER Registration>ER Triage>ER Sepsis Triage>IV Liquid>CRP>LacticAcid>Leucocytes>IV Antibiotics>Admission NC>CRP>Leucocytes>Leucocytes>CRP>Leucocytes>Release A>Return ER,16,1,0.0009523809523809,QB,1655815.0,1655815.0,1655815.0,1655815.0,Return ER,"{""CRP"": 1, ""Leucocytes"": 1}",{}
V0109,ER Registration>ER Triage>ER Sepsis Triage>IV Liquid>IV Antibiotics>Leucocytes>CRP>LacticAcid>Admission NC>CRP>Admission NC>CRP>Release A>Return ER,14,1,0.0009523809523809,SB,9229609.0,9229609.0,9229609.0,9229609.0,Return ER,"{""Admission NC"": 1, ""CRP"": 1}",{}
V0110,ER Registration>ER Triage>ER Sepsis Triage>Leucocytes>LacticAcid>CRP>Admission NC>Release A>Return ER,9,1,0.0009523809523809,TB,14358050.0,14358050.0,14358050.0,14358050.0,Return ER,{},{}
V0111,ER Registration>ER Triage>ER Sepsis Triage>IV Liquid>CRP>LacticAcid>Leucocytes>IV Antibiotics>Admission NC,9,1,0.0009523809523809,UB,11766.0,11766.0,11766.0,11766.0,Admission NC,{},{}
V0112,ER Registration>ER Triage>ER Sepsis Triage>Leucocytes>CRP>LacticAcid>IV Antibiotics>Admission NC>Admission NC>CRP>Leucocytes>Release A>Return ER,13,1,0.0009523809523809,VB,6818688.0,6818688.0,6818688.0,6818688.0,Return ER,"{""Admission NC"": 1, ""CRP"": 1, ""Leucocytes"": 1}",{}
V0113,ER Registration>ER Triage>ER Sepsis Triage>Leucocytes>LacticAcid>CRP>IV Liquid>IV Antibiotics>Admission NC>LacticAcid>Release B,11,1,0.0009523809523809,XB,132922.0,132922.0,132922.0,132922.0,Release B,"{""LacticAcid"": 1}",{}
V0114,ER Registration>ER Triage>ER Sepsis Triage>CRP>LacticAcid>Leucocytes>IV Antibiotics>IV Liquid>Admission NC>Admission NC>CRP>Leucocytes>Leucocytes>CRP>Release A,15,1,0.0009523809523809,YB,344302.0,344302.0,344302.0,344302.0,Release A,"{""Admission NC"": 1, ""CRP"": 1, ""Leucocytes"": 1}",{}
V0115,ER Registration>ER Triage>ER Sepsis Triage>Leucocytes>LacticAcid>CRP>IV Antibiotics>Admission NC>IV Liquid>Leucocytes>CRP>Leucocytes>CRP>Leucocytes>Release A>Return ER,16,1,0.0009523809523809,ZB,21747559.0,21747559.0,21747559.0,21747559.0,Return ER,"{""CRP"": 1, ""Leucocytes"": 1}",{}
V0116,ER Registration>ER Triage>ER Sepsis Triage>Leucocytes>LacticAcid>CRP>IV Liquid>IV Antibiotics>Admission NC>CRP>Leucocytes>Release A>Return ER,13,1,0.0009523809523809,AC,5976484.0,5976484.0,5976484.0,5976484.0,Return ER,"{""CRP"": 1, ""Leucocytes"": 1}",{}
V0117,ER Registration>ER Triage>ER Sepsis Triage>IV Liquid>IV Antibiotics>CRP>Leucocytes>LacticAcid>Admission NC>Admission NC>CRP>Leucocytes>Release D>Return ER,14,1,0.0009523809523809,CC,307704.0,307704.0,307704.0,307704.0,Return ER,"{""Admission NC"": 1, ""CRP"": 1, ""Leucocytes"": 1}",{}
V0118,ER Registration>ER Triage>ER Sepsis Triage>LacticAcid>Leucocytes>CRP>IV Liquid>IV Antibiotics>Admission NC>CRP>Leucocytes>Leucocytes>CRP>Leucocytes>CRP>Leucocytes>Release A,17,1,0.0009523809523809,EC,1470700.0,1470700.0,1470700.0,1470700.0,Release A,"{""CRP"": 1, ""Leucocytes"": 1}",{}
V0119,ER Registration>ER Triage>ER Sepsis Triage>IV Liquid>IV Antibiotics>Leucocytes>CRP>LacticAcid>Admission NC>CRP>Leucocytes>Release A,12,1,0.0009523809523809,GC,531699.0,531699.0,531699.0,531699.0,Release A,"{""CRP"": 1, ""Leucocytes"": 1}",{}
V0120,ER Triage>ER Registration>ER Sepsis Triage>IV Liquid>IV Antibiotics>Leucocytes>CRP>LacticAcid>Admission NC>Leucocytes>Release A>Return ER,12,1,0.0009523809523809,IC,5495139.0,5495139.0,5495139.0,5495139.0,Return ER,"{""Leucocytes"": 1}",{}
V0121,ER Registration>ER Triage>ER Sepsis Triage>IV Liquid>IV Antibiotics>Leucocytes>CRP>LacticAcid>Admission NC>CRP>Leucocytes>CRP>Leucocytes>Release A>Return ER,15,1,0.0009523809523809,JC,7010074.0,7010074.0,7010074.0,7010074.0,Return ER,"{""CRP"": 1, ""Leucocytes"": 1}",{}
V0122,ER Registration>ER Triage>ER Sepsis Triage>Leucocytes>LacticAcid>CRP>IV Liquid>IV Antibiotics>Admission NC>CRP>Leucocytes>CRP>Release A,13,1,0.0009523809523809,KC,1478042.0,1478042.0,1478042.0,1478042.0,Release A,"{""CRP"": 1, ""Leucocytes"": 1}",{}
V0123,ER Registration>ER Triage>ER Sepsis Triage>CRP>LacticAcid>Leucocytes>IV Antibiotics>Admission NC>Admission NC>CRP>CRP>Leucocytes>CRP>CRP>Leucocytes>CRP>Leucocytes>CRP>Leucocytes>Release A>Return ER,21,1,0.0009523809523809,LC,2081817.0,2081817.0,2081817.0,2081817.0,Return ER,"{""Admission NC"": 1, ""CRP"": 1, ""Leucocytes"": 1}",{}
V0124,ER Registration>ER Triage>ER Sepsis Triage>IV Liquid>Leucocytes>CRP>LacticAcid>IV Antibiotics>Admission NC>Leucocytes>CRP>Leucocytes>Release A>Return ER,14,1,0.0009523809523809,MC,849632.0,849632.0,849632.0,849632.0,Return ER,"{""CRP"": 1, ""Leucocytes"": 1}",{}
V0125,ER Registration>ER Triage>ER Sepsis Triage>IV Liquid>IV Antibiotics>Leucocytes>CRP>CRP>Leucocytes>LacticAcid>Admission IC>CRP>LacticAcid>Leucocytes>Leucocytes>CRP>LacticAcid>Admission NC>Leucocytes>CRP>Release A>Return ER,22,1,0.0009523809523809,OC,21775147.0,21775147.0,21775147.0,21775147.0,Return ER,"{""CRP"": 1, ""LacticAcid"": 1, ""Leucocytes"": 1}",{}
V0126,ER Registration>ER Triage>ER Sepsis Triage>CRP>Leucocytes>IV Liquid>IV Antibiotics>Admission NC>Admission NC>CRP>CRP>Release A>Return ER,13,1,0.0009523809523809,RC,773985.0,773985.0,773985.0,773985.0,Return ER,"{""Admission NC"": 1, ""CRP"": 1}",{}
V0127,ER Registration>ER Triage>ER Sepsis Triage>CRP>LacticAcid>Leucocytes>IV Antibiotics>IV Liquid>LacticAcid,9,1,0.0009523809523809,SC,28688.0,28688.0,28688.0,28688.0,LacticAcid,"{""LacticAcid"": 1}",{}
V0128,ER Registration>IV Liquid>ER Triage>ER Sepsis Triage>IV Antibiotics>CRP>LacticAcid>Leucocytes>Admission IC>CRP>LacticAcid>Leucocytes>CRP>Leucocytes>LacticAcid>LacticAcid>CRP>Leucocytes>Leucocytes>CRP>LacticAcid>Admission NC>Release A>Return ER,24,1,0.0009523809523809,TC,13954269.0,13954269.0,13954269.0,13954269.0,Return ER,"{""CRP"": 1, ""LacticAcid"": 1, ""Leucocytes"": 1}",{}
V0129,ER Registration>ER Triage>ER Sepsis Triage>IV Liquid>Leucocytes>CRP>IV Antibiotics>Admission NC>Admission IC>LacticAcid>CRP>Leucocytes>Leucocytes>CRP>LacticAcid>LacticAcid>Leucocytes>LacticAcid>CRP>Leucocytes>LacticAcid>LacticAcid>Leucocytes>LacticAcid>CRP>Admission NC>Leucocytes>CRP>Leucocytes>CRP>Release A>Return ER,32,1,0.0009523809523809,UC,5082386.0,5082386.0,5082386.0,5082386.0,Return ER,"{""Admission NC"": 1, ""CRP"": 1, ""LacticAcid"": 1, ""Leucocytes"": 1}",{}
V0130,ER Registration>ER Triage>ER Sepsis Triage>LacticAcid>Leucocytes>CRP>IV Antibiotics>IV Liquid>Admission NC>CRP>Leucocytes>CRP>Release A,13,1,0.0009523809523809,VC,358088.0,358088.0,358088.0,358088.0,Release A,"{""CRP"": 1, ""Leucocytes"": 1}",{}
V0131,IV Liquid>ER Registration>ER Triage>ER Sepsis Triage>LacticAcid>CRP>Leucocytes>IV Antibiotics>Admission NC>Admission NC>Release A>Return ER,12,1,0.0009523809523809,WC,892796.0,892796.0,892796.0,892796.0,Return ER,"{""Admission NC"": 1}",{}
V0132,CRP>Leucocytes>ER Registration>ER Triage>Leucocytes>CRP>ER Sepsis Triage>IV Liquid>IV Antibiotics,9,1,0.0009523809523809,YC,39531.0,39531.0,39531.0,39531.0,IV Antibiotics,"{""CRP"": 1, ""Leucocytes"": 1}",{}
V0133,ER Registration>LacticAcid>CRP>Leucocytes>ER Triage>ER Sepsis Triage>LacticAcid>LacticAcid>IV Liquid>IV Antibiotics,10,1,0.0009523809523809,ZC,22944.0,22944.0,22944.0,22944.0,IV Antibiotics,"{""LacticAcid"": 1}",{}
V0134,ER Registration>ER Triage>ER Sepsis Triage>LacticAcid>CRP>Leucocytes>IV Liquid>IV Antibiotics>Admission NC>Admission IC>Leucocytes>LacticAcid>CRP>LacticAcid>Leucocytes>CRP>Leucocytes>CRP>LacticAcid>CRP>LacticAcid>Leucocytes>Admission NC>CRP>Leucocytes>Leucocytes>CRP>Release A>Return ER,29,1,0.0009523809523809,AD,11780962.0,11780962.0,11780962.0,11780962.0,Return ER,"{""Admission NC"": 1, ""CRP"": 1, ""LacticAcid"": 1, ""Leucocytes"": 1}",{}
V0135,ER Registration>ER Triage>IV Liquid>ER Sepsis Triage>CRP>LacticAcid>Leucocytes>IV Antibiotics>Admission NC>Leucocytes>CRP>Release A,12,1,0.0009523809523809,BD,287790.0,287790.0,287790.0,287790.0,Release A,"{""CRP"": 1, ""Leucocytes"": 1}",{}
V0136,ER Registration>ER Triage>ER Sepsis Triage>Leucocytes>CRP>LacticAcid>IV Liquid>IV Antibiotics>Admission NC>Leucocytes>Admission NC>Leucocytes>Leucocytes>CRP>CRP>CRP>Leucocytes>Leucocytes>Leucocytes>Leucocytes>Leucocytes>CRP>Admission NC>Admission NC>Leucocytes>Leucocytes>CRP>CRP>Leucocytes>CRP>Leucocytes>Release A>Return ER,33,1,0.0009523809523809,ED,14470587.0,14470587.0,14470587.0,14470587.0,Return ER,"{""Admission NC"": 1, ""CRP"": 1, ""Leucocytes"": 1}",{}
V0137,ER Registration>ER Triage>ER Sepsis Triage>CRP>Leucocytes>LacticAcid>IV Liquid>IV Antibiotics>CRP>Leucocytes>LacticAcid,11,1,0.0009523809523809,FD,30830.0,30830.0,30830.0,30830.0,LacticAcid,"{""CRP"": 1, ""LacticAcid"": 1, ""Leucocytes"": 1}",{}
V0138,ER Registration>ER Triage>ER Sepsis Triage>Leucocytes>LacticAcid>CRP>IV Liquid>IV Antibiotics>Admission NC>Leucocytes>CRP>Leucocytes>CRP>Release C,14,1,0.0009523809523809,GD,501047.0,501047.0,501047.0,501047.0,Release C,"{""CRP"": 1, ""Leucocytes"": 1}",{}
V0139,ER Registration>ER Triage>Leucocytes>CRP>LacticAcid>ER Sepsis Triage>IV Liquid>IV Antibiotics>Admission IC>Admission IC>Leucocytes>CRP>LacticAcid>Leucocytes>CRP>LacticAcid>Leucocytes>Leucocytes>CRP>LacticAcid>LacticAcid>CRP>LacticAcid>Leucocytes>LacticAcid>Leucocytes>CRP>Leucocytes>LacticAcid>CRP>Admission NC>Release A,32,1,0.0009523809523809,HD,542861.0,542861.0,542861.0,542861.0,Release A,"{""Admission IC"": 1, ""CRP"": 1, ""LacticAcid"": 1, ""Leucocytes"": 1}",{}
V0140,ER Registration>LacticAcid>Leucocytes>CRP>ER Triage>ER Sepsis Triage>IV Liquid>IV Antibiotics>Admission NC>Admission NC>Leucocytes>CRP>Release A>Return ER,14,1,0.0009523809523809,JD,18930272.0,18930272.0,18930272.0,18930272.0,Return ER,"{""Admission NC"": 1, ""CRP"": 1, ""Leucocytes"": 1}",{}
V0141,ER Sepsis Triage>ER Registration>ER Triage>Leucocytes>CRP>LacticAcid>IV Liquid>IV Antibiotics>Admission IC>LacticAcid>CRP>CRP>LacticAcid>Leucocytes>Admission NC>Release A>Return ER,17,1,0.0009523809523809,KD,10493679.0,10493679.0,10493679.0,10493679.0,Return ER,"{""CRP"": 1, ""LacticAcid"": 1, ""Leucocytes"": 1}",{}
V0142,ER Registration>ER Triage>ER Sepsis Triage>IV Liquid>CRP>LacticAcid>Leucocytes>IV Antibiotics>Admission NC>Leucocytes>CRP>Leucocytes>CRP>Release A,14,1,0.0009523809523809,LD,622274.0,622274.0,622274.0,622274.0,Release A,"{""CRP"": 1, ""Leucocytes"": 1}",{}
V0143,ER Registration>ER Triage>CRP>LacticAcid>Leucocytes>ER Sepsis Triage>IV Liquid>IV Antibiotics>Admission NC>Leucocytes>CRP>CRP>Leucocytes>Release A>Return ER,15,1,0.0009523809523809,MD,1181999.0,1181999.0,1181999.0,1181999.0,Return ER,"{""CRP"": 1, ""Leucocytes"": 1}",{}
V0144,ER Registration>ER Triage>ER Sepsis Triage>CRP>Leucocytes>LacticAcid>IV Antibiotics>Admission NC>Admission NC>IV Liquid>CRP>Leucocytes>Leucocytes>CRP>Leucocytes>Release A,16,1,0.0009523809523809,ND,487577.0,487577.0,487577.0,487577.0,Release A,"{""Admission NC"": 1, ""CRP"": 1, ""Leucocytes"": 1}",{}
V0145,ER Registration>CRP>Leucocytes>ER Triage>ER Sepsis Triage>IV Liquid>IV Antibiotics>Admission IC>LacticAcid>CRP>Leucocytes>LacticAcid>LacticAcid>Leucocytes>CRP>CRP>Leucocytes>LacticAcid>Leucocytes>CRP>LacticAcid>CRP>LacticAcid>Leucocytes>Leucocytes>CRP>LacticAcid>Leucocytes>LacticAcid>CRP>CRP>LacticAcid>Leucocytes>Leucocytes>CRP>LacticAcid>CRP>Leucocytes>LacticAcid>CRP>Leucocytes>LacticAcid>LacticAcid>Leucocytes>CRP>LacticAcid>CRP>Leucocytes>Leucocytes>CRP>LacticAcid>LacticAcid>Leucocytes>CRP>CRP>Leucocytes>LacticAcid>Leucocytes>CRP>LacticAcid>CRP>LacticAcid>Leucocytes>LacticAcid>CRP>Leucocytes>Leucocytes>CRP>LacticAcid>LacticAcid>CRP>Leucocytes>LacticAcid>Leucocytes>CRP>Leucocytes>CRP>LacticAcid>Leucocytes>LacticAcid>CRP>CRP>Leucocytes>LacticAcid>CRP>LacticAcid>Leucocytes>Leucocytes>CRP>Leucocytes>LacticAcid>Leucocytes>CRP>LacticAcid>Leucocytes>LacticAcid>CRP>LacticAcid>Leucocytes>CRP>CRP>LacticAcid>Leucocytes>Leucocytes>CRP>LacticAcid>LacticAcid>LacticAcid>CRP>Leucocytes>Leucocytes>Leucocytes>CRP>LacticAcid>CRP>LacticAcid>Leucocytes>Release B,118,1,0.0009523809523809,OD,3085607.0,3085607.0,3085607.0,3085607.0,Release B,"{""CRP"": 1, ""LacticAcid"": 1, ""Leucocytes"": 1}",{}
V0146,ER Registration>Leucocytes>LacticAcid>CRP>ER Triage>ER Sepsis Triage>IV Liquid>IV Antibiotics>Leucocytes,9,1,0.0009523809523809,PD,8219.0,8219.0,8219.0,8219.0,Leucocytes,"{""Leucocytes"": 1}",{}
V0147,ER Registration>ER Triage>ER Sepsis Triage>CRP>LacticAcid>Leucocytes>IV Antibiotics>Admission NC>Admission NC>CRP>Leucocytes>Release B,12,1,0.0009523809523809,QD,428413.0,428413.0,428413.0,428413.0,Release B,"{""Admission NC"": 1, ""CRP"": 1, ""Leucocytes"": 1}",{}
V0148,ER Registration>ER Triage>ER Sepsis Triage>Leucocytes>CRP>IV Liquid>IV Antibiotics,7,1,0.0009523809523809,RD,15178.0,15178.0,15178.0,15178.0,IV Antibiotics,{},{}
V0149,ER Registration>ER Triage>CRP>LacticAcid>Leucocytes>ER Sepsis Triage>IV Antibiotics>IV Liquid>Admission NC>Leucocytes>CRP>Leucocytes>CRP>Release A,14,1,0.0009523809523809,SD,445814.0,445814.0,445814.0,445814.0,Release A,"{""CRP"": 1, ""Leucocytes"": 1}",{}
V0150,ER Registration>ER Triage>ER Sepsis Triage>Leucocytes>CRP>IV Antibiotics>Admission NC>LacticAcid>Admission NC>Admission NC>IV Liquid>Leucocytes>CRP>CRP>Leucocytes>Release B,16,1,0.0009523809523809,TD,858451.0,858451.0,858451.0,858451.0,Release B,"{""Admission NC"": 1, ""CRP"": 1, ""Leucocytes"": 1}",{}
V0151,ER Registration>ER Triage>ER Sepsis Triage>CRP>LacticAcid>Leucocytes>IV Liquid>IV Antibiotics>Admission NC>LacticAcid>Leucocytes>CRP>Admission NC>Leucocytes>CRP>CRP>Leucocytes>Leucocytes>CRP>CRP>Leucocytes>CRP>CRP>CRP>Leucocytes>CRP>Leucocytes>CRP>CRP>Release D>Return ER,31,1,0.0009523809523809,UD,4662891.0,4662891.0,4662891.0,4662891.0,Return ER,"{""Admission NC"": 1, ""CRP"": 1, ""LacticAcid"": 1, ""Leucocytes"": 1}",{}
V0152,ER Registration>Leucocytes>LacticAcid>CRP>ER Triage>ER Sepsis Triage>IV Antibiotics>Admission NC>Admission NC>IV Liquid>Release A,11,1,0.0009523809523809,VD,215403.0,215403.0,215403.0,215403.0,Release A,"{""Admission NC"": 1}",{}
V0153,ER Registration>IV Liquid>ER Triage>ER Sepsis Triage>IV Antibiotics>CRP>LacticAcid>Leucocytes>Admission NC>Release A,10,1,0.0009523809523809,XD,435711.0,435711.0,435711.0,435711.0,Release A,{},{}
V0154,ER Registration>ER Triage>ER Sepsis Triage>Leucocytes>CRP>LacticAcid>IV Liquid>IV Antibiotics>Admission NC>Leucocytes>CRP>Admission IC>Leucocytes>LacticAcid>CRP>Admission NC>Release A>Return ER,18,1,0.0009523809523809,AE,11606197.0,11606197.0,11606197.0,11606197.0,Return ER,"{""Admission NC"": 1, ""CRP"": 1, ""LacticAcid"": 1, ""Leucocytes"": 1}",{}
V0155,ER Registration>ER Triage>ER Sepsis Triage>Leucocytes>CRP>LacticAcid>IV Antibiotics>IV Liquid>Admission NC>Leucocytes>Admission NC>CRP>Leucocytes>Release A>Return ER,15,1,0.0009523809523809,BE,21787051.0,21787051.0,21787051.0,21787051.0,Return ER,"{""Admission NC"": 1, ""CRP"": 1, ""Leucocytes"": 1}",{}
V0156,ER Registration>ER Triage>ER Sepsis Triage>Leucocytes>LacticAcid>CRP>IV Liquid>IV Antibiotics>Admission NC>Admission NC>Release A,11,1,0.0009523809523809,CE,832756.0,832756.0,832756.0,832756.0,Release A,"{""Admission NC"": 1}",{}
V0157,ER Registration>ER Triage>Leucocytes>LacticAcid>CRP>ER Sepsis Triage>Admission NC>CRP>Leucocytes>CRP>Leucocytes>CRP>Leucocytes>CRP>Leucocytes>Release A>Return ER,17,1,0.0009523809523809,FE,2310493.0,2310493.0,2310493.0,2310493.0,Return ER,"{""CRP"": 1, ""Leucocytes"": 1}",{}
V0158,ER Registration>ER Triage>ER Sepsis Triage>Leucocytes>LacticAcid>CRP>IV Liquid>IV Antibiotics>Admission NC>Admission NC>Leucocytes>CRP>CRP>Leucocytes>Release A,15,1,0.0009523809523809,GE,603000.0,603000.0,603000.0,603000.0,Release A,"{""Admission NC"": 1, ""CRP"": 1, ""Leucocytes"": 1}",{}
V0159,ER Registration>ER Triage>ER Sepsis Triage>CRP>LacticAcid>Leucocytes>IV Liquid>IV Antibiotics>Admission NC>Leucocytes>CRP>Admission NC>Leucocytes>CRP>CRP>CRP>Release A,17,1,0.0009523809523809,HE,610152.0,610152.0,610152.0,610152.0,Release A,"{""Admission NC"": 1, ""CRP"": 1, ""Leucocytes"": 1}",{}
V0160,ER Registration>ER Triage>ER Sepsis Triage>Leucocytes>CRP>LacticAcid>IV Antibiotics>IV Liquid>Admission NC>Admission NC>Leucocytes>CRP>CRP>Leucocytes>Release A>Return ER,16,1,0.0009523809523809,JE,1453786.0,1453786.0,1453786.0,1453786.0,Return ER,"{""Admission NC"": 1, ""CRP"": 1, ""Leucocytes"": 1}",{}
V0161,ER Registration>ER Triage>ER Sepsis Triage>CRP>LacticAcid>Leucocytes>IV Antibiotics>IV Liquid>Admission NC>Leucocytes>CRP>Admission NC>Leucocytes>CRP>Release A>Return ER,16,1,0.0009523809523809,KE,29031830.0,29031830.0,29031830.0,29031830.0,Return ER,"{""Admission NC"": 1, ""CRP"": 1, ""Leucocytes"": 1}",{}
V0162,ER Registration>ER Triage>ER Sepsis Triage>CRP>Leucocytes>LacticAcid>IV Antibiotics>IV Liquid>Admission NC>Leucocytes>CRP>Release B,12,1,0.0009523809523809,LE,286185.0,286185.0,286185.0,286185.0,Release B,"{""CRP"": 1, ""Leucocytes"": 1}",{}
V0163,ER Registration>ER Triage>CRP>LacticAcid>Leucocytes>ER Sepsis Triage>IV Liquid>IV Antibiotics>Admission NC>CRP>Leucocytes>CRP>Leucocytes>Release A>Return ER,15,1,0.0009523809523809,ME,9881960.0,9881960.0,9881960.0,9881960.0,Return ER,"{""CRP"": 1, ""Leucocytes"": 1}",{}
V0164,ER Registration>ER Triage>ER Sepsis Triage>Leucocytes>LacticAcid>CRP>IV Liquid>IV Antibiotics>Admission IC>CRP>LacticAcid>Leucocytes>Admission NC>CRP>Leucocytes>CRP>Leucocytes>Leucocytes>CRP>Release A>Return ER,21,1,0.0009523809523809,QE,6755843.0,6755843.0,6755843.0,6755843.0,Return ER,"{""CRP"": 1, ""LacticAcid"": 1, ""Leucocytes"": 1}",{}
V0165,ER Registration>ER Triage>ER Sepsis Triage>IV Liquid>CRP>LacticAcid>Leucocytes>IV Antibiotics>Admission NC>Release A,10,1,0.0009523809523809,SE,401650.0,401650.0,401650.0,401650.0,Release A,{},{}
V0166,ER Registration>ER Triage>ER Sepsis Triage>IV Liquid>IV Antibiotics>Leucocytes>CRP>LacticAcid>Admission NC>CRP>Leucocytes>Admission NC>CRP>Leucocytes>Leucocytes>CRP>Leucocytes>CRP>Release A,19,1,0.0009523809523809,UE,568661.0,568661.0,568661.0,568661.0,Release A,"{""Admission NC"": 1, ""CRP"": 1, ""Leucocytes"": 1}",{}
V0167,ER Registration>ER Triage>ER Sepsis Triage>LacticAcid>CRP>Leucocytes>IV Liquid>IV Antibiotics>Admission IC>Leucocytes>CRP>LacticAcid>LacticAcid>CRP>Leucocytes>CRP>LacticAcid>Leucocytes>Release A,19,1,0.0009523809523809,VE,321078.0,321078.0,321078.0,321078.0,Release A,"{""CRP"": 1, ""LacticAcid"": 1, ""Leucocytes"": 1}",{}
V0168,ER Registration>ER Triage>CRP>LacticAcid>Leucocytes>ER Sepsis Triage>Admission IC>LacticAcid>Leucocytes>CRP>LacticAcid>Leucocytes>CRP>LacticAcid>Admission NC>Release A>Return ER,17,1,0.0009523809523809,WE,14030646.0,14030646.0,14030646.0,14030646.0,Return ER,"{""CRP"": 1, ""LacticAcid"": 1, ""Leucocytes"": 1}",{}
V0169,ER Registration>ER Triage>ER Sepsis Triage>LacticAcid>Leucocytes>CRP>IV Liquid>IV Antibiotics>Admission NC>Admission NC>Leucocytes>CRP>Release A,13,1,0.0009523809523809,YE,345194.0,345194.0,345194.0,345194.0,Release A,"{""Admission NC"": 1, ""CRP"": 1, ""Leucocytes"": 1}",{}
V0170,ER Registration>ER Triage>ER Sepsis Triage>Leucocytes>LacticAcid>CRP>IV Liquid>IV Antibiotics>Admission NC>Leucocytes>Leucocytes>CRP>Leucocytes>Leucocytes>CRP>Release B,16,1,0.0009523809523809,ZE,877150.0,877150.0,877150.0,877150.0,Release B,"{""CRP"": 1, ""Leucocytes"": 1}",{}
V0171,ER Registration>CRP>Leucocytes>ER Triage>ER Sepsis Triage>LacticAcid>IV Liquid>IV Antibiotics>Admission NC>CRP>Leucocytes>Leucocytes>CRP>CRP>Leucocytes>Release A>Return ER,17,1,0.0009523809523809,AF,1162491.0,1162491.0,1162491.0,1162491.0,Return ER,"{""CRP"": 1, ""Leucocytes"": 1}",{}
V0172,ER Registration>ER Triage>ER Sepsis Triage>LacticAcid>CRP>Leucocytes>IV Antibiotics>Admission NC>CRP>Leucocytes>CRP>Leucocytes>Leucocytes>CRP>Leucocytes>CRP>CRP>Leucocytes>Leucocytes>CRP>Leucocytes>CRP>CRP>CRP>Leucocytes>Release A>Return ER,27,1,0.0009523809523809,CF,2072762.0,2072762.0,2072762.0,2072762.0,Return ER,"{""CRP"": 1, ""Leucocytes"": 1}",{}
V0173,ER Registration>LacticAcid>CRP>Leucocytes>ER Triage>ER Sepsis Triage>IV Antibiotics>IV Liquid>Admission NC>Leucocytes>CRP>Leucocytes>CRP>Release A,14,1,0.0009523809523809,EF,332625.0,332625.0,332625.0,332625.0,Release A,"{""CRP"": 1, ""Leucocytes"": 1}",{}
V0174,ER Registration>ER Triage>ER Sepsis Triage>Leucocytes>CRP>LacticAcid>IV Liquid>IV Antibiotics>Admission IC>Leucocytes>CRP>LacticAcid>CRP>LacticAcid>Leucocytes>LacticAcid>Leucocytes>CRP>Leucocytes>CRP>LacticAcid>Leucocytes>CRP>LacticAcid>Leucocytes>LacticAcid>CRP>Leucocytes>LacticAcid>Leucocytes>CRP>Leucocytes>CRP>LacticAcid>Admission NC>Leucocytes>CRP>CRP>Leucocytes>CRP>Leucocytes>Leucocytes>Leucocytes>Leucocytes>CRP>CRP>Leucocytes>CRP>Leucocytes>Leucocytes>CRP>CRP>Leucocytes>CRP>Leucocytes>Leucocytes>CRP>Release A>Return ER,59,1,0.0009523809523809,GF,3871711.0,3871711.0,3871711.0,3871711.0,Return ER,"{""CRP"": 1, ""LacticAcid"": 1, ""Leucocytes"": 1}",{}
V0175,ER Registration>ER Triage>ER Sepsis Triage>IV Liquid>Leucocytes>CRP>LacticAcid>IV Antibiotics>Admission NC>Admission NC>Leucocytes>CRP>Release A,13,1,0.0009523809523809,HF,484169.0,484169.0,484169.0,484169.0,Release A,"{""Admission NC"": 1, ""CRP"": 1, ""Leucocytes"": 1}",{}
V0176,Leucocytes>CRP>ER Registration>ER Triage>ER Sepsis Triage>IV Liquid>LacticAcid>CRP>Leucocytes>IV Antibiotics>Admission NC>CRP>CRP>Leucocytes>CRP>Leucocytes>Release A,17,1,0.0009523809523809,IF,505140.0,505140.0,505140.0,505140.0,Release A,"{""CRP"": 1, ""Leucocytes"": 1}",{}
V0177,ER Registration>ER Triage>ER Sepsis Triage>CRP>Leucocytes>LacticAcid>IV Liquid>IV Antibiotics>Admission NC>CRP>Leucocytes>Admission NC>CRP>Leucocytes>Release A,15,1,0.0009523809523809,KF,397313.0,397313.0,397313.0,397313.0,Release A,"{""Admission NC"": 1, ""CRP"": 1, ""Leucocytes"": 1}",{}
V0178,ER Registration>ER Triage>ER Sepsis Triage>Leucocytes>CRP>IV Liquid>IV Antibiotics>Admission NC>Admission NC>CRP>Leucocytes>Leucocytes>CRP>CRP>Leucocytes>CRP>Leucocytes>CRP>Leucocytes>CRP>Leucocytes>CRP>CRP>Leucocytes>CRP>CRP>Leucocytes>Release A,28,1,0.0009523809523809,NF,1600906.0,1600906.0,1600906.0,1600906.0,Release A,"{""Admission NC"": 1, ""CRP"": 1, ""Leucocytes"": 1}",{}
V0179,ER Registration>ER Triage>ER Sepsis Triage>IV Liquid>Leucocytes>CRP>LacticAcid>IV Antibiotics>Admission NC>Leucocytes>CRP>Admission NC>Leucocytes>CRP>Release A>Return ER,16,1,0.0009523809523809,QF,12597852.0,12597852.0,12597852.0,12597852.0,Return ER,"{""Admission NC"": 1, ""CRP"": 1, ""Leucocytes"": 1}",{}
V0180,ER Registration>ER Triage>CRP>LacticAcid>Leucocytes>ER Sepsis Triage>IV Antibiotics>IV Liquid>Admission NC>Admission NC>Release A>Return ER,12,1,0.0009523809523809,SF,4306200.0,4306200.0,4306200.0,4306200.0,Return ER,"{""Admission NC"": 1}",{}
V0181,ER Registration>ER Triage>ER Sepsis Triage>CRP>Leucocytes>Admission NC>Leucocytes>CRP>Leucocytes>Leucocytes>CRP>CRP>Leucocytes>Release A>CRP>Leucocytes,16,1,0.0009523809523809,TF,828049.0,828049.0,828049.0,828049.0,Leucocytes,"{""CRP"": 1, ""Leucocytes"": 1}",{}
V0182,ER Registration>ER Triage>ER Sepsis Triage>CRP>Leucocytes>LacticAcid>IV Liquid>IV Antibiotics>Admission IC>LacticAcid>Leucocytes>LacticAcid>CRP>LacticAcid>CRP>LacticAcid>Leucocytes>LacticAcid>Leucocytes>CRP>Admission NC>Leucocytes>CRP>Admission NC>CRP>Leucocytes>CRP>CRP>Release A,29,1,0.0009523809523809,UF,841454.0,841454.0,841454.0,841454.0,Release A,"{""Admission NC"": 1, ""CRP"": 1, ""LacticAcid"": 1, ""Leucocytes"": 1}",{}
V0183,ER Registration>ER Triage>ER Sepsis Triage>Leucocytes>LacticAcid>CRP>IV Antibiotics>IV Liquid>Admission NC>CRP>Leucocytes>CRP>Admission NC>Leucocytes>Leucocytes>CRP>Admission NC>CRP>Leucocytes>Release A>Return ER,21,1,0.0009523809523809,WF,4240351.0,4240351.0,4240351.0,4240351.0,Return ER,"{""Admission NC"": 1, ""CRP"": 1, ""Leucocytes"": 1}",{}
V0184,ER Registration>ER Triage>ER Sepsis Triage>IV Liquid>Leucocytes>CRP>LacticAcid>IV Antibiotics>Admission NC>Admission NC>CRP>Release A,12,1,0.0009523809523809,XF,313362.0,313362.0,313362.0,313362.0,Release A,"{""Admission NC"": 1, ""CRP"": 1}",{}
V0185,ER Registration>ER Triage>ER Sepsis Triage>IV Liquid>Leucocytes>LacticAcid>CRP>IV Antibiotics>Admission NC>Admission IC>CRP>LacticAcid>Leucocytes>LacticAcid>Leucocytes>CRP>Admission NC>CRP>Leucocytes>CRP>LacticAcid>Leucocytes>CRP>LacticAcid>CRP>Leucocytes>Leucocytes>CRP>Release A,29,1,0.0009523809523809,YF,1092893.0,1092893.0,1092893.0,1092893.0,Release A,"{""Admission NC"": 1, ""CRP"": 1, ""LacticAcid"": 1, ""Leucocytes"": 1}",{}
V0186,ER Registration>ER Triage>ER Sepsis Triage>IV Liquid>IV Antibiotics>Leucocytes>CRP>LacticAcid>LacticAcid>Admission NC>Admission NC>CRP>Leucocytes>Release A,14,1,0.0009523809523809,ZF,305124.0,305124.0,305124.0,305124.0,Release A,"{""Admission NC"": 1, ""CRP"": 1, ""LacticAcid"": 1, ""Leucocytes"": 1}",{}
V0187,ER Sepsis Triage>ER Registration>ER Triage>Leucocytes>CRP,5,1,0.0009523809523809,AG,37440.0,37440.0,37440.0,37440.0,CRP,{},{}
V0188,ER Registration>ER Triage>ER Sepsis Triage>CRP>Leucocytes>Admission NC>Leucocytes>Leucocytes>Admission NC>Release A,10,1,0.0009523809523809,BG,260948.0,260948.0,260948.0,260948.0,Release A,"{""Admission NC"": 1, ""Leucocytes"": 1}",{}
V0189,ER Registration>ER Triage>ER Sepsis Triage>LacticAcid>CRP>Leucocytes>IV Liquid>IV Antibiotics>Admission NC>Leucocytes>CRP>Leucocytes>CRP>Leucocytes>Release A,15,1,0.0009523809523809,CG,427725.0,427725.0,427725.0,427725.0,Release A,"{""CRP"": 1, ""Leucocytes"": 1}",{}
V0190,ER Registration>ER Triage>ER Sepsis Triage>IV Liquid>IV Antibiotics>Leucocytes>LacticAcid>CRP>Admission NC>CRP>Release A,11,1,0.0009523809523809,FG,435782.0,435782.0,435782.0,435782.0,Release A,"{""CRP"": 1}",{}
V0191,ER Registration>ER Triage>ER Sepsis Triage>Leucocytes>CRP>Admission NC>Leucocytes>CRP>Leucocytes>Leucocytes>Leucocytes>Leucocytes>Leucocytes>LacticAcid>CRP>Leucocytes>Release A>Return ER,18,1,0.0009523809523809,GG,3125706.0,3125706.0,3125706.0,3125706.0,Return ER,"{""CRP"": 1, ""Leucocytes"": 1}",{}
V0192,ER Registration>ER Triage>ER Sepsis Triage>CRP>Leucocytes>LacticAcid>IV Antibiotics>Admission NC>Admission NC>Leucocytes>CRP>Leucocytes>CRP>Release A>Return ER,15,1,0.0009523809523809,HG,36488789.0,36488789.0,36488789.0,36488789.0,Return ER,"{""Admission NC"": 1, ""CRP"": 1, ""Leucocytes"": 1}",{}
V0193,ER Registration>ER Triage>ER Sepsis Triage>Leucocytes>Admission NC>Leucocytes>Leucocytes>Leucocytes>CRP>Leucocytes>Leucocytes>Leucocytes>Leucocytes>Leucocytes>Leucocytes>CRP>Leucocytes>Release A,18,1,0.0009523809523809,IG,1000332.0,1000332.0,1000332.0,1000332.0,Release A,"{""CRP"": 1, ""Leucocytes"": 1}",{}
V0194,ER Registration>ER Triage>ER Sepsis Triage>IV Liquid>IV Antibiotics>Leucocytes>LacticAcid>CRP>Admission NC>Leucocytes>Leucocytes>CRP>Release A,13,1,0.0009523809523809,JG,680638.0,680638.0,680638.0,680638.0,Release A,"{""CRP"": 1, ""Leucocytes"": 1}",{}
V0195,Leucocytes>CRP>ER Registration>ER Triage>ER Sepsis Triage>LacticAcid>Leucocytes>CRP>IV Liquid>IV Antibiotics>Admission NC>Leucocytes>CRP>CRP>Leucocytes>Release A,16,1,0.0009523809523809,KG,354180.0,354180.0,354180.0,354180.0,Release A,"{""CRP"": 1, ""Leucocytes"": 1}",{}
V0196,ER Registration>ER Triage>ER Sepsis Triage>CRP>Leucocytes>LacticAcid>IV Liquid>IV Antibiotics>Admission NC>Admission NC>Admission IC>CRP>Leucocytes>LacticAcid>LacticAcid>LacticAcid>Leucocytes>CRP>CRP>LacticAcid>Leucocytes>CRP>Leucocytes>LacticAcid>LacticAcid>CRP>Leucocytes>CRP>Leucocytes>LacticAcid>Leucocytes>LacticAcid>CRP>CRP>Leucocytes>LacticAcid>LacticAcid>Leucocytes>CRP>Release E>Return ER,41,1,0.0009523809523809,LG,10563117.0,10563117.0,10563117.0,10563117.0,Return ER,"{""Admission NC"": 1, ""CRP"": 1, ""LacticAcid"": 1, ""Leucocytes"": 1}",{}
V0197,ER Registration>ER Triage>ER Sepsis Triage>Leucocytes>CRP>Leucocytes,6,1,0.0009523809523809,MG,20281.0,20281.0,20281.0,20281.0,Leucocytes,"{""Leucocytes"": 1}",{}
V0198,ER Registration>ER Triage>ER Sepsis Triage>CRP>LacticAcid>Leucocytes>Admission NC>Admission NC>Release A,9,1,0.0009523809523809,OG,277177.0,277177.0,277177.0,277177.0,Release A,"{""Admission NC"": 1}",{}
V0199,ER Registration>IV Liquid>ER Sepsis Triage>IV Antibiotics>ER Triage>LacticAcid>CRP>Leucocytes>Admission NC>Leucocytes>CRP>Release A>Return ER,13,1,0.0009523809523809,PG,2288010.0,2288010.0,2288010.0,2288010.0,Return ER,"{""CRP"": 1, ""Leucocytes"": 1}",{}
V0200,ER Registration>ER Triage>ER Sepsis Triage>Leucocytes>CRP>LacticAcid>IV Liquid>IV Antibiotics>Admission NC>CRP>Leucocytes>Release A>Return ER,13,1,0.0009523809523809,QG,1162737.0,1162737.0,1162737.0,1162737.0,Return ER,"{""CRP"": 1, ""Leucocytes"": 1}",{}
V0201,ER Registration>ER Triage>ER Sepsis Triage>LacticAcid>Leucocytes>CRP>Admission NC>Leucocytes>CRP>Leucocytes>CRP>Leucocytes>CRP>CRP>Leucocytes>Leucocytes>CRP>CRP>Leucocytes>CRP>LacticAcid>CRP>Leucocytes>CRP>CRP>CRP>CRP>Leucocytes>CRP>Leucocytes>CRP>Release A>Return ER,33,1,0.0009523809523809,RG,7794379.0,7794379.0,7794379.0,7794379.0,Return ER,"{""CRP"": 1, ""LacticAcid"": 1, ""Leucocytes"": 1}",{}
V0202,ER Registration>ER Triage>ER Sepsis Triage>CRP>LacticAcid>Leucocytes>IV Antibiotics>Admission NC>Leucocytes>CRP>Release A,11,1,0.0009523809523809,TG,227739.0,227739.0,227739.0,227739.0,Release A,"{""CRP"": 1, ""Leucocytes"": 1}",{}
V0203,ER Registration>ER Triage>ER Sepsis Triage>LacticAcid>Leucocytes>CRP>Admission NC>CRP>Leucocytes>CRP>Leucocytes>CRP>Leucocytes>CRP>Release A>Return ER,16,1,0.0009523809523809,VG,1471144.0,1471144.0,1471144.0,1471144.0,Return ER,"{""CRP"": 1, ""Leucocytes"": 1}",{}
V0204,ER Registration>ER Triage>ER Sepsis Triage>CRP>Leucocytes>LacticAcid>IV Liquid>IV Antibiotics>Admission NC>Leucocytes>CRP>CRP>Leucocytes>Release A,14,1,0.0009523809523809,WG,474462.0,474462.0,474462.0,474462.0,Release A,"{""CRP"": 1, ""Leucocytes"": 1}",{}
V0205,ER Registration>ER Triage>ER Sepsis Triage>IV Liquid>IV Antibiotics>LacticAcid>Leucocytes>CRP>Admission NC>Admission NC>Leucocytes>CRP>Leucocytes>Leucocytes>Leucocytes>Leucocytes>Leucocytes>CRP>Leucocytes>Leucocytes>Leucocytes>CRP>Leucocytes>CRP>Leucocytes>Leucocytes>CRP>Leucocytes>Release D,29,1,0.0009523809523809,YG,2372573.0,2372573.0,2372573.0,2372573.0,Release D,"{""Admission NC"": 1, ""CRP"": 1, ""Leucocytes"": 1}",{}
V0206,ER Registration>ER Triage>ER Sepsis Triage>CRP>LacticAcid>Leucocytes>IV Antibiotics>Admission NC>IV Liquid>Release B,10,1,0.0009523809523809,ZG,150105.0,150105.0,150105.0,150105.0,Release B,{},{}
V0207,ER Registration>ER Triage>ER Sepsis Triage>LacticAcid>Leucocytes>CRP>IV Antibiotics>Admission NC>Leucocytes>CRP>Release A,11,1,0.0009523809523809,AH,350708.0,350708.0,350708.0,350708.0,Release A,"{""CRP"": 1, ""Leucocytes"": 1}",{}
V0208,ER Registration>ER Triage>ER Sepsis Triage>Leucocytes>LacticAcid>CRP>IV Antibiotics>IV Liquid>Admission NC>Leucocytes>CRP>Admission NC>CRP>Leucocytes>Admission NC>Leucocytes>CRP>Leucocytes>CRP>Release A,20,1,0.0009523809523809,BH,394868.0,394868.0,394868.0,394868.0,Release A,"{""Admission NC"": 1, ""CRP"": 1, ""Leucocytes"": 1}",{}
V0209,ER Registration>ER Triage>ER Sepsis Triage>IV Antibiotics>Leucocytes>CRP>LacticAcid>Admission NC>Release A,9,1,0.0009523809523809,CH,201852.0,201852.0,201852.0,201852.0,Release A,{},{}
V0210,ER Registration>ER Triage>ER Sepsis Triage>IV Liquid>Leucocytes>CRP>IV Antibiotics>Admission NC>Leucocytes>Leucocytes>CRP>CRP>Leucocytes>Release A>Return ER,15,1,0.0009523809523809,DH,9479573.0,9479573.0,9479573.0,9479573.0,Return ER,"{""CRP"": 1, ""Leucocytes"": 1}",{}
V0211,ER Registration>ER Triage>ER Sepsis Triage>LacticAcid>CRP>Leucocytes>IV Antibiotics>Admission NC>CRP>CRP>Leucocytes>Release A>Return ER,13,1,0.0009523809523809,FH,4088632.0,4088632.0,4088632.0,4088632.0,Return ER,"{""CRP"": 1, ""Leucocytes"": 1}",{}
V0212,ER Registration>ER Triage>ER Sepsis Triage>Leucocytes>CRP>LacticAcid>IV Antibiotics>Admission NC>Admission NC>IV Liquid>CRP>Leucocytes>Admission NC>Leucocytes>CRP>Release A>Return ER,17,1,0.0009523809523809,IH,1686082.0,1686082.0,1686082.0,1686082.0,Return ER,"{""Admission NC"": 1, ""CRP"": 1, ""Leucocytes"": 1}",{}
V0213,ER Registration>ER Sepsis Triage>ER Triage>IV Liquid>IV Antibiotics>CRP>Leucocytes>LacticAcid>Admission NC>Admission NC>Release A>Return ER,12,1,0.0009523809523809,JH,1063484.0,1063484.0,1063484.0,1063484.0,Return ER,"{""Admission NC"": 1}",{}
V0214,ER Registration>ER Triage>ER Sepsis Triage>IV Liquid>CRP>LacticAcid>Leucocytes>IV Antibiotics>Admission NC>CRP>Leucocytes>Release A,12,1,0.0009523809523809,KH,278879.0,278879.0,278879.0,278879.0,Release A,"{""CRP"": 1, ""Leucocytes"": 1}",{}
V0215,ER Registration>ER Triage>ER Sepsis Triage>CRP>Leucocytes>Admission NC>Leucocytes>CRP>CRP>Leucocytes>CRP>Leucocytes>Leucocytes>CRP>CRP>Leucocytes>Release A,17,1,0.0009523809523809,LH,956377.0,956377.0,956377.0,956377.0,Release A,"{""CRP"": 1, ""Leucocytes"": 1}",{}
V0216,ER Registration>ER Triage>ER Sepsis Triage>CRP>Leucocytes>LacticAcid>IV Antibiotics>IV Liquid>Admission NC>Leucocytes>CRP>Admission NC>Leucocytes>CRP>Release A>Return ER,16,1,0.0009523809523809,OH,4685241.0,4685241.0,4685241.0,4685241.0,Return ER,"{""Admission NC"": 1, ""CRP"": 1, ""Leucocytes"": 1}",{}
V0217,ER Registration>CRP>LacticAcid>Leucocytes>IV Liquid>ER Triage>ER Sepsis Triage>IV Antibiotics,8,1,0.0009523809523809,PH,3098.0,3098.0,3098.0,3098.0,IV Antibiotics,{},{}
V0218,ER Registration>ER Triage>ER Sepsis Triage>Leucocytes>CRP>Admission IC>CRP>Leucocytes>LacticAcid>Leucocytes>Leucocytes>Leucocytes>Leucocytes>LacticAcid>LacticAcid>Leucocytes>CRP>Leucocytes>LacticAcid>Leucocytes>CRP>LacticAcid>Release B,23,1,0.0009523809523809,QH,138386.0,138386.0,138386.0,138386.0,Release B,"{""CRP"": 1, ""LacticAcid"": 1, ""Leucocytes"": 1}",{}
V0219,ER Registration>ER Triage>ER Sepsis Triage>Leucocytes>Leucocytes,5,1,0.0009523809523809,RH,40336.0,40336.0,40336.0,40336.0,Leucocytes,"{""Leucocytes"": 1}",{}
V0220,ER Registration>ER Triage>ER Sepsis Triage>Leucocytes>LacticAcid>CRP>IV Antibiotics>Admission NC>CRP>Leucocytes>Release A>Return ER,12,1,0.0009523809523809,SH,3188399.0,3188399.0,3188399.0,3188399.0,Return ER,"{""CRP"": 1, ""Leucocytes"": 1}",{}
V0221,ER Registration>ER Triage>CRP>LacticAcid>Leucocytes>IV Liquid>ER Sepsis Triage>IV Antibiotics>Admission NC>CRP>LacticAcid>CRP>Release A,13,1,0.0009523809523809,TH,210970.0,210970.0,210970.0,210970.0,Release A,"{""CRP"": 1, ""LacticAcid"": 1}",{}
V0222,ER Registration>ER Triage>ER Sepsis Triage>CRP>Leucocytes>LacticAcid>IV Antibiotics>IV Liquid>Admission NC>CRP>Leucocytes>CRP>Leucocytes>CRP>Leucocytes>CRP>Leucocytes>Admission NC>Leucocytes>CRP>Leucocytes>Release A,22,1,0.0009523809523809,XH,938297.0,938297.0,938297.0,938297.0,Release A,"{""Admission NC"": 1, ""CRP"": 1, ""Leucocytes"": 1}",{}
V0223,ER Registration>ER Triage>ER Sepsis Triage>Leucocytes>CRP>LacticAcid>IV Liquid>IV Antibiotics>Admission NC>CRP>Admission NC>CRP>Release A,13,1,0.0009523809523809,ZH,765186.0,765186.0,765186.0,765186.0,Release A,"{""Admission NC"": 1, ""CRP"": 1}",{}
V0224,ER Registration>ER Triage>ER Sepsis Triage>LacticAcid>CRP>Leucocytes>IV Liquid>IV Antibiotics>Admission NC>CRP>Leucocytes>Leucocytes>CRP>Release A>Return ER,15,1,0.0009523809523809,AI,31474239.0,31474239.0,31474239.0,31474239.0,Return ER,"{""CRP"": 1, ""Leucocytes"": 1}",{}
V0225,ER Registration>ER Triage>CRP>Leucocytes>ER Sepsis Triage>IV Antibiotics>Admission NC>LacticAcid>Admission NC>Release B,10,1,0.0009523809523809,BI,126454.0,126454.0,126454.0,126454.0,Release B,"{""Admission NC"": 1}",{}
V0226,ER Registration>ER Triage>ER Sepsis Triage>IV Liquid>IV Antibiotics>LacticAcid>Leucocytes>CRP>Admission NC>Leucocytes>CRP>Admission NC>Release A,13,1,0.0009523809523809,CI,329411.0,329411.0,329411.0,329411.0,Release A,"{""Admission NC"": 1, ""CRP"": 1, ""Leucocytes"": 1}",{}
V0227,ER Registration>ER Triage>ER Sepsis Triage>LacticAcid>CRP>Leucocytes>IV Antibiotics>Admission NC>Admission NC>CRP>Leucocytes>CRP>Release D>Return ER,14,1,0.0009523809523809,EI,1717062.0,1717062.0,1717062.0,1717062.0,Return ER,"{""Admission NC"": 1, ""CRP"": 1, ""Leucocytes"": 1}",{}
V0228,Leucocytes>ER Registration>ER Triage>ER Sepsis Triage>CRP>LacticAcid>Leucocytes>IV Antibiotics>Admission NC>Admission NC>Leucocytes>Release A,12,1,0.0009523809523809,GI,796920.0,796920.0,796920.0,796920.0,Release A,"{""Admission NC"": 1, ""Leucocytes"": 1}",{}
V0229,ER Registration>ER Triage>Leucocytes>LacticAcid>CRP>ER Sepsis Triage>IV Liquid>IV Antibiotics>Admission NC>CRP>Leucocytes>Release A>Return ER,13,1,0.0009523809523809,II,427546.0,427546.0,427546.0,427546.0,Return ER,"{""CRP"": 1, ""Leucocytes"": 1}",{}
V0230,ER Registration>ER Triage>LacticAcid>Leucocytes>CRP>ER Sepsis Triage>IV Liquid>IV Antibiotics>Admission NC>CRP>Leucocytes>Admission NC>Leucocytes>CRP>Release A>Return ER,16,1,0.0009523809523809,KI,4110316.0,4110316.0,4110316.0,4110316.0,Return ER,"{""Admission NC"": 1, ""CRP"": 1, ""Leucocytes"": 1}",{}
V0231,ER Registration>ER Triage>ER Sepsis Triage>LacticAcid>Leucocytes>CRP>IV Liquid>IV Antibiotics>Admission NC>Admission NC>Leucocytes>CRP>Release A>Return ER,14,1,0.0009523809523809,LI,13621540.0,13621540.0,13621540.0,13621540.0,Return ER,"{""Admission NC"": 1, ""CRP"": 1, ""Leucocytes"": 1}",{}
V0232,ER Registration>ER Triage>ER Sepsis Triage>IV Liquid>Leucocytes>LacticAcid>CRP>IV Antibiotics,8,1,0.0009523809523809,MI,5256.0,5256.0,5256.0,5256.0,IV Antibiotics,{},{}
V0233,ER Registration>ER Triage>CRP>LacticAcid>Leucocytes>ER Sepsis Triage>IV Liquid>IV Antibiotics>Admission NC>CRP>Leucocytes>Leucocytes>CRP>Release A>Return ER,15,1,0.0009523809523809,NI,3055685.0,3055685.0,3055685.0,3055685.0,Return ER,"{""CRP"": 1, ""Leucocytes"": 1}",{}
V0234,ER Registration>ER Triage>ER Sepsis Triage>LacticAcid>CRP>Leucocytes,6,1,0.0009523809523809,OI,2550.0,2550.0,2550.0,2550.0,Leucocytes,{},{}
V0235,ER Registration>ER Triage>ER Sepsis Triage>CRP>Leucocytes>LacticAcid>Admission NC>IV Liquid>IV Antibiotics>CRP>Release A,11,1,0.0009523809523809,PI,238516.0,238516.0,238516.0,238516.0,Release A,"{""CRP"": 1}",{}
V0236,ER Registration>ER Triage>ER Sepsis Triage>LacticAcid>Leucocytes>CRP>Admission NC>Admission NC>Release A,9,1,0.0009523809523809,QI,295660.0,295660.0,295660.0,295660.0,Release A,"{""Admission NC"": 1}",{}
V0237,ER Registration>ER Triage>ER Sepsis Triage>IV Liquid>CRP>LacticAcid>Leucocytes>IV Antibiotics>Admission NC>Leucocytes>CRP>Admission NC>CRP>Leucocytes>Release A>Return ER,16,1,0.0009523809523809,RI,896926.0,896926.0,896926.0,896926.0,Return ER,"{""Admission NC"": 1, ""CRP"": 1, ""Leucocytes"": 1}",{}
V0238,ER Registration>ER Triage>ER Sepsis Triage>LacticAcid>Leucocytes>CRP>IV Liquid>IV Antibiotics>Admission NC>CRP>Leucocytes>Admission NC>CRP>Leucocytes>Leucocytes>CRP>CRP>Release A,18,1,0.0009523809523809,SI,677936.0,677936.0,677936.0,677936.0,Release A,"{""Admission NC"": 1, ""CRP"": 1, ""Leucocytes"": 1}",{}
V0239,ER Registration>ER Triage>ER Sepsis Triage>CRP>Leucocytes>LacticAcid>Admission NC>Admission NC>CRP>Leucocytes>Leucocytes>CRP>Leucocytes>CRP>Leucocytes>CRP>CRP>Leucocytes>Leucocytes>CRP>Release C,21,1,0.0009523809523809,TI,2490902.0,2490902.0,2490902.0,2490902.0,Release C,"{""Admission NC"": 1, ""CRP"": 1, ""Leucocytes"": 1}",{}
V0240,ER Registration>ER Triage>ER Sepsis Triage>LacticAcid>CRP>Leucocytes>IV Antibiotics>Admission NC>IV Liquid>CRP>Leucocytes>CRP>Leucocytes>Release A,14,1,0.0009523809523809,UI,310405.0,310405.0,310405.0,310405.0,Release A,"{""CRP"": 1, ""Leucocytes"": 1}",{}
V0241,ER Registration>ER Triage>ER Sepsis Triage>IV Liquid>IV Antibiotics>LacticAcid>CRP>Leucocytes>Admission NC>Admission NC>Leucocytes>CRP>CRP>CRP>Leucocytes>CRP>Release A>Return ER,18,1,0.0009523809523809,VI,3861325.0,3861325.0,3861325.0,3861325.0,Return ER,"{""Admission NC"": 1, ""CRP"": 1, ""Leucocytes"": 1}",{}
V0242,ER Registration>ER Triage>ER Sepsis Triage>CRP>Leucocytes>Admission NC>CRP>Release A>Return ER,9,1,0.0009523809523809,WI,10290327.0,10290327.0,10290327.0,10290327.0,Return ER,"{""CRP"": 1}",{}
V0243,ER Registration>ER Triage>CRP>Leucocytes>LacticAcid>ER Sepsis Triage>IV Liquid>IV Antibiotics>Admission NC>Admission IC>CRP>LacticAcid>Leucocytes>LacticAcid>Leucocytes>CRP>LacticAcid>Admission IC>LacticAcid>CRP>Leucocytes>LacticAcid>Leucocytes>CRP>Leucocytes>CRP>LacticAcid>Admission NC>CRP>Leucocytes>CRP>Leucocytes>CRP>Leucocytes>Admission NC>CRP>Leucocytes>Release A>Return ER,39,1,0.0009523809523809,XI,2018074.0,2018074.0,2018074.0,2018074.0,Return ER,"{""Admission IC"": 1, ""Admission NC"": 1, ""CRP"": 1, ""LacticAcid"": 1, ""Leucocytes"": 1}",{}
V0244,ER Registration>ER Triage>ER Sepsis Triage>IV Liquid>IV Antibiotics>CRP>Leucocytes>LacticAcid>Admission NC>Leucocytes>Leucocytes>Leucocytes>CRP>Admission NC>Leucocytes>CRP>CRP>Release A,18,1,0.0009523809523809,ZI,564606.0,564606.0,564606.0,564606.0,Release A,"{""Admission NC"": 1, ""CRP"": 1, ""Leucocytes"": 1}",{}
V0245,ER Registration>ER Triage>ER Sepsis Triage>Leucocytes>CRP>LacticAcid>IV Liquid>IV Antibiotics>Admission NC>Leucocytes>CRP>CRP>Leucocytes>Leucocytes>CRP>Leucocytes>Admission NC>CRP>Leucocytes>Leucocytes>Leucocytes>CRP>CRP>Leucocytes>Release A,25,1,0.0009523809523809,AJ,1387348.0,1387348.0,1387348.0,1387348.0,Release A,"{""Admission NC"": 1, ""CRP"": 1, ""Leucocytes"": 1}",{}
V0246,ER Registration>ER Triage>ER Sepsis Triage>Leucocytes>CRP>LacticAcid>IV Liquid>IV Antibiotics>Admission IC>LacticAcid>Leucocytes>CRP>LacticAcid>CRP>LacticAcid>Leucocytes>Admission NC>CRP>Leucocytes>CRP>Release A,21,1,0.0009523809523809,BJ,543707.0,543707.0,543707.0,543707.0,Release A,"{""CRP"": 1, ""LacticAcid"": 1, ""Leucocytes"": 1}",{}
V0247,Leucocytes>CRP>ER Registration>ER Triage>ER Sepsis Triage>LacticAcid>Leucocytes>CRP>IV Liquid>IV Antibiotics>Admission NC>Leucocytes>CRP>LacticAcid>Leucocytes>CRP>Admission NC>Admission NC>CRP>Leucocytes>CRP>Leucocytes>CRP>Admission NC>Release B,25,1,0.0009523809523809,CJ,915960.0,915960.0,915960.0,915960.0,Release B,"{""Admission NC"": 1, ""CRP"": 1, ""LacticAcid"": 1, ""Leucocytes"": 1}",{}
V0248,ER Registration>ER Triage>CRP>Leucocytes>LacticAcid>ER Sepsis Triage>IV Liquid>IV Antibiotics>Admission IC>LacticAcid>CRP>Leucocytes>Leucocytes>CRP>LacticAcid>CRP>LacticAcid>Leucocytes>Admission NC>Leucocytes>CRP>Release A>Return ER,23,1,0.0009523809523809,DJ,11129809.0,11129809.0,11129809.0,11129809.0,Return ER,"{""CRP"": 1, ""LacticAcid"": 1, ""Leucocytes"": 1}",{}
V0249,ER Registration>ER Triage>Leucocytes>CRP>LacticAcid>ER Sepsis Triage>IV Antibiotics>Admission NC>CRP>Leucocytes>Release A,11,1,0.0009523809523809,EJ,174600.0,174600.0,174600.0,174600.0,Release A,"{""CRP"": 1, ""Leucocytes"": 1}",{}
V0250,ER Registration>ER Triage>LacticAcid>CRP>Leucocytes>ER Sepsis Triage>IV Liquid>IV Antibiotics>Admission NC>CRP>Leucocytes>Release A>Return ER,13,1,0.0009523809523809,FJ,10635586.0,10635586.0,10635586.0,10635586.0,Return ER,"{""CRP"": 1, ""Leucocytes"": 1}",{}
V0251,ER Registration>ER Triage>ER Sepsis Triage>IV Liquid>IV Antibiotics>CRP>LacticAcid>Leucocytes>Admission IC>Leucocytes>CRP>LacticAcid>LacticAcid>CRP>Leucocytes>LacticAcid>Leucocytes>CRP>Admission NC>Release A>Return ER,21,1,0.0009523809523809,GJ,7483118.0,7483118.0,7483118.0,7483118.0,Return ER,"{""CRP"": 1, ""LacticAcid"": 1, ""Leucocytes"": 1}",{}
V0252,ER Registration>ER Triage>ER Sepsis Triage>Leucocytes>CRP>LacticAcid>IV Liquid>IV Antibiotics>Admission NC>Admission NC>Admission NC>CRP>Leucocytes>CRP>Leucocytes>Release A,16,1,0.0009523809523809,IJ,571791.0,571791.0,571791.0,571791.0,Release A,"{""Admission NC"": 1, ""CRP"": 1, ""Leucocytes"": 1}",{}
V0253,ER Registration>ER Triage>ER Sepsis Triage>Leucocytes>CRP>LacticAcid>IV Antibiotics>Admission NC>LacticAcid>Release A,10,1,0.0009523809523809,KJ,356146.0,356146.0,356146.0,356146.0,Release A,"{""LacticAcid"": 1}",{}
V0254,ER Registration>ER Triage>ER Sepsis Triage>LacticAcid>CRP>Leucocytes>IV Liquid>IV Antibiotics>Admission NC>Leucocytes>CRP>CRP>Leucocytes>Admission NC>CRP>Leucocytes>CRP>Admission NC>Admission NC>CRP>CRP>Leucocytes>CRP>Leucocytes>CRP>CRP>Leucocytes>CRP>CRP>Admission NC>Release D,31,1,0.0009523809523809,LJ,4194540.0,4194540.0,4194540.0,4194540.0,Release D,"{""Admission NC"": 1, ""CRP"": 1, ""Leucocytes"": 1}",{}
V0255,ER Registration>ER Triage>Leucocytes>CRP>ER Sepsis Triage>IV Liquid>IV Antibiotics>Admission NC>Admission NC>CRP>Leucocytes>CRP>Release A,13,1,0.0009523809523809,MJ,390839.0,390839.0,390839.0,390839.0,Release A,"{""Admission NC"": 1, ""CRP"": 1, ""Leucocytes"": 1}",{}
V0256,ER Registration>ER Triage>CRP>LacticAcid>Leucocytes>ER Sepsis Triage>IV Liquid>IV Antibiotics>Admission NC>Admission NC>Leucocytes>CRP>Release A>Return ER,14,1,0.0009523809523809,NJ,8369783.0,8369783.0,8369783.0,8369783.0,Return ER,"{""Admission NC"": 1, ""CRP"": 1, ""Leucocytes"": 1}",{}
V0257,ER Registration>Leucocytes>CRP>LacticAcid>ER Triage>ER Sepsis Triage>IV Antibiotics>Admission IC>LacticAcid>Leucocytes>CRP>LacticAcid>Leucocytes>CRP>CRP>Leucocytes>LacticAcid>Admission NC>Leucocytes>CRP>Leucocytes>CRP>Release A,23,1,0.0009523809523809,OJ,652458.0,652458.0,652458.0,652458.0,Release A,"{""CRP"": 1, ""LacticAcid"": 1, ""Leucocytes"": 1}",{}
V0258,ER Registration>ER Triage>ER Sepsis Triage>Leucocytes>CRP>LacticAcid>IV Liquid>IV Antibiotics>Admission NC>LacticAcid>CRP>CRP>LacticAcid>Leucocytes>Leucocytes>CRP>Leucocytes>CRP>Release B,19,1,0.0009523809523809,PJ,502297.0,502297.0,502297.0,502297.0,Release B,"{""CRP"": 1, ""LacticAcid"": 1, ""Leucocytes"": 1}",{}
V0259,ER Registration>ER Triage>ER Sepsis Triage>Leucocytes>CRP>LacticAcid>IV Antibiotics>IV Liquid>Admission NC>Leucocytes>CRP>Leucocytes>CRP>Release A,14,1,0.0009523809523809,QJ,510412.0,510412.0,510412.0,510412.0,Release A,"{""CRP"": 1, ""Leucocytes"": 1}",{}
V0260,ER Registration>ER Triage>ER Sepsis Triage>LacticAcid>CRP>Leucocytes>IV Antibiotics,7,1,0.0009523809523809,RJ,17242.0,17242.0,17242.0,17242.0,IV Antibiotics,{},{}
V0261,ER Registration>ER Triage>LacticAcid>CRP>Leucocytes>IV Liquid>ER Sepsis Triage>Admission NC>IV Antibiotics>CRP>CRP>Leucocytes>CRP>Leucocytes>Release A>Return ER,16,1,0.0009523809523809,SJ,4415108.0,4415108.0,4415108.0,4415108.0,Return ER,"{""CRP"": 1, ""Leucocytes"": 1}",{}
V0262,IV Liquid>ER Registration>ER Triage>ER Sepsis Triage>IV Antibiotics>Leucocytes>LacticAcid>CRP>Admission NC>Leucocytes>CRP>Leucocytes>CRP>Release A>Return ER,15,1,0.0009523809523809,TJ,1514912.0,1514912.0,1514912.0,1514912.0,Return ER,"{""CRP"": 1, ""Leucocytes"": 1}",{}
V0263,ER Registration>ER Triage>ER Sepsis Triage>Leucocytes>LacticAcid>CRP>IV Liquid>IV Antibiotics>Admission NC>Leucocytes>Leucocytes>CRP>CRP>CRP>Release A>Return ER,16,1,0.0009523809523809,UJ,5460849.0,5460849.0,5460849.0,5460849.0,Return ER,"{""CRP"": 1, ""Leucocytes"": 1}",{}
V0264,ER Registration>ER Triage>ER Sepsis Triage>LacticAcid>CRP>Leucocytes>IV Liquid>IV Antibiotics>Admission NC>Admission NC>CRP>Leucocytes>Release A,13,1,0.0009523809523809,VJ,476303.0,476303.0,476303.0,476303.0,Release A,"{""Admission NC"": 1, ""CRP"": 1, ""Leucocytes"": 1}",{}
V0265,ER Registration>ER Triage>ER Sepsis Triage>LacticAcid>Leucocytes>CRP>IV Liquid>IV Antibiotics>Admission NC>Leucocytes>Leucocytes>Release A>Return ER,13,1,0.0009523809523809,XJ,2947431.0,2947431.0,2947431.0,2947431.0,Return ER,"{""Leucocytes"": 1}",{}
V0266,ER Registration>ER Triage>ER Sepsis Triage>CRP>Leucocytes>Admission NC>Leucocytes>CRP>Admission NC>Leucocytes>CRP>Release A,12,1,0.0009523809523809,YJ,726943.0,726943.0,726943.0,726943.0,Release A,"{""Admission NC"": 1, ""CRP"": 1, ""Leucocytes"": 1}",{}
V0267,ER Registration>ER Triage>ER Sepsis Triage>IV Liquid>IV Antibiotics>LacticAcid>Leucocytes>CRP>Admission NC>Leucocytes>CRP>Admission NC>CRP>Leucocytes>CRP>Release A,16,1,0.0009523809523809,ZJ,740114.0,740114.0,740114.0,740114.0,Release A,"{""Admission NC"": 1, ""CRP"": 1, ""Leucocytes"": 1}",{}
V0268,ER Registration>ER Triage>ER Sepsis Triage>IV Liquid>Leucocytes>CRP>LacticAcid>IV Antibiotics>Admission NC>CRP>Leucocytes,11,1,0.0009523809523809,AK,37105.0,37105.0,37105.0,37105.0,Leucocytes,"{""CRP"": 1, ""Leucocytes"": 1}",{}
V0269,ER Registration>ER Triage>ER Sepsis Triage>IV Liquid>IV Antibiotics>CRP>Leucocytes>LacticAcid>Admission NC>CRP>Leucocytes>Release A>Return ER,13,1,0.0009523809523809,BK,10628120.0,10628120.0,10628120.0,10628120.0,Return ER,"{""CRP"": 1, ""Leucocytes"": 1}",{}
V0270,ER Registration>LacticAcid>Leucocytes>CRP>ER Triage>ER Sepsis Triage>IV Antibiotics>IV Liquid>Admission NC>CRP>Leucocytes>Release A>Return ER,13,1,0.0009523809523809,DK,8328714.0,8328714.0,8328714.0,8328714.0,Return ER,"{""CRP"": 1, ""Leucocytes"": 1}",{}
V0271,ER Registration>ER Triage>ER Sepsis Triage>IV Liquid>Leucocytes>CRP>LacticAcid>IV Antibiotics>Admission IC>Leucocytes>CRP>LacticAcid>CRP>LacticAcid>Leucocytes>Leucocytes>LacticAcid>CRP>Admission NC>Release B,20,1,0.0009523809523809,EK,610869.0,610869.0,610869.0,610869.0,Release B,"{""CRP"": 1, ""LacticAcid"": 1, ""Leucocytes"": 1}",{}
V0272,ER Registration>ER Triage>ER Sepsis Triage>IV Liquid>IV Antibiotics>Leucocytes>CRP>LacticAcid>Admission NC>CRP>CRP>Leucocytes>Leucocytes>CRP>CRP>Leucocytes>Release A,17,1,0.0009523809523809,FK,999620.0,999620.0,999620.0,999620.0,Release A,"{""CRP"": 1, ""Leucocytes"": 1}",{}
V0273,Leucocytes>CRP>ER Registration>ER Triage>ER Sepsis Triage>IV Liquid>LacticAcid>Leucocytes>CRP>IV Antibiotics>Admission NC>Leucocytes>CRP>Admission NC>CRP>Leucocytes>Leucocytes>Leucocytes>CRP>Leucocytes>Leucocytes>Leucocytes>Leucocytes>Leucocytes>CRP>Leucocytes>Leucocytes>Leucocytes>Leucocytes>Leucocytes>Leucocytes>CRP>CRP>Leucocytes>Leucocytes>CRP>Leucocytes>CRP>CRP>Leucocytes>Leucocytes>CRP>Leucocytes>Leucocytes>CRP>Leucocytes>CRP>Leucocytes>CRP>Leucocytes>Leucocytes>Leucocytes>CRP>CRP>Leucocytes>CRP>Leucocytes>Leucocytes>CRP>Leucocytes>Admission IC>Leucocytes>CRP>LacticAcid>CRP>LacticAcid>Leucocytes>LacticAcid>Leucocytes>CRP>Leucocytes>CRP>LacticAcid>Admission NC>Leucocytes>Leucocytes>Leucocytes>Leucocytes>CRP>Leucocytes>Leucocytes>CRP>Leucocytes>Leucocytes>CRP>CRP>Leucocytes>Release D,88,1,0.0009523809523809,GK,3642360.0,3642360.0,3642360.0,3642360.0,Release D,"{""Admission NC"": 1, ""CRP"": 1, ""LacticAcid"": 1, ""Leucocytes"": 1}",{}
V0274,ER Registration>ER Triage>ER Sepsis Triage>CRP>LacticAcid>Leucocytes>IV Liquid>IV Antibiotics>Admission NC>Release C,10,1,0.0009523809523809,HK,1367916.0,1367916.0,1367916.0,1367916.0,Release C,{},{}
V0275,ER Registration>ER Triage>ER Sepsis Triage>Leucocytes>CRP>LacticAcid>IV Antibiotics>IV Liquid>Admission IC>CRP>LacticAcid>Leucocytes>LacticAcid>LacticAcid>LacticAcid>CRP>LacticAcid>Leucocytes>LacticAcid>LacticAcid>LacticAcid>LacticAcid>LacticAcid>Leucocytes>CRP>Admission NC>CRP>Leucocytes>Leucocytes>CRP>Release A,31,1,0.0009523809523809,JK,440215.0,440215.0,440215.0,440215.0,Release A,"{""CRP"": 1, ""LacticAcid"": 1, ""Leucocytes"": 1}",{}
V0276,ER Registration>ER Triage>LacticAcid>Leucocytes>CRP>ER Sepsis Triage>IV Liquid>IV Antibiotics>Admission NC>CRP>Leucocytes>CRP>Leucocytes>Release A,14,1,0.0009523809523809,KK,290245.0,290245.0,290245.0,290245.0,Release A,"{""CRP"": 1, ""Leucocytes"": 1}",{}
V0277,ER Registration>ER Triage>ER Sepsis Triage>Leucocytes>CRP>LacticAcid>IV Liquid>IV Antibiotics>Admission IC>LacticAcid>Leucocytes>CRP>Leucocytes>CRP>LacticAcid>Admission NC>Leucocytes>CRP>CRP>Leucocytes>Leucocytes>Leucocytes>CRP>Leucocytes>CRP>Release A>Return ER,27,1,0.0009523809523809,MK,20189746.0,20189746.0,20189746.0,20189746.0,Return ER,"{""CRP"": 1, ""LacticAcid"": 1, ""Leucocytes"": 1}",{}
V0278,ER Registration>ER Triage>ER Sepsis Triage>CRP>LacticAcid>Leucocytes>IV Liquid>IV Antibiotics>Admission NC>Leucocytes>CRP>CRP>Leucocytes>Leucocytes>CRP>CRP>CRP>Release A,18,1,0.0009523809523809,NK,585125.0,585125.0,585125.0,585125.0,Release A,"{""CRP"": 1, ""Leucocytes"": 1}",{}
V0279,ER Registration>ER Triage>ER Sepsis Triage>LacticAcid>CRP>Leucocytes>IV Antibiotics>IV Liquid>Admission NC>Leucocytes>CRP>Leucocytes>Leucocytes>CRP>CRP>Leucocytes>Leucocytes>Release A>Return ER,19,1,0.0009523809523809,OK,1062913.0,1062913.0,1062913.0,1062913.0,Return ER,"{""CRP"": 1, ""Leucocytes"": 1}",{}
V0280,ER Registration>ER Triage>ER Sepsis Triage>LacticAcid>Leucocytes>CRP>IV Liquid>IV Antibiotics>Admission NC>CRP>Leucocytes>Leucocytes>CRP>Leucocytes>CRP>Leucocytes>Leucocytes>CRP>Leucocytes>Leucocytes>CRP>Release A>Return ER,23,1,0.0009523809523809,PK,7433745.0,7433745.0,7433745.0,7433745.0,Return ER,"{""CRP"": 1, ""Leucocytes"": 1}",{}
V0281,Leucocytes>CRP>ER Registration>ER Triage>ER Sepsis Triage>IV Antibiotics>Admission NC>Leucocytes>CRP>Leucocytes>CRP>CRP>CRP>Leucocytes>CRP>Release A,16,1,0.0009523809523809,QK,784800.0,784800.0,784800.0,784800.0,Release A,"{""CRP"": 1, ""Leucocytes"": 1}",{}
V0282,ER Registration>ER Triage>ER Sepsis Triage>IV Liquid>IV Antibiotics>LacticAcid>Leucocytes>CRP>Admission NC>CRP>Leucocytes>Leucocytes>CRP>Leucocytes>Release A,15,1,0.0009523809523809,RK,589900.0,589900.0,589900.0,589900.0,Release A,"{""CRP"": 1, ""Leucocytes"": 1}",{}
V0283,ER Registration>ER Triage>LacticAcid>CRP>Leucocytes>ER Sepsis Triage>IV Liquid>IV Antibiotics>Admission NC>CRP>Leucocytes>Leucocytes>CRP>Admission NC>Leucocytes>CRP>Leucocytes>Leucocytes>CRP>Leucocytes>CRP>Leucocytes>CRP>Leucocytes>CRP>CRP>Leucocytes>CRP>Leucocytes>CRP>Release C>Return ER,32,1,0.0009523809523809,SK,2701722.0,2701722.0,2701722.0,2701722.0,Return ER,"{""Admission NC"": 1, ""CRP"": 1, ""Leucocytes"": 1}",{}
V0284,ER Registration>ER Triage>ER Sepsis Triage>Leucocytes>CRP>LacticAcid>Admission NC>Leucocytes>CRP>Admission NC>CRP>Leucocytes>Leucocytes>CRP>Leucocytes>CRP>Release A>Return ER,18,1,0.0009523809523809,UK,10612408.0,10612408.0,10612408.0,10612408.0,Return ER,"{""Admission NC"": 1, ""CRP"": 1, ""Leucocytes"": 1}",{}
V0285,ER Registration>ER Triage>LacticAcid>CRP>Leucocytes>ER Sepsis Triage>IV Liquid>IV Antibiotics>Admission NC>Leucocytes>CRP>CRP>Leucocytes>Admission NC>Leucocytes>CRP>Admission NC>Leucocytes>CRP>Release A,20,1,0.0009523809523809,VK,1286748.0,1286748.0,1286748.0,1286748.0,Release A,"{""Admission NC"": 1, ""CRP"": 1, ""Leucocytes"": 1}",{}
V0286,Leucocytes>CRP>ER Registration>ER Triage>ER Sepsis Triage>IV Antibiotics>Admission NC>Release A,8,1,0.0009523809523809,WK,445200.0,445200.0,445200.0,445200.0,Release A,{},{}
V0287,ER Registration>ER Triage>ER Sepsis Triage>Leucocytes>LacticAcid>CRP,6,1,0.0009523809523809,XK,2045.0,2045.0,2045.0,2045.0,CRP,{},{}
V0288,ER Registration>ER Triage>ER Sepsis Triage>LacticAcid>CRP>Leucocytes>IV Liquid>IV Antibiotics>Admission NC>CRP>Leucocytes>Leucocytes>CRP>CRP>Leucocytes>Release A>Return ER,17,1,0.0009523809523809,YK,982262.0,982262.0,982262.0,982262.0,Return ER,"{""CRP"": 1, ""Leucocytes"": 1}",{}
V0289,ER Registration>ER Triage>ER Sepsis Triage>IV Liquid>Leucocytes>CRP>IV Antibiotics>Admission NC>CRP>Leucocytes>Release A,11,1,0.0009523809523809,ZK,178326.0,178326.0,178326.0,178326.0,Release A,"{""CRP"": 1, ""Leucocytes"": 1}",{}
V0290,ER Registration>ER Triage>LacticAcid>Leucocytes>CRP>ER Sepsis Triage>IV Liquid>Leucocytes>IV Antibiotics>Admission NC>Admission NC>Leucocytes>CRP>CRP>Leucocytes>Leucocytes>CRP>Release A>Return ER,19,1,0.0009523809523809,AL,27694988.0,27694988.0,27694988.0,27694988.0,Return ER,"{""Admission NC"": 1, ""CRP"": 1, ""Leucocytes"": 1}",{}
V0291,ER Registration>ER Triage>ER Sepsis Triage>Leucocytes>CRP>IV Antibiotics>Admission NC>Admission NC>Admission NC>CRP>Release A,11,1,0.0009523809523809,BL,130941.0,130941.0,130941.0,130941.0,Release A,"{""Admission NC"": 1, ""CRP"": 1}",{}
V0292,ER Registration>ER Triage>ER Sepsis Triage>Leucocytes,4,1,0.0009523809523809,CL,540.0,540.0,540.0,540.0,Leucocytes,{},{}
V0293,ER Registration>ER Triage>ER Sepsis Triage>Leucocytes>CRP>LacticAcid>IV Antibiotics>IV Liquid>Admission NC>Leucocytes>Release A,11,1,0.0009523809523809,DL,307235.0,307235.0,307235.0,307235.0,Release A,"{""Leucocytes"": 1}",{}
V0294,ER Registration>ER Triage>ER Sepsis Triage>IV Liquid>Leucocytes>LacticAcid>CRP>IV Antibiotics>Admission NC>Admission NC>Leucocytes>Leucocytes>CRP>Release A,14,1,0.0009523809523809,EL,545822.0,545822.0,545822.0,545822.0,Release A,"{""Admission NC"": 1, ""CRP"": 1, ""Leucocytes"": 1}",{}
V0295,ER Registration>ER Triage>ER Sepsis Triage>Leucocytes>LacticAcid>CRP>Admission NC>IV Liquid>IV Antibiotics,9,1,0.0009523809523809,FL,97320.0,97320.0,97320.0,97320.0,IV Antibiotics,{},{}
V0296,ER Registration>ER Triage>ER Sepsis Triage>LacticAcid>Leucocytes>CRP>IV Antibiotics>Admission NC>Admission NC>CRP>Leucocytes>CRP>Leucocytes>Release A>Return ER,15,1,0.0009523809523809,GL,645765.0,645765.0,645765.0,645765.0,Return ER,"{""Admission NC"": 1, ""CRP"": 1, ""Leucocytes"": 1}",{}
V0297,ER Registration>ER Triage>ER Sepsis Triage>CRP>LacticAcid>Leucocytes>IV Liquid>IV Antibiotics>Admission NC>Leucocytes>CRP>Leucocytes>CRP>Release A>Return ER,15,1,0.0009523809523809,HL,8589712.0,8589712.0,8589712.0,8589712.0,Return ER,"{""CRP"": 1, ""Leucocytes"": 1}",{}
V0298,ER Registration>ER Triage>ER Sepsis Triage>IV Antibiotics>Leucocytes>CRP>LacticAcid>IV Liquid>Admission NC>CRP>Leucocytes>CRP>Release A,13,1,0.0009523809523809,IL,328493.0,328493.0,328493.0,328493.0,Release A,"{""CRP"": 1, ""Leucocytes"": 1}",{}
V0299,ER Registration>ER Triage>ER Sepsis Triage>LacticAcid>Leucocytes>CRP>IV Antibiotics>IV Liquid>Admission NC>Leucocytes>Leucocytes>CRP>Leucocytes>Leucocytes>CRP>Leucocytes>CRP>CRP>Leucocytes>Leucocytes>CRP>Release A,22,1,0.0009523809523809,LL,1026790.0,1026790.0,1026790.0,1026790.0,Release A,"{""CRP"": 1, ""Leucocytes"": 1}",{}
V0300,ER Registration>ER Triage>ER Sepsis Triage>Leucocytes>LacticAcid>CRP>IV Liquid>IV Antibiotics>Admission NC>CRP>Leucocytes>Leucocytes>CRP>Admission IC>Leucocytes>CRP>LacticAcid>LacticAcid>CRP>Leucocytes>LacticAcid>Leucocytes>CRP>Admission NC>Leucocytes>Leucocytes>CRP>Release A>Return ER,29,1,0.0009523809523809,ML,17132673.0,17132673.0,17132673.0,17132673.0,Return ER,"{""Admission NC"": 1, ""CRP"": 1, ""LacticAcid"": 1, ""Leucocytes"": 1}",{}
V0301,ER Registration>ER Triage>ER Sepsis Triage>CRP>Leucocytes>Admission NC>Leucocytes>CRP>CRP>Leucocytes>Release A>Return ER,12,1,0.0009523809523809,OL,1930714.0,1930714.0,1930714.0,1930714.0,Return ER,"{""CRP"": 1, ""Leucocytes"": 1}",{}
V0302,ER Registration>LacticAcid>Leucocytes>CRP>ER Triage>ER Sepsis Triage,6,1,0.0009523809523809,PL,1658.0,1658.0,1658.0,1658.0,ER Sepsis Triage,{},{}
V0303,ER Registration>ER Triage>Leucocytes>CRP>LacticAcid>ER Sepsis Triage>IV Antibiotics>IV Liquid>Admission NC>Admission NC>CRP>Leucocytes>Leucocytes>CRP>Release A>Return ER,16,1,0.0009523809523809,SL,8022365.0,8022365.0,8022365.0,8022365.0,Return ER,"{""Admission NC"": 1, ""CRP"": 1, ""Leucocytes"": 1}",{}
V0304,ER Registration>ER Triage>ER Sepsis Triage>IV Liquid>IV Antibiotics>CRP>Leucocytes>LacticAcid>Admission NC>Leucocytes>CRP>Admission NC>Leucocytes>CRP>Leucocytes>CRP>Release A,17,1,0.0009523809523809,TL,446788.0,446788.0,446788.0,446788.0,Release A,"{""Admission NC"": 1, ""CRP"": 1, ""Leucocytes"": 1}",{}
V0305,ER Registration>Leucocytes>LacticAcid>CRP>ER Triage>ER Sepsis Triage>IV Antibiotics,7,1,0.0009523809523809,UL,1482.0,1482.0,1482.0,1482.0,IV Antibiotics,{},{}
V0306,CRP>Leucocytes>ER Registration>ER Triage>ER Sepsis Triage>Admission NC>CRP>CRP>Release A,9,1,0.0009523809523809,WL,612840.0,612840.0,612840.0,612840.0,Release A,"{""CRP"": 1}",{}
V0307,ER Registration>ER Triage>ER Sepsis Triage>CRP>LacticAcid>Leucocytes>IV Liquid>IV Antibiotics>Admission NC>Leucocytes>Leucocytes>CRP>Release A>Return ER,14,1,0.0009523809523809,XL,6043512.0,6043512.0,6043512.0,6043512.0,Return ER,"{""CRP"": 1, ""Leucocytes"": 1}",{}
V0308,ER Registration>ER Triage>LacticAcid>CRP>Leucocytes>ER Sepsis Triage>IV Liquid>IV Antibiotics>Admission NC>Leucocytes>CRP>LacticAcid>CRP>Leucocytes>Leucocytes>CRP>Release A>Return ER,18,1,0.0009523809523809,YL,1113613.0,1113613.0,1113613.0,1113613.0,Return ER,"{""CRP"": 1, ""LacticAcid"": 1, ""Leucocytes"": 1}",{}
V0309,ER Registration>ER Triage>Leucocytes>CRP>ER Sepsis Triage>IV Liquid>IV Antibiotics>Release B>Admission NC,9,1,0.0009523809523809,BM,10380.0,10380.0,10380.0,10380.0,Admission NC,{},{}
V0310,ER Registration>ER Triage>ER Sepsis Triage>LacticAcid>Leucocytes>CRP>IV Antibiotics>Admission NC>CRP>Leucocytes>Admission NC>Leucocytes>CRP>CRP>Release A,15,1,0.0009523809523809,CM,424796.0,424796.0,424796.0,424796.0,Release A,"{""Admission NC"": 1, ""CRP"": 1, ""Leucocytes"": 1}",{}
V0311,ER Registration>ER Triage>ER Sepsis Triage>LacticAcid>Leucocytes>CRP>IV Liquid>IV Antibiotics>Admission IC>Leucocytes>LacticAcid>CRP>Leucocytes>CRP>LacticAcid>LacticAcid>LacticAcid>CRP>Leucocytes>Admission NC>Leucocytes>CRP>Leucocytes>CRP>CRP>Leucocytes>CRP>Release A>Return ER,29,1,0.0009523809523809,EM,7944722.0,7944722.0,7944722.0,7944722.0,Return ER,"{""CRP"": 1, ""LacticAcid"": 1, ""Leucocytes"": 1}",{}
V0312,ER Registration>ER Sepsis Triage>ER Triage>IV Antibiotics>Leucocytes>CRP>IV Liquid>Admission NC>CRP>Leucocytes>CRP>Leucocytes>CRP>CRP>Leucocytes>Release A,16,1,0.0009523809523809,FM,2845254.0,2845254.0,2845254.0,2845254.0,Release A,"{""CRP"": 1, ""Leucocytes"": 1}",{}
V0313,ER Registration>ER Triage>ER Sepsis Triage>IV Antibiotics>Leucocytes>LacticAcid>CRP>IV Liquid>Admission NC>Leucocytes>CRP>Admission NC>Release C,13,1,0.0009523809523809,GM,592245.0,592245.0,592245.0,592245.0,Release C,"{""Admission NC"": 1, ""CRP"": 1, ""Leucocytes"": 1}",{}
V0314,Leucocytes>CRP>ER Registration>ER Triage>ER Sepsis Triage>Admission NC>CRP>Leucocytes>Admission NC>CRP>Leucocytes>CRP>Leucocytes>CRP>Release C,15,1,0.0009523809523809,HM,1035600.0,1035600.0,1035600.0,1035600.0,Release C,"{""Admission NC"": 1, ""CRP"": 1, ""Leucocytes"": 1}",{}
V0315,ER Registration>ER Sepsis Triage>ER Triage>CRP>Leucocytes>LacticAcid>LacticAcid>IV Liquid>IV Antibiotics>Admission IC>LacticAcid>Leucocytes>CRP>LacticAcid>CRP>LacticAcid>Leucocytes>Admission NC>Leucocytes>CRP>Leucocytes>Leucocytes>CRP>Leucocytes>CRP>Leucocytes>CRP>Leucocytes>CRP>Leucocytes>CRP>Leucocytes>Leucocytes>CRP>Leucocytes>CRP>Release A,37,1,0.0009523809523809,IM,2690710.0,2690710.0,2690710.0,2690710.0,Release A,"{""CRP"": 1, ""LacticAcid"": 1, ""Leucocytes"": 1}",{}
V0316,ER Registration>ER Triage>ER Sepsis Triage>LacticAcid>CRP>Leucocytes>Admission NC>Admission NC>Leucocytes>CRP>CRP>Leucocytes>Release E,13,1,0.0009523809523809,JM,1723438.0,1723438.0,1723438.0,1723438.0,Release E,"{""Admission NC"": 1, ""CRP"": 1, ""Leucocytes"": 1}",{}
V0317,ER Registration>ER Triage>ER Sepsis Triage>IV Liquid>LacticAcid>CRP>Leucocytes>IV Antibiotics>Admission NC>Leucocytes>CRP>Admission IC>CRP>Leucocytes>LacticAcid>Leucocytes>Leucocytes>LacticAcid>Leucocytes>CRP>LacticAcid>CRP>Leucocytes>LacticAcid>CRP>LacticAcid>Leucocytes>CRP>LacticAcid>Leucocytes>LacticAcid>Leucocytes>CRP>CRP>Leucocytes>LacticAcid>CRP>Leucocytes>LacticAcid>LacticAcid>Leucocytes>CRP>LacticAcid>CRP>Leucocytes>Leucocytes>CRP>LacticAcid>CRP>Leucocytes>LacticAcid>CRP>Leucocytes>LacticAcid>LacticAcid>Leucocytes>CRP>LacticAcid>CRP>Leucocytes>LacticAcid>Leucocytes>CRP>Leucocytes>CRP>Leucocytes>LacticAcid>Leucocytes>LacticAcid>CRP>LacticAcid>Leucocytes>CRP>CRP>LacticAcid>Leucocytes>CRP>Leucocytes>LacticAcid>CRP>LacticAcid>Leucocytes>Admission IC>CRP>LacticAcid>Leucocytes>Leucocytes>Leucocytes>CRP>LacticAcid>LacticAcid>CRP>LacticAcid>Leucocytes>CRP>Leucocytes>LacticAcid>CRP>LacticAcid>Leucocytes>CRP>LacticAcid>Leucocytes>LacticAcid>CRP>Leucocytes>LacticAcid>Leucocytes>CRP>CRP>Leucocytes>LacticAcid>Leucocytes>CRP>LacticAcid>CRP>Leucocytes>LacticAcid>LacticAcid>Leucocytes>CRP>LacticAcid>Leucocytes>CRP>LacticAcid>Leucocytes>CRP>LacticAcid>CRP>Leucocytes>LacticAcid>CRP>Leucocytes>Leucocytes>CRP>LacticAcid>LacticAcid>Leucocytes>CRP>CRP>LacticAcid>Leucocytes>Leucocytes>CRP>LacticAcid>LacticAcid>CRP>Leucocytes>CRP>LacticAcid>Leucocytes>CRP>LacticAcid>Leucocytes>Leucocytes>LacticAcid>CRP>Leucocytes>LacticAcid>CRP>CRP>LacticAcid>Leucocytes>Leucocytes>Admission NC>Leucocytes>CRP>Leucocytes>Release A>Return ER,170,1,0.0009523809523809,KM,6005976.0,6005976.0,6005976.0,6005976.0,Return ER,"{""Admission IC"": 1, ""Admission NC"": 1, ""CRP"": 1, ""LacticAcid"": 1, ""Leucocytes"": 1}",{}
V0318,ER Registration>ER Triage>ER Sepsis Triage>IV Liquid>LacticAcid>Leucocytes>CRP>IV Antibiotics>Admission IC>CRP>Leucocytes>LacticAcid>Leucocytes>LacticAcid>CRP>CRP>Leucocytes>LacticAcid>LacticAcid>CRP>Leucocytes>Admission NC>Leucocytes>CRP>CRP>Leucocytes>CRP>Leucocytes>CRP>Leucocytes>Leucocytes>CRP>CRP>Leucocytes>Release A,35,1,0.0009523809523809,LM,2021353.0,2021353.0,2021353.0,2021353.0,Release A,"{""CRP"": 1, ""LacticAcid"": 1, ""Leucocytes"": 1}",{}
V0319,ER Registration>ER Triage>ER Sepsis Triage>CRP>Leucocytes>Admission NC>CRP>Leucocytes>CRP>Leucocytes>Leucocytes>Leucocytes>Leucocytes>Leucocytes>Leucocytes>Leucocytes>Leucocytes>Leucocytes>CRP>Release A,20,1,0.0009523809523809,MM,954761.0,954761.0,954761.0,954761.0,Release A,"{""CRP"": 1, ""Leucocytes"": 1}",{}
V0320,ER Registration>ER Triage>ER Sepsis Triage>LacticAcid>Leucocytes>CRP>IV Liquid>IV Antibiotics>Admission NC>Admission NC>CRP>CRP>CRP>Release A>Return ER,15,1,0.0009523809523809,NM,8994078.0,8994078.0,8994078.0,8994078.0,Return ER,"{""Admission NC"": 1, ""CRP"": 1}",{}
V0321,ER Registration>ER Triage>ER Sepsis Triage>CRP>Leucocytes>LacticAcid>IV Liquid>IV Antibiotics>Admission NC>Leucocytes>LacticAcid>CRP>Admission NC>CRP>Leucocytes>Leucocytes>CRP>Release A>Return ER,19,1,0.0009523809523809,OM,6194974.0,6194974.0,6194974.0,6194974.0,Return ER,"{""Admission NC"": 1, ""CRP"": 1, ""LacticAcid"": 1, ""Leucocytes"": 1}",{}
V0322,ER Registration>ER Triage>LacticAcid>CRP>Leucocytes>ER Sepsis Triage>IV Liquid>IV Antibiotics,8,1,0.0009523809523809,PM,3394.0,3394.0,3394.0,3394.0,IV Antibiotics,{},{}
V0323,ER Registration>ER Triage>CRP>Leucocytes>ER Sepsis Triage>Admission NC>Release A,7,1,0.0009523809523809,RM,98704.0,98704.0,98704.0,98704.0,Release A,{},{}
V0324,ER Registration>ER Triage>ER Sepsis Triage>Leucocytes>LacticAcid>CRP>IV Antibiotics>IV Liquid>Admission IC>CRP>LacticAcid>Leucocytes>LacticAcid>Leucocytes>LacticAcid>CRP>Leucocytes>LacticAcid>LacticAcid>Leucocytes>CRP>LacticAcid>Admission NC>Leucocytes>CRP>CRP>CRP>CRP>Leucocytes>CRP>Leucocytes>CRP>Leucocytes>CRP>Leucocytes>CRP>Leucocytes>Admission NC>Release A>Return ER,40,1,0.0009523809523809,SM,3230712.0,3230712.0,3230712.0,3230712.0,Return ER,"{""Admission NC"": 1, ""CRP"": 1, ""LacticAcid"": 1, ""Leucocytes"": 1}",{}
V0325,ER Registration>ER Triage>IV Liquid>Leucocytes>CRP>Leucocytes>LacticAcid>ER Sepsis Triage>IV Antibiotics,9,1,0.0009523809523809,UM,4225.0,4225.0,4225.0,4225.0,IV Antibiotics,"{""Leucocytes"": 1}",{}
V0326,ER Registration>ER Triage>ER Sepsis Triage>Leucocytes>CRP>IV Liquid>IV Antibiotics>Admission NC>CRP>Leucocytes>CRP>Leucocytes>CRP>Leucocytes>Release A,15,1,0.0009523809523809,VM,335213.0,335213.0,335213.0,335213.0,Release A,"{""CRP"": 1, ""Leucocytes"": 1}",{}
V0327,ER Registration>ER Triage>ER Sepsis Triage>CRP>LacticAcid>Leucocytes>IV Liquid>IV Antibiotics>Admission NC>Admission NC>CRP>Leucocytes>CRP>Leucocytes>CRP>Leucocytes>Release A>Return ER,18,1,0.0009523809523809,XM,2001017.0,2001017.0,2001017.0,2001017.0,Return ER,"{""Admission NC"": 1, ""CRP"": 1, ""Leucocytes"": 1}",{}
V0328,ER Registration>IV Liquid>ER Triage>ER Sepsis Triage>LacticAcid>Leucocytes>CRP>IV Antibiotics>Admission NC>Leucocytes>CRP>Release A>Return ER,13,1,0.0009523809523809,YM,21966823.0,21966823.0,21966823.0,21966823.0,Return ER,"{""CRP"": 1, ""Leucocytes"": 1}",{}
V0329,ER Registration>ER Triage>ER Sepsis Triage>LacticAcid>CRP>Leucocytes>IV Liquid>IV Antibiotics>Admission NC>CRP>Leucocytes>CRP>Admission NC>CRP>Leucocytes>CRP>CRP>Leucocytes>Leucocytes>Leucocytes>CRP>CRP>Leucocytes>CRP>CRP>Leucocytes>Leucocytes>Release A,28,1,0.0009523809523809,ZM,1274982.0,1274982.0,1274982.0,1274982.0,Release A,"{""Admission NC"": 1, ""CRP"": 1, ""Leucocytes"": 1}",{}
V0330,ER Registration>ER Triage>ER Sepsis Triage>CRP>Leucocytes>LacticAcid>IV Antibiotics>IV Liquid,8,1,0.0009523809523809,AN,97820.0,97820.0,97820.0,97820.0,IV Liquid,{},{}
V0331,ER Registration>ER Triage>ER Sepsis Triage>CRP>LacticAcid>Leucocytes>IV Liquid>IV Antibiotics>Admission NC>Leucocytes>CRP>CRP>Leucocytes>CRP>Leucocytes>Leucocytes>CRP>CRP>Leucocytes>Leucocytes>CRP>CRP>Leucocytes>CRP>CRP>Release A,26,1,0.0009523809523809,BN,1982265.0,1982265.0,1982265.0,1982265.0,Release A,"{""CRP"": 1, ""Leucocytes"": 1}",{}
V0332,ER Registration>ER Triage>ER Sepsis Triage>Leucocytes>CRP>LacticAcid>IV Antibiotics>IV Liquid>Admission NC>Admission NC>Release B,11,1,0.0009523809523809,CN,57183.0,57183.0,57183.0,57183.0,Release B,"{""Admission NC"": 1}",{}
V0333,ER Registration>IV Liquid>ER Triage>ER Sepsis Triage>CRP>LacticAcid>Leucocytes>IV Antibiotics>Admission NC>Leucocytes>Admission NC>LacticAcid>CRP>Leucocytes>LacticAcid>Leucocytes>CRP>Leucocytes>CRP>LacticAcid>CRP>Leucocytes>Release B,23,1,0.0009523809523809,FN,403247.0,403247.0,403247.0,403247.0,Release B,"{""Admission NC"": 1, ""CRP"": 1, ""LacticAcid"": 1, ""Leucocytes"": 1}",{}
V0334,ER Registration>ER Triage>ER Sepsis Triage>LacticAcid>Leucocytes>CRP>IV Liquid>IV Antibiotics>Admission NC>Leucocytes>CRP>Admission NC>Leucocytes>CRP>LacticAcid>CRP>Leucocytes>Admission NC>Leucocytes>Admission IC>CRP>LacticAcid>Leucocytes>Leucocytes>Leucocytes>CRP>LacticAcid>Leucocytes>Admission NC>Leucocytes>CRP>Leucocytes>Leucocytes>Leucocytes>Leucocytes>CRP>Leucocytes>CRP>Leucocytes>Release D>Return ER,41,1,0.0009523809523809,GN,3104170.0,3104170.0,3104170.0,3104170.0,Return ER,"{""Admission NC"": 1, ""CRP"": 1, ""LacticAcid"": 1, ""Leucocytes"": 1}",{}
V0335,ER Registration>ER Triage>ER Sepsis Triage>IV Liquid>Leucocytes>CRP>LacticAcid>IV Antibiotics>Admission NC>Admission NC>CRP>Leucocytes>Leucocytes>CRP>CRP>Leucocytes>Release A>Return ER,18,1,0.0009523809523809,HN,1117771.0,1117771.0,1117771.0,1117771.0,Return ER,"{""Admission NC"": 1, ""CRP"": 1, ""Leucocytes"": 1}",{}
V0336,ER Registration>ER Triage>ER Sepsis Triage>LacticAcid>CRP>Leucocytes>IV Liquid>IV Antibiotics>Admission NC>Leucocytes>CRP,11,1,0.0009523809523809,IN,64514.0,64514.0,64514.0,64514.0,CRP,"{""CRP"": 1, ""Leucocytes"": 1}",{}
V0337,ER Registration>ER Triage>CRP>LacticAcid>Leucocytes>ER Sepsis Triage>IV Liquid>IV Antibiotics>Admission NC>CRP>Leucocytes>Release A,12,1,0.0009523809523809,JN,317611.0,317611.0,317611.0,317611.0,Release A,"{""CRP"": 1, ""Leucocytes"": 1}",{}
V0338,ER Registration>IV Liquid>ER Triage>ER Sepsis Triage>CRP>LacticAcid>Leucocytes>IV Antibiotics>Admission NC>Admission NC>Leucocytes>CRP>Admission NC>Release A,14,1,0.0009523809523809,KN,628285.0,628285.0,628285.0,628285.0,Release A,"{""Admission NC"": 1, ""CRP"": 1, ""Leucocytes"": 1}",{}
V0339,CRP>Leucocytes>ER Registration>ER Triage>ER Sepsis Triage>Admission NC>CRP>Leucocytes>Admission IC>Leucocytes>CRP>LacticAcid>Leucocytes>Leucocytes>Admission IC>Leucocytes>CRP>LacticAcid>Leucocytes>Leucocytes>Leucocytes>LacticAcid>CRP>Leucocytes>LacticAcid>Leucocytes>CRP>CRP>LacticAcid>Leucocytes>Admission NC>Release A>Return ER,33,1,0.0009523809523809,MN,850123.0,850123.0,850123.0,850123.0,Return ER,"{""Admission IC"": 1, ""Admission NC"": 1, ""CRP"": 1, ""LacticAcid"": 1, ""Leucocytes"": 1}",{}
V0340,ER Registration>ER Triage>ER Sepsis Triage>IV Antibiotics>CRP>Leucocytes>Admission NC>Leucocytes>CRP>IV Liquid>CRP>Leucocytes>Release A,13,1,0.0009523809523809,NN,300390.0,300390.0,300390.0,300390.0,Release A,"{""CRP"": 1, ""Leucocytes"": 1}",{}
V0341,ER Registration>ER Triage>LacticAcid>Leucocytes>CRP>ER Sepsis Triage>IV Liquid>IV Antibiotics>Admission NC>Leucocytes>CRP>Admission NC>CRP>Leucocytes>Release A,15,1,0.0009523809523809,ON,418886.0,418886.0,418886.0,418886.0,Release A,"{""Admission NC"": 1, ""CRP"": 1, ""Leucocytes"": 1}",{}
V0342,Leucocytes>ER Registration>ER Triage>ER Sepsis Triage>Leucocytes>CRP,6,1,0.0009523809523809,PN,24480.0,24480.0,24480.0,24480.0,CRP,"{""Leucocytes"": 1}",{}
V0343,ER Registration>ER Triage>ER Sepsis Triage>IV Liquid>IV Antibiotics>Leucocytes>CRP>LacticAcid>Admission NC>CRP>Leucocytes>Admission NC>Leucocytes>CRP>Leucocytes>Release A,16,1,0.0009523809523809,QN,747502.0,747502.0,747502.0,747502.0,Release A,"{""Admission NC"": 1, ""CRP"": 1, ""Leucocytes"": 1}",{}
V0344,ER Registration>ER Triage>Leucocytes>LacticAcid>CRP>ER Sepsis Triage>IV Liquid>IV Antibiotics>Admission NC>CRP>Leucocytes>Leucocytes>CRP>Leucocytes>CRP>CRP>Leucocytes>CRP>Leucocytes>Release B,20,1,0.0009523809523809,RN,1350008.0,1350008.0,1350008.0,1350008.0,Release B,"{""CRP"": 1, ""Leucocytes"": 1}",{}
V0345,ER Registration>ER Triage>ER Sepsis Triage>LacticAcid>Leucocytes>CRP>Admission NC>Admission NC>IV Antibiotics>IV Liquid>CRP>Leucocytes>CRP>Leucocytes>CRP>CRP>Leucocytes>Admission NC>Admission IC>LacticAcid>Leucocytes>CRP>CRP>Leucocytes>LacticAcid>Admission NC>Release A,27,1,0.0009523809523809,TN,1510511.0,1510511.0,1510511.0,1510511.0,Release A,"{""Admission NC"": 1, ""CRP"": 1, ""LacticAcid"": 1, ""Leucocytes"": 1}",{}
V0346,ER Registration>ER Triage>ER Sepsis Triage>LacticAcid>Leucocytes>CRP>IV Antibiotics>IV Liquid>Admission NC>Admission IC>LacticAcid>CRP>Leucocytes>CRP>Leucocytes>LacticAcid>CRP>Leucocytes>LacticAcid>Admission NC>CRP>Leucocytes>CRP>Leucocytes>CRP>Leucocytes>Release A>Return ER,28,1,0.0009523809523809,VN,24132898.0,24132898.0,24132898.0,24132898.0,Return ER,"{""Admission NC"": 1, ""CRP"": 1, ""LacticAcid"": 1, ""Leucocytes"": 1}",{}
V0347,ER Registration>ER Triage>ER Sepsis Triage>Leucocytes>LacticAcid>CRP>IV Liquid>IV Antibiotics>Admission NC>Leucocytes>CRP>CRP>Leucocytes>Leucocytes>Leucocytes>CRP>Leucocytes>CRP>Leucocytes>Leucocytes>CRP>Release D>Return ER,23,1,0.0009523809523809,WN,15741955.0,15741955.0,15741955.0,15741955.0,Return ER,"{""CRP"": 1, ""Leucocytes"": 1}",{}
V0348,ER Registration>Leucocytes>CRP>LacticAcid>ER Triage>ER Sepsis Triage>IV Liquid>IV Antibiotics>Admission NC>Admission NC>CRP>Leucocytes>CRP>Leucocytes>Release A>Return ER,16,1,0.0009523809523809,XN,383990.0,383990.0,383990.0,383990.0,Return ER,"{""Admission NC"": 1, ""CRP"": 1, ""Leucocytes"": 1}",{}
V0349,CRP>Leucocytes>ER Registration>Leucocytes>CRP>ER Triage>ER Sepsis Triage,7,1,0.0009523809523809,YN,46353.0,46353.0,46353.0,46353.0,ER Sepsis Triage,"{""CRP"": 1, ""Leucocytes"": 1}",{}
V0350,ER Registration>ER Triage>ER Sepsis Triage>Leucocytes>Admission NC>Release A>Return ER,7,1,0.0009523809523809,AO,11278072.0,11278072.0,11278072.0,11278072.0,Return ER,{},{}
V0351,ER Registration>CRP>Leucocytes>ER Triage>ER Sepsis Triage>IV Antibiotics>Admission NC>Release A,8,1,0.0009523809523809,CO,324918.0,324918.0,324918.0,324918.0,Release A,{},{}
V0352,ER Registration>ER Triage>IV Liquid>Leucocytes>CRP>LacticAcid>ER Sepsis Triage>IV Antibiotics>Admission NC>Leucocytes>CRP>Admission NC>CRP>Leucocytes>Release A>Return ER,16,1,0.0009523809523809,DO,2677274.0,2677274.0,2677274.0,2677274.0,Return ER,"{""Admission NC"": 1, ""CRP"": 1, ""Leucocytes"": 1}",{}
V0353,ER Registration>ER Triage>ER Sepsis Triage>LacticAcid>Leucocytes>CRP>IV Liquid>IV Antibiotics>Admission NC>Leucocytes>CRP>Leucocytes>CRP>Release A>Return ER,15,1,0.0009523809523809,EO,15921299.0,15921299.0,15921299.0,15921299.0,Return ER,"{""CRP"": 1, ""Leucocytes"": 1}",{}
V0354,ER Registration>Leucocytes>CRP>LacticAcid>ER Triage>ER Sepsis Triage>IV Antibiotics>IV Liquid>Admission NC>Admission IC>LacticAcid>CRP>Leucocytes>LacticAcid>CRP>Leucocytes>Leucocytes>CRP>LacticAcid>CRP>Leucocytes>LacticAcid>CRP>LacticAcid>Leucocytes>Admission NC>CRP>Release A,28,1,0.0009523809523809,FO,546888.0,546888.0,546888.0,546888.0,Release A,"{""Admission NC"": 1, ""CRP"": 1, ""LacticAcid"": 1, ""Leucocytes"": 1}",{}
V0355,ER Registration>ER Triage>ER Sepsis Triage>Leucocytes>CRP>LacticAcid>IV Liquid>IV Antibiotics>Admission NC>Admission IC>CRP>LacticAcid>Leucocytes>CRP>LacticAcid>Leucocytes>Admission NC>CRP>Leucocytes>Release A,20,1,0.0009523809523809,GO,508077.0,508077.0,508077.0,508077.0,Release A,"{""Admission NC"": 1, ""CRP"": 1, ""LacticAcid"": 1, ""Leucocytes"": 1}",{}
V0356,ER Registration>ER Triage>ER Sepsis Triage>Leucocytes>CRP>LacticAcid>IV Liquid>IV Antibiotics>Admission NC>CRP>Leucocytes>LacticAcid>CRP>Leucocytes>CRP>Leucocytes>Leucocytes>CRP>Leucocytes>CRP>Leucocytes>CRP>Leucocytes>CRP>Release A,25,1,0.0009523809523809,HO,1391624.0,1391624.0,1391624.0,1391624.0,Release A,"{""CRP"": 1, ""LacticAcid"": 1, ""Leucocytes"": 1}",{}
V0357,ER Registration>ER Triage>ER Sepsis Triage>IV Liquid>LacticAcid>Leucocytes>CRP>IV Antibiotics>Admission NC>Admission NC>CRP>Leucocytes>CRP>Leucocytes>CRP>Release A>Return ER,17,1,0.0009523809523809,IO,5181366.0,5181366.0,5181366.0,5181366.0,Return ER,"{""Admission NC"": 1, ""CRP"": 1, ""Leucocytes"": 1}",{}
V0358,ER Registration>ER Triage>ER Sepsis Triage>IV Liquid>Leucocytes>CRP>LacticAcid>IV Antibiotics>Admission NC>Admission NC>Release A>Return ER,12,1,0.0009523809523809,JO,1126542.0,1126542.0,1126542.0,1126542.0,Return ER,"{""Admission NC"": 1}",{}
V0359,ER Registration>ER Triage>ER Sepsis Triage>IV Liquid>Leucocytes>CRP>IV Antibiotics>Admission NC>CRP>Leucocytes>CRP>Leucocytes>Leucocytes>CRP>Release A>Return ER,16,1,0.0009523809523809,KO,9368415.0,9368415.0,9368415.0,9368415.0,Return ER,"{""CRP"": 1, ""Leucocytes"": 1}",{}
V0360,ER Registration>ER Triage>Leucocytes>CRP>LacticAcid>IV Liquid>Admission NC>ER Sepsis Triage>IV Antibiotics>Release A,10,1,0.0009523809523809,MO,494841.0,494841.0,494841.0,494841.0,Release A,{},{}
V0361,ER Registration>ER Triage>ER Sepsis Triage>IV Liquid>LacticAcid>CRP>Leucocytes>IV Antibiotics>Admission NC>Admission NC>Leucocytes>CRP>Release A,13,1,0.0009523809523809,NO,228648.0,228648.0,228648.0,228648.0,Release A,"{""Admission NC"": 1, ""CRP"": 1, ""Leucocytes"": 1}",{}
V0362,ER Registration>ER Triage>ER Sepsis Triage>Leucocytes>CRP>LacticAcid>IV Antibiotics>Admission NC>Leucocytes>CRP>Release A,11,1,0.0009523809523809,OO,401748.0,401748.0,401748.0,401748.0,Release A,"{""CRP"": 1, ""Leucocytes"": 1}",{}
V0363,ER Registration>ER Triage>ER Sepsis Triage>Leucocytes>LacticAcid>CRP>IV Antibiotics>Admission NC>Leucocytes>CRP>CRP>Leucocytes>Release A,13,1,0.0009523809523809,PO,327466.0,327466.0,327466.0,327466.0,Release A,"{""CRP"": 1, ""Leucocytes"": 1}",{}
V0364,ER Registration>ER Triage>ER Sepsis Triage>IV Liquid>Leucocytes>LacticAcid>CRP>IV Antibiotics>Admission NC>Leucocytes>CRP>Release A>Return ER,13,1,0.0009523809523809,QO,10288933.0,10288933.0,10288933.0,10288933.0,Return ER,"{""CRP"": 1, ""Leucocytes"": 1}",{}
V0365,ER Registration>ER Sepsis Triage>ER Triage>CRP>Leucocytes>IV Liquid>IV Antibiotics>LacticAcid>Admission IC>Leucocytes>CRP>Leucocytes>LacticAcid>Leucocytes>CRP>LacticAcid>Leucocytes,17,1,0.0009523809523809,RO,75200.0,75200.0,75200.0,75200.0,Leucocytes,"{""CRP"": 1, ""LacticAcid"": 1, ""Leucocytes"": 1}",{}
V0366,ER Registration>ER Triage>Leucocytes>CRP>LacticAcid>ER Sepsis Triage>IV Liquid>IV Antibiotics>Admission NC>Leucocytes>CRP>CRP>CRP>Leucocytes>Release A>Return ER,16,1,0.0009523809523809,SO,1425561.0,1425561.0,1425561.0,1425561.0,Return ER,"{""CRP"": 1, ""Leucocytes"": 1}",{}
V0367,ER Registration>ER Triage>ER Sepsis Triage>LacticAcid>Leucocytes>CRP>IV Liquid>IV Antibiotics>Admission IC>LacticAcid>LacticAcid>Leucocytes>LacticAcid>CRP>LacticAcid>Leucocytes>LacticAcid>LacticAcid>Leucocytes>CRP>LacticAcid>LacticAcid>CRP>LacticAcid>Leucocytes>Leucocytes>CRP>LacticAcid>Leucocytes>CRP>LacticAcid>Admission NC>Release A>Return ER,34,1,0.0009523809523809,TO,4171401.0,4171401.0,4171401.0,4171401.0,Return ER,"{""CRP"": 1, ""LacticAcid"": 1, ""Leucocytes"": 1}",{}
V0368,ER Registration>ER Triage>ER Sepsis Triage>LacticAcid>Leucocytes>CRP>Admission NC,7,1,0.0009523809523809,UO,7198.0,7198.0,7198.0,7198.0,Admission NC,{},{}
V0369,ER Registration>ER Triage>ER Sepsis Triage>IV Liquid>CRP>Leucocytes>LacticAcid>IV Antibiotics>Admission NC>CRP>Leucocytes>Leucocytes>Leucocytes>CRP>LacticAcid>LacticAcid>Leucocytes>CRP>CRP>Leucocytes>Release A>Return ER,22,1,0.0009523809523809,VO,1375729.0,1375729.0,1375729.0,1375729.0,Return ER,"{""CRP"": 1, ""LacticAcid"": 1, ""Leucocytes"": 1}",{}
V0370,IV Liquid>ER Registration>ER Triage>ER Sepsis Triage>Leucocytes>CRP>LacticAcid>IV Antibiotics>Admission NC>Leucocytes>CRP>LacticAcid>CRP>Leucocytes>CRP>Leucocytes>Release A>Return ER,18,1,0.0009523809523809,WO,8392679.0,8392679.0,8392679.0,8392679.0,Return ER,"{""CRP"": 1, ""LacticAcid"": 1, ""Leucocytes"": 1}",{}
V0371,ER Registration>ER Triage>ER Sepsis Triage>IV Antibiotics>LacticAcid>Leucocytes>CRP>Admission NC>Release B,9,1,0.0009523809523809,XO,134843.0,134843.0,134843.0,134843.0,Release B,{},{}
V0372,ER Registration>ER Triage>ER Sepsis Triage>Leucocytes>CRP>LacticAcid>IV Liquid>IV Antibiotics>Admission NC>Admission NC>CRP>Leucocytes>LacticAcid>Leucocytes>Leucocytes>CRP>CRP>Leucocytes>Leucocytes>CRP>Leucocytes>CRP>CRP>Leucocytes>Leucocytes>CRP>Release A,27,1,0.0009523809523809,YO,1227905.0,1227905.0,1227905.0,1227905.0,Release A,"{""Admission NC"": 1, ""CRP"": 1, ""LacticAcid"": 1, ""Leucocytes"": 1}",{}
V0373,ER Registration>ER Triage>ER Sepsis Triage>IV Liquid>IV Antibiotics>CRP>LacticAcid>Leucocytes>Admission NC>CRP>Leucocytes>Release A,12,1,0.0009523809523809,ZO,651532.0,651532.0,651532.0,651532.0,Release A,"{""CRP"": 1, ""Leucocytes"": 1}",{}
V0374,ER Registration>ER Triage>ER Sepsis Triage>IV Liquid>CRP>Leucocytes>LacticAcid>IV Antibiotics>Admission NC>CRP>Leucocytes,11,1,0.0009523809523809,AP,44639.0,44639.0,44639.0,44639.0,Leucocytes,"{""CRP"": 1, ""Leucocytes"": 1}",{}
V0375,ER Registration>ER Triage>ER Sepsis Triage>Admission NC>Admission IC>Leucocytes>CRP>LacticAcid>Leucocytes>LacticAcid>CRP>Leucocytes>CRP>LacticAcid>Admission NC>CRP>Leucocytes>Leucocytes>CRP>CRP>Leucocytes>Release A,22,1,0.0009523809523809,BP,1211969.0,1211969.0,1211969.0,1211969.0,Release A,"{""Admission NC"": 1, ""CRP"": 1, ""LacticAcid"": 1, ""Leucocytes"": 1}",{}
V0376,ER Registration>ER Triage>ER Sepsis Triage>IV Liquid>IV Antibiotics>Leucocytes>LacticAcid>CRP>Admission NC>Admission NC>Leucocytes>CRP>CRP>Leucocytes>Release C,15,1,0.0009523809523809,CP,1633994.0,1633994.0,1633994.0,1633994.0,Release C,"{""Admission NC"": 1, ""CRP"": 1, ""Leucocytes"": 1}",{}
V0377,ER Registration>ER Triage>Leucocytes>CRP>ER Sepsis Triage>IV Liquid>LacticAcid>IV Antibiotics>Admission NC>CRP>Leucocytes>CRP>Leucocytes>Release A,14,1,0.0009523809523809,DP,428573.0,428573.0,428573.0,428573.0,Release A,"{""CRP"": 1, ""Leucocytes"": 1}",{}
V0378,ER Registration>ER Triage>ER Sepsis Triage>IV Liquid>CRP>LacticAcid>Leucocytes>IV Antibiotics,8,1,0.0009523809523809,EP,12523.0,12523.0,12523.0,12523.0,IV Antibiotics,{},{}
V0379,ER Registration>ER Triage>ER Sepsis Triage>CRP>Leucocytes>IV Antibiotics,6,1,0.0009523809523809,FP,8493.0,8493.0,8493.0,8493.0,IV Antibiotics,{},{}
V0380,ER Registration>ER Triage>CRP>Leucocytes>LacticAcid>Admission NC>ER Sepsis Triage>IV Liquid>IV Antibiotics>Release A,10,1,0.0009523809523809,GP,342721.0,342721.0,342721.0,342721.0,Release A,{},{}
V0381,ER Registration>ER Triage>ER Sepsis Triage>LacticAcid>Leucocytes>CRP>Admission NC>Admission NC>CRP>Leucocytes>Release A,11,1,0.0009523809523809,HP,289520.0,289520.0,289520.0,289520.0,Release A,"{""Admission NC"": 1, ""CRP"": 1, ""Leucocytes"": 1}",{}
V0382,ER Registration>ER Triage>ER Sepsis Triage>CRP>Leucocytes>IV Liquid>IV Antibiotics>Admission NC>Leucocytes>CRP>Admission NC>CRP>Leucocytes>CRP>Release A>Return ER,16,1,0.0009523809523809,IP,1063159.0,1063159.0,1063159.0,1063159.0,Return ER,"{""Admission NC"": 1, ""CRP"": 1, ""Leucocytes"": 1}",{}
V0383,ER Registration>IV Liquid>ER Triage>LacticAcid>Leucocytes>CRP>ER Sepsis Triage>IV Antibiotics>Admission NC>Release A,10,1,0.0009523809523809,KP,254148.0,254148.0,254148.0,254148.0,Release A,{},{}
V0384,ER Registration>ER Sepsis Triage>ER Triage>IV Liquid>LacticAcid>CRP>Leucocytes>IV Antibiotics>Admission NC>CRP>LacticAcid>Leucocytes>CRP>Leucocytes>CRP>Leucocytes>Leucocytes>CRP>Release B,19,1,0.0009523809523809,LP,1067913.0,1067913.0,1067913.0,1067913.0,Release B,"{""CRP"": 1, ""LacticAcid"": 1, ""Leucocytes"": 1}",{}
V0385,ER Registration>ER Triage>ER Sepsis Triage>IV Liquid>CRP>Leucocytes>LacticAcid>IV Antibiotics>Admission NC>LacticAcid>CRP>Leucocytes>CRP>Leucocytes>LacticAcid>CRP>Leucocytes>LacticAcid>Leucocytes>CRP>Release A>Return ER,22,1,0.0009523809523809,MP,834056.0,834056.0,834056.0,834056.0,Return ER,"{""CRP"": 1, ""LacticAcid"": 1, ""Leucocytes"": 1}",{}
V0386,ER Registration>ER Triage>ER Sepsis Triage>Leucocytes>LacticAcid>CRP>IV Liquid>IV Antibiotics>Admission NC>Leucocytes>CRP>CRP>Leucocytes>CRP>Release A>Return ER,16,1,0.0009523809523809,NP,8011094.0,8011094.0,8011094.0,8011094.0,Return ER,"{""CRP"": 1, ""Leucocytes"": 1}",{}
V0387,ER Registration>ER Triage>ER Sepsis Triage>LacticAcid>Leucocytes>CRP>IV Liquid>IV Antibiotics>Admission NC>CRP>Leucocytes>Admission NC>Leucocytes>CRP>CRP>Leucocytes>Release A,17,1,0.0009523809523809,QP,1344563.0,1344563.0,1344563.0,1344563.0,Release A,"{""Admission NC"": 1, ""CRP"": 1, ""Leucocytes"": 1}",{}
V0388,ER Registration>ER Triage>Leucocytes>CRP>ER Sepsis Triage>Admission NC>Leucocytes>CRP>Leucocytes>Leucocytes>CRP>CRP>Leucocytes>Release A,14,1,0.0009523809523809,RP,316070.0,316070.0,316070.0,316070.0,Release A,"{""CRP"": 1, ""Leucocytes"": 1}",{}
V0389,ER Registration>ER Triage>ER Sepsis Triage>LacticAcid>CRP>Leucocytes>IV Liquid>IV Antibiotics>Admission NC>Admission NC>Release A,11,1,0.0009523809523809,UP,205114.0,205114.0,205114.0,205114.0,Release A,"{""Admission NC"": 1}",{}
V0390,ER Registration>ER Triage>LacticAcid>CRP>Leucocytes>ER Sepsis Triage>IV Liquid>IV Antibiotics>Admission NC>Admission NC>CRP>Leucocytes>Leucocytes>CRP>Release B,15,1,0.0009523809523809,VP,256927.0,256927.0,256927.0,256927.0,Release B,"{""Admission NC"": 1, ""CRP"": 1, ""Leucocytes"": 1}",{}
V0391,ER Registration>ER Triage>ER Sepsis Triage>Leucocytes>CRP>LacticAcid>IV Liquid>IV Antibiotics>Admission IC>Leucocytes>CRP>LacticAcid>Admission NC>Leucocytes>CRP>Release A,16,1,0.0009523809523809,WP,347557.0,347557.0,347557.0,347557.0,Release A,"{""CRP"": 1, ""LacticAcid"": 1, ""Leucocytes"": 1}",{}
V0392,ER Registration>ER Triage>ER Sepsis Triage>LacticAcid>Leucocytes>CRP>IV Liquid>IV Antibiotics>Admission NC>Leucocytes>Admission NC>Leucocytes>Release A,13,1,0.0009523809523809,XP,235552.0,235552.0,235552.0,235552.0,Release A,"{""Admission NC"": 1, ""Leucocytes"": 1}",{}
V0393,ER Registration>ER Triage>ER Sepsis Triage>CRP>Leucocytes>LacticAcid>IV Liquid>IV Antibiotics>Admission NC>CRP>Leucocytes>Leucocytes>CRP>Admission NC>Admission NC>Leucocytes>CRP>Leucocytes>CRP>Leucocytes>Leucocytes>CRP>CRP>Leucocytes>Leucocytes>CRP>Leucocytes>Leucocytes>CRP>Release B,30,1,0.0009523809523809,YP,1264305.0,1264305.0,1264305.0,1264305.0,Release B,"{""Admission NC"": 1, ""CRP"": 1, ""Leucocytes"": 1}",{}
V0394,ER Registration>IV Liquid>ER Sepsis Triage>IV Antibiotics>ER Triage>LacticAcid>Leucocytes>CRP>Admission NC>Leucocytes>CRP>Release A,12,1,0.0009523809523809,ZP,254587.0,254587.0,254587.0,254587.0,Release A,"{""CRP"": 1, ""Leucocytes"": 1}",{}
V0395,ER Registration>ER Triage>ER Sepsis Triage>Leucocytes>CRP>LacticAcid>IV Liquid>IV Antibiotics>Admission NC>CRP>Leucocytes>CRP>Leucocytes>Release A,14,1,0.0009523809523809,AQ,585378.0,585378.0,585378.0,585378.0,Release A,"{""CRP"": 1, ""Leucocytes"": 1}",{}
V0396,ER Registration>ER Triage>ER Sepsis Triage>CRP>Leucocytes>LacticAcid>IV Liquid>IV Antibiotics>Admission NC>CRP>Leucocytes>Release A,12,1,0.0009523809523809,BQ,499849.0,499849.0,499849.0,499849.0,Release A,"{""CRP"": 1, ""Leucocytes"": 1}",{}
V0397,ER Registration>ER Sepsis Triage>IV Antibiotics>ER Triage>CRP>Leucocytes>LacticAcid>IV Liquid>Admission NC>CRP>Leucocytes>Admission NC>Release A,13,1,0.0009523809523809,CQ,305163.0,305163.0,305163.0,305163.0,Release A,"{""Admission NC"": 1, ""CRP"": 1, ""Leucocytes"": 1}",{}
V0398,ER Registration>ER Triage>ER Sepsis Triage>Leucocytes>CRP>LacticAcid>IV Liquid>IV Antibiotics>Admission NC>Admission NC>CRP>Leucocytes>Leucocytes>CRP>Leucocytes>Leucocytes>CRP>CRP>Leucocytes>CRP>Leucocytes>Leucocytes>Leucocytes>CRP>Leucocytes>CRP>CRP>Leucocytes>Release A>Return ER,30,1,0.0009523809523809,EQ,1961853.0,1961853.0,1961853.0,1961853.0,Return ER,"{""Admission NC"": 1, ""CRP"": 1, ""Leucocytes"": 1}",{}
V0399,ER Registration>ER Triage>CRP>Leucocytes>LacticAcid>ER Sepsis Triage>Admission NC>Release B,8,1,0.0009523809523809,FQ,11666.0,11666.0,11666.0,11666.0,Release B,{},{}
V0400,ER Registration>ER Triage>ER Sepsis Triage>Leucocytes>LacticAcid>CRP>IV Antibiotics>Admission NC>CRP>Release A,10,1,0.0009523809523809,GQ,347847.0,347847.0,347847.0,347847.0,Release A,"{""CRP"": 1}",{}
V0401,ER Registration>ER Triage>CRP>Leucocytes>LacticAcid>ER Sepsis Triage>IV Liquid>IV Antibiotics>Admission NC>Leucocytes>Leucocytes>Leucocytes>CRP>CRP>Leucocytes>Leucocytes>CRP>Release B,18,1,0.0009523809523809,JQ,375487.0,375487.0,375487.0,375487.0,Release B,"{""CRP"": 1, ""Leucocytes"": 1}",{}
V0402,ER Registration>ER Triage>CRP>Leucocytes>ER Sepsis Triage>Admission NC>CRP>Leucocytes>CRP>Release A>Return ER,11,1,0.0009523809523809,KQ,13906763.0,13906763.0,13906763.0,13906763.0,Return ER,"{""CRP"": 1, ""Leucocytes"": 1}",{}
V0403,ER Registration>ER Triage>ER Sepsis Triage>LacticAcid>Leucocytes>CRP>IV Liquid>IV Antibiotics>Admission NC>LacticAcid>CRP>Leucocytes>Admission NC>CRP>LacticAcid>Leucocytes>Leucocytes>CRP>CRP>Release A>Return ER,21,1,0.0009523809523809,LQ,821178.0,821178.0,821178.0,821178.0,Return ER,"{""Admission NC"": 1, ""CRP"": 1, ""LacticAcid"": 1, ""Leucocytes"": 1}",{}
V0404,ER Registration>ER Triage>ER Sepsis Triage>LacticAcid>CRP>Leucocytes>IV Antibiotics>Admission NC>CRP>Leucocytes>Admission NC>CRP>CRP>Leucocytes>Release A>Return ER,16,1,0.0009523809523809,MQ,19104432.0,19104432.0,19104432.0,19104432.0,Return ER,"{""Admission NC"": 1, ""CRP"": 1, ""Leucocytes"": 1}",{}
V0405,ER Registration>ER Triage>ER Sepsis Triage>IV Antibiotics>Leucocytes>LacticAcid>CRP>Admission NC>CRP>CRP>Leucocytes>Release A,12,1,0.0009523809523809,OQ,179932.0,179932.0,179932.0,179932.0,Release A,"{""CRP"": 1, ""Leucocytes"": 1}",{}
V0406,ER Registration>ER Triage>ER Sepsis Triage>LacticAcid>Leucocytes>CRP>IV Antibiotics>Admission NC>CRP>Release A,10,1,0.0009523809523809,QQ,319889.0,319889.0,319889.0,319889.0,Release A,"{""CRP"": 1}",{}
V0407,ER Registration>ER Triage>ER Sepsis Triage>Leucocytes>CRP>Admission IC>Leucocytes>Leucocytes>Leucocytes>CRP>CRP>Release B,12,1,0.0009523809523809,SQ,133190.0,133190.0,133190.0,133190.0,Release B,"{""CRP"": 1, ""Leucocytes"": 1}",{}
V0408,ER Registration>ER Triage>ER Sepsis Triage>IV Liquid>LacticAcid>Leucocytes>CRP>IV Antibiotics>Admission NC>Leucocytes>CRP>Leucocytes>CRP>Release A>Return ER,15,1,0.0009523809523809,TQ,2228421.0,2228421.0,2228421.0,2228421.0,Return ER,"{""CRP"": 1, ""Leucocytes"": 1}",{}
V0409,ER Registration>ER Triage>ER Sepsis Triage>LacticAcid>Leucocytes>CRP>Admission NC>Admission NC>CRP>Leucocytes>Release A>Return ER,12,1,0.0009523809523809,UQ,10173396.0,10173396.0,10173396.0,10173396.0,Return ER,"{""Admission NC"": 1, ""CRP"": 1, ""Leucocytes"": 1}",{}
V0410,ER Registration>ER Triage>ER Sepsis Triage>CRP>Leucocytes>LacticAcid>IV Liquid>IV Antibiotics>Admission NC>CRP>Leucocytes>Release D,12,1,0.0009523809523809,VQ,508146.0,508146.0,508146.0,508146.0,Release D,"{""CRP"": 1, ""Leucocytes"": 1}",{}
V0411,ER Registration>ER Triage>ER Sepsis Triage>Leucocytes>LacticAcid>CRP>IV Liquid>IV Antibiotics>Admission NC>Leucocytes>CRP>CRP>CRP>Leucocytes>Leucocytes>CRP>Release A>Return ER>CRP>LacticAcid>Leucocytes,21,1,0.0009523809523809,ZQ,818707.0,818707.0,818707.0,818707.0,Leucocytes,"{""CRP"": 1, ""LacticAcid"": 1, ""Leucocytes"": 1}",{}
V0412,ER Registration>ER Triage>ER Sepsis Triage>Leucocytes>LacticAcid>CRP>IV Liquid>IV Antibiotics>Admission NC>CRP>Leucocytes>CRP>Leucocytes>CRP>Leucocytes>Leucocytes>CRP>Leucocytes>CRP>Leucocytes>CRP>Release A>Return ER,23,1,0.0009523809523809,AR,3639669.0,3639669.0,3639669.0,3639669.0,Return ER,"{""CRP"": 1, ""Leucocytes"": 1}",{}
V0413,ER Registration>ER Triage>ER Sepsis Triage>IV Liquid>IV Antibiotics>CRP>Leucocytes>LacticAcid>Admission NC>Release A>Return ER,11,1,0.0009523809523809,BR,17458744.0,17458744.0,17458744.0,17458744.0,Return ER,{},{}
V0414,ER Registration>ER Triage>ER Sepsis Triage>LacticAcid>CRP>Leucocytes>IV Liquid>IV Antibiotics>Admission NC>Leucocytes>CRP>CRP>Leucocytes>Leucocytes>CRP>Release A>Return ER,17,1,0.0009523809523809,CR,3352742.0,3352742.0,3352742.0,3352742.0,Return ER,"{""CRP"": 1, ""Leucocytes"": 1}",{}
V0415,ER Registration>ER Triage>ER Sepsis Triage>CRP>LacticAcid>Leucocytes>IV Liquid>IV Antibiotics>Admission NC,9,1,0.0009523809523809,FR,12437.0,12437.0,12437.0,12437.0,Admission NC,{},{}
V0416,ER Registration>ER Triage>ER Sepsis Triage>LacticAcid>CRP>Leucocytes>IV Antibiotics>IV Liquid>Admission NC>Release A,10,1,0.0009523809523809,HR,141873.0,141873.0,141873.0,141873.0,Release A,{},{}
V0417,ER Registration>ER Triage>ER Sepsis Triage>CRP>Leucocytes>LacticAcid>IV Liquid>IV Antibiotics>ER Triage,9,1,0.0009523809523809,IR,2876.0,2876.0,2876.0,2876.0,ER Triage,"{""ER Triage"": 1}",{}
V0418,ER Registration>ER Triage>ER Sepsis Triage>LacticAcid>Leucocytes>CRP>IV Liquid>IV Antibiotics>Admission NC>CRP>CRP>Leucocytes>CRP>Leucocytes>Release A>Return ER,16,1,0.0009523809523809,JR,4767232.0,4767232.0,4767232.0,4767232.0,Return ER,"{""CRP"": 1, ""Leucocytes"": 1}",{}
V0419,ER Registration>ER Triage>ER Sepsis Triage>Leucocytes>CRP>LacticAcid>IV Antibiotics>IV Liquid>Admission NC>CRP>Leucocytes>Release A,12,1,0.0009523809523809,LR,512537.0,512537.0,512537.0,512537.0,Release A,"{""CRP"": 1, ""Leucocytes"": 1}",{}
V0420,ER Registration>ER Triage>ER Sepsis Triage>Leucocytes>LacticAcid>CRP>IV Antibiotics>IV Liquid>Admission NC>Admission NC>Admission NC>Release A,12,1,0.0009523809523809,MR,316486.0,316486.0,316486.0,316486.0,Release A,"{""Admission NC"": 1}",{}
V0421,ER Registration>ER Triage>ER Sepsis Triage>IV Liquid>IV Antibiotics>Leucocytes>CRP>LacticAcid>Admission NC>CRP>Leucocytes>CRP>Leucocytes>Admission NC>CRP>Leucocytes>CRP>Leucocytes>Release B,19,1,0.0009523809523809,NR,554053.0,554053.0,554053.0,554053.0,Release B,"{""Admission NC"": 1, ""CRP"": 1, ""Leucocytes"": 1}",{}
V0422,ER Registration>ER Triage>ER Sepsis Triage>CRP>Leucocytes>LacticAcid>IV Liquid>IV Antibiotics>Admission IC>CRP>LacticAcid>Leucocytes>LacticAcid>LacticAcid>CRP>Leucocytes>Admission NC>CRP>Leucocytes>CRP>Release A>Return ER,22,1,0.0009523809523809,OR,18495142.0,18495142.0,18495142.0,18495142.0,Return ER,"{""CRP"": 1, ""LacticAcid"": 1, ""Leucocytes"": 1}",{}
V0423,ER Registration>ER Triage>Leucocytes>CRP>Admission NC>ER Sepsis Triage>Admission NC>Leucocytes>CRP>Leucocytes>CRP>Leucocytes>CRP>Release C,14,1,0.0009523809523809,PR,2280465.0,2280465.0,2280465.0,2280465.0,Release C,"{""Admission NC"": 1, ""CRP"": 1, ""Leucocytes"": 1}",{}
V0424,IV Liquid>ER Registration>ER Triage>ER Sepsis Triage>Leucocytes>CRP>LacticAcid>IV Antibiotics>Admission NC>Release A>Return ER,11,1,0.0009523809523809,RR,1059845.0,1059845.0,1059845.0,1059845.0,Return ER,{},{}
V0425,ER Registration>ER Triage>ER Sepsis Triage>IV Liquid>CRP>LacticAcid>Leucocytes>IV Antibiotics>Admission NC>CRP>Leucocytes>CRP>Release A,13,1,0.0009523809523809,SR,469797.0,469797.0,469797.0,469797.0,Release A,"{""CRP"": 1, ""Leucocytes"": 1}",{}
V0426,ER Registration>ER Triage>ER Sepsis Triage>Leucocytes>CRP>LacticAcid>IV Liquid>IV Antibiotics>Admission NC>CRP>Leucocytes>Admission NC>Leucocytes>CRP>Release C,15,1,0.0009523809523809,UR,666278.0,666278.0,666278.0,666278.0,Release C,"{""Admission NC"": 1, ""CRP"": 1, ""Leucocytes"": 1}",{}
V0427,ER Triage>ER Registration>ER Sepsis Triage>IV Liquid>IV Antibiotics>Leucocytes>CRP>LacticAcid>Admission NC>Admission NC>CRP>Leucocytes>CRP>Leucocytes>Release C>Return ER,16,1,0.0009523809523809,VR,9508427.0,9508427.0,9508427.0,9508427.0,Return ER,"{""Admission NC"": 1, ""CRP"": 1, ""Leucocytes"": 1}",{}
V0428,CRP>LacticAcid>Leucocytes>ER Registration>ER Triage>ER Sepsis Triage>IV Liquid>IV Antibiotics>Admission NC>Leucocytes>CRP>CRP>Leucocytes>CRP>Leucocytes>Leucocytes>CRP>Release C,18,1,0.0009523809523809,WR,668040.0,668040.0,668040.0,668040.0,Release C,"{""CRP"": 1, ""Leucocytes"": 1}",{}
V0429,ER Registration>CRP>Leucocytes>ER Triage>ER Sepsis Triage>IV Antibiotics,6,1,0.0009523809523809,XR,8131.0,8131.0,8131.0,8131.0,IV Antibiotics,{},{}
V0430,ER Registration>ER Triage>ER Sepsis Triage>IV Liquid>IV Antibiotics>LacticAcid>Leucocytes>CRP>Admission NC>LacticAcid>Leucocytes>CRP>CRP>Leucocytes>Leucocytes>CRP>Release A,17,1,0.0009523809523809,YR,610750.0,610750.0,610750.0,610750.0,Release A,"{""CRP"": 1, ""LacticAcid"": 1, ""Leucocytes"": 1}",{}
V0431,ER Registration>ER Triage>ER Sepsis Triage>Leucocytes>CRP>LacticAcid>IV Liquid>IV Antibiotics>Admission NC>Leucocytes>CRP>CRP>Release A,13,1,0.0009523809523809,ZR,359306.0,359306.0,359306.0,359306.0,Release A,"{""CRP"": 1, ""Leucocytes"": 1}",{}
V0432,ER Registration>ER Triage>ER Sepsis Triage>CRP>LacticAcid>Leucocytes>IV Liquid>IV Antibiotics>Leucocytes>CRP>LacticAcid>Admission IC>Leucocytes>LacticAcid>Leucocytes>LacticAcid>Leucocytes>CRP>LacticAcid>CRP>Leucocytes>Release B,22,1,0.0009523809523809,AS,89017.0,89017.0,89017.0,89017.0,Release B,"{""CRP"": 1, ""LacticAcid"": 1, ""Leucocytes"": 1}",{}
V0433,ER Registration>ER Triage>ER Sepsis Triage>IV Liquid>CRP>LacticAcid>Leucocytes>IV Antibiotics>Admission NC>CRP>CRP>CRP>Release C,13,1,0.0009523809523809,BS,1118539.0,1118539.0,1118539.0,1118539.0,Release C,"{""CRP"": 1}",{}
V0434,IV Liquid>ER Registration>ER Triage>ER Sepsis Triage>IV Antibiotics>CRP>Leucocytes>LacticAcid>Admission NC>Admission NC>Leucocytes>CRP>Leucocytes>CRP>Release A,15,1,0.0009523809523809,DS,740209.0,740209.0,740209.0,740209.0,Release A,"{""Admission NC"": 1, ""CRP"": 1, ""Leucocytes"": 1}",{}
V0435,ER Registration>ER Triage>ER Sepsis Triage>CRP>LacticAcid>Leucocytes>IV Liquid>IV Antibiotics>Admission NC>Admission NC>Admission NC>Leucocytes>Leucocytes>CRP>Leucocytes>CRP>Admission IC>Leucocytes>CRP>LacticAcid>Leucocytes>Leucocytes>Leucocytes>Leucocytes>Leucocytes>Leucocytes>Leucocytes>CRP>LacticAcid>Leucocytes>Leucocytes>Leucocytes>Leucocytes>Leucocytes>Leucocytes>Leucocytes>Leucocytes>LacticAcid>CRP>LacticAcid>Leucocytes>CRP>Admission NC>Leucocytes>Leucocytes>Leucocytes>Release A>Return ER,48,1,0.0009523809523809,ES,2671874.0,2671874.0,2671874.0,2671874.0,Return ER,"{""Admission NC"": 1, ""CRP"": 1, ""LacticAcid"": 1, ""Leucocytes"": 1}",{}
V0436,ER Registration>ER Triage>ER Sepsis Triage>Leucocytes>CRP>Admission NC>CRP>Leucocytes>Admission NC>CRP>Leucocytes>Leucocytes>CRP>CRP>Leucocytes>Release B,16,1,0.0009523809523809,GS,1196126.0,1196126.0,1196126.0,1196126.0,Release B,"{""Admission NC"": 1, ""CRP"": 1, ""Leucocytes"": 1}",{}
V0437,ER Registration>ER Triage>ER Sepsis Triage>LacticAcid>CRP>Leucocytes>IV Liquid>IV Antibiotics>CRP>LacticAcid>Leucocytes>Admission IC>LacticAcid>Leucocytes>CRP>Leucocytes>CRP>LacticAcid>Leucocytes>CRP>LacticAcid>LacticAcid>Leucocytes>CRP>CRP>LacticAcid>Leucocytes>Leucocytes>CRP>LacticAcid>Leucocytes>CRP>LacticAcid>Admission NC>Leucocytes>Leucocytes>CRP>Leucocytes>Leucocytes>CRP>Leucocytes>Leucocytes>CRP>Release D>Return ER,45,1,0.0009523809523809,HS,1568477.0,1568477.0,1568477.0,1568477.0,Return ER,"{""CRP"": 1, ""LacticAcid"": 1, ""Leucocytes"": 1}",{}
V0438,ER Registration>ER Triage>ER Sepsis Triage>CRP>Leucocytes>LacticAcid>IV Liquid>IV Antibiotics>Admission NC>CRP>CRP>Leucocytes>CRP>Leucocytes>Leucocytes>CRP>Leucocytes>CRP>CRP>Leucocytes>CRP>Leucocytes>Release A,23,1,0.0009523809523809,IS,1123318.0,1123318.0,1123318.0,1123318.0,Release A,"{""CRP"": 1, ""Leucocytes"": 1}",{}
V0439,ER Registration>ER Triage>Leucocytes>CRP>ER Sepsis Triage>IV Liquid>IV Antibiotics>Admission NC>Leucocytes>CRP>Leucocytes>CRP>CRP>Leucocytes>CRP>CRP>Leucocytes>CRP>Leucocytes>CRP>Leucocytes>CRP>Leucocytes>Leucocytes>CRP>CRP>Leucocytes>Leucocytes>CRP>CRP>CRP>CRP>Leucocytes>CRP>Leucocytes>CRP>CRP>Leucocytes>Release A,39,1,0.0009523809523809,JS,3087168.0,3087168.0,3087168.0,3087168.0,Release A,"{""CRP"": 1, ""Leucocytes"": 1}",{}
V0440,ER Registration>ER Triage>ER Sepsis Triage>IV Liquid>LacticAcid>Leucocytes>CRP>IV Antibiotics>Admission NC>Admission NC>LacticAcid>Leucocytes>CRP>Leucocytes>CRP>Leucocytes>CRP>CRP>Leucocytes>CRP>Release A>Return ER,22,1,0.0009523809523809,KS,4374950.0,4374950.0,4374950.0,4374950.0,Return ER,"{""Admission NC"": 1, ""CRP"": 1, ""LacticAcid"": 1, ""Leucocytes"": 1}",{}
V0441,ER Registration>ER Triage>ER Sepsis Triage>CRP>LacticAcid>Leucocytes>IV Liquid>IV Antibiotics>Admission NC>Leucocytes>CRP>Leucocytes>Leucocytes>Release A>Return ER,15,1,0.0009523809523809,LS,34298070.0,34298070.0,34298070.0,34298070.0,Return ER,"{""CRP"": 1, ""Leucocytes"": 1}",{}
V0442,IV Liquid>ER Registration>ER Triage>ER Sepsis Triage>IV Antibiotics>LacticAcid>Leucocytes>CRP>Admission NC>Admission NC>CRP>Leucocytes>Leucocytes>Release A>Return ER,15,1,0.0009523809523809,MS,8027681.0,8027681.0,8027681.0,8027681.0,Return ER,"{""Admission NC"": 1, ""CRP"": 1, ""Leucocytes"": 1}",{}
V0443,ER Registration>ER Triage>ER Sepsis Triage>CRP>Leucocytes>LacticAcid>IV Liquid>IV Antibiotics>Admission NC>Leucocytes>CRP>Release A>Return ER,13,1,0.0009523809523809,SS,3965243.0,3965243.0,3965243.0,3965243.0,Return ER,"{""CRP"": 1, ""Leucocytes"": 1}",{}
V0444,ER Registration>ER Triage>ER Sepsis Triage>Leucocytes>LacticAcid>CRP>IV Liquid>IV Antibiotics>Admission NC>CRP>Leucocytes>Leucocytes>CRP>Leucocytes>CRP>CRP>Leucocytes>CRP>Leucocytes>Release C,20,1,0.0009523809523809,TS,729025.0,729025.0,729025.0,729025.0,Release C,"{""CRP"": 1, ""Leucocytes"": 1}",{}
V0445,ER Registration>ER Triage>ER Sepsis Triage>Leucocytes>LacticAcid>CRP>IV Liquid>IV Antibiotics>Admission NC>Leucocytes>CRP>Admission NC>CRP>Leucocytes>Release A,15,1,0.0009523809523809,US,415191.0,415191.0,415191.0,415191.0,Release A,"{""Admission NC"": 1, ""CRP"": 1, ""Leucocytes"": 1}",{}
V0446,ER Registration>ER Triage>ER Sepsis Triage>IV Liquid>IV Antibiotics>Leucocytes>CRP>LacticAcid>Admission NC>Admission NC>CRP>Leucocytes>CRP>Leucocytes>Leucocytes>Release A,16,1,0.0009523809523809,VS,449081.0,449081.0,449081.0,449081.0,Release A,"{""Admission NC"": 1, ""CRP"": 1, ""Leucocytes"": 1}",{}
V0447,ER Registration>ER Triage>ER Sepsis Triage>IV Liquid>LacticAcid>Leucocytes>CRP>IV Antibiotics>Admission NC>Leucocytes>CRP>Leucocytes>CRP>CRP>Leucocytes>Leucocytes>CRP>Leucocytes>CRP>Release C>Return ER,21,1,0.0009523809523809,XS,11930260.0,11930260.0,11930260.0,11930260.0,Return ER,"{""CRP"": 1, ""Leucocytes"": 1}",{}
V0448,ER Registration>ER Triage>ER Sepsis Triage>CRP>Leucocytes>LacticAcid>IV Liquid>IV Antibiotics>Admission IC>LacticAcid>LacticAcid>CRP>Leucocytes>Admission NC>Leucocytes>CRP>Leucocytes>CRP>Leucocytes>CRP>Leucocytes>Release A>Return ER,23,1,0.0009523809523809,YS,9985319.0,9985319.0,9985319.0,9985319.0,Return ER,"{""CRP"": 1, ""LacticAcid"": 1, ""Leucocytes"": 1}",{}
V0449,ER Registration>ER Triage>ER Sepsis Triage>Leucocytes>CRP>LacticAcid>IV Liquid>LacticAcid>Leucocytes>CRP>IV Antibiotics>Admission NC>Release A>Return ER,14,1,0.0009523809523809,ZS,34467003.0,34467003.0,34467003.0,34467003.0,Return ER,"{""CRP"": 1, ""LacticAcid"": 1, ""Leucocytes"": 1}",{}
V0450,ER Registration>ER Triage>ER Sepsis Triage>LacticAcid>CRP>Leucocytes>IV Antibiotics>Admission NC>IV Liquid>CRP>Leucocytes>Release A,12,1,0.0009523809523809,CT,490395.0,490395.0,490395.0,490395.0,Release A,"{""CRP"": 1, ""Leucocytes"": 1}",{}
V0451,ER Registration>ER Triage>ER Sepsis Triage>Leucocytes>CRP>LacticAcid>Admission NC>Admission NC>Release A,9,1,0.0009523809523809,DT,532476.0,532476.0,532476.0,532476.0,Release A,"{""Admission NC"": 1}",{}
V0452,ER Registration>ER Triage>ER Sepsis Triage>LacticAcid>Leucocytes>CRP>IV Antibiotics>Admission IC>LacticAcid>Leucocytes>CRP>Leucocytes>CRP>LacticAcid>Leucocytes>CRP>LacticAcid>CRP>Leucocytes>LacticAcid>CRP>Leucocytes>LacticAcid>LacticAcid>Leucocytes>CRP>Leucocytes>CRP>LacticAcid>Admission NC>CRP>Leucocytes>CRP>Leucocytes>Leucocytes>Admission NC>Release A,37,1,0.0009523809523809,FT,1556321.0,1556321.0,1556321.0,1556321.0,Release A,"{""Admission NC"": 1, ""CRP"": 1, ""LacticAcid"": 1, ""Leucocytes"": 1}",{}
V0453,ER Registration>ER Triage>ER Sepsis Triage>LacticAcid>CRP>Leucocytes>Admission NC>Leucocytes>CRP>Admission NC>Leucocytes>CRP>Leucocytes>CRP>Leucocytes>CRP>Leucocytes>CRP>Leucocytes>CRP>Release A>Return ER,22,1,0.0009523809523809,GT,1994883.0,1994883.0,1994883.0,1994883.0,Return ER,"{""Admission NC"": 1, ""CRP"": 1, ""Leucocytes"": 1}",{}
V0454,ER Registration>ER Triage>ER Sepsis Triage>LacticAcid>CRP>Leucocytes>IV Liquid>IV Antibiotics>Admission NC>Admission NC>CRP>Leucocytes>CRP>Leucocytes>Release A>Return ER,16,1,0.0009523809523809,IT,8741652.0,8741652.0,8741652.0,8741652.0,Return ER,"{""Admission NC"": 1, ""CRP"": 1, ""Leucocytes"": 1}",{}
V0455,ER Registration>ER Triage>ER Sepsis Triage>CRP>Leucocytes>LacticAcid>IV Antibiotics>Admission NC>Admission NC>Leucocytes>CRP>Leucocytes>CRP>Release A,14,1,0.0009523809523809,JT,1028974.0,1028974.0,1028974.0,1028974.0,Release A,"{""Admission NC"": 1, ""CRP"": 1, ""Leucocytes"": 1}",{}
V0456,ER Registration>ER Triage>ER Sepsis Triage>IV Liquid>LacticAcid>Leucocytes>CRP>IV Antibiotics>Admission NC>Admission NC>Leucocytes>CRP>Release A,13,1,0.0009523809523809,KT,311707.0,311707.0,311707.0,311707.0,Release A,"{""Admission NC"": 1, ""CRP"": 1, ""Leucocytes"": 1}",{}
V0457,ER Registration>Leucocytes>CRP>LacticAcid>ER Triage>ER Sepsis Triage>IV Antibiotics>Admission NC>Admission NC>Leucocytes>CRP>Admission NC>Admission IC>LacticAcid>CRP>Leucocytes>LacticAcid>CRP>Leucocytes>Leucocytes>LacticAcid>CRP>Admission NC>Leucocytes>CRP>CRP>Leucocytes>CRP>Release A,29,1,0.0009523809523809,LT,1281559.0,1281559.0,1281559.0,1281559.0,Release A,"{""Admission NC"": 1, ""CRP"": 1, ""LacticAcid"": 1, ""Leucocytes"": 1}",{}
V0458,ER Registration>ER Triage>IV Liquid>Leucocytes>CRP>LacticAcid>ER Sepsis Triage>IV Antibiotics>Admission NC>CRP>Release A>Return ER,12,1,0.0009523809523809,MT,7178232.0,7178232.0,7178232.0,7178232.0,Return ER,"{""CRP"": 1}",{}
V0459,ER Registration>ER Triage>ER Sepsis Triage>IV Liquid>IV Antibiotics>Leucocytes>LacticAcid>CRP>Admission NC>Admission NC>Leucocytes>CRP>CRP>Leucocytes>CRP>Leucocytes>Release A,17,1,0.0009523809523809,NT,628926.0,628926.0,628926.0,628926.0,Release A,"{""Admission NC"": 1, ""CRP"": 1, ""Leucocytes"": 1}",{}
V0460,ER Registration>ER Triage>ER Sepsis Triage>LacticAcid>Leucocytes>CRP>IV Liquid>IV Antibiotics>Admission NC>Admission NC>Leucocytes>CRP>Leucocytes>CRP>Release A>Return ER,16,1,0.0009523809523809,OT,956252.0,956252.0,956252.0,956252.0,Return ER,"{""Admission NC"": 1, ""CRP"": 1, ""Leucocytes"": 1}",{}
V0461,ER Registration>ER Triage>CRP>LacticAcid>Leucocytes>ER Sepsis Triage>IV Liquid>IV Antibiotics>Admission NC>CRP>Leucocytes>Admission NC>Release A,13,1,0.0009523809523809,PT,371902.0,371902.0,371902.0,371902.0,Release A,"{""Admission NC"": 1, ""CRP"": 1, ""Leucocytes"": 1}",{}
V0462,ER Registration>ER Triage>ER Sepsis Triage>Leucocytes>CRP>LacticAcid>IV Liquid>IV Antibiotics>Admission NC>Leucocytes>CRP,11,1,0.0009523809523809,QT,43353.0,43353.0,43353.0,43353.0,CRP,"{""CRP"": 1, ""Leucocytes"": 1}",{}
V0463,ER Registration>ER Triage>ER Sepsis Triage>IV Liquid>Leucocytes>LacticAcid>CRP>IV Antibiotics>Admission NC>Release A>Return ER,11,1,0.0009523809523809,RT,8550431.0,8550431.0,8550431.0,8550431.0,Return ER,{},{}
V0464,ER Registration>ER Triage>ER Sepsis Triage>IV Liquid>LacticAcid>CRP>Leucocytes>IV Antibiotics>Admission NC>CRP>LacticAcid>Leucocytes>Admission NC>Leucocytes>CRP>Release A>Return ER,17,1,0.0009523809523809,ST,9958980.0,9958980.0,9958980.0,9958980.0,Return ER,"{""Admission NC"": 1, ""CRP"": 1, ""LacticAcid"": 1, ""Leucocytes"": 1}",{}
V0465,ER Registration>Leucocytes>CRP>LacticAcid>ER Triage>ER Sepsis Triage>IV Antibiotics>IV Liquid>Admission NC>Leucocytes>CRP>Release A,12,1,0.0009523809523809,UT,285927.0,285927.0,285927.0,285927.0,Release A,"{""CRP"": 1, ""Leucocytes"": 1}",{}
V0466,ER Registration>ER Triage>ER Sepsis Triage>Leucocytes>CRP>LacticAcid>IV Liquid>IV Antibiotics>Admission NC>Leucocytes>CRP>Admission NC>Leucocytes>CRP>Admission NC>Release A,16,1,0.0009523809523809,VT,1352707.0,1352707.0,1352707.0,1352707.0,Release A,"{""Admission NC"": 1, ""CRP"": 1, ""Leucocytes"": 1}",{}
V0467,ER Registration>ER Triage>CRP>LacticAcid>Leucocytes>ER Sepsis Triage>IV Liquid>IV Antibiotics>Admission NC>Leucocytes>CRP>Leucocytes>Leucocytes>CRP>Leucocytes>Admission NC>Release A>Return ER,18,1,0.0009523809523809,WT,1339892.0,1339892.0,1339892.0,1339892.0,Return ER,"{""Admission NC"": 1, ""CRP"": 1, ""Leucocytes"": 1}",{}
V0468,ER Registration>ER Triage>CRP>Leucocytes>LacticAcid>ER Sepsis Triage>IV Liquid>IV Antibiotics>Admission NC>Leucocytes>CRP>Leucocytes>CRP>Leucocytes>CRP>Leucocytes>Release A>Return ER,18,1,0.0009523809523809,XT,861795.0,861795.0,861795.0,861795.0,Return ER,"{""CRP"": 1, ""Leucocytes"": 1}",{}
V0469,ER Registration>ER Triage>LacticAcid>CRP>Leucocytes>IV Liquid>ER Sepsis Triage>IV Antibiotics>Admission NC>Admission NC>CRP>Leucocytes>CRP>Leucocytes>CRP>Release A>Return ER,17,1,0.0009523809523809,YT,1731177.0,1731177.0,1731177.0,1731177.0,Return ER,"{""Admission NC"": 1, ""CRP"": 1, ""Leucocytes"": 1}",{}
V0470,ER Registration>ER Triage>ER Sepsis Triage>CRP>Leucocytes>LacticAcid>IV Liquid>IV Antibiotics>Admission NC>Leucocytes>CRP>Leucocytes>Release D,13,1,0.0009523809523809,ZT,425540.0,425540.0,425540.0,425540.0,Release D,"{""CRP"": 1, ""Leucocytes"": 1}",{}
V0471,ER Registration>ER Triage>ER Sepsis Triage>IV Liquid>IV Antibiotics>LacticAcid>Leucocytes>CRP>Admission NC>Leucocytes>CRP>Release A,12,1,0.0009523809523809,AU,302516.0,302516.0,302516.0,302516.0,Release A,"{""CRP"": 1, ""Leucocytes"": 1}",{}
V0472,ER Registration>ER Triage>ER Sepsis Triage>IV Liquid>IV Antibiotics>Leucocytes>LacticAcid>CRP>Admission NC>CRP>Leucocytes>CRP>Leucocytes>Release A,14,1,0.0009523809523809,BU,349332.0,349332.0,349332.0,349332.0,Release A,"{""CRP"": 1, ""Leucocytes"": 1}",{}
V0473,ER Registration>ER Triage>ER Sepsis Triage>CRP>Leucocytes>LacticAcid>Admission NC>CRP>Leucocytes>Release A>Return ER,11,1,0.0009523809523809,CU,766030.0,766030.0,766030.0,766030.0,Return ER,"{""CRP"": 1, ""Leucocytes"": 1}",{}
V0474,ER Registration>ER Triage>ER Sepsis Triage>LacticAcid>Leucocytes>CRP>IV Antibiotics>IV Liquid>Admission NC>CRP>Leucocytes>Leucocytes>Release A>Return ER,14,1,0.0009523809523809,EU,15454042.0,15454042.0,15454042.0,15454042.0,Return ER,"{""CRP"": 1, ""Leucocytes"": 1}",{}
V0475,ER Registration>ER Triage>ER Sepsis Triage>CRP>LacticAcid>Leucocytes>Admission NC>Leucocytes>CRP>Leucocytes>CRP>Release A,12,1,0.0009523809523809,FU,528668.0,528668.0,528668.0,528668.0,Release A,"{""CRP"": 1, ""Leucocytes"": 1}",{}
V0476,ER Registration>ER Triage>ER Sepsis Triage>Leucocytes>CRP>IV Liquid>IV Antibiotics>Admission NC>Leucocytes>Leucocytes>Leucocytes>Leucocytes>Leucocytes>Release A>Return ER,15,1,0.0009523809523809,GU,8649129.0,8649129.0,8649129.0,8649129.0,Return ER,"{""Leucocytes"": 1}",{}
V0477,ER Registration>ER Triage>ER Sepsis Triage>IV Antibiotics>IV Liquid>LacticAcid>CRP>Leucocytes>Admission NC>Admission NC>Leucocytes>CRP>Leucocytes>CRP>Release A,15,1,0.0009523809523809,IU,571686.0,571686.0,571686.0,571686.0,Release A,"{""Admission NC"": 1, ""CRP"": 1, ""Leucocytes"": 1}",{}
V0478,ER Registration>Leucocytes>LacticAcid>CRP>ER Triage>ER Sepsis Triage>IV Liquid>IV Antibiotics>Admission NC>Admission NC>CRP>CRP>Leucocytes>CRP>Leucocytes>Release A,16,1,0.0009523809523809,JU,386490.0,386490.0,386490.0,386490.0,Release A,"{""Admission NC"": 1, ""CRP"": 1, ""Leucocytes"": 1}",{}
V0479,ER Registration>ER Triage>ER Sepsis Triage>Leucocytes>CRP>LacticAcid>IV Antibiotics>Admission NC>Leucocytes>CRP>IV Liquid>Release A>Return ER,13,1,0.0009523809523809,LU,838620.0,838620.0,838620.0,838620.0,Return ER,"{""CRP"": 1, ""Leucocytes"": 1}",{}
V0480,ER Registration>ER Triage>ER Sepsis Triage>IV Liquid>IV Antibiotics>CRP>LacticAcid>Leucocytes>Admission NC>Leucocytes>CRP>CRP>Leucocytes>Release A,14,1,0.0009523809523809,MU,609387.0,609387.0,609387.0,609387.0,Release A,"{""CRP"": 1, ""Leucocytes"": 1}",{}
V0481,ER Registration>ER Triage>ER Sepsis Triage>IV Liquid>LacticAcid>CRP>Leucocytes>IV Antibiotics>Admission NC>CRP>Leucocytes>Admission NC>CRP>Leucocytes>CRP>Leucocytes>CRP>Leucocytes>CRP>Release A,20,1,0.0009523809523809,NU,984680.0,984680.0,984680.0,984680.0,Release A,"{""Admission NC"": 1, ""CRP"": 1, ""Leucocytes"": 1}",{}
V0482,ER Registration>Leucocytes>LacticAcid>CRP>ER Triage>ER Sepsis Triage>IV Liquid>IV Antibiotics>Admission NC>Admission NC>CRP>Leucocytes>Release A>Return ER,14,1,0.0009523809523809,OU,1101069.0,1101069.0,1101069.0,1101069.0,Return ER,"{""Admission NC"": 1, ""CRP"": 1, ""Leucocytes"": 1}",{}
V0483,ER Registration>ER Triage>Leucocytes>CRP>LacticAcid>ER Sepsis Triage>IV Liquid>IV Antibiotics>Admission NC>Admission NC>Leucocytes>CRP>Leucocytes>Leucocytes>CRP>Leucocytes>CRP>Leucocytes>CRP>CRP>Leucocytes>CRP>Leucocytes>CRP>CRP>Leucocytes>CRP>CRP>CRP>Leucocytes>CRP>CRP>Leucocytes>Leucocytes>Leucocytes>Leucocytes>CRP>Release B,38,1,0.0009523809523809,PU,3103821.0,3103821.0,3103821.0,3103821.0,Release B,"{""Admission NC"": 1, ""CRP"": 1, ""Leucocytes"": 1}",{}
V0484,ER Registration>ER Triage>ER Sepsis Triage>IV Liquid>LacticAcid>CRP>Leucocytes>IV Antibiotics>Admission NC>Admission NC>Leucocytes>CRP>LacticAcid>Leucocytes>CRP>CRP>Leucocytes>Release A>Return ER,19,1,0.0009523809523809,QU,5398105.0,5398105.0,5398105.0,5398105.0,Return ER,"{""Admission NC"": 1, ""CRP"": 1, ""LacticAcid"": 1, ""Leucocytes"": 1}",{}
V0485,Leucocytes>CRP>ER Registration>ER Triage>ER Sepsis Triage>IV Antibiotics>Admission NC>CRP>Leucocytes>Admission NC>CRP>Leucocytes>Admission NC>Admission IC>Leucocytes>LacticAcid>CRP>CRP>LacticAcid>Leucocytes>Leucocytes>Leucocytes>LacticAcid>CRP>Admission NC>Leucocytes>CRP>Leucocytes>CRP>Leucocytes>CRP>CRP>Leucocytes>Release A,34,1,0.0009523809523809,RU,1106880.0,1106880.0,1106880.0,1106880.0,Release A,"{""Admission NC"": 1, ""CRP"": 1, ""LacticAcid"": 1, ""Leucocytes"": 1}",{}
V0486,ER Registration>ER Triage>Leucocytes>LacticAcid>CRP>ER Sepsis Triage>Admission NC>Admission NC>CRP>Leucocytes>Leucocytes>CRP>CRP>Leucocytes>CRP>CRP>Leucocytes>CRP>CRP>Release D,20,1,0.0009523809523809,TU,1550651.0,1550651.0,1550651.0,1550651.0,Release D,"{""Admission NC"": 1, ""CRP"": 1, ""Leucocytes"": 1}",{}
V0487,ER Registration>ER Triage>ER Sepsis Triage>LacticAcid>Leucocytes>CRP>IV Liquid>IV Antibiotics>Admission NC>LacticAcid>Admission NC>LacticAcid>Leucocytes>CRP>LacticAcid>CRP>Release A,17,1,0.0009523809523809,WU,927514.0,927514.0,927514.0,927514.0,Release A,"{""Admission NC"": 1, ""CRP"": 1, ""LacticAcid"": 1, ""Leucocytes"": 1}",{}
V0488,ER Registration>ER Triage>ER Sepsis Triage>LacticAcid>Leucocytes>CRP>IV Antibiotics>IV Liquid,8,1,0.0009523809523809,XU,7002.0,7002.0,7002.0,7002.0,IV Liquid,{},{}
V0489,ER Registration>LacticAcid>CRP>Leucocytes>ER Triage>ER Sepsis Triage>IV Liquid>IV Antibiotics>Admission NC>Release A,10,1,0.0009523809523809,AV,466694.0,466694.0,466694.0,466694.0,Release A,{},{}
V0490,ER Registration>ER Triage>ER Sepsis Triage>CRP>LacticAcid>Leucocytes>IV Liquid>IV Antibiotics>Admission NC>CRP>Leucocytes>LacticAcid>Admission NC>CRP>Leucocytes>Release A,16,1,0.0009523809523809,BV,422287.0,422287.0,422287.0,422287.0,Release A,"{""Admission NC"": 1, ""CRP"": 1, ""LacticAcid"": 1, ""Leucocytes"": 1}",{}
V0491,ER Registration>ER Triage>ER Sepsis Triage>Leucocytes>LacticAcid>CRP>IV Liquid>IV Antibiotics>Admission NC>Leucocytes>CRP>Release A,12,1,0.0009523809523809,CV,303259.0,303259.0,303259.0,303259.0,Release A,"{""CRP"": 1, ""Leucocytes"": 1}",{}
V0492,ER Registration>ER Triage>ER Sepsis Triage>LacticAcid>CRP>Leucocytes>IV Antibiotics>Leucocytes>CRP>IV Liquid,10,1,0.0009523809523809,EV,87462.0,87462.0,87462.0,87462.0,IV Liquid,"{""CRP"": 1, ""Leucocytes"": 1}",{}
V0493,ER Registration>ER Triage>ER Sepsis Triage>IV Liquid>IV Antibiotics>LacticAcid>Leucocytes>CRP>Admission NC>Leucocytes>CRP>Leucocytes>CRP>Release B,14,1,0.0009523809523809,GV,882091.0,882091.0,882091.0,882091.0,Release B,"{""CRP"": 1, ""Leucocytes"": 1}",{}
V0494,ER Registration>CRP>Leucocytes>LacticAcid>ER Triage>ER Sepsis Triage>IV Liquid>IV Antibiotics>Admission NC>CRP>Leucocytes>CRP>Leucocytes>Leucocytes>CRP>Release A,16,1,0.0009523809523809,HV,538450.0,538450.0,538450.0,538450.0,Release A,"{""CRP"": 1, ""Leucocytes"": 1}",{}
V0495,ER Registration>ER Triage>CRP>Leucocytes>ER Sepsis Triage>IV Liquid>LacticAcid>IV Antibiotics,8,1,0.0009523809523809,IV,12738.0,12738.0,12738.0,12738.0,IV Antibiotics,{},{}
V0496,ER Registration>ER Triage>ER Sepsis Triage>IV Liquid>IV Antibiotics>Leucocytes>LacticAcid>CRP>Admission NC>CRP>LacticAcid>Leucocytes>Leucocytes>CRP>Release A,15,1,0.0009523809523809,JV,473671.0,473671.0,473671.0,473671.0,Release A,"{""CRP"": 1, ""LacticAcid"": 1, ""Leucocytes"": 1}",{}
V0497,ER Registration>ER Triage>Leucocytes>CRP>ER Sepsis Triage>Admission NC>Release A>Return ER,8,1,0.0009523809523809,KV,531585.0,531585.0,531585.0,531585.0,Return ER,{},{}
V0498,ER Registration>ER Triage>ER Sepsis Triage>Leucocytes>CRP>Admission NC>Leucocytes>CRP>Leucocytes>CRP>CRP>Leucocytes>CRP>Leucocytes>Leucocytes>CRP>CRP>Leucocytes>Release D,19,1,0.0009523809523809,LV,1806142.0,1806142.0,1806142.0,1806142.0,Release D,"{""CRP"": 1, ""Leucocytes"": 1}",{}
V0499,ER Registration>ER Triage>Leucocytes>CRP>LacticAcid>ER Sepsis Triage>IV Liquid>IV Antibiotics>Admission NC>CRP>Leucocytes>Admission NC>CRP>Leucocytes>CRP>Release A,16,1,0.0009523809523809,MV,329400.0,329400.0,329400.0,329400.0,Release A,"{""Admission NC"": 1, ""CRP"": 1, ""Leucocytes"": 1}",{}
V0500,ER Registration>IV Liquid>ER Triage>ER Sepsis Triage>IV Antibiotics>LacticAcid>CRP>Leucocytes>Admission NC>CRP>Release A,11,1,0.0009523809523809,NV,295039.0,295039.0,295039.0,295039.0,Release A,"{""CRP"": 1}",{}
V0501,ER Registration>ER Triage>Leucocytes>CRP>LacticAcid>ER Sepsis Triage>IV Antibiotics>Admission NC>IV Liquid,9,1,0.0009523809523809,OV,94595.0,94595.0,94595.0,94595.0,IV Liquid,{},{}
V0502,ER Registration>ER Triage>ER Sepsis Triage>CRP>Leucocytes>LacticAcid>IV Liquid>IV Antibiotics>Admission NC,9,1,0.0009523809523809,QV,17029.0,17029.0,17029.0,17029.0,Admission NC,{},{}
V0503,ER Registration>ER Triage>ER Sepsis Triage>Leucocytes>LacticAcid>CRP>IV Liquid>IV Antibiotics>Admission NC>Release B,10,1,0.0009523809523809,SV,90287.0,90287.0,90287.0,90287.0,Release B,{},{}
V0504,ER Registration>ER Triage>ER Sepsis Triage>Leucocytes>CRP>LacticAcid>IV Liquid>IV Antibiotics>Admission NC>CRP>Leucocytes>Leucocytes>CRP>Leucocytes>CRP>Release A>Return ER,17,1,0.0009523809523809,TV,2252231.0,2252231.0,2252231.0,2252231.0,Return ER,"{""CRP"": 1, ""Leucocytes"": 1}",{}
V0505,ER Registration>ER Triage>ER Sepsis Triage>LacticAcid>Leucocytes>CRP>IV Liquid>IV Antibiotics>Admission NC>CRP>Leucocytes>Leucocytes>CRP>Release A>Return ER,15,1,0.0009523809523809,UV,6757380.0,6757380.0,6757380.0,6757380.0,Return ER,"{""CRP"": 1, ""Leucocytes"": 1}",{}
V0506,ER Registration>ER Triage>ER Sepsis Triage>LacticAcid>CRP>Leucocytes>IV Liquid>IV Antibiotics>Admission NC>CRP>Leucocytes>CRP>Leucocytes>Release A,14,1,0.0009523809523809,WV,328886.0,328886.0,328886.0,328886.0,Release A,"{""CRP"": 1, ""Leucocytes"": 1}",{}
V0507,ER Registration>ER Triage>Leucocytes>LacticAcid>CRP>ER Sepsis Triage>IV Liquid>IV Antibiotics,8,1,0.0009523809523809,XV,12087.0,12087.0,12087.0,12087.0,IV Antibiotics,{},{}
V0508,ER Registration>ER Triage>ER Sepsis Triage>IV Liquid>IV Antibiotics>Leucocytes>LacticAcid>CRP>Admission NC>Leucocytes>CRP>CRP>Leucocytes>CRP>Leucocytes>CRP>Leucocytes>CRP>Leucocytes>Release A>Return ER,21,1,0.0009523809523809,YV,7436750.0,7436750.0,7436750.0,7436750.0,Return ER,"{""CRP"": 1, ""Leucocytes"": 1}",{}
V0509,ER Registration>ER Triage>ER Sepsis Triage>LacticAcid>Leucocytes>CRP>IV Liquid>IV Antibiotics>Admission NC>Leucocytes>CRP>Release A,12,1,0.0009523809523809,ZV,429162.0,429162.0,429162.0,429162.0,Release A,"{""CRP"": 1, ""Leucocytes"": 1}",{}
V0510,ER Registration>ER Triage>ER Sepsis Triage>CRP>Leucocytes>LacticAcid>IV Antibiotics,7,1,0.0009523809523809,AW,6054.0,6054.0,6054.0,6054.0,IV Antibiotics,{},{}
V0511,ER Registration>IV Liquid>ER Triage>Leucocytes>CRP>LacticAcid>ER Sepsis Triage>IV Antibiotics>Admission NC>LacticAcid>Leucocytes>Admission NC>Admission NC>Leucocytes>CRP>CRP>Leucocytes>Leucocytes>CRP>Leucocytes>Release A,21,1,0.0009523809523809,BW,1632021.0,1632021.0,1632021.0,1632021.0,Release A,"{""Admission NC"": 1, ""CRP"": 1, ""LacticAcid"": 1, ""Leucocytes"": 1}",{}
V0512,ER Registration>CRP>LacticAcid>Leucocytes>ER Triage>ER Sepsis Triage>IV Liquid>IV Antibiotics>Admission NC>Admission NC>Leucocytes>CRP>CRP>Leucocytes>Release A,15,1,0.0009523809523809,CW,343814.0,343814.0,343814.0,343814.0,Release A,"{""Admission NC"": 1, ""CRP"": 1, ""Leucocytes"": 1}",{}
V0513,ER Registration>ER Triage>LacticAcid>Leucocytes>CRP>ER Sepsis Triage>IV Liquid>IV Antibiotics>Admission NC>Leucocytes>CRP>Admission NC>Release A,13,1,0.0009523809523809,DW,262275.0,262275.0,262275.0,262275.0,Release A,"{""Admission NC"": 1, ""CRP"": 1, ""Leucocytes"": 1}",{}
V0514,ER Registration>ER Triage>ER Sepsis Triage>LacticAcid>Leucocytes>CRP>IV Liquid>IV Antibiotics>Admission NC>Leucocytes>CRP>Admission NC>Leucocytes>CRP>Leucocytes>CRP>Leucocytes>CRP>Leucocytes>CRP>Leucocytes>CRP>Release A,23,1,0.0009523809523809,EW,1258063.0,1258063.0,1258063.0,1258063.0,Release A,"{""Admission NC"": 1, ""CRP"": 1, ""Leucocytes"": 1}",{}
V0515,ER Registration>ER Triage>Leucocytes>LacticAcid>CRP>ER Sepsis Triage>IV Liquid>IV Antibiotics>Admission NC>CRP>Leucocytes>Leucocytes>CRP>Leucocytes>CRP>Admission NC>CRP>Leucocytes>Release A>Return ER,20,1,0.0009523809523809,FW,7992935.0,7992935.0,7992935.0,7992935.0,Return ER,"{""Admission NC"": 1, ""CRP"": 1, ""Leucocytes"": 1}",{}
V0516,ER Sepsis Triage>IV Liquid>IV Antibiotics>ER Registration>ER Triage>LacticAcid>CRP>Leucocytes>LacticAcid>CRP>Leucocytes,11,1,0.0009523809523809,GW,9961.0,9961.0,9961.0,9961.0,Leucocytes,"{""CRP"": 1, ""LacticAcid"": 1, ""Leucocytes"": 1}",{}
V0517,ER Registration>ER Triage>ER Sepsis Triage>Leucocytes>CRP>ER Triage,6,1,0.0009523809523809,HW,3380.0,3380.0,3380.0,3380.0,ER Triage,"{""ER Triage"": 1}",{}
V0518,Leucocytes>ER Registration>ER Triage>ER Sepsis Triage>IV Liquid>CRP>Leucocytes>LacticAcid>IV Antibiotics>Admission NC>CRP>Leucocytes>Release A,13,1,0.0009523809523809,IW,189720.0,189720.0,189720.0,189720.0,Release A,"{""CRP"": 1, ""Leucocytes"": 1}",{}
V0519,ER Registration>ER Triage>ER Sepsis Triage>LacticAcid>Leucocytes>CRP>IV Liquid>IV Antibiotics>Admission NC>Admission NC>Leucocytes>CRP>CRP>Leucocytes>Release A>Return ER,16,1,0.0009523809523809,JW,887741.0,887741.0,887741.0,887741.0,Return ER,"{""Admission NC"": 1, ""CRP"": 1, ""Leucocytes"": 1}",{}
V0520,ER Registration>ER Triage>ER Sepsis Triage>LacticAcid>Leucocytes>CRP>IV Liquid>IV Antibiotics>Admission NC>Admission NC>CRP>Release A>Return ER,13,1,0.0009523809523809,KW,691901.0,691901.0,691901.0,691901.0,Return ER,"{""Admission NC"": 1, ""CRP"": 1}",{}
V0521,Leucocytes>CRP>ER Registration>ER Triage>ER Sepsis Triage>IV Liquid>LacticAcid>IV Antibiotics>Admission NC>Admission NC>CRP>Leucocytes>CRP>CRP>Release A,15,1,0.0009523809523809,LW,522300.0,522300.0,522300.0,522300.0,Release A,"{""Admission NC"": 1, ""CRP"": 1, ""Leucocytes"": 1}",{}
V0522,ER Registration>ER Triage>ER Sepsis Triage>LacticAcid>CRP>Leucocytes>IV Liquid>IV Antibiotics>Admission NC>LacticAcid>Leucocytes>CRP>Leucocytes>CRP>CRP>Leucocytes>CRP>Leucocytes>CRP>Leucocytes>CRP>CRP>Leucocytes>Leucocytes>CRP>Leucocytes>CRP>Admission NC>Admission NC>Release B,30,1,0.0009523809523809,MW,1381080.0,1381080.0,1381080.0,1381080.0,Release B,"{""Admission NC"": 1, ""CRP"": 1, ""LacticAcid"": 1, ""Leucocytes"": 1}",{}
V0523,ER Registration>ER Triage>ER Sepsis Triage>LacticAcid>CRP>Leucocytes>IV Liquid>IV Antibiotics>Admission NC>Admission NC>LacticAcid>CRP>Leucocytes>Leucocytes>CRP>Leucocytes>CRP>Release A,18,1,0.0009523809523809,NW,663955.0,663955.0,663955.0,663955.0,Release A,"{""Admission NC"": 1, ""CRP"": 1, ""LacticAcid"": 1, ""Leucocytes"": 1}",{}
V0524,ER Registration>ER Triage>ER Sepsis Triage>CRP>Leucocytes>LacticAcid>IV Liquid>IV Antibiotics>Admission NC>CRP>Leucocytes>CRP>Leucocytes>CRP>Leucocytes>Release A,16,1,0.0009523809523809,OW,589934.0,589934.0,589934.0,589934.0,Release A,"{""CRP"": 1, ""Leucocytes"": 1}",{}
V0525,ER Registration>ER Triage>ER Sepsis Triage>CRP>Leucocytes>LacticAcid>IV Liquid>IV Antibiotics>Admission NC>CRP>CRP>Release A,12,1,0.0009523809523809,PW,584868.0,584868.0,584868.0,584868.0,Release A,"{""CRP"": 1}",{}
V0526,ER Registration>ER Triage>ER Sepsis Triage>LacticAcid>CRP>Leucocytes>IV Antibiotics>IV Liquid>Admission NC>Admission NC>Leucocytes>CRP>Release A>Return ER,14,1,0.0009523809523809,QW,23317418.0,23317418.0,23317418.0,23317418.0,Return ER,"{""Admission NC"": 1, ""CRP"": 1, ""Leucocytes"": 1}",{}
V0527,ER Registration>ER Triage>ER Sepsis Triage>IV Liquid>IV Antibiotics>Leucocytes>CRP>LacticAcid>Admission NC>LacticAcid>Leucocytes>CRP>Admission NC>Admission NC>Leucocytes>CRP>Leucocytes>CRP>Release A,19,1,0.0009523809523809,SW,533443.0,533443.0,533443.0,533443.0,Release A,"{""Admission NC"": 1, ""CRP"": 1, ""LacticAcid"": 1, ""Leucocytes"": 1}",{}
V0528,ER Registration>ER Triage>ER Sepsis Triage>CRP>Leucocytes>LacticAcid>IV Liquid>IV Antibiotics>Admission NC>LacticAcid>CRP>Leucocytes>Leucocytes>CRP>Leucocytes>Leucocytes>Leucocytes>Leucocytes>Leucocytes>Admission NC>Release A>Return ER,22,1,0.0009523809523809,TW,7057435.0,7057435.0,7057435.0,7057435.0,Return ER,"{""Admission NC"": 1, ""CRP"": 1, ""LacticAcid"": 1, ""Leucocytes"": 1}",{}
V0529,Leucocytes>ER Registration>ER Triage>ER Sepsis Triage>IV Liquid>Leucocytes>CRP>LacticAcid>IV Antibiotics>Admission NC>Leucocytes>CRP>Release A>Return ER,14,1,0.0009523809523809,UW,17194356.0,17194356.0,17194356.0,17194356.0,Return ER,"{""CRP"": 1, ""Leucocytes"": 1}",{}
V0530,ER Triage>ER Registration>ER Sepsis Triage>CRP>Leucocytes>LacticAcid>IV Liquid>IV Antibiotics>Admission NC>Leucocytes>CRP>Admission NC>Release A>Return ER,14,1,0.0009523809523809,VW,5062421.0,5062421.0,5062421.0,5062421.0,Return ER,"{""Admission NC"": 1, ""CRP"": 1, ""Leucocytes"": 1}",{}
V0531,ER Registration>ER Triage>ER Sepsis Triage>IV Liquid>Leucocytes>CRP>LacticAcid>IV Antibiotics>Admission IC>CRP>LacticAcid>Leucocytes>Admission IC>Admission NC>CRP>Leucocytes>Release A>Return ER,18,1,0.0009523809523809,WW,846422.0,846422.0,846422.0,846422.0,Return ER,"{""Admission IC"": 1, ""CRP"": 1, ""LacticAcid"": 1, ""Leucocytes"": 1}",{}
V0532,ER Registration>ER Triage>ER Sepsis Triage>CRP>LacticAcid>Leucocytes>IV Liquid>IV Antibiotics>Admission NC>CRP>Leucocytes>Leucocytes>CRP>Leucocytes>CRP>Release A,16,1,0.0009523809523809,XW,580617.0,580617.0,580617.0,580617.0,Release A,"{""CRP"": 1, ""Leucocytes"": 1}",{}
V0533,ER Registration>ER Triage>ER Sepsis Triage>Leucocytes>CRP>Admission NC>CRP>Leucocytes>CRP>Release A,10,1,0.0009523809523809,YW,863397.0,863397.0,863397.0,863397.0,Release A,"{""CRP"": 1, ""Leucocytes"": 1}",{}
V0534,ER Registration>ER Triage>ER Sepsis Triage>IV Liquid>Leucocytes>LacticAcid>CRP>IV Antibiotics>Admission NC>Admission NC>CRP>Leucocytes>Release A,13,1,0.0009523809523809,ZW,377521.0,377521.0,377521.0,377521.0,Release A,"{""Admission NC"": 1, ""CRP"": 1, ""Leucocytes"": 1}",{}
V0535,ER Registration>ER Triage>CRP>Leucocytes>LacticAcid>ER Sepsis Triage>IV Liquid>IV Antibiotics>Admission NC>CRP>Leucocytes>Leucocytes>CRP>CRP>Leucocytes>Release A>Return ER,17,1,0.0009523809523809,BX,8690193.0,8690193.0,8690193.0,8690193.0,Return ER,"{""CRP"": 1, ""Leucocytes"": 1}",{}
V0536,ER Registration>ER Triage>ER Sepsis Triage>LacticAcid>CRP>Leucocytes>IV Antibiotics>Admission NC>CRP>Leucocytes>Admission NC>Leucocytes>CRP>Release A,14,1,0.0009523809523809,CX,390703.0,390703.0,390703.0,390703.0,Release A,"{""Admission NC"": 1, ""CRP"": 1, ""Leucocytes"": 1}",{}
V0537,Leucocytes>CRP>ER Registration>ER Triage>Leucocytes>CRP>LacticAcid>ER Sepsis Triage>IV Liquid>IV Antibiotics>Admission NC>CRP>Release A,13,1,0.0009523809523809,DX,332340.0,332340.0,332340.0,332340.0,Release A,"{""CRP"": 1, ""Leucocytes"": 1}",{}
V0538,ER Registration>ER Triage>ER Sepsis Triage>Leucocytes>LacticAcid>CRP>IV Antibiotics>IV Liquid>Admission NC>Admission NC>Leucocytes>CRP>CRP>Leucocytes>CRP>Admission NC>Admission NC>CRP>Admission NC>Leucocytes>CRP>CRP>Leucocytes>Release A,24,1,0.0009523809523809,EX,1540350.0,1540350.0,1540350.0,1540350.0,Release A,"{""Admission NC"": 1, ""CRP"": 1, ""Leucocytes"": 1}",{}
V0539,ER Registration>ER Triage>ER Sepsis Triage>LacticAcid>CRP>Leucocytes>IV Antibiotics>Admission NC>CRP>Leucocytes>Admission NC>CRP>Leucocytes>Leucocytes>CRP>Release A>Return ER,17,1,0.0009523809523809,FX,1739945.0,1739945.0,1739945.0,1739945.0,Return ER,"{""Admission NC"": 1, ""CRP"": 1, ""Leucocytes"": 1}",{}
V0540,ER Sepsis Triage>ER Registration>ER Triage>CRP>Leucocytes>LacticAcid>IV Antibiotics>IV Liquid>Admission NC>Leucocytes>CRP>Admission NC>Leucocytes>CRP>Release B,15,1,0.0009523809523809,GX,284400.0,284400.0,284400.0,284400.0,Release B,"{""Admission NC"": 1, ""CRP"": 1, ""Leucocytes"": 1}",{}
V0541,ER Registration>ER Triage>ER Sepsis Triage>IV Liquid>LacticAcid>Leucocytes>CRP>IV Antibiotics>Admission NC>Release A,10,1,0.0009523809523809,HX,291502.0,291502.0,291502.0,291502.0,Release A,{},{}
V0542,ER Registration>IV Liquid>ER Triage>ER Sepsis Triage>LacticAcid>Leucocytes>CRP>IV Antibiotics>Admission IC>LacticAcid>Leucocytes>LacticAcid>CRP>Admission NC>CRP>Leucocytes>Release A,17,1,0.0009523809523809,JX,425565.0,425565.0,425565.0,425565.0,Release A,"{""CRP"": 1, ""LacticAcid"": 1, ""Leucocytes"": 1}",{}
V0543,ER Triage>Leucocytes>CRP>LacticAcid>Leucocytes>ER Registration>Admission IC>LacticAcid>Leucocytes>CRP>CRP>LacticAcid>Leucocytes>CRP>Leucocytes>LacticAcid>Leucocytes>LacticAcid>CRP>Leucocytes>CRP>LacticAcid>LacticAcid>CRP>Leucocytes>Admission NC>Leucocytes>CRP>Release A>Return ER,30,1,0.0009523809523809,KX,1832993.0,1832993.0,1832993.0,1832993.0,Return ER,"{""CRP"": 1, ""LacticAcid"": 1, ""Leucocytes"": 1}",{}
V0544,Leucocytes>ER Registration>ER Triage>ER Sepsis Triage>CRP>LacticAcid>Leucocytes>IV Liquid>IV Antibiotics>Admission NC>CRP>Leucocytes>Release A,13,1,0.0009523809523809,LX,355500.0,355500.0,355500.0,355500.0,Release A,"{""CRP"": 1, ""Leucocytes"": 1}",{}
V0545,ER Registration>ER Triage>ER Sepsis Triage>LacticAcid>CRP>Leucocytes>IV Antibiotics>Admission NC>CRP>CRP>Leucocytes>Release A,12,1,0.0009523809523809,NX,591227.0,591227.0,591227.0,591227.0,Release A,"{""CRP"": 1, ""Leucocytes"": 1}",{}
V0546,ER Registration>ER Triage>ER Sepsis Triage>CRP>LacticAcid>Leucocytes>IV Antibiotics>IV Liquid>Admission NC>CRP>Leucocytes>CRP>Release A>Return ER,14,1,0.0009523809523809,OX,2441704.0,2441704.0,2441704.0,2441704.0,Return ER,"{""CRP"": 1, ""Leucocytes"": 1}",{}
V0547,ER Registration>ER Triage>ER Sepsis Triage>IV Liquid>CRP>Leucocytes>LacticAcid>IV Antibiotics>Admission NC>CRP>Leucocytes>Leucocytes>CRP>Admission NC>Admission NC>Admission NC>CRP>Leucocytes>Admission NC>Leucocytes>Leucocytes>CRP>CRP>Leucocytes>Leucocytes>CRP>Leucocytes>CRP>Release B,29,1,0.0009523809523809,QX,1027250.0,1027250.0,1027250.0,1027250.0,Release B,"{""Admission NC"": 1, ""CRP"": 1, ""Leucocytes"": 1}",{}
V0548,ER Registration>ER Triage>ER Sepsis Triage>Leucocytes>LacticAcid>CRP>IV Liquid>IV Antibiotics>Admission NC>Leucocytes>CRP>LacticAcid>CRP>Leucocytes>Admission NC>CRP>Leucocytes>Leucocytes>CRP>Release A,20,1,0.0009523809523809,SX,582327.0,582327.0,582327.0,582327.0,Release A,"{""Admission NC"": 1, ""CRP"": 1, ""LacticAcid"": 1, ""Leucocytes"": 1}",{}
V0549,ER Registration>ER Triage>ER Sepsis Triage>Leucocytes>LacticAcid>CRP>IV Antibiotics>IV Liquid,8,1,0.0009523809523809,WX,89019.0,89019.0,89019.0,89019.0,IV Liquid,{},{}
V0550,CRP>Leucocytes>ER Registration>ER Triage>ER Sepsis Triage>LacticAcid>CRP>Leucocytes>IV Liquid>IV Antibiotics>Admission NC>Release B,12,1,0.0009523809523809,XX,18000.0,18000.0,18000.0,18000.0,Release B,"{""CRP"": 1, ""Leucocytes"": 1}",{}
V0551,ER Registration>ER Triage>ER Sepsis Triage>IV Liquid>IV Antibiotics>CRP>Leucocytes>LacticAcid>Admission NC>Admission IC>LacticAcid>Leucocytes>CRP>LacticAcid>Leucocytes>CRP>LacticAcid>LacticAcid>Leucocytes>CRP>LacticAcid>Leucocytes>CRP>LacticAcid>Leucocytes>CRP>LacticAcid>Leucocytes>CRP>Leucocytes>CRP>LacticAcid>LacticAcid>Leucocytes>CRP>Leucocytes>CRP>LacticAcid>Leucocytes>CRP>LacticAcid>LacticAcid>Leucocytes>CRP>CRP>LacticAcid>Leucocytes>Leucocytes>CRP>LacticAcid>CRP>Leucocytes>LacticAcid>CRP>LacticAcid>Leucocytes>Leucocytes>CRP>LacticAcid>Leucocytes>CRP>LacticAcid>LacticAcid>Leucocytes>CRP>CRP>LacticAcid>Leucocytes>Leucocytes>CRP>LacticAcid>Leucocytes>CRP>LacticAcid>CRP>LacticAcid>Leucocytes>Leucocytes>LacticAcid>CRP>LacticAcid>Admission NC>Admission NC>Release A,84,1,0.0009523809523809,YX,2569838.0,2569838.0,2569838.0,2569838.0,Release A,"{""Admission NC"": 1, ""CRP"": 1, ""LacticAcid"": 1, ""Leucocytes"": 1}",{}
V0552,ER Registration>ER Triage>CRP>Leucocytes>LacticAcid>ER Sepsis Triage>Admission NC>Leucocytes>CRP>Leucocytes>CRP>CRP>Leucocytes>CRP>Leucocytes>Leucocytes>CRP>CRP>Leucocytes>Leucocytes>CRP>Release B,22,1,0.0009523809523809,AY,705997.0,705997.0,705997.0,705997.0,Release B,"{""CRP"": 1, ""Leucocytes"": 1}",{}
V0553,ER Registration>ER Triage>ER Sepsis Triage>Leucocytes>CRP>LacticAcid>IV Liquid>IV Antibiotics>Admission NC>Admission NC>CRP>Leucocytes>Admission IC>CRP>LacticAcid>Leucocytes>Leucocytes>LacticAcid>CRP>Admission NC>CRP>Leucocytes>Admission NC>CRP>Leucocytes>Leucocytes>CRP>CRP>Leucocytes>CRP>Leucocytes>CRP>Release E,33,1,0.0009523809523809,CY,2465823.0,2465823.0,2465823.0,2465823.0,Release E,"{""Admission NC"": 1, ""CRP"": 1, ""LacticAcid"": 1, ""Leucocytes"": 1}",{}
V0554,ER Registration>ER Triage>ER Sepsis Triage>Leucocytes>LacticAcid>CRP>IV Liquid>IV Antibiotics>Admission NC>Leucocytes>Admission NC>CRP>Leucocytes>Release A,14,1,0.0009523809523809,DY,564315.0,564315.0,564315.0,564315.0,Release A,"{""Admission NC"": 1, ""CRP"": 1, ""Leucocytes"": 1}",{}
V0555,ER Registration>ER Triage>ER Sepsis Triage>Leucocytes>CRP>IV Antibiotics>IV Liquid>Admission NC>Leucocytes>Leucocytes>Leucocytes>Release B,12,1,0.0009523809523809,EY,457083.0,457083.0,457083.0,457083.0,Release B,"{""Leucocytes"": 1}",{}
V0556,ER Registration>ER Triage>LacticAcid>Leucocytes>CRP>ER Sepsis Triage>IV Liquid>IV Antibiotics>Admission NC>Admission NC>CRP>Leucocytes>Leucocytes>CRP>CRP>Release A>Return ER,17,1,0.0009523809523809,FY,1370316.0,1370316.0,1370316.0,1370316.0,Return ER,"{""Admission NC"": 1, ""CRP"": 1, ""Leucocytes"": 1}",{}
V0557,ER Registration>ER Triage>LacticAcid>CRP>Leucocytes>ER Sepsis Triage>IV Liquid>IV Antibiotics>Admission NC>Admission NC>Leucocytes>CRP>Release A,13,1,0.0009523809523809,GY,937643.0,937643.0,937643.0,937643.0,Release A,"{""Admission NC"": 1, ""CRP"": 1, ""Leucocytes"": 1}",{}
V0558,ER Registration>ER Triage>ER Sepsis Triage>CRP>Leucocytes>LacticAcid>IV Antibiotics>Admission NC>IV Liquid>CRP>Leucocytes>CRP>Leucocytes>Release A>Return ER,15,1,0.0009523809523809,HY,5058391.0,5058391.0,5058391.0,5058391.0,Return ER,"{""CRP"": 1, ""Leucocytes"": 1}",{}
V0559,ER Registration>ER Triage>IV Liquid>ER Sepsis Triage>LacticAcid>CRP>Leucocytes>IV Antibiotics>Admission NC>Admission NC>Leucocytes>CRP>Leucocytes>CRP>Leucocytes>CRP>Release A>Return ER,18,1,0.0009523809523809,IY,3820885.0,3820885.0,3820885.0,3820885.0,Return ER,"{""Admission NC"": 1, ""CRP"": 1, ""Leucocytes"": 1}",{}
V0560,ER Registration>ER Triage>CRP>LacticAcid>Leucocytes>ER Sepsis Triage>IV Liquid>IV Antibiotics>Admission NC>CRP>Leucocytes>CRP>Leucocytes>Leucocytes>Leucocytes>CRP>Release A>Return ER,18,1,0.0009523809523809,JY,2571086.0,2571086.0,2571086.0,2571086.0,Return ER,"{""CRP"": 1, ""Leucocytes"": 1}",{}
V0561,ER Registration>ER Triage>ER Sepsis Triage>Leucocytes>CRP>Admission NC>CRP>CRP>Leucocytes>CRP>Leucocytes>Leucocytes>CRP>Leucocytes>CRP>Release A,16,1,0.0009523809523809,OY,633144.0,633144.0,633144.0,633144.0,Release A,"{""CRP"": 1, ""Leucocytes"": 1}",{}
V0562,ER Registration>LacticAcid>Leucocytes>CRP>ER Triage>ER Sepsis Triage>Admission NC>Leucocytes>CRP>CRP>Leucocytes>Release A,12,1,0.0009523809523809,QY,673432.0,673432.0,673432.0,673432.0,Release A,"{""CRP"": 1, ""Leucocytes"": 1}",{}
V0563,CRP>ER Registration>ER Triage>ER Sepsis Triage>IV Liquid>LacticAcid>Leucocytes>CRP>IV Antibiotics>Admission NC>Admission IC>Leucocytes>LacticAcid>CRP>LacticAcid>CRP>Leucocytes>Admission NC>Leucocytes>CRP>Leucocytes>CRP>Release A,23,1,0.0009523809523809,RY,447960.0,447960.0,447960.0,447960.0,Release A,"{""Admission NC"": 1, ""CRP"": 1, ""LacticAcid"": 1, ""Leucocytes"": 1}",{}
V0564,ER Registration>ER Triage>ER Sepsis Triage>IV Liquid>IV Antibiotics>LacticAcid>Leucocytes>CRP>Admission NC>CRP>Leucocytes>Admission NC>Release A>Return ER,14,1,0.0009523809523809,SY,3395460.0,3395460.0,3395460.0,3395460.0,Return ER,"{""Admission NC"": 1, ""CRP"": 1, ""Leucocytes"": 1}",{}
V0565,ER Registration>Leucocytes>CRP>LacticAcid>ER Triage>ER Sepsis Triage>IV Liquid>IV Antibiotics>Admission NC,9,1,0.0009523809523809,UY,18816.0,18816.0,18816.0,18816.0,Admission NC,{},{}
V0566,ER Registration>ER Triage>LacticAcid>Leucocytes>CRP>ER Sepsis Triage>IV Antibiotics>IV Liquid>Admission NC>Admission NC>CRP>Leucocytes>Leucocytes>CRP>CRP>Leucocytes>Release A,17,1,0.0009523809523809,VY,742761.0,742761.0,742761.0,742761.0,Release A,"{""Admission NC"": 1, ""CRP"": 1, ""Leucocytes"": 1}",{}
V0567,ER Registration>ER Triage>ER Sepsis Triage>CRP>LacticAcid>Leucocytes>IV Antibiotics>Admission NC>IV Liquid>Leucocytes>CRP>Release A>Return ER,13,1,0.0009523809523809,XY,15033494.0,15033494.0,15033494.0,15033494.0,Return ER,"{""CRP"": 1, ""Leucocytes"": 1}",{}
V0568,ER Registration>ER Triage>ER Sepsis Triage>Leucocytes>CRP>LacticAcid>IV Liquid>IV Antibiotics>Admission NC>LacticAcid>Admission NC>Admission NC>Admission NC>CRP>Leucocytes>CRP>Leucocytes>CRP>Leucocytes>Admission NC>Release A,21,1,0.0009523809523809,YY,856856.0,856856.0,856856.0,856856.0,Release A,"{""Admission NC"": 1, ""CRP"": 1, ""LacticAcid"": 1, ""Leucocytes"": 1}",{}
V0569,ER Registration>ER Triage>ER Sepsis Triage>Leucocytes>CRP>LacticAcid>IV Liquid>IV Antibiotics>Admission NC>Leucocytes>CRP>Admission NC>CRP>Leucocytes>Release A,15,1,0.0009523809523809,AZ,461319.0,461319.0,461319.0,461319.0,Release A,"{""Admission NC"": 1, ""CRP"": 1, ""Leucocytes"": 1}",{}
V0570,ER Registration>ER Triage>ER Sepsis Triage>LacticAcid>CRP>Leucocytes>IV Antibiotics>Admission NC>Leucocytes>CRP>Admission NC>Leucocytes>CRP>Leucocytes>CRP>Leucocytes>CRP>CRP>Leucocytes>CRP>Leucocytes>Leucocytes>CRP>Release A,24,1,0.0009523809523809,BZ,1101809.0,1101809.0,1101809.0,1101809.0,Release A,"{""Admission NC"": 1, ""CRP"": 1, ""Leucocytes"": 1}",{}
V0571,ER Registration>ER Triage>ER Sepsis Triage>Leucocytes>CRP>LacticAcid>LacticAcid>IV Liquid>IV Antibiotics>CRP>Leucocytes>LacticAcid>Admission IC>LacticAcid>Leucocytes>CRP>LacticAcid>LacticAcid>LacticAcid>Leucocytes>CRP>Admission NC>Leucocytes>CRP>LacticAcid>CRP>Leucocytes>Leucocytes>CRP>LacticAcid>Admission NC>Leucocytes>CRP>Leucocytes>CRP>Leucocytes>CRP>CRP>Leucocytes>Release B,40,1,0.0009523809523809,CZ,1249937.0,1249937.0,1249937.0,1249937.0,Release B,"{""Admission NC"": 1, ""CRP"": 1, ""LacticAcid"": 1, ""Leucocytes"": 1}",{}
V0572,ER Registration>ER Triage>ER Sepsis Triage>CRP>Leucocytes>IV Liquid>IV Antibiotics>Admission IC>LacticAcid>LacticAcid>Leucocytes>LacticAcid>CRP>LacticAcid>LacticAcid>LacticAcid>Leucocytes>CRP>LacticAcid>Leucocytes>CRP>Admission NC>Leucocytes>CRP>CRP>Leucocytes>CRP>Leucocytes>CRP>Leucocytes>CRP>Release A,32,1,0.0009523809523809,DZ,1786339.0,1786339.0,1786339.0,1786339.0,Release A,"{""CRP"": 1, ""LacticAcid"": 1, ""Leucocytes"": 1}",{}
V0573,ER Registration>ER Triage>ER Sepsis Triage>CRP>LacticAcid>Leucocytes>IV Liquid>IV Antibiotics>Admission NC>Admission NC>Leucocytes>CRP>Leucocytes>CRP>Leucocytes>Leucocytes>Release A>Return ER,18,1,0.0009523809523809,FZ,1473229.0,1473229.0,1473229.0,1473229.0,Return ER,"{""Admission NC"": 1, ""CRP"": 1, ""Leucocytes"": 1}",{}
V0574,ER Registration>ER Triage>CRP>LacticAcid>Leucocytes>IV Liquid>Admission NC>ER Sepsis Triage>IV Antibiotics>Admission IC>CRP>LacticAcid>Leucocytes>Leucocytes>CRP>LacticAcid>Admission NC>Leucocytes>CRP>CRP>Leucocytes>Release A,22,1,0.0009523809523809,HZ,395817.0,395817.0,395817.0,395817.0,Release A,"{""Admission NC"": 1, ""CRP"": 1, ""LacticAcid"": 1, ""Leucocytes"": 1}",{}
V0575,ER Registration>ER Triage>ER Sepsis Triage>Leucocytes>CRP>LacticAcid>IV Liquid>IV Antibiotics>CRP>Leucocytes,10,1,0.0009523809523809,JZ,44760.0,44760.0,44760.0,44760.0,Leucocytes,"{""CRP"": 1, ""Leucocytes"": 1}",{}
V0576,ER Registration>IV Liquid>ER Triage>ER Sepsis Triage>LacticAcid>Leucocytes>CRP>IV Antibiotics>Admission NC>CRP>CRP>Leucocytes>Admission NC>Admission NC>Leucocytes>CRP>Release A,17,1,0.0009523809523809,KZ,253578.0,253578.0,253578.0,253578.0,Release A,"{""Admission NC"": 1, ""CRP"": 1, ""Leucocytes"": 1}",{}
V0577,ER Sepsis Triage>IV Antibiotics>IV Liquid>ER Registration>ER Triage>CRP>Leucocytes>LacticAcid>Admission NC>Admission NC>CRP>Leucocytes>Admission NC>Leucocytes>CRP>Leucocytes>Admission NC>Leucocytes>Leucocytes>Release A>Return ER,21,1,0.0009523809523809,LZ,5234263.0,5234263.0,5234263.0,5234263.0,Return ER,"{""Admission NC"": 1, ""CRP"": 1, ""Leucocytes"": 1}",{}
V0578,ER Registration>ER Triage>ER Sepsis Triage>Leucocytes>CRP>LacticAcid>IV Antibiotics>Admission NC>CRP>Leucocytes>Leucocytes>CRP>Release A>Return ER,14,1,0.0009523809523809,MZ,1834507.0,1834507.0,1834507.0,1834507.0,Return ER,"{""CRP"": 1, ""Leucocytes"": 1}",{}
V0579,ER Registration>ER Triage>ER Sepsis Triage>Leucocytes>CRP>LacticAcid>IV Liquid>IV Antibiotics>Admission NC>Admission IC>Leucocytes>CRP>LacticAcid>LacticAcid>Leucocytes>CRP>Leucocytes>CRP>LacticAcid>CRP>LacticAcid>Leucocytes>CRP>LacticAcid>Leucocytes>Leucocytes>CRP>LacticAcid>CRP>LacticAcid>Leucocytes>LacticAcid>CRP>Leucocytes>CRP>LacticAcid>Leucocytes>LacticAcid>Leucocytes>CRP>LacticAcid>Leucocytes>CRP>CRP>Leucocytes>LacticAcid>LacticAcid>CRP>Leucocytes>Leucocytes>CRP>LacticAcid>Admission NC>CRP>Leucocytes>Admission NC>Admission NC>Leucocytes>Admission NC>Release A>Return ER,61,1,0.0009523809523809,NZ,5882818.0,5882818.0,5882818.0,5882818.0,Return ER,"{""Admission NC"": 1, ""CRP"": 1, ""LacticAcid"": 1, ""Leucocytes"": 1}",{}
V0580,ER Registration>ER Triage>ER Sepsis Triage>Leucocytes>CRP>LacticAcid>IV Liquid>IV Antibiotics>Leucocytes>CRP,10,1,0.0009523809523809,OZ,31024.0,31024.0,31024.0,31024.0,CRP,"{""CRP"": 1, ""Leucocytes"": 1}",{}
V0581,ER Registration>ER Triage>CRP>Leucocytes>LacticAcid>ER Sepsis Triage>IV Antibiotics>Admission NC>Admission NC>Leucocytes>CRP>Leucocytes>CRP>Release D>Return ER,15,1,0.0009523809523809,PZ,1812036.0,1812036.0,1812036.0,1812036.0,Return ER,"{""Admission NC"": 1, ""CRP"": 1, ""Leucocytes"": 1}",{}
V0582,ER Registration>ER Triage>ER Sepsis Triage>LacticAcid>CRP>Leucocytes>IV Antibiotics>Admission NC>Leucocytes>Release A,10,1,0.0009523809523809,QZ,502227.0,502227.0,502227.0,502227.0,Release A,"{""Leucocytes"": 1}",{}
V0583,ER Registration>ER Triage>ER Sepsis Triage>Leucocytes>CRP>IV Liquid>IV Antibiotics>Admission NC>Leucocytes>CRP>Admission NC>CRP>CRP>Release A,14,1,0.0009523809523809,RZ,524135.0,524135.0,524135.0,524135.0,Release A,"{""Admission NC"": 1, ""CRP"": 1, ""Leucocytes"": 1}",{}
V0584,ER Registration>Leucocytes>LacticAcid>CRP>ER Triage>ER Sepsis Triage>IV Antibiotics>IV Liquid,8,1,0.0009523809523809,SZ,88921.0,88921.0,88921.0,88921.0,IV Liquid,{},{}
V0585,ER Registration>ER Triage>ER Sepsis Triage>CRP>Leucocytes>IV Liquid>IV Antibiotics>LacticAcid,8,1,0.0009523809523809,TZ,8050.0,8050.0,8050.0,8050.0,LacticAcid,{},{}
V0586,ER Registration>ER Triage>ER Sepsis Triage>CRP>LacticAcid>Leucocytes>IV Liquid>IV Antibiotics>Admission NC>Leucocytes>CRP>Release B,12,1,0.0009523809523809,UZ,531789.0,531789.0,531789.0,531789.0,Release B,"{""CRP"": 1, ""Leucocytes"": 1}",{}
V0587,ER Registration>ER Triage>ER Sepsis Triage>Leucocytes>Leucocytes>CRP,6,1,0.0009523809523809,VZ,15390.0,15390.0,15390.0,15390.0,CRP,"{""Leucocytes"": 1}",{}
V0588,ER Registration>ER Triage>ER Sepsis Triage>CRP>Leucocytes>LacticAcid>IV Liquid>IV Antibiotics>Admission NC>CRP>Leucocytes>LacticAcid>Leucocytes>CRP>Leucocytes>CRP>Leucocytes>CRP>CRP>Leucocytes>CRP>Leucocytes>Release C>Return ER,24,1,0.0009523809523809,WZ,5438837.0,5438837.0,5438837.0,5438837.0,Return ER,"{""CRP"": 1, ""LacticAcid"": 1, ""Leucocytes"": 1}",{}
V0589,IV Liquid>ER Registration>ER Triage>ER Sepsis Triage>LacticAcid>Leucocytes>CRP>IV Antibiotics>Admission NC>Leucocytes>CRP>LacticAcid>CRP>LacticAcid>Leucocytes>Release B,16,1,0.0009523809523809,XZ,675000.0,675000.0,675000.0,675000.0,Release B,"{""CRP"": 1, ""LacticAcid"": 1, ""Leucocytes"": 1}",{}
V0590,ER Registration>IV Liquid>ER Triage>Leucocytes>CRP>LacticAcid>ER Sepsis Triage>IV Antibiotics>Admission NC>Admission NC>Leucocytes>CRP>CRP>Release A>Return ER,15,1,0.0009523809523809,YZ,11753078.0,11753078.0,11753078.0,11753078.0,Return ER,"{""Admission NC"": 1, ""CRP"": 1, ""Leucocytes"": 1}",{}
V0591,ER Registration>ER Triage>ER Sepsis Triage>IV Liquid>Leucocytes>CRP>LacticAcid>IV Antibiotics>Admission NC>Release A>Return ER,11,1,0.0009523809523809,AAA,824336.0,824336.0,824336.0,824336.0,Return ER,{},{}
V0592,ER Registration>IV Liquid>ER Triage>ER Sepsis Triage>LacticAcid>CRP>Leucocytes>IV Antibiotics,8,1,0.0009523809523809,CAA,3671.0,3671.0,3671.0,3671.0,IV Antibiotics,{},{}
V0593,ER Registration>ER Triage>Leucocytes>CRP>LacticAcid>ER Sepsis Triage>IV Liquid>IV Antibiotics>Admission NC>Leucocytes>CRP>Leucocytes>CRP>Leucocytes>CRP>Release A,16,1,0.0009523809523809,DAA,737084.0,737084.0,737084.0,737084.0,Release A,"{""CRP"": 1, ""Leucocytes"": 1}",{}
V0594,ER Registration>ER Triage>ER Sepsis Triage>CRP>LacticAcid>Leucocytes>Admission NC>Leucocytes>CRP>Leucocytes>Admission NC>LacticAcid>CRP>Leucocytes>Release B,15,1,0.0009523809523809,EAA,222010.0,222010.0,222010.0,222010.0,Release B,"{""Admission NC"": 1, ""CRP"": 1, ""LacticAcid"": 1, ""Leucocytes"": 1}",{}
V0595,ER Registration>ER Triage>ER Sepsis Triage>Leucocytes>CRP>LacticAcid>IV Antibiotics>Admission NC>Leucocytes>CRP>LacticAcid>Admission NC>IV Liquid>CRP>Leucocytes>Release A>Return ER,17,1,0.0009523809523809,FAA,20873696.0,20873696.0,20873696.0,20873696.0,Return ER,"{""Admission NC"": 1, ""CRP"": 1, ""LacticAcid"": 1, ""Leucocytes"": 1}",{}
V0596,ER Registration>ER Triage>ER Sepsis Triage>IV Liquid>LacticAcid>CRP>Leucocytes>IV Antibiotics>Admission NC>Leucocytes>CRP>Leucocytes>CRP>Leucocytes>CRP>Release A,16,1,0.0009523809523809,GAA,446021.0,446021.0,446021.0,446021.0,Release A,"{""CRP"": 1, ""Leucocytes"": 1}",{}
V0597,ER Registration>ER Triage>ER Sepsis Triage>LacticAcid>Leucocytes>CRP>IV Antibiotics>Admission IC>CRP>Leucocytes>LacticAcid>Leucocytes>CRP>LacticAcid>Admission NC>Admission NC>Leucocytes>CRP>CRP>Leucocytes>Release A,21,1,0.0009523809523809,HAA,853834.0,853834.0,853834.0,853834.0,Release A,"{""Admission NC"": 1, ""CRP"": 1, ""LacticAcid"": 1, ""Leucocytes"": 1}",{}
V0598,ER Registration>ER Triage>ER Sepsis Triage>Leucocytes>CRP>Admission NC>Leucocytes>Admission NC>Leucocytes>Leucocytes>Leucocytes>Leucocytes>Leucocytes>Leucocytes>Leucocytes>Leucocytes>CRP>Leucocytes>Leucocytes>Leucocytes>Leucocytes>Leucocytes>Release E,23,1,0.0009523809523809,JAA,2512491.0,2512491.0,2512491.0,2512491.0,Release E,"{""Admission NC"": 1, ""CRP"": 1, ""Leucocytes"": 1}",{}
V0599,ER Registration>ER Triage>ER Sepsis Triage>LacticAcid>Leucocytes>CRP>Admission NC>CRP>Leucocytes>CRP>Leucocytes>Leucocytes>CRP>Release A,14,1,0.0009523809523809,MAA,252225.0,252225.0,252225.0,252225.0,Release A,"{""CRP"": 1, ""Leucocytes"": 1}",{}
V0600,ER Registration>ER Triage>ER Sepsis Triage>Leucocytes>CRP>LacticAcid>IV Antibiotics>Admission NC>CRP>Leucocytes>Admission IC>Leucocytes>CRP>LacticAcid>Leucocytes>CRP>LacticAcid>LacticAcid>CRP>Leucocytes>Leucocytes>CRP>LacticAcid>CRP>LacticAcid>Leucocytes>LacticAcid>CRP>Leucocytes>LacticAcid>Leucocytes>CRP>Leucocytes>LacticAcid>CRP>Admission NC>Release A,37,1,0.0009523809523809,OAA,1181736.0,1181736.0,1181736.0,1181736.0,Release A,"{""Admission NC"": 1, ""CRP"": 1, ""LacticAcid"": 1, ""Leucocytes"": 1}",{}
V0601,ER Registration>ER Triage>ER Sepsis Triage>Leucocytes>LacticAcid>CRP>IV Liquid>IV Antibiotics>Admission NC>CRP>Leucocytes>CRP>Leucocytes>Release C,14,1,0.0009523809523809,QAA,592098.0,592098.0,592098.0,592098.0,Release C,"{""CRP"": 1, ""Leucocytes"": 1}",{}
V0602,ER Registration>ER Triage>ER Sepsis Triage>CRP>Leucocytes>LacticAcid>IV Liquid>IV Antibiotics>Admission IC>CRP>Leucocytes>LacticAcid>Admission NC>Admission NC>Leucocytes>CRP>Release D,17,1,0.0009523809523809,RAA,857933.0,857933.0,857933.0,857933.0,Release D,"{""Admission NC"": 1, ""CRP"": 1, ""LacticAcid"": 1, ""Leucocytes"": 1}",{}
V0603,ER Registration>ER Triage>ER Sepsis Triage>CRP>Leucocytes>Admission NC>CRP>Leucocytes>Leucocytes>CRP>Release E,11,1,0.0009523809523809,SAA,1905370.0,1905370.0,1905370.0,1905370.0,Release E,"{""CRP"": 1, ""Leucocytes"": 1}",{}
V0604,ER Registration>ER Triage>ER Sepsis Triage>LacticAcid>Leucocytes>CRP>IV Liquid>IV Antibiotics>Admission NC>Leucocytes>CRP>Leucocytes>CRP>Leucocytes>CRP>Leucocytes>CRP>Release A,18,1,0.0009523809523809,TAA,1005355.0,1005355.0,1005355.0,1005355.0,Release A,"{""CRP"": 1, ""Leucocytes"": 1}",{}
V0605,ER Registration>ER Triage>ER Sepsis Triage>IV Liquid>IV Antibiotics>CRP>Leucocytes>LacticAcid>Admission IC>CRP>LacticAcid>Leucocytes>LacticAcid>CRP>Leucocytes>Admission NC>CRP>Leucocytes>Release A>Return ER,20,1,0.0009523809523809,VAA,36445607.0,36445607.0,36445607.0,36445607.0,Return ER,"{""CRP"": 1, ""LacticAcid"": 1, ""Leucocytes"": 1}",{}
V0606,ER Registration>IV Liquid>ER Triage>ER Sepsis Triage>LacticAcid>Leucocytes>CRP>IV Antibiotics>Admission NC>CRP>Leucocytes>Release A,12,1,0.0009523809523809,WAA,355993.0,355993.0,355993.0,355993.0,Release A,"{""CRP"": 1, ""Leucocytes"": 1}",{}
V0607,ER Registration>ER Sepsis Triage>IV Liquid>IV Antibiotics>ER Triage>Leucocytes>LacticAcid>CRP>Admission NC>Admission NC>Leucocytes>CRP>Release A,13,1,0.0009523809523809,XAA,361318.0,361318.0,361318.0,361318.0,Release A,"{""Admission NC"": 1, ""CRP"": 1, ""Leucocytes"": 1}",{}
V0608,ER Registration>ER Triage>ER Sepsis Triage>CRP>LacticAcid>Leucocytes>IV Liquid>IV Antibiotics>Admission NC>Admission NC>CRP>Leucocytes>CRP>CRP>Release A,15,1,0.0009523809523809,ZAA,543434.0,543434.0,543434.0,543434.0,Release A,"{""Admission NC"": 1, ""CRP"": 1, ""Leucocytes"": 1}",{}
V0609,ER Registration>ER Triage>ER Sepsis Triage>IV Liquid>LacticAcid>Leucocytes>CRP>IV Antibiotics>Admission NC>Leucocytes>CRP>Leucocytes>Leucocytes>CRP>CRP>Leucocytes>Release A,17,1,0.0009523809523809,ABA,535956.0,535956.0,535956.0,535956.0,Release A,"{""CRP"": 1, ""Leucocytes"": 1}",{}
V0610,ER Registration>ER Triage>ER Sepsis Triage>CRP>LacticAcid>Leucocytes>IV Liquid>IV Antibiotics>Admission NC>Admission NC>Leucocytes>CRP>CRP>Release A,14,1,0.0009523809523809,BBA,442299.0,442299.0,442299.0,442299.0,Release A,"{""Admission NC"": 1, ""CRP"": 1, ""Leucocytes"": 1}",{}
V0611,ER Registration>ER Triage>ER Sepsis Triage>Leucocytes>LacticAcid>CRP>IV Liquid>IV Antibiotics>Admission NC>CRP>Leucocytes>LacticAcid>LacticAcid>CRP>Admission NC>CRP>LacticAcid>Leucocytes>CRP>Admission NC>Release A,21,1,0.0009523809523809,CBA,1265985.0,1265985.0,1265985.0,1265985.0,Release A,"{""Admission NC"": 1, ""CRP"": 1, ""LacticAcid"": 1, ""Leucocytes"": 1}",{}
V0612,ER Registration>ER Triage>LacticAcid>Leucocytes>CRP>ER Sepsis Triage>IV Liquid>IV Antibiotics>Admission NC>Leucocytes>CRP>Admission NC>CRP>Release A,14,1,0.0009523809523809,DBA,340473.0,340473.0,340473.0,340473.0,Release A,"{""Admission NC"": 1, ""CRP"": 1, ""Leucocytes"": 1}",{}
V0613,ER Registration>ER Triage>ER Sepsis Triage>LacticAcid>CRP>Leucocytes>IV Liquid>IV Antibiotics>Admission NC>CRP>CRP>Release A,12,1,0.0009523809523809,EBA,251982.0,251982.0,251982.0,251982.0,Release A,"{""CRP"": 1}",{}
V0614,ER Registration>ER Triage>ER Sepsis Triage>Leucocytes>LacticAcid>CRP>IV Liquid>IV Antibiotics>Admission NC>Release A>Return ER,11,1,0.0009523809523809,GBA,13924758.0,13924758.0,13924758.0,13924758.0,Return ER,{},{}
V0615,ER Registration>ER Triage>ER Sepsis Triage>CRP>LacticAcid>Leucocytes>IV Liquid>IV Antibiotics>Admission NC>CRP>Leucocytes>Leucocytes>CRP>Release C>Return ER,15,1,0.0009523809523809,HBA,11295350.0,11295350.0,11295350.0,11295350.0,Return ER,"{""CRP"": 1, ""Leucocytes"": 1}",{}
V0616,ER Registration>ER Triage>ER Sepsis Triage>IV Liquid>Leucocytes>CRP>LacticAcid>IV Antibiotics>Admission NC>CRP>CRP>Release A,12,1,0.0009523809523809,IBA,440629.0,440629.0,440629.0,440629.0,Release A,"{""CRP"": 1}",{}
V0617,ER Registration>ER Triage>ER Sepsis Triage>IV Liquid>CRP>Leucocytes>LacticAcid>IV Antibiotics>Admission NC>Admission NC>Leucocytes>CRP>CRP>Leucocytes>Release A,15,1,0.0009523809523809,KBA,258520.0,258520.0,258520.0,258520.0,Release A,"{""Admission NC"": 1, ""CRP"": 1, ""Leucocytes"": 1}",{}
V0618,ER Registration>ER Triage>ER Sepsis Triage>IV Liquid>CRP>Leucocytes>LacticAcid>IV Antibiotics>Admission NC>Leucocytes>CRP>Admission NC>Leucocytes>CRP>CRP>Leucocytes>CRP>Leucocytes>Release C,19,1,0.0009523809523809,LBA,1254614.0,1254614.0,1254614.0,1254614.0,Release C,"{""Admission NC"": 1, ""CRP"": 1, ""Leucocytes"": 1}",{}
V0619,ER Registration>ER Triage>ER Sepsis Triage>IV Liquid>IV Antibiotics>Leucocytes>CRP>LacticAcid>Admission NC>CRP>Release A,11,1,0.0009523809523809,MBA,347447.0,347447.0,347447.0,347447.0,Release A,"{""CRP"": 1}",{}
V0620,ER Registration>ER Triage>ER Sepsis Triage>CRP>LacticAcid>Leucocytes>Admission NC>CRP>Leucocytes>LacticAcid>Leucocytes>CRP>Release A,13,1,0.0009523809523809,OBA,413977.0,413977.0,413977.0,413977.0,Release A,"{""CRP"": 1, ""LacticAcid"": 1, ""Leucocytes"": 1}",{}
V0621,ER Registration>ER Triage>ER Sepsis Triage>IV Liquid>IV Antibiotics>CRP>Leucocytes>LacticAcid>Admission IC>LacticAcid>Release B,11,1,0.0009523809523809,PBA,28391.0,28391.0,28391.0,28391.0,Release B,"{""LacticAcid"": 1}",{}
V0622,ER Registration>ER Triage>ER Sepsis Triage>IV Liquid>IV Antibiotics>LacticAcid>Leucocytes>CRP>Admission IC>Leucocytes>CRP>LacticAcid>CRP>LacticAcid>Leucocytes>LacticAcid>CRP>Leucocytes>LacticAcid>Admission NC>CRP>Leucocytes>Leucocytes>CRP>CRP>Leucocytes>CRP>Leucocytes>CRP>Leucocytes>Leucocytes>CRP>Release A,33,1,0.0009523809523809,QBA,740487.0,740487.0,740487.0,740487.0,Release A,"{""CRP"": 1, ""LacticAcid"": 1, ""Leucocytes"": 1}",{}
V0623,ER Registration>ER Triage>ER Sepsis Triage>CRP>Leucocytes>LacticAcid>IV Antibiotics>Admission NC>Leucocytes>CRP>Leucocytes>CRP>Release A,13,1,0.0009523809523809,RBA,273338.0,273338.0,273338.0,273338.0,Release A,"{""CRP"": 1, ""Leucocytes"": 1}",{}
V0624,ER Registration>ER Triage>ER Sepsis Triage>Leucocytes>LacticAcid>CRP>IV Liquid>IV Antibiotics>Admission NC>LacticAcid>Admission NC>Leucocytes>CRP>Release A,14,1,0.0009523809523809,SBA,472576.0,472576.0,472576.0,472576.0,Release A,"{""Admission NC"": 1, ""CRP"": 1, ""LacticAcid"": 1, ""Leucocytes"": 1}",{}
V0625,ER Registration>ER Triage>ER Sepsis Triage>IV Liquid>Leucocytes>LacticAcid>CRP>IV Antibiotics>Admission NC>CRP>Leucocytes>CRP>Leucocytes>Release A>Return ER,15,1,0.0009523809523809,UBA,33434200.0,33434200.0,33434200.0,33434200.0,Return ER,"{""CRP"": 1, ""Leucocytes"": 1}",{}
V0626,ER Registration>ER Triage>ER Sepsis Triage>CRP>LacticAcid>Leucocytes>Admission NC>Admission NC>CRP>CRP>CRP>Release A,12,1,0.0009523809523809,WBA,408963.0,408963.0,408963.0,408963.0,Release A,"{""Admission NC"": 1, ""CRP"": 1}",{}
V0627,ER Registration>ER Triage>ER Sepsis Triage>Leucocytes>LacticAcid>CRP>Admission NC>Admission NC>Admission IC>LacticAcid>Leucocytes>CRP>Leucocytes>LacticAcid>IV Liquid>IV Antibiotics>Leucocytes>CRP>LacticAcid>LacticAcid>Leucocytes>CRP>Admission NC>Leucocytes>Leucocytes>Release A>Return ER,27,1,0.0009523809523809,XBA,5085765.0,5085765.0,5085765.0,5085765.0,Return ER,"{""Admission NC"": 1, ""CRP"": 1, ""LacticAcid"": 1, ""Leucocytes"": 1}",{}
V0628,ER Registration>ER Triage>LacticAcid>Leucocytes>CRP>ER Sepsis Triage>IV Liquid>IV Antibiotics>Admission NC>CRP>Release A,11,1,0.0009523809523809,ZBA,237650.0,237650.0,237650.0,237650.0,Release A,"{""CRP"": 1}",{}
V0629,ER Registration>ER Triage>ER Sepsis Triage>IV Liquid>Leucocytes>LacticAcid>CRP>IV Antibiotics>Admission NC>CRP>Leucocytes>LacticAcid>LacticAcid>CRP>Leucocytes>Leucocytes>CRP>LacticAcid>Release E,19,1,0.0009523809523809,BCA,174141.0,174141.0,174141.0,174141.0,Release E,"{""CRP"": 1, ""LacticAcid"": 1, ""Leucocytes"": 1}",{}
V0630,ER Registration>ER Triage>Leucocytes>LacticAcid>CRP>Admission IC>ER Sepsis Triage>IV Liquid>IV Antibiotics>Leucocytes>LacticAcid>CRP>CRP>LacticAcid>Leucocytes>Admission NC>Leucocytes>CRP>Release A,19,1,0.0009523809523809,ECA,404516.0,404516.0,404516.0,404516.0,Release A,"{""CRP"": 1, ""LacticAcid"": 1, ""Leucocytes"": 1}",{}
V0631,ER Registration>ER Triage>ER Sepsis Triage>LacticAcid>CRP>Leucocytes>IV Liquid>IV Antibiotics>Admission NC>Leucocytes>CRP>Leucocytes>CRP>Release A>Return ER,15,1,0.0009523809523809,FCA,3441077.0,3441077.0,3441077.0,3441077.0,Return ER,"{""CRP"": 1, ""Leucocytes"": 1}",{}
V0632,ER Registration>ER Triage>ER Sepsis Triage>CRP>LacticAcid>Leucocytes>IV Liquid>IV Antibiotics>Admission NC>CRP>Leucocytes>Leucocytes>Release A>Return ER,14,1,0.0009523809523809,GCA,14259816.0,14259816.0,14259816.0,14259816.0,Return ER,"{""CRP"": 1, ""Leucocytes"": 1}",{}
V0633,ER Registration>ER Triage>ER Sepsis Triage>CRP>Leucocytes>LacticAcid>IV Liquid>IV Antibiotics>Admission NC>CRP>Leucocytes>CRP>Leucocytes>CRP>CRP>Leucocytes>Release D>Return ER,18,1,0.0009523809523809,JCA,6837362.0,6837362.0,6837362.0,6837362.0,Return ER,"{""CRP"": 1, ""Leucocytes"": 1}",{}
V0634,ER Registration>IV Liquid>ER Triage>ER Sepsis Triage>CRP>Leucocytes>IV Antibiotics>Admission NC>Leucocytes>CRP>Release A,11,1,0.0009523809523809,KCA,331490.0,331490.0,331490.0,331490.0,Release A,"{""CRP"": 1, ""Leucocytes"": 1}",{}
V0635,IV Liquid>ER Registration>ER Triage>ER Sepsis Triage>IV Antibiotics>Leucocytes>CRP>LacticAcid>Admission NC>Admission NC>CRP>Leucocytes>CRP>Leucocytes>CRP>Release A>Return ER,17,1,0.0009523809523809,NCA,27371845.0,27371845.0,27371845.0,27371845.0,Return ER,"{""Admission NC"": 1, ""CRP"": 1, ""Leucocytes"": 1}",{}
V0636,ER Registration>ER Triage>ER Sepsis Triage>Leucocytes>CRP>LacticAcid>Admission NC>Leucocytes>CRP>LacticAcid,10,1,0.0009523809523809,PCA,48008.0,48008.0,48008.0,48008.0,LacticAcid,"{""CRP"": 1, ""LacticAcid"": 1, ""Leucocytes"": 1}",{}
V0637,ER Registration>ER Triage>ER Sepsis Triage>CRP>Leucocytes>LacticAcid>IV Liquid>IV Antibiotics>Admission NC>Leucocytes>CRP>Admission NC>CRP>Leucocytes>Release A,15,1,0.0009523809523809,QCA,328273.0,328273.0,328273.0,328273.0,Release A,"{""Admission NC"": 1, ""CRP"": 1, ""Leucocytes"": 1}",{}
V0638,ER Registration>ER Triage>ER Sepsis Triage>CRP>Leucocytes>LacticAcid>IV Liquid>IV Antibiotics>Admission NC>LacticAcid>Admission NC>Leucocytes>CRP>Release A>Return ER,15,1,0.0009523809523809,RCA,22083663.0,22083663.0,22083663.0,22083663.0,Return ER,"{""Admission NC"": 1, ""CRP"": 1, ""LacticAcid"": 1, ""Leucocytes"": 1}",{}
V0639,ER Registration>IV Liquid>ER Triage>ER Sepsis Triage>Leucocytes>CRP>LacticAcid>IV Antibiotics>Admission IC>Leucocytes>CRP>LacticAcid>Admission NC>Leucocytes>Admission NC>Release A>Return ER,17,1,0.0009523809523809,SCA,2296219.0,2296219.0,2296219.0,2296219.0,Return ER,"{""Admission NC"": 1, ""CRP"": 1, ""LacticAcid"": 1, ""Leucocytes"": 1}",{}
V0640,ER Registration>ER Triage>ER Sepsis Triage>CRP>LacticAcid>Leucocytes>IV Liquid>IV Antibiotics>Admission NC>Leucocytes>CRP>Leucocytes>CRP>CRP>Leucocytes>CRP>Leucocytes>CRP>Leucocytes>Release A>Return ER,21,1,0.0009523809523809,TCA,2849616.0,2849616.0,2849616.0,2849616.0,Return ER,"{""CRP"": 1, ""Leucocytes"": 1}",{}
V0641,ER Registration>ER Triage>ER Sepsis Triage>LacticAcid>CRP>Leucocytes>IV Liquid>IV Antibiotics>Admission NC>CRP>Leucocytes>CRP>Leucocytes>Release A>Return ER,15,1,0.0009523809523809,VCA,16216007.0,16216007.0,16216007.0,16216007.0,Return ER,"{""CRP"": 1, ""Leucocytes"": 1}",{}
V0642,ER Registration>ER Triage>ER Sepsis Triage>IV Liquid>IV Antibiotics>CRP>LacticAcid>Leucocytes>Admission IC>Leucocytes>CRP>LacticAcid>LacticAcid>CRP>Leucocytes>Admission NC>CRP>CRP>Leucocytes>Release A,20,1,0.0009523809523809,WCA,363466.0,363466.0,363466.0,363466.0,Release A,"{""CRP"": 1, ""LacticAcid"": 1, ""Leucocytes"": 1}",{}
V0643,ER Registration>ER Triage>ER Sepsis Triage>LacticAcid>Leucocytes>CRP>IV Liquid>IV Antibiotics>Admission NC>Admission NC>CRP>Leucocytes>CRP>Admission IC>LacticAcid>CRP>Leucocytes>LacticAcid>Admission NC>Admission NC>CRP>Leucocytes>CRP>Leucocytes>CRP>Leucocytes>CRP>Leucocytes>CRP>Leucocytes>CRP>Leucocytes>CRP>Release A>Return ER,35,1,0.0009523809523809,XCA,1848796.0,1848796.0,1848796.0,1848796.0,Return ER,"{""Admission NC"": 1, ""CRP"": 1, ""LacticAcid"": 1, ""Leucocytes"": 1}",{}
V0644,ER Registration>ER Triage>ER Sepsis Triage>CRP>Leucocytes>LacticAcid>IV Antibiotics>IV Liquid>Admission NC>Leucocytes>CRP,11,1,0.0009523809523809,YCA,44666.0,44666.0,44666.0,44666.0,CRP,"{""CRP"": 1, ""Leucocytes"": 1}",{}
V0645,ER Registration>ER Triage>ER Sepsis Triage>IV Liquid>CRP>Leucocytes>LacticAcid>IV Antibiotics>LacticAcid,9,1,0.0009523809523809,ZCA,21658.0,21658.0,21658.0,21658.0,LacticAcid,"{""LacticAcid"": 1}",{}
V0646,ER Registration>ER Triage>ER Sepsis Triage>LacticAcid>Leucocytes>CRP>IV Antibiotics>Admission NC>CRP>Leucocytes>CRP>Leucocytes>CRP>Leucocytes>CRP>Leucocytes>CRP>CRP>Leucocytes>Release A>Return ER>CRP>Leucocytes>LacticAcid,24,1,0.0009523809523809,ADA,1345424.0,1345424.0,1345424.0,1345424.0,LacticAcid,"{""CRP"": 1, ""LacticAcid"": 1, ""Leucocytes"": 1}",{}
V0647,ER Registration>ER Triage>ER Sepsis Triage>Leucocytes>CRP>LacticAcid>IV Liquid>IV Antibiotics>Admission NC>Admission NC>Leucocytes>Release A,12,1,0.0009523809523809,BDA,439203.0,439203.0,439203.0,439203.0,Release A,"{""Admission NC"": 1, ""Leucocytes"": 1}",{}
V0648,ER Registration>ER Triage>ER Sepsis Triage>IV Liquid>IV Antibiotics>CRP>Leucocytes>LacticAcid>Admission NC>CRP>Leucocytes>CRP>Leucocytes>Leucocytes>CRP>CRP>Release A,17,1,0.0009523809523809,DDA,920572.0,920572.0,920572.0,920572.0,Release A,"{""CRP"": 1, ""Leucocytes"": 1}",{}
V0649,ER Registration>ER Triage>ER Sepsis Triage>CRP>LacticAcid>Leucocytes>IV Antibiotics>Admission NC>Leucocytes>CRP>Admission NC>IV Liquid>CRP>Leucocytes>Leucocytes>CRP>Release A>Return ER,18,1,0.0009523809523809,FDA,1348028.0,1348028.0,1348028.0,1348028.0,Return ER,"{""Admission NC"": 1, ""CRP"": 1, ""Leucocytes"": 1}",{}
V0650,ER Registration>ER Triage>ER Sepsis Triage>Leucocytes>CRP>Admission NC>Admission NC>Release A>Return ER,9,1,0.0009523809523809,GDA,17922434.0,17922434.0,17922434.0,17922434.0,Return ER,"{""Admission NC"": 1}",{}
V0651,ER Registration>ER Triage>ER Sepsis Triage>IV Liquid>IV Antibiotics>LacticAcid>Leucocytes>CRP>Admission NC>CRP>Release A>Return ER,12,1,0.0009523809523809,HDA,31531116.0,31531116.0,31531116.0,31531116.0,Return ER,"{""CRP"": 1}",{}
V0652,ER Registration>ER Triage>ER Sepsis Triage>Leucocytes>CRP>LacticAcid>IV Liquid>IV Antibiotics>Admission NC>Admission NC>Leucocytes>Release A>Return ER,13,1,0.0009523809523809,IDA,3392567.0,3392567.0,3392567.0,3392567.0,Return ER,"{""Admission NC"": 1, ""Leucocytes"": 1}",{}
V0653,ER Registration>ER Triage>ER Sepsis Triage>IV Antibiotics>CRP>LacticAcid>Leucocytes>IV Liquid>Admission NC>CRP>Leucocytes>Admission NC>CRP>Leucocytes>Release A,15,1,0.0009523809523809,LDA,408916.0,408916.0,408916.0,408916.0,Release A,"{""Admission NC"": 1, ""CRP"": 1, ""Leucocytes"": 1}",{}
V0654,IV Liquid>ER Registration>ER Triage>Leucocytes>CRP>LacticAcid>ER Sepsis Triage>IV Antibiotics>Admission IC>LacticAcid>CRP>Leucocytes,12,1,0.0009523809523809,MDA,39569.0,39569.0,39569.0,39569.0,Leucocytes,"{""CRP"": 1, ""LacticAcid"": 1, ""Leucocytes"": 1}",{}
V0655,ER Registration>ER Triage>ER Sepsis Triage>IV Liquid>LacticAcid>Leucocytes>CRP>IV Antibiotics>Admission IC>LacticAcid>CRP>Leucocytes>Admission NC>Admission NC>Release A,15,1,0.0009523809523809,NDA,284032.0,284032.0,284032.0,284032.0,Release A,"{""Admission NC"": 1, ""CRP"": 1, ""LacticAcid"": 1, ""Leucocytes"": 1}",{}
V0656,ER Registration>ER Triage>ER Sepsis Triage>IV Liquid>IV Antibiotics>CRP>Leucocytes>LacticAcid>Admission NC>Leucocytes>CRP>Leucocytes>CRP>Leucocytes>CRP>Admission NC>Leucocytes>CRP>CRP>Leucocytes>Leucocytes>CRP>Release D,23,1,0.0009523809523809,ODA,864082.0,864082.0,864082.0,864082.0,Release D,"{""Admission NC"": 1, ""CRP"": 1, ""Leucocytes"": 1}",{}
V0657,ER Registration>ER Triage>ER Sepsis Triage>Leucocytes>CRP>LacticAcid>IV Liquid>IV Antibiotics>Admission NC>Admission NC>CRP>Leucocytes>LacticAcid>Leucocytes>CRP>Release A,16,1,0.0009523809523809,PDA,525979.0,525979.0,525979.0,525979.0,Release A,"{""Admission NC"": 1, ""CRP"": 1, ""LacticAcid"": 1, ""Leucocytes"": 1}",{}
V0658,ER Registration>ER Triage>ER Sepsis Triage>Leucocytes>CRP>Admission NC>Leucocytes>Release A>Return ER,9,1,0.0009523809523809,QDA,10098646.0,10098646.0,10098646.0,10098646.0,Return ER,"{""Leucocytes"": 1}",{}
V0659,ER Registration>ER Triage>ER Sepsis Triage>IV Liquid>IV Antibiotics>Leucocytes>CRP>LacticAcid>Admission NC>Release A,10,1,0.0009523809523809,TDA,238454.0,238454.0,238454.0,238454.0,Release A,{},{}
V0660,Leucocytes>CRP>ER Registration>ER Triage>ER Sepsis Triage>CRP>LacticAcid>Leucocytes>IV Liquid>IV Antibiotics>Admission NC>Leucocytes>CRP>Admission NC>CRP>Leucocytes>Leucocytes>Leucocytes>CRP>Leucocytes>CRP>CRP>Leucocytes>CRP>Leucocytes>Leucocytes>CRP>Leucocytes>CRP>Release A,30,1,0.0009523809523809,UDA,1049820.0,1049820.0,1049820.0,1049820.0,Release A,"{""Admission NC"": 1, ""CRP"": 1, ""Leucocytes"": 1}",{}
V0661,IV Liquid>ER Registration>ER Triage>ER Sepsis Triage>LacticAcid>Leucocytes>CRP>IV Antibiotics>Admission IC>Leucocytes>CRP>LacticAcid>CRP>LacticAcid>Leucocytes>Admission NC>Leucocytes>CRP>Leucocytes>CRP>Leucocytes>CRP>Leucocytes>CRP>CRP>Leucocytes>Leucocytes>CRP>Leucocytes>CRP>Release A,31,1,0.0009523809523809,WDA,1056795.0,1056795.0,1056795.0,1056795.0,Release A,"{""CRP"": 1, ""LacticAcid"": 1, ""Leucocytes"": 1}",{}
V0662,ER Registration>ER Triage>ER Sepsis Triage>IV Liquid>LacticAcid>Leucocytes>CRP>IV Antibiotics>Admission IC>CRP>Leucocytes>LacticAcid>LacticAcid>Leucocytes>Admission NC>CRP>Release A>Return ER,18,1,0.0009523809523809,ZDA,6451747.0,6451747.0,6451747.0,6451747.0,Return ER,"{""CRP"": 1, ""LacticAcid"": 1, ""Leucocytes"": 1}",{}
V0663,ER Registration>ER Triage>ER Sepsis Triage>LacticAcid>CRP>Leucocytes>IV Liquid>IV Antibiotics>Admission NC,9,1,0.0009523809523809,AEA,15221.0,15221.0,15221.0,15221.0,Admission NC,{},{}
V0664,CRP>Leucocytes>LacticAcid>ER Registration>ER Triage>ER Sepsis Triage>IV Antibiotics>IV Liquid,8,1,0.0009523809523809,BEA,3130.0,3130.0,3130.0,3130.0,IV Liquid,{},{}
V0665,ER Registration>ER Triage>CRP>Leucocytes>LacticAcid>ER Sepsis Triage>IV Liquid>IV Antibiotics>Admission NC>CRP>Leucocytes>CRP>CRP>Release A,14,1,0.0009523809523809,CEA,689600.0,689600.0,689600.0,689600.0,Release A,"{""CRP"": 1, ""Leucocytes"": 1}",{}
V0666,ER Registration>ER Triage>ER Sepsis Triage>IV Liquid>LacticAcid>CRP>Leucocytes>IV Antibiotics>Admission NC>Leucocytes>CRP>Admission NC>CRP>Release A,14,1,0.0009523809523809,DEA,199414.0,199414.0,199414.0,199414.0,Release A,"{""Admission NC"": 1, ""CRP"": 1, ""Leucocytes"": 1}",{}
V0667,ER Registration>ER Triage>ER Sepsis Triage>CRP>Leucocytes>LacticAcid>IV Antibiotics>IV Liquid>Admission NC>Leucocytes>CRP>Release A>Return ER,13,1,0.0009523809523809,EEA,12275474.0,12275474.0,12275474.0,12275474.0,Return ER,"{""CRP"": 1, ""Leucocytes"": 1}",{}
V0668,ER Registration>ER Triage>Leucocytes>CRP>LacticAcid>ER Sepsis Triage>IV Liquid>IV Antibiotics>Admission NC>Release A,10,1,0.0009523809523809,FEA,136432.0,136432.0,136432.0,136432.0,Release A,{},{}
V0669,ER Registration>ER Triage>ER Sepsis Triage>Leucocytes>CRP>LacticAcid>IV Antibiotics>Admission NC>IV Liquid>Leucocytes>CRP>CRP>Leucocytes>Release A,14,1,0.0009523809523809,GEA,327135.0,327135.0,327135.0,327135.0,Release A,"{""CRP"": 1, ""Leucocytes"": 1}",{}
V0670,ER Registration>ER Triage>ER Sepsis Triage>IV Liquid>CRP>Leucocytes>LacticAcid>IV Antibiotics>Admission NC>Leucocytes>CRP>CRP>Leucocytes>Leucocytes>CRP>Release A>Return ER>CRP>Leucocytes,19,1,0.0009523809523809,HEA,495194.0,495194.0,495194.0,495194.0,Leucocytes,"{""CRP"": 1, ""Leucocytes"": 1}",{}
V0671,ER Registration>IV Liquid>ER Triage>ER Sepsis Triage>IV Antibiotics>LacticAcid>Leucocytes>CRP>Admission NC>CRP>Leucocytes>Release A>Return ER,13,1,0.0009523809523809,IEA,4603282.0,4603282.0,4603282.0,4603282.0,Return ER,"{""CRP"": 1, ""Leucocytes"": 1}",{}
V0672,ER Registration>ER Triage>ER Sepsis Triage>IV Liquid>CRP>LacticAcid>Leucocytes>IV Antibiotics>Admission NC>CRP>Leucocytes>CRP>CRP>Admission IC>Leucocytes>CRP>LacticAcid>Leucocytes>LacticAcid>Leucocytes>CRP>Leucocytes>LacticAcid>Leucocytes>Leucocytes>Leucocytes>Leucocytes>Leucocytes>Leucocytes>Release B,30,1,0.0009523809523809,LEA,560857.0,560857.0,560857.0,560857.0,Release B,"{""CRP"": 1, ""LacticAcid"": 1, ""Leucocytes"": 1}",{}
V0673,ER Registration>ER Triage>ER Sepsis Triage>LacticAcid>CRP>Leucocytes>IV Liquid>IV Antibiotics>Admission NC>CRP>Leucocytes>Admission NC>Leucocytes>CRP>Leucocytes>CRP>Leucocytes>CRP>CRP>Leucocytes>Release A,21,1,0.0009523809523809,MEA,690949.0,690949.0,690949.0,690949.0,Release A,"{""Admission NC"": 1, ""CRP"": 1, ""Leucocytes"": 1}",{}
V0674,ER Registration>ER Triage>ER Sepsis Triage>Leucocytes>LacticAcid>CRP>IV Antibiotics>Admission IC>CRP>LacticAcid>Leucocytes>Leucocytes>Leucocytes>Leucocytes>Leucocytes>CRP>LacticAcid>Leucocytes>CRP>LacticAcid>LacticAcid>CRP>Leucocytes>Admission NC>Leucocytes>CRP>Leucocytes>CRP>Leucocytes>CRP>CRP>Leucocytes>Leucocytes>CRP>Leucocytes>CRP>CRP>Leucocytes>Leucocytes>CRP>Leucocytes>CRP>Leucocytes>CRP>Leucocytes>CRP>Leucocytes>CRP>Leucocytes>CRP>Release A,51,1,0.0009523809523809,NEA,3377932.0,3377932.0,3377932.0,3377932.0,Release A,"{""CRP"": 1, ""LacticAcid"": 1, ""Leucocytes"": 1}",{}
V0675,ER Registration>ER Triage>CRP>LacticAcid>Leucocytes>ER Sepsis Triage>IV Liquid>IV Antibiotics>Admission NC>Admission NC>Leucocytes>CRP>CRP>Leucocytes>CRP>Leucocytes>Leucocytes>CRP>Release D>Return ER,20,1,0.0009523809523809,OEA,16065386.0,16065386.0,16065386.0,16065386.0,Return ER,"{""Admission NC"": 1, ""CRP"": 1, ""Leucocytes"": 1}",{}
V0676,ER Registration>Leucocytes>CRP>ER Triage>ER Sepsis Triage>IV Liquid>IV Antibiotics,7,1,0.0009523809523809,QEA,4609.0,4609.0,4609.0,4609.0,IV Antibiotics,{},{}
V0677,ER Registration>ER Triage>ER Sepsis Triage>IV Antibiotics>CRP>Leucocytes>LacticAcid>Admission NC>Release A>Return ER,10,1,0.0009523809523809,SEA,4255679.0,4255679.0,4255679.0,4255679.0,Return ER,{},{}
V0678,ER Registration>ER Triage>CRP>Leucocytes>LacticAcid>Admission NC>ER Sepsis Triage>IV Liquid>IV Antibiotics>Admission NC>Leucocytes>CRP>Release A,13,1,0.0009523809523809,TEA,349229.0,349229.0,349229.0,349229.0,Release A,"{""Admission NC"": 1, ""CRP"": 1, ""Leucocytes"": 1}",{}
V0679,ER Registration>ER Triage>ER Sepsis Triage>CRP>Leucocytes>IV Liquid>IV Antibiotics,7,1,0.0009523809523809,WEA,10787.0,10787.0,10787.0,10787.0,IV Antibiotics,{},{}
V0680,ER Registration>ER Triage>ER Sepsis Triage>IV Liquid>IV Antibiotics>CRP>Leucocytes>LacticAcid>Admission IC>LacticAcid>CRP>Leucocytes>CRP>Leucocytes>LacticAcid>Admission NC>Release A>Return ER,18,1,0.0009523809523809,ZEA,2388660.0,2388660.0,2388660.0,2388660.0,Return ER,"{""CRP"": 1, ""LacticAcid"": 1, ""Leucocytes"": 1}",{}
V0681,ER Registration>ER Triage>ER Sepsis Triage>Leucocytes>CRP>IV Antibiotics>Admission NC>CRP>CRP>CRP>CRP>Release A>Return ER,13,1,0.0009523809523809,AFA,7606617.0,7606617.0,7606617.0,7606617.0,Return ER,"{""CRP"": 1}",{}
V0682,Leucocytes>CRP>ER Registration>ER Triage>ER Sepsis Triage>IV Liquid>IV Antibiotics>CRP>Leucocytes>LacticAcid>Admission NC>Leucocytes>LacticAcid>Admission NC>Leucocytes>CRP>Admission IC>LacticAcid>Leucocytes>CRP>Release B,21,1,0.0009523809523809,BFA,369480.0,369480.0,369480.0,369480.0,Release B,"{""Admission NC"": 1, ""CRP"": 1, ""LacticAcid"": 1, ""Leucocytes"": 1}",{}
V0683,ER Registration>ER Triage>ER Sepsis Triage>LacticAcid>CRP>Leucocytes>IV Antibiotics>Admission NC>CRP>Leucocytes>Admission NC>CRP>Leucocytes>Leucocytes>CRP>Leucocytes>CRP>Release A,18,1,0.0009523809523809,CFA,1257852.0,1257852.0,1257852.0,1257852.0,Release A,"{""Admission NC"": 1, ""CRP"": 1, ""Leucocytes"": 1}",{}
V0684,ER Registration>ER Triage>ER Sepsis Triage>Leucocytes>CRP>Admission NC>Admission NC>Leucocytes>CRP>Release A,10,1,0.0009523809523809,DFA,603093.0,603093.0,603093.0,603093.0,Release A,"{""Admission NC"": 1, ""CRP"": 1, ""Leucocytes"": 1}",{}
V0685,ER Registration>ER Triage>ER Sepsis Triage>IV Liquid>LacticAcid>Leucocytes>CRP>IV Antibiotics,8,1,0.0009523809523809,HFA,17707.0,17707.0,17707.0,17707.0,IV Antibiotics,{},{}
V0686,ER Registration>ER Triage>ER Sepsis Triage>Leucocytes>CRP>Admission NC>Release A>Return ER,8,1,0.0009523809523809,JFA,17625035.0,17625035.0,17625035.0,17625035.0,Return ER,{},{}
V0687,ER Registration>ER Triage>ER Sepsis Triage>IV Liquid>Leucocytes>CRP>LacticAcid>IV Antibiotics>Admission NC>Admission NC>CRP>Leucocytes>CRP>Release A>Return ER,15,1,0.0009523809523809,KFA,2330789.0,2330789.0,2330789.0,2330789.0,Return ER,"{""Admission NC"": 1, ""CRP"": 1, ""Leucocytes"": 1}",{}
V0688,ER Registration>ER Triage>Leucocytes>CRP>LacticAcid>ER Sepsis Triage>IV Liquid>IV Antibiotics>Admission NC>Leucocytes>CRP>Release A>Return ER,13,1,0.0009523809523809,MFA,3601319.0,3601319.0,3601319.0,3601319.0,Return ER,"{""CRP"": 1, ""Leucocytes"": 1}",{}
V0689,ER Registration>LacticAcid>Leucocytes>CRP>ER Triage>ER Sepsis Triage>IV Antibiotics,7,1,0.0009523809523809,OFA,18396.0,18396.0,18396.0,18396.0,IV Antibiotics,{},{}
V0690,ER Registration>ER Triage>ER Sepsis Triage>IV Liquid>IV Antibiotics>Leucocytes>LacticAcid>CRP>Admission IC>LacticAcid>CRP>LacticAcid>Leucocytes>LacticAcid>CRP>Leucocytes>Admission NC>Leucocytes>CRP>Release A,20,1,0.0009523809523809,PFA,507964.0,507964.0,507964.0,507964.0,Release A,"{""CRP"": 1, ""LacticAcid"": 1, ""Leucocytes"": 1}",{}
V0691,ER Registration>ER Triage>ER Sepsis Triage>CRP>Leucocytes>LacticAcid>Admission NC>Release B,8,1,0.0009523809523809,QFA,47913.0,47913.0,47913.0,47913.0,Release B,{},{}
V0692,ER Registration>IV Liquid>ER Triage>ER Sepsis Triage>IV Antibiotics>LacticAcid>Leucocytes>CRP>Admission NC>Release B,10,1,0.0009523809523809,RFA,98680.0,98680.0,98680.0,98680.0,Release B,{},{}
V0693,ER Registration>ER Triage>ER Sepsis Triage>IV Liquid>CRP>LacticAcid>Leucocytes>IV Antibiotics>Admission NC>ER Triage>Leucocytes>CRP>CRP>Leucocytes>Release A>Return ER,16,1,0.0009523809523809,SFA,5845635.0,5845635.0,5845635.0,5845635.0,Return ER,"{""CRP"": 1, ""ER Triage"": 1, ""Leucocytes"": 1}",{}
V0694,ER Registration>ER Triage>Leucocytes>LacticAcid>CRP>ER Sepsis Triage,6,1,0.0009523809523809,TFA,354.0,354.0,354.0,354.0,ER Sepsis Triage,{},{}
V0695,ER Registration>ER Triage>ER Sepsis Triage>Leucocytes>CRP>LacticAcid>IV Antibiotics>IV Liquid>Admission NC>Admission NC>Leucocytes>CRP>Leucocytes>CRP>Leucocytes>Release A,16,1,0.0009523809523809,VFA,946215.0,946215.0,946215.0,946215.0,Release A,"{""Admission NC"": 1, ""CRP"": 1, ""Leucocytes"": 1}",{}
V0696,ER Registration>ER Triage>ER Sepsis Triage>Leucocytes>CRP>Admission NC>Admission IC>Leucocytes>CRP>LacticAcid>CRP>LacticAcid>Leucocytes>Leucocytes>CRP>LacticAcid>Admission NC>Release A>Return ER,19,1,0.0009523809523809,XFA,18018639.0,18018639.0,18018639.0,18018639.0,Return ER,"{""Admission NC"": 1, ""CRP"": 1, ""LacticAcid"": 1, ""Leucocytes"": 1}",{}
V0697,ER Registration>ER Triage>ER Sepsis Triage>IV Liquid>IV Antibiotics>Leucocytes>LacticAcid>CRP>Admission NC>Leucocytes>CRP>Release A,12,1,0.0009523809523809,YFA,240193.0,240193.0,240193.0,240193.0,Release A,"{""CRP"": 1, ""Leucocytes"": 1}",{}
V0698,ER Registration>ER Triage>ER Sepsis Triage>LacticAcid>Leucocytes>CRP>IV Liquid>IV Antibiotics>Admission NC>Leucocytes>CRP>Admission NC>CRP>Leucocytes>Release A,15,1,0.0009523809523809,AGA,246221.0,246221.0,246221.0,246221.0,Release A,"{""Admission NC"": 1, ""CRP"": 1, ""Leucocytes"": 1}",{}
V0699,ER Registration>CRP>LacticAcid>Leucocytes>ER Triage>ER Sepsis Triage>IV Liquid>IV Antibiotics>Admission NC>Leucocytes>CRP>Release A,12,1,0.0009523809523809,BGA,305998.0,305998.0,305998.0,305998.0,Release A,"{""CRP"": 1, ""Leucocytes"": 1}",{}
V0700,ER Registration>ER Triage>ER Sepsis Triage>Leucocytes>CRP>IV Liquid>IV Antibiotics>Admission NC>Admission NC>Release B,10,1,0.0009523809523809,CGA,218144.0,218144.0,218144.0,218144.0,Release B,"{""Admission NC"": 1}",{}
V0701,ER Registration>ER Triage>ER Sepsis Triage>IV Liquid>IV Antibiotics>CRP>LacticAcid>Leucocytes>Admission NC>Leucocytes>CRP>Leucocytes>Leucocytes>CRP>CRP>Leucocytes>Admission NC>Release C,18,1,0.0009523809523809,DGA,1088282.0,1088282.0,1088282.0,1088282.0,Release C,"{""Admission NC"": 1, ""CRP"": 1, ""Leucocytes"": 1}",{}
V0702,ER Registration>ER Triage>ER Sepsis Triage>IV Liquid>Leucocytes>CRP>LacticAcid>IV Antibiotics>Admission NC>Admission NC>CRP>Leucocytes>Release A,13,1,0.0009523809523809,EGA,594366.0,594366.0,594366.0,594366.0,Release A,"{""Admission NC"": 1, ""CRP"": 1, ""Leucocytes"": 1}",{}
V0703,ER Registration>ER Triage>ER Sepsis Triage>CRP>Leucocytes>LacticAcid>IV Antibiotics>Admission NC>CRP>Leucocytes>IV Liquid,11,1,0.0009523809523809,FGA,86951.0,86951.0,86951.0,86951.0,IV Liquid,"{""CRP"": 1, ""Leucocytes"": 1}",{}
V0704,ER Registration>ER Triage>Leucocytes>CRP>LacticAcid>ER Sepsis Triage>IV Liquid>IV Antibiotics>Admission NC>Leucocytes>CRP>LacticAcid>Leucocytes>CRP>CRP>Release A,16,1,0.0009523809523809,HGA,960377.0,960377.0,960377.0,960377.0,Release A,"{""CRP"": 1, ""LacticAcid"": 1, ""Leucocytes"": 1}",{}
V0705,ER Registration>ER Triage>ER Sepsis Triage>IV Liquid>Leucocytes>CRP>LacticAcid>IV Antibiotics>Admission NC>Admission NC>CRP>Leucocytes>Leucocytes>CRP>Release A>Return ER,16,1,0.0009523809523809,IGA,1760511.0,1760511.0,1760511.0,1760511.0,Return ER,"{""Admission NC"": 1, ""CRP"": 1, ""Leucocytes"": 1}",{}
V0706,ER Registration>ER Triage>ER Sepsis Triage>Leucocytes>CRP>LacticAcid>Admission NC>Release A,8,1,0.0009523809523809,JGA,99366.0,99366.0,99366.0,99366.0,Release A,{},{}
V0707,ER Registration>ER Triage>ER Sepsis Triage>Leucocytes>CRP>Admission NC,6,1,0.0009523809523809,KGA,11642.0,11642.0,11642.0,11642.0,Admission NC,{},{}
V0708,ER Triage>ER Registration>Leucocytes>CRP>LacticAcid>ER Sepsis Triage>Admission NC>IV Liquid>IV Antibiotics,9,1,0.0009523809523809,LGA,18688.0,18688.0,18688.0,18688.0,IV Antibiotics,{},{}
V0709,ER Registration>ER Triage>ER Sepsis Triage>IV Liquid>IV Antibiotics>CRP>LacticAcid>Leucocytes>Admission NC>Leucocytes>CRP>Release B,12,1,0.0009523809523809,MGA,381340.0,381340.0,381340.0,381340.0,Release B,"{""CRP"": 1, ""Leucocytes"": 1}",{}
V0710,ER Registration>ER Triage>ER Sepsis Triage>IV Liquid>CRP>Leucocytes>LacticAcid>IV Antibiotics>Admission NC>Leucocytes>Admission NC>CRP>LacticAcid>Leucocytes>LacticAcid>CRP>Leucocytes>LacticAcid>Admission IC>CRP>LacticAcid>Leucocytes>CRP>Leucocytes>LacticAcid>LacticAcid>Leucocytes>CRP>CRP>LacticAcid>Leucocytes>CRP>Leucocytes>LacticAcid>Leucocytes>CRP>LacticAcid>LacticAcid>CRP>Leucocytes>LacticAcid>Leucocytes>CRP>LacticAcid>Leucocytes>LacticAcid>CRP>Leucocytes>LacticAcid>CRP>Leucocytes>LacticAcid>LacticAcid>Leucocytes>CRP>Leucocytes>LacticAcid>CRP>CRP>LacticAcid>Leucocytes>CRP>Leucocytes>LacticAcid>CRP>Leucocytes>LacticAcid>Leucocytes>LacticAcid>CRP>CRP>Leucocytes>LacticAcid>CRP>Leucocytes>LacticAcid>LacticAcid>Leucocytes>CRP>Leucocytes>CRP>LacticAcid>Leucocytes>LacticAcid>CRP>CRP>LacticAcid>Leucocytes>Leucocytes>CRP>LacticAcid>Leucocytes>CRP>LacticAcid>Leucocytes>LacticAcid>CRP>Admission NC>Leucocytes>CRP>Leucocytes>CRP>CRP>Leucocytes>Leucocytes>CRP>Leucocytes>CRP>CRP>Leucocytes>Leucocytes>CRP>CRP>Leucocytes>Leucocytes>CRP>CRP>Leucocytes>CRP>Leucocytes>Leucocytes>CRP>Leucocytes>CRP>Leucocytes>Leucocytes>CRP>Admission NC>CRP>Leucocytes>Leucocytes>CRP>Leucocytes>CRP>Leucocytes>CRP>CRP>Leucocytes>CRP>Leucocytes>CRP>Leucocytes>Leucocytes>CRP>CRP>Leucocytes>Leucocytes>CRP>CRP>Leucocytes>Leucocytes>CRP>Leucocytes>CRP>CRP>Leucocytes>Leucocytes>Leucocytes>CRP>Leucocytes>CRP>Leucocytes>CRP>CRP>Leucocytes>CRP>Leucocytes>Leucocytes>CRP>Leucocytes>CRP>CRP>Leucocytes>Leucocytes>CRP>Leucocytes>CRP>CRP>Leucocytes>Leucocytes>CRP>Leucocytes>CRP>Leucocytes>Release C,185,1,0.0009523809523809,NGA,9880969.0,9880969.0,9880969.0,9880969.0,Release C,"{""Admission NC"": 1, ""CRP"": 1, ""LacticAcid"": 1, ""Leucocytes"": 1}",{}
V0711,ER Registration>ER Triage>ER Sepsis Triage>IV Liquid>LacticAcid>Leucocytes>CRP>IV Antibiotics>Admission NC>Admission NC>CRP>Leucocytes>Release A,13,1,0.0009523809523809,OGA,504738.0,504738.0,504738.0,504738.0,Release A,"{""Admission NC"": 1, ""CRP"": 1, ""Leucocytes"": 1}",{}
V0712,ER Registration>ER Triage>ER Sepsis Triage>IV Liquid>IV Antibiotics>LacticAcid>Leucocytes>CRP>Admission NC>Admission NC>Admission IC>Leucocytes>CRP>LacticAcid>LacticAcid>LacticAcid>Leucocytes>CRP>Admission NC>Leucocytes>CRP>Release A>Return ER,23,1,0.0009523809523809,PGA,2069686.0,2069686.0,2069686.0,2069686.0,Return ER,"{""Admission NC"": 1, ""CRP"": 1, ""LacticAcid"": 1, ""Leucocytes"": 1}",{}
V0713,ER Registration>ER Triage>ER Sepsis Triage>CRP>LacticAcid>Leucocytes>IV Antibiotics,7,1,0.0009523809523809,QGA,21246.0,21246.0,21246.0,21246.0,IV Antibiotics,{},{}
V0714,ER Registration>ER Triage>ER Sepsis Triage>IV Liquid>CRP>Leucocytes>LacticAcid>IV Antibiotics>Admission NC>Leucocytes>CRP>Leucocytes>CRP>Release A,14,1,0.0009523809523809,RGA,397463.0,397463.0,397463.0,397463.0,Release A,"{""CRP"": 1, ""Leucocytes"": 1}",{}
V0715,ER Registration>ER Triage>CRP>LacticAcid>Leucocytes>ER Sepsis Triage>IV Liquid>IV Antibiotics>Admission IC>Leucocytes>CRP>LacticAcid>CRP>Leucocytes>LacticAcid>Release B,16,1,0.0009523809523809,SGA,78727.0,78727.0,78727.0,78727.0,Release B,"{""CRP"": 1, ""LacticAcid"": 1, ""Leucocytes"": 1}",{}
V0716,ER Registration>ER Triage>ER Sepsis Triage>IV Liquid>IV Antibiotics>LacticAcid>Leucocytes>CRP>Admission NC>Admission NC>Leucocytes>CRP>Leucocytes>CRP>Release A,15,1,0.0009523809523809,TGA,981641.0,981641.0,981641.0,981641.0,Release A,"{""Admission NC"": 1, ""CRP"": 1, ""Leucocytes"": 1}",{}
V0717,ER Registration>ER Triage>ER Sepsis Triage>LacticAcid>CRP>Leucocytes>IV Antibiotics>Admission NC>Leucocytes>CRP>Admission NC>CRP>Leucocytes>CRP>Release A,15,1,0.0009523809523809,UGA,542504.0,542504.0,542504.0,542504.0,Release A,"{""Admission NC"": 1, ""CRP"": 1, ""Leucocytes"": 1}",{}
V0718,ER Registration>ER Triage>ER Sepsis Triage>Leucocytes>CRP>LacticAcid>IV Liquid>IV Antibiotics>Admission NC>CRP>Admission IC>CRP>Leucocytes>LacticAcid>LacticAcid>Leucocytes>CRP>Leucocytes>LacticAcid>CRP>CRP>Leucocytes>LacticAcid>LacticAcid>CRP>Leucocytes>Admission NC>Leucocytes>CRP>Admission NC>Leucocytes>CRP>CRP>Leucocytes>Release D>Return ER,36,1,0.0009523809523809,WGA,9356476.0,9356476.0,9356476.0,9356476.0,Return ER,"{""Admission NC"": 1, ""CRP"": 1, ""LacticAcid"": 1, ""Leucocytes"": 1}",{}
V0719,ER Registration>CRP>Leucocytes>LacticAcid>ER Triage>ER Sepsis Triage>IV Liquid>IV Antibiotics>Admission NC>CRP>Leucocytes>Leucocytes>CRP>Release A>Return ER,15,1,0.0009523809523809,XGA,3919370.0,3919370.0,3919370.0,3919370.0,Return ER,"{""CRP"": 1, ""Leucocytes"": 1}",{}
V0720,ER Registration>ER Triage>ER Sepsis Triage>Leucocytes>CRP>LacticAcid>IV Liquid>IV Antibiotics>Admission NC>Leucocytes>CRP>Admission NC>Release A>Return ER,14,1,0.0009523809523809,YGA,1854342.0,1854342.0,1854342.0,1854342.0,Return ER,"{""Admission NC"": 1, ""CRP"": 1, ""Leucocytes"": 1}",{}
V0721,ER Registration>ER Triage>ER Sepsis Triage>Leucocytes>CRP>LacticAcid>IV Liquid>IV Antibiotics>Admission NC>CRP>Leucocytes>Leucocytes>CRP>Leucocytes>CRP>Leucocytes>CRP>Leucocytes>CRP>Leucocytes>CRP>Leucocytes>CRP>CRP>Leucocytes>Leucocytes>CRP>Release A>Return ER,29,1,0.0009523809523809,ZGA,4548658.0,4548658.0,4548658.0,4548658.0,Return ER,"{""CRP"": 1, ""Leucocytes"": 1}",{}
V0722,ER Registration>ER Triage>ER Sepsis Triage>IV Liquid>LacticAcid>Leucocytes>CRP>IV Antibiotics>Admission NC>Leucocytes>CRP>Release A,12,1,0.0009523809523809,AHA,226061.0,226061.0,226061.0,226061.0,Release A,"{""CRP"": 1, ""Leucocytes"": 1}",{}
V0723,ER Registration>ER Triage>ER Sepsis Triage>IV Liquid>LacticAcid>Leucocytes>CRP>IV Antibiotics>CRP>Leucocytes>Admission NC>Admission NC>CRP>Leucocytes>Release A,15,1,0.0009523809523809,BHA,462018.0,462018.0,462018.0,462018.0,Release A,"{""Admission NC"": 1, ""CRP"": 1, ""Leucocytes"": 1}",{}
V0724,ER Registration>ER Triage>ER Sepsis Triage>CRP>LacticAcid>Leucocytes>IV Antibiotics>IV Liquid>Admission NC>Leucocytes>CRP>Release A>Return ER,13,1,0.0009523809523809,CHA,742903.0,742903.0,742903.0,742903.0,Return ER,"{""CRP"": 1, ""Leucocytes"": 1}",{}
V0725,ER Registration>ER Triage>ER Sepsis Triage>CRP>Leucocytes>Admission NC>CRP>Release D,8,1,0.0009523809523809,DHA,413268.0,413268.0,413268.0,413268.0,Release D,"{""CRP"": 1}",{}
V0726,ER Registration>ER Triage>ER Sepsis Triage>CRP>LacticAcid>Leucocytes>IV Liquid>IV Antibiotics>Admission IC>CRP>Leucocytes>LacticAcid>LacticAcid>Leucocytes>CRP>LacticAcid>Leucocytes>CRP>Leucocytes>CRP>LacticAcid>Leucocytes>CRP>LacticAcid>Admission NC>CRP>Leucocytes>CRP>Leucocytes>Release A,30,1,0.0009523809523809,EHA,934322.0,934322.0,934322.0,934322.0,Release A,"{""CRP"": 1, ""LacticAcid"": 1, ""Leucocytes"": 1}",{}
V0727,ER Registration>ER Triage>ER Sepsis Triage>CRP>LacticAcid>Leucocytes>IV Antibiotics>Admission NC>Leucocytes>CRP>CRP>Release A>Return ER,13,1,0.0009523809523809,FHA,20148650.0,20148650.0,20148650.0,20148650.0,Return ER,"{""CRP"": 1, ""Leucocytes"": 1}",{}
V0728,ER Registration>ER Triage>ER Sepsis Triage>Leucocytes>CRP>LacticAcid>Leucocytes>CRP>LacticAcid>IV Liquid>IV Antibiotics>Admission NC>CRP>Release A,14,1,0.0009523809523809,GHA,412657.0,412657.0,412657.0,412657.0,Release A,"{""CRP"": 1, ""LacticAcid"": 1, ""Leucocytes"": 1}",{}
V0729,ER Registration>ER Triage>ER Sepsis Triage>LacticAcid>CRP>Leucocytes>IV Liquid>IV Antibiotics>Admission IC>LacticAcid>Leucocytes>CRP>Admission NC>Leucocytes>CRP>Release A,16,1,0.0009523809523809,HHA,412424.0,412424.0,412424.0,412424.0,Release A,"{""CRP"": 1, ""LacticAcid"": 1, ""Leucocytes"": 1}",{}
V0730,ER Registration>ER Triage>ER Sepsis Triage>Leucocytes>LacticAcid>CRP>IV Liquid>IV Antibiotics>Admission NC>CRP>Leucocytes>Leucocytes>CRP>Leucocytes>CRP>Release A,16,1,0.0009523809523809,IHA,335974.0,335974.0,335974.0,335974.0,Release A,"{""CRP"": 1, ""Leucocytes"": 1}",{}
V0731,ER Registration>ER Triage>ER Sepsis Triage>Leucocytes>Admission NC>Leucocytes>Release A,7,1,0.0009523809523809,JHA,264003.0,264003.0,264003.0,264003.0,Release A,"{""Leucocytes"": 1}",{}
V0732,ER Registration>IV Liquid>ER Triage>ER Sepsis Triage>IV Antibiotics>CRP>Leucocytes>LacticAcid>Admission NC>Release A,10,1,0.0009523809523809,KHA,771173.0,771173.0,771173.0,771173.0,Release A,{},{}
V0733,ER Registration>ER Triage>ER Sepsis Triage>IV Liquid>IV Antibiotics>CRP>Leucocytes>LacticAcid>Admission NC>CRP>Leucocytes>Admission NC>Release A,13,1,0.0009523809523809,LHA,346895.0,346895.0,346895.0,346895.0,Release A,"{""Admission NC"": 1, ""CRP"": 1, ""Leucocytes"": 1}",{}
V0734,ER Registration>ER Triage>ER Sepsis Triage>Leucocytes>CRP>LacticAcid>IV Liquid>IV Antibiotics>Admission NC>CRP>CRP>Release A>Return ER,13,1,0.0009523809523809,MHA,18011169.0,18011169.0,18011169.0,18011169.0,Return ER,"{""CRP"": 1}",{}
V0735,ER Registration>ER Triage>ER Sepsis Triage>CRP>Leucocytes>LacticAcid>IV Liquid>IV Antibiotics>Admission NC>Admission NC>Release A,11,1,0.0009523809523809,NHA,339469.0,339469.0,339469.0,339469.0,Release A,"{""Admission NC"": 1}",{}
V0736,ER Registration>ER Triage>CRP>Leucocytes>LacticAcid>ER Sepsis Triage>IV Liquid>IV Antibiotics>Admission NC>Leucocytes>CRP>CRP>Release A,13,1,0.0009523809523809,OHA,512599.0,512599.0,512599.0,512599.0,Release A,"{""CRP"": 1, ""Leucocytes"": 1}",{}
V0737,ER Registration>ER Triage>ER Sepsis Triage>IV Liquid>LacticAcid>Leucocytes>CRP>IV Antibiotics>Admission NC>CRP>Leucocytes>Leucocytes>CRP>Release A,14,1,0.0009523809523809,QHA,352967.0,352967.0,352967.0,352967.0,Release A,"{""CRP"": 1, ""Leucocytes"": 1}",{}
V0738,ER Registration>ER Triage>ER Sepsis Triage>Leucocytes>CRP>Admission NC>CRP>Leucocytes>Release A,9,1,0.0009523809523809,RHA,153919.0,153919.0,153919.0,153919.0,Release A,"{""CRP"": 1, ""Leucocytes"": 1}",{}
V0739,ER Registration>ER Triage>ER Sepsis Triage>IV Liquid>IV Antibiotics>Leucocytes>LacticAcid>CRP>Admission IC>Leucocytes>LacticAcid>CRP>Admission NC>CRP>Leucocytes>Leucocytes>Release A,17,1,0.0009523809523809,SHA,408526.0,408526.0,408526.0,408526.0,Release A,"{""CRP"": 1, ""LacticAcid"": 1, ""Leucocytes"": 1}",{}
V0740,ER Registration>CRP>Leucocytes>LacticAcid>ER Triage>ER Sepsis Triage>IV Liquid>IV Antibiotics>Admission NC>CRP>Leucocytes>Release A,12,1,0.0009523809523809,THA,414322.0,414322.0,414322.0,414322.0,Release A,"{""CRP"": 1, ""Leucocytes"": 1}",{}
V0741,ER Registration>ER Triage>ER Sepsis Triage>IV Antibiotics>IV Liquid>Leucocytes>CRP>LacticAcid>Admission NC>Leucocytes>CRP>Release A,12,1,0.0009523809523809,WHA,325675.0,325675.0,325675.0,325675.0,Release A,"{""CRP"": 1, ""Leucocytes"": 1}",{}
V0742,ER Registration>ER Triage>Leucocytes>CRP>LacticAcid>ER Sepsis Triage>IV Liquid>IV Antibiotics>Admission IC>Leucocytes>CRP>LacticAcid,12,1,0.0009523809523809,XHA,30899.0,30899.0,30899.0,30899.0,LacticAcid,"{""CRP"": 1, ""LacticAcid"": 1, ""Leucocytes"": 1}",{}
V0743,ER Registration>ER Triage>LacticAcid>CRP>Leucocytes>ER Sepsis Triage>IV Liquid>IV Antibiotics>Admission NC>Leucocytes>CRP>CRP>Leucocytes>Leucocytes>CRP>Release A,16,1,0.0009523809523809,YHA,520769.0,520769.0,520769.0,520769.0,Release A,"{""CRP"": 1, ""Leucocytes"": 1}",{}
V0744,ER Registration>ER Triage>ER Sepsis Triage>IV Liquid>IV Antibiotics>Admission IC>CRP>Leucocytes>LacticAcid>CRP>Leucocytes>LacticAcid>CRP>LacticAcid>Leucocytes>Leucocytes>CRP>LacticAcid>Leucocytes>CRP>LacticAcid>Admission NC>Leucocytes>CRP>Release A>Return ER,26,1,0.0009523809523809,ZHA,4398270.0,4398270.0,4398270.0,4398270.0,Return ER,"{""CRP"": 1, ""LacticAcid"": 1, ""Leucocytes"": 1}",{}
V0745,ER Registration>ER Triage>CRP>Leucocytes>LacticAcid>ER Sepsis Triage>IV Liquid>IV Antibiotics>Admission NC>Leucocytes>Admission NC>Leucocytes>Leucocytes>Leucocytes>Leucocytes>Release A>Return ER,17,1,0.0009523809523809,AIA,1290495.0,1290495.0,1290495.0,1290495.0,Return ER,"{""Admission NC"": 1, ""Leucocytes"": 1}",{}
V0746,IV Liquid>ER Registration>ER Triage>ER Sepsis Triage>LacticAcid>Leucocytes>CRP>IV Antibiotics>Admission IC>LacticAcid>CRP>Leucocytes>Leucocytes>CRP>LacticAcid>Leucocytes>LacticAcid>CRP>CRP>Leucocytes>LacticAcid>CRP>LacticAcid>Leucocytes>LacticAcid>Leucocytes>CRP>CRP>Leucocytes>LacticAcid>Admission NC>CRP>Leucocytes>Leucocytes>Release A>Return ER,36,1,0.0009523809523809,BIA,8658321.0,8658321.0,8658321.0,8658321.0,Return ER,"{""CRP"": 1, ""LacticAcid"": 1, ""Leucocytes"": 1}",{}
V0747,ER Registration>ER Triage>ER Sepsis Triage>Leucocytes>LacticAcid>CRP>Admission NC>LacticAcid>Leucocytes>CRP>Admission NC>Admission NC>Release C,13,1,0.0009523809523809,FIA,1797323.0,1797323.0,1797323.0,1797323.0,Release C,"{""Admission NC"": 1, ""CRP"": 1, ""LacticAcid"": 1, ""Leucocytes"": 1}",{}
V0748,ER Registration>ER Triage>ER Sepsis Triage>CRP>Leucocytes>LacticAcid>IV Antibiotics>IV Liquid>Admission NC>Leucocytes>CRP>Admission NC>CRP>Leucocytes>Release A>Return ER,16,1,0.0009523809523809,HIA,4498457.0,4498457.0,4498457.0,4498457.0,Return ER,"{""Admission NC"": 1, ""CRP"": 1, ""Leucocytes"": 1}",{}
V0749,ER Registration>ER Triage>ER Sepsis Triage>Leucocytes>LacticAcid>CRP>IV Liquid>IV Antibiotics>Admission NC>Leucocytes>CRP>CRP>Release A,13,1,0.0009523809523809,IIA,333548.0,333548.0,333548.0,333548.0,Release A,"{""CRP"": 1, ""Leucocytes"": 1}",{}
V0750,CRP>Leucocytes>ER Registration>ER Triage>ER Sepsis Triage>Leucocytes>CRP>IV Liquid>IV Antibiotics,9,1,0.0009523809523809,JIA,25290.0,25290.0,25290.0,25290.0,IV Antibiotics,"{""CRP"": 1, ""Leucocytes"": 1}",{}
V0751,ER Registration>ER Triage>ER Sepsis Triage>IV Liquid>Leucocytes>CRP>LacticAcid>IV Antibiotics>Admission NC>Leucocytes>CRP>CRP>Release A,13,1,0.0009523809523809,KIA,371288.0,371288.0,371288.0,371288.0,Release A,"{""CRP"": 1, ""Leucocytes"": 1}",{}
V0752,ER Registration>ER Triage>ER Sepsis Triage>CRP>LacticAcid>Leucocytes>IV Liquid>IV Antibiotics>Admission IC>LacticAcid>Leucocytes>CRP>LacticAcid>Leucocytes>CRP>LacticAcid>Admission NC>Leucocytes>CRP>Leucocytes>CRP>CRP>Leucocytes>Leucocytes>CRP>Leucocytes>CRP>Leucocytes>CRP>Release A>Return ER,31,1,0.0009523809523809,LIA,4158548.0,4158548.0,4158548.0,4158548.0,Return ER,"{""CRP"": 1, ""LacticAcid"": 1, ""Leucocytes"": 1}",{}
V0753,ER Registration>ER Triage>ER Sepsis Triage>Leucocytes>LacticAcid>CRP>IV Antibiotics>IV Liquid>Admission NC>CRP>Leucocytes>Release A>Return ER,13,1,0.0009523809523809,MIA,4472708.0,4472708.0,4472708.0,4472708.0,Return ER,"{""CRP"": 1, ""Leucocytes"": 1}",{}
V0754,ER Registration>ER Triage>ER Sepsis Triage>LacticAcid>CRP>Leucocytes>IV Liquid>IV Antibiotics>Admission NC>Leucocytes>CRP>Release A>Return ER,13,1,0.0009523809523809,NIA,1285447.0,1285447.0,1285447.0,1285447.0,Return ER,"{""CRP"": 1, ""Leucocytes"": 1}",{}
V0755,ER Registration>ER Triage>ER Sepsis Triage>Leucocytes>LacticAcid>CRP>IV Antibiotics>IV Liquid>Admission NC>Admission NC>Leucocytes>CRP>CRP>Leucocytes>Release A,15,1,0.0009523809523809,OIA,330201.0,330201.0,330201.0,330201.0,Release A,"{""Admission NC"": 1, ""CRP"": 1, ""Leucocytes"": 1}",{}
V0756,ER Registration>ER Triage>ER Sepsis Triage>Leucocytes>CRP>LacticAcid>IV Liquid>IV Antibiotics>Admission NC>Leucocytes>CRP>Admission NC>Leucocytes>CRP>CRP>CRP>Leucocytes>Leucocytes>CRP>Leucocytes>Admission IC>Leucocytes>CRP>LacticAcid>Leucocytes>Leucocytes>Leucocytes>LacticAcid>Leucocytes>CRP>Leucocytes>Leucocytes>Leucocytes>Leucocytes>CRP>LacticAcid>Leucocytes>Leucocytes>CRP>LacticAcid>Admission NC>Leucocytes>CRP>Release A>Return ER,45,1,0.0009523809523809,PIA,12496916.0,12496916.0,12496916.0,12496916.0,Return ER,"{""Admission NC"": 1, ""CRP"": 1, ""LacticAcid"": 1, ""Leucocytes"": 1}",{}
V0757,ER Registration>ER Triage>ER Sepsis Triage>IV Antibiotics>IV Liquid>Leucocytes>CRP>LacticAcid>Admission NC>CRP>Leucocytes>Admission NC>CRP>Leucocytes>Release A>Return ER,16,1,0.0009523809523809,QIA,1470308.0,1470308.0,1470308.0,1470308.0,Return ER,"{""Admission NC"": 1, ""CRP"": 1, ""Leucocytes"": 1}",{}
V0758,ER Registration>ER Triage>ER Sepsis Triage>Leucocytes>LacticAcid>CRP>IV Liquid>IV Antibiotics>Admission NC>Admission NC>CRP>Leucocytes>Release A,13,1,0.0009523809523809,RIA,155012.0,155012.0,155012.0,155012.0,Release A,"{""Admission NC"": 1, ""CRP"": 1, ""Leucocytes"": 1}",{}
V0759,ER Registration>Leucocytes>CRP>LacticAcid>IV Liquid>ER Triage>ER Sepsis Triage>IV Antibiotics,8,1,0.0009523809523809,SIA,2309.0,2309.0,2309.0,2309.0,IV Antibiotics,{},{}
V0760,ER Registration>ER Triage>ER Sepsis Triage>Leucocytes>CRP>Admission NC>Admission NC>Leucocytes>CRP>CRP>Leucocytes>Leucocytes>Leucocytes>CRP>Release A,15,1,0.0009523809523809,TIA,769383.0,769383.0,769383.0,769383.0,Release A,"{""Admission NC"": 1, ""CRP"": 1, ""Leucocytes"": 1}",{}
V0761,ER Registration>CRP>Leucocytes>LacticAcid>ER Triage>ER Sepsis Triage>IV Liquid>IV Antibiotics>Admission NC>CRP>Leucocytes>CRP>Release A,13,1,0.0009523809523809,UIA,313370.0,313370.0,313370.0,313370.0,Release A,"{""CRP"": 1, ""Leucocytes"": 1}",{}
V0762,ER Registration>ER Triage>ER Sepsis Triage>Leucocytes>CRP>LacticAcid>IV Antibiotics>IV Liquid>Admission IC>CRP>Leucocytes>LacticAcid>Leucocytes>LacticAcid>LacticAcid>CRP>Leucocytes>Leucocytes>CRP>LacticAcid>Leucocytes>LacticAcid>CRP>LacticAcid>Leucocytes>CRP>Admission NC>Leucocytes>CRP>Leucocytes>Leucocytes>CRP>Leucocytes>CRP>Leucocytes>Release A,36,1,0.0009523809523809,VIA,2291028.0,2291028.0,2291028.0,2291028.0,Release A,"{""CRP"": 1, ""LacticAcid"": 1, ""Leucocytes"": 1}",{}
V0763,ER Registration>ER Triage>ER Sepsis Triage>CRP>Leucocytes>LacticAcid>IV Antibiotics>IV Liquid>Admission NC>LacticAcid>CRP>Leucocytes>Admission IC>Leucocytes>CRP>LacticAcid>Admission NC>CRP>Leucocytes>Leucocytes>CRP>Leucocytes>CRP>Leucocytes>CRP>Leucocytes>CRP>Leucocytes>CRP>Leucocytes>CRP>Leucocytes>CRP>Leucocytes>CRP>CRP>Leucocytes>Leucocytes>CRP>CRP>Leucocytes>Leucocytes>CRP>CRP>Leucocytes>CRP>Leucocytes>Admission NC>Leucocytes>CRP>Release A>Return ER,52,1,0.0009523809523809,YIA,2687860.0,2687860.0,2687860.0,2687860.0,Return ER,"{""Admission NC"": 1, ""CRP"": 1, ""LacticAcid"": 1, ""Leucocytes"": 1}",{}
V0764,ER Registration>CRP>Leucocytes>ER Triage>ER Sepsis Triage,5,1,0.0009523809523809,AJA,41947.0,41947.0,41947.0,41947.0,ER Sepsis Triage,{},{}
V0765,ER Registration>ER Triage>ER Sepsis Triage>Leucocytes>CRP>LacticAcid>IV Antibiotics>Admission NC>IV Liquid>Leucocytes>CRP>CRP>Leucocytes>Admission NC>Admission NC>Release A>Return ER,17,1,0.0009523809523809,BJA,20090409.0,20090409.0,20090409.0,20090409.0,Return ER,"{""Admission NC"": 1, ""CRP"": 1, ""Leucocytes"": 1}",{}
V0766,ER Registration>ER Triage>ER Sepsis Triage>Leucocytes>CRP>Admission NC>CRP>Release A,8,1,0.0009523809523809,CJA,300897.0,300897.0,300897.0,300897.0,Release A,"{""CRP"": 1}",{}
V0767,ER Registration>ER Triage>ER Sepsis Triage>CRP>Leucocytes>LacticAcid>Admission NC>Release A>Return ER,9,1,0.0009523809523809,DJA,4712456.0,4712456.0,4712456.0,4712456.0,Return ER,{},{}
V0768,ER Registration>CRP>Leucocytes>LacticAcid>ER Triage>ER Sepsis Triage>IV Antibiotics>Admission NC>Release A,9,1,0.0009523809523809,EJA,422085.0,422085.0,422085.0,422085.0,Release A,{},{}
V0769,ER Registration>ER Triage>ER Sepsis Triage>Leucocytes>CRP>LacticAcid>IV Liquid>IV Antibiotics>Admission NC>Leucocytes>CRP>CRP>Leucocytes>Leucocytes>CRP>Release A,16,1,0.0009523809523809,FJA,913359.0,913359.0,913359.0,913359.0,Release A,"{""CRP"": 1, ""Leucocytes"": 1}",{}
V0770,ER Registration>ER Triage>LacticAcid>Leucocytes>CRP>ER Sepsis Triage>IV Liquid>IV Antibiotics>Admission NC>LacticAcid>CRP>Leucocytes>Admission NC>Leucocytes>CRP>CRP>Leucocytes>Release A>Return ER,19,1,0.0009523809523809,GJA,2137459.0,2137459.0,2137459.0,2137459.0,Return ER,"{""Admission NC"": 1, ""CRP"": 1, ""LacticAcid"": 1, ""Leucocytes"": 1}",{}
V0771,ER Registration>ER Triage>ER Sepsis Triage>CRP>LacticAcid>Leucocytes>IV Liquid>IV Antibiotics>Admission NC>Admission NC>CRP>Leucocytes>Release A,13,1,0.0009523809523809,HJA,597924.0,597924.0,597924.0,597924.0,Release A,"{""Admission NC"": 1, ""CRP"": 1, ""Leucocytes"": 1}",{}
V0772,ER Registration>ER Triage>ER Sepsis Triage>LacticAcid>Leucocytes>CRP>IV Antibiotics>IV Liquid>Admission NC>Leucocytes>CRP,11,1,0.0009523809523809,IJA,41476.0,41476.0,41476.0,41476.0,CRP,"{""CRP"": 1, ""Leucocytes"": 1}",{}
V0773,ER Registration>ER Triage>ER Sepsis Triage>Leucocytes>CRP>LacticAcid>Admission NC>CRP>Release A,9,1,0.0009523809523809,JJA,367440.0,367440.0,367440.0,367440.0,Release A,"{""CRP"": 1}",{}
V0774,Leucocytes>CRP>ER Registration>ER Triage>ER Sepsis Triage,5,1,0.0009523809523809,KJA,23680.0,23680.0,23680.0,23680.0,ER Sepsis Triage,{},{}
V0775,ER Registration>ER Triage>ER Sepsis Triage>Leucocytes>CRP>IV Antibiotics>Leucocytes>CRP,8,1,0.0009523809523809,MJA,36256.0,36256.0,36256.0,36256.0,CRP,"{""CRP"": 1, ""Leucocytes"": 1}",{}
V0776,ER Registration>ER Triage>ER Sepsis Triage>Leucocytes>LacticAcid>CRP>IV Liquid>IV Antibiotics>Admission NC>Admission NC>CRP>Leucocytes>Admission NC>CRP>Leucocytes>Release A,16,1,0.0009523809523809,NJA,346092.0,346092.0,346092.0,346092.0,Release A,"{""Admission NC"": 1, ""CRP"": 1, ""Leucocytes"": 1}",{}
V0777,ER Registration>ER Triage>ER Sepsis Triage>IV Liquid>IV Antibiotics>LacticAcid>CRP>Leucocytes,8,1,0.0009523809523809,PJA,2628.0,2628.0,2628.0,2628.0,Leucocytes,{},{}
V0778,ER Registration>LacticAcid>Leucocytes>CRP>ER Triage>ER Sepsis Triage>IV Liquid>IV Antibiotics>Leucocytes,9,1,0.0009523809523809,QJA,33844.0,33844.0,33844.0,33844.0,Leucocytes,"{""Leucocytes"": 1}",{}
V0779,ER Registration>ER Triage>ER Sepsis Triage>IV Antibiotics>CRP>LacticAcid>Leucocytes>Admission NC>Leucocytes>CRP>Release A>Return ER,12,1,0.0009523809523809,SJA,921995.0,921995.0,921995.0,921995.0,Return ER,"{""CRP"": 1, ""Leucocytes"": 1}",{}
V0780,ER Registration>ER Triage>ER Sepsis Triage>IV Liquid>Leucocytes>CRP>LacticAcid>IV Antibiotics>Admission NC>CRP>Leucocytes>Leucocytes>CRP>CRP>Leucocytes>Leucocytes>Leucocytes>Leucocytes>Leucocytes>CRP>Leucocytes>CRP>Leucocytes>CRP>Leucocytes>Leucocytes>Release A,27,1,0.0009523809523809,TJA,1470319.0,1470319.0,1470319.0,1470319.0,Release A,"{""CRP"": 1, ""Leucocytes"": 1}",{}
V0781,IV Liquid>ER Registration>ER Triage>ER Sepsis Triage>CRP>LacticAcid>Leucocytes>IV Antibiotics>Admission NC>CRP>CRP>Leucocytes>CRP>Leucocytes>CRP>Leucocytes>CRP>Release C,18,1,0.0009523809523809,WJA,1188409.0,1188409.0,1188409.0,1188409.0,Release C,"{""CRP"": 1, ""Leucocytes"": 1}",{}
V0782,ER Registration>ER Triage>ER Sepsis Triage>LacticAcid>Leucocytes>CRP>IV Liquid>IV Antibiotics>Admission NC>CRP>Leucocytes>Leucocytes>CRP>Leucocytes>CRP>CRP>Leucocytes>Leucocytes>CRP>Release A,20,1,0.0009523809523809,XJA,1091690.0,1091690.0,1091690.0,1091690.0,Release A,"{""CRP"": 1, ""Leucocytes"": 1}",{}
V0783,ER Registration>LacticAcid>Leucocytes>CRP>IV Liquid>ER Triage>ER Sepsis Triage>IV Antibiotics>Admission NC>CRP>Leucocytes>Release A,12,1,0.0009523809523809,YJA,913982.0,913982.0,913982.0,913982.0,Release A,"{""CRP"": 1, ""Leucocytes"": 1}",{}
V0784,ER Registration>ER Triage>ER Sepsis Triage>Leucocytes>CRP>LacticAcid>IV Liquid>IV Antibiotics>Admission NC>Leucocytes>Leucocytes>CRP>CRP>Leucocytes>CRP>Leucocytes>Leucocytes>CRP>Leucocytes>CRP>Leucocytes>CRP>Release A,23,1,0.0009523809523809,ZJA,1539392.0,1539392.0,1539392.0,1539392.0,Release A,"{""CRP"": 1, ""Leucocytes"": 1}",{}
V0785,ER Registration>ER Triage>ER Sepsis Triage>Leucocytes>CRP>LacticAcid>LacticAcid>IV Liquid>IV Antibiotics>Admission NC>Leucocytes>CRP>Admission NC>CRP>Leucocytes>CRP>Leucocytes>Release A>Return ER,19,1,0.0009523809523809,BKA,2071553.0,2071553.0,2071553.0,2071553.0,Return ER,"{""Admission NC"": 1, ""CRP"": 1, ""LacticAcid"": 1, ""Leucocytes"": 1}",{}
V0786,ER Registration>ER Triage>ER Sepsis Triage>IV Liquid>LacticAcid>Leucocytes>CRP>IV Antibiotics>Admission NC>CRP>LacticAcid>Leucocytes>Leucocytes>Leucocytes>CRP>LacticAcid>Release A,17,1,0.0009523809523809,CKA,781635.0,781635.0,781635.0,781635.0,Release A,"{""CRP"": 1, ""LacticAcid"": 1, ""Leucocytes"": 1}",{}
V0787,ER Registration>ER Triage>Leucocytes>LacticAcid>CRP>ER Sepsis Triage>IV Liquid>IV Antibiotics>Admission NC>Admission NC>Leucocytes>CRP>Release A>Return ER,14,1,0.0009523809523809,DKA,2598077.0,2598077.0,2598077.0,2598077.0,Return ER,"{""Admission NC"": 1, ""CRP"": 1, ""Leucocytes"": 1}",{}
V0788,ER Registration>ER Triage>ER Sepsis Triage>IV Liquid>CRP>Leucocytes>LacticAcid>IV Antibiotics>Admission NC>CRP>Leucocytes>CRP>Leucocytes>Release A,14,1,0.0009523809523809,EKA,358184.0,358184.0,358184.0,358184.0,Release A,"{""CRP"": 1, ""Leucocytes"": 1}",{}
V0789,ER Registration>ER Triage>ER Sepsis Triage>Leucocytes>CRP>LacticAcid>Admission NC>Leucocytes>CRP>Admission NC>Release A,11,1,0.0009523809523809,FKA,390452.0,390452.0,390452.0,390452.0,Release A,"{""Admission NC"": 1, ""CRP"": 1, ""Leucocytes"": 1}",{}
V0790,ER Registration>ER Triage>ER Sepsis Triage>CRP>LacticAcid>Leucocytes>IV Liquid>IV Antibiotics>Admission NC>Leucocytes>Admission NC>CRP>CRP>Leucocytes>Leucocytes>Leucocytes>Leucocytes>CRP>Release D,19,1,0.0009523809523809,HKA,849048.0,849048.0,849048.0,849048.0,Release D,"{""Admission NC"": 1, ""CRP"": 1, ""Leucocytes"": 1}",{}
V0791,ER Registration>ER Triage>IV Liquid>Leucocytes>CRP>LacticAcid>ER Sepsis Triage>IV Antibiotics,8,1,0.0009523809523809,IKA,3915.0,3915.0,3915.0,3915.0,IV Antibiotics,{},{}
V0792,ER Registration>ER Triage>ER Sepsis Triage>IV Liquid>LacticAcid>CRP>Leucocytes>IV Antibiotics>Admission NC>Leucocytes>CRP>CRP>Release B,13,1,0.0009523809523809,JKA,499799.0,499799.0,499799.0,499799.0,Release B,"{""CRP"": 1, ""Leucocytes"": 1}",{}
V0793,ER Registration>ER Triage>ER Sepsis Triage>LacticAcid>CRP>Leucocytes>IV Liquid>IV Antibiotics>Admission IC>Leucocytes>LacticAcid>CRP>Admission NC>Release A,14,1,0.0009523809523809,KKA,1086236.0,1086236.0,1086236.0,1086236.0,Release A,"{""CRP"": 1, ""LacticAcid"": 1, ""Leucocytes"": 1}",{}
V0794,ER Registration>ER Triage>ER Sepsis Triage>Leucocytes>CRP>LacticAcid>IV Liquid>IV Antibiotics>Admission NC>Leucocytes>CRP>Leucocytes>CRP>CRP>Leucocytes>Leucocytes>CRP>Leucocytes>CRP>Leucocytes>CRP>Release A>Leucocytes>Return ER,24,1,0.0009523809523809,LKA,3267008.0,3267008.0,3267008.0,3267008.0,Return ER,"{""CRP"": 1, ""Leucocytes"": 1}",{}
V0795,ER Registration>ER Triage>ER Sepsis Triage>CRP>Leucocytes>IV Liquid>IV Antibiotics>Admission NC>Leucocytes>CRP>Admission IC>CRP>LacticAcid>Leucocytes>CRP>LacticAcid>Leucocytes>Leucocytes>CRP>LacticAcid>Leucocytes>LacticAcid>CRP>LacticAcid>CRP>Leucocytes>CRP>Leucocytes>LacticAcid>LacticAcid>Leucocytes>CRP>LacticAcid>CRP>Leucocytes>Leucocytes>CRP>LacticAcid>Leucocytes>CRP>LacticAcid>CRP>Leucocytes>LacticAcid>LacticAcid>Leucocytes>CRP>Leucocytes>LacticAcid>CRP>Admission NC>Release A,52,1,0.0009523809523809,MKA,1382813.0,1382813.0,1382813.0,1382813.0,Release A,"{""Admission NC"": 1, ""CRP"": 1, ""LacticAcid"": 1, ""Leucocytes"": 1}",{}
V0796,ER Registration>ER Triage>IV Liquid>CRP>Leucocytes>LacticAcid>ER Sepsis Triage>IV Antibiotics>Admission NC>Release A,10,1,0.0009523809523809,NKA,380807.0,380807.0,380807.0,380807.0,Release A,{},{}
V0797,ER Registration>ER Triage>Leucocytes>LacticAcid>CRP>ER Sepsis Triage>IV Antibiotics>Admission NC>Admission NC>Leucocytes>CRP>CRP>Leucocytes>Release A>Return ER,15,1,0.0009523809523809,PKA,15571534.0,15571534.0,15571534.0,15571534.0,Return ER,"{""Admission NC"": 1, ""CRP"": 1, ""Leucocytes"": 1}",{}
V0798,ER Registration>ER Triage>ER Sepsis Triage>Leucocytes>CRP>LacticAcid>IV Liquid>IV Antibiotics>Leucocytes>Admission NC>CRP>Leucocytes>Release A>Return ER,14,1,0.0009523809523809,QKA,6366236.0,6366236.0,6366236.0,6366236.0,Return ER,"{""CRP"": 1, ""Leucocytes"": 1}",{}
V0799,ER Registration>ER Triage>ER Sepsis Triage>LacticAcid>Leucocytes>CRP>Admission NC>CRP>Leucocytes>Release A,10,1,0.0009523809523809,RKA,81147.0,81147.0,81147.0,81147.0,Release A,"{""CRP"": 1, ""Leucocytes"": 1}",{}
V0800,ER Registration>ER Triage>ER Sepsis Triage>LacticAcid>CRP>Leucocytes>IV Antibiotics>Admission NC>LacticAcid>IV Liquid>Leucocytes>CRP>Release A,13,1,0.0009523809523809,TKA,341982.0,341982.0,341982.0,341982.0,Release A,"{""CRP"": 1, ""LacticAcid"": 1, ""Leucocytes"": 1}",{}
V0801,ER Registration>ER Triage>ER Sepsis Triage>CRP>LacticAcid>Leucocytes>IV Liquid>IV Antibiotics>Admission NC>Admission NC>CRP>CRP>Leucocytes>Leucocytes>CRP>Admission NC>Release A,17,1,0.0009523809523809,UKA,766551.0,766551.0,766551.0,766551.0,Release A,"{""Admission NC"": 1, ""CRP"": 1, ""Leucocytes"": 1}",{}
V0802,ER Registration>ER Triage>ER Sepsis Triage>Leucocytes>CRP>LacticAcid>IV Liquid>IV Antibiotics>Admission NC>Leucocytes>Admission NC>CRP>Leucocytes>Release D,14,1,0.0009523809523809,VKA,666352.0,666352.0,666352.0,666352.0,Release D,"{""Admission NC"": 1, ""CRP"": 1, ""Leucocytes"": 1}",{}
V0803,ER Registration>ER Triage>ER Sepsis Triage>IV Liquid>Leucocytes>CRP>LacticAcid>IV Antibiotics>Admission NC>Admission IC>LacticAcid>Leucocytes>CRP>LacticAcid>CRP>Leucocytes>Admission NC>Release B,18,1,0.0009523809523809,WKA,202556.0,202556.0,202556.0,202556.0,Release B,"{""Admission NC"": 1, ""CRP"": 1, ""LacticAcid"": 1, ""Leucocytes"": 1}",{}
V0804,ER Registration>ER Triage>ER Sepsis Triage>IV Liquid>CRP>Leucocytes>LacticAcid>IV Antibiotics>Admission NC>Leucocytes>CRP>Release A>Return ER,13,1,0.0009523809523809,XKA,14633563.0,14633563.0,14633563.0,14633563.0,Return ER,"{""CRP"": 1, ""Leucocytes"": 1}",{}
V0805,ER Registration>ER Triage>ER Sepsis Triage>LacticAcid>Leucocytes>CRP>IV Liquid>IV Antibiotics>Admission IC>Leucocytes>LacticAcid>CRP>Admission NC>Leucocytes>CRP>Leucocytes>CRP>Leucocytes>CRP>Leucocytes>CRP>Leucocytes>Leucocytes>Leucocytes>Leucocytes>Leucocytes>Leucocytes>Leucocytes>Leucocytes>Leucocytes>CRP>Leucocytes>Leucocytes>Leucocytes>Leucocytes>Leucocytes>Leucocytes>Leucocytes>CRP>Leucocytes>Leucocytes>CRP>Release A,43,1,0.0009523809523809,YKA,1641057.0,1641057.0,1641057.0,1641057.0,Release A,"{""CRP"": 1, ""LacticAcid"": 1, ""Leucocytes"": 1}",{}
V0806,ER Registration>IV Liquid>ER Triage>ER Sepsis Triage>IV Antibiotics>Leucocytes>LacticAcid>CRP>Admission NC>Leucocytes>LacticAcid>CRP>Leucocytes>CRP>Release A>Return ER,16,1,0.0009523809523809,ZKA,7770942.0,7770942.0,7770942.0,7770942.0,Return ER,"{""CRP"": 1, ""LacticAcid"": 1, ""Leucocytes"": 1}",{}
V0807,ER Registration>ER Triage>ER Sepsis Triage>IV Liquid>IV Antibiotics>CRP>LacticAcid>Leucocytes>Admission NC>Leucocytes>Release A,11,1,0.0009523809523809,ALA,257295.0,257295.0,257295.0,257295.0,Release A,"{""Leucocytes"": 1}",{}
V0808,ER Registration>ER Triage>ER Sepsis Triage>LacticAcid>Leucocytes>CRP>IV Liquid>IV Antibiotics>Admission NC>Leucocytes>Leucocytes>CRP>Leucocytes>CRP>Leucocytes>CRP>Leucocytes>CRP>Release A>Return ER,20,1,0.0009523809523809,BLA,4763144.0,4763144.0,4763144.0,4763144.0,Return ER,"{""CRP"": 1, ""Leucocytes"": 1}",{}
V0809,ER Registration>ER Triage>LacticAcid>Leucocytes>CRP>ER Sepsis Triage>IV Liquid>IV Antibiotics>Admission NC>Admission NC>Leucocytes>CRP>Admission NC>Leucocytes>Leucocytes>CRP>Leucocytes>Leucocytes>CRP>Release A,20,1,0.0009523809523809,ELA,1003394.0,1003394.0,1003394.0,1003394.0,Release A,"{""Admission NC"": 1, ""CRP"": 1, ""Leucocytes"": 1}",{}
V0810,ER Registration>ER Triage>ER Sepsis Triage>IV Antibiotics>CRP>Leucocytes>LacticAcid>Admission NC>Admission NC>CRP>Leucocytes>CRP>Leucocytes>Release A,14,1,0.0009523809523809,GLA,479098.0,479098.0,479098.0,479098.0,Release A,"{""Admission NC"": 1, ""CRP"": 1, ""Leucocytes"": 1}",{}
V0811,ER Registration>ER Triage>ER Sepsis Triage>LacticAcid>Leucocytes>CRP>IV Liquid>IV Antibiotics>Admission IC>Leucocytes>LacticAcid>CRP>Admission NC>Leucocytes>CRP>Release A,16,1,0.0009523809523809,HLA,537876.0,537876.0,537876.0,537876.0,Release A,"{""CRP"": 1, ""LacticAcid"": 1, ""Leucocytes"": 1}",{}
V0812,ER Registration>ER Triage>ER Sepsis Triage>Leucocytes>LacticAcid>CRP>IV Liquid>IV Antibiotics>Admission NC>Admission NC>Release A>Return ER,12,1,0.0009523809523809,ILA,1811220.0,1811220.0,1811220.0,1811220.0,Return ER,"{""Admission NC"": 1}",{}
V0813,ER Registration>ER Triage>Leucocytes>CRP>LacticAcid>ER Sepsis Triage>IV Liquid>IV Antibiotics>Admission NC>Leucocytes>Leucocytes>CRP>Leucocytes>CRP>Leucocytes>CRP>CRP>Leucocytes>CRP>CRP>Leucocytes>Leucocytes>Leucocytes>CRP>Release A,25,1,0.0009523809523809,JLA,1323886.0,1323886.0,1323886.0,1323886.0,Release A,"{""CRP"": 1, ""Leucocytes"": 1}",{}
V0814,ER Registration>ER Triage>ER Sepsis Triage>LacticAcid>Leucocytes>CRP>IV Liquid>IV Antibiotics>Admission NC>Leucocytes>Leucocytes>Leucocytes>CRP>Release A,14,1,0.0009523809523809,KLA,450117.0,450117.0,450117.0,450117.0,Release A,"{""CRP"": 1, ""Leucocytes"": 1}",{}
V0815,ER Registration>ER Triage>ER Sepsis Triage>LacticAcid>Leucocytes>CRP>IV Liquid>IV Antibiotics>Admission NC>Admission NC>CRP>Leucocytes>Leucocytes>CRP>Leucocytes>CRP>Leucocytes>CRP>CRP>Leucocytes>CRP>CRP>Leucocytes>Release A>Return ER,25,1,0.0009523809523809,PLA,1352671.0,1352671.0,1352671.0,1352671.0,Return ER,"{""Admission NC"": 1, ""CRP"": 1, ""Leucocytes"": 1}",{}
V0816,ER Triage>ER Registration>Leucocytes>CRP>LacticAcid>ER Sepsis Triage>IV Antibiotics,7,1,0.0009523809523809,QLA,5518.0,5518.0,5518.0,5518.0,IV Antibiotics,{},{}
V0817,ER Registration>ER Triage>ER Sepsis Triage>CRP>Leucocytes>LacticAcid>IV Antibiotics>Admission NC>Leucocytes>CRP>Leucocytes>CRP>CRP>Leucocytes>Leucocytes>CRP>Leucocytes>CRP>CRP>CRP>Release C>Return ER,22,1,0.0009523809523809,RLA,2426270.0,2426270.0,2426270.0,2426270.0,Return ER,"{""CRP"": 1, ""Leucocytes"": 1}",{}
V0818,ER Registration>ER Triage>ER Sepsis Triage>IV Liquid>LacticAcid>Leucocytes>CRP>IV Antibiotics>Admission NC>Leucocytes>CRP>Leucocytes>CRP>CRP>Leucocytes>CRP>Leucocytes>Leucocytes>CRP>Leucocytes>CRP>CRP>Leucocytes>Release A,24,1,0.0009523809523809,SLA,1189181.0,1189181.0,1189181.0,1189181.0,Release A,"{""CRP"": 1, ""Leucocytes"": 1}",{}
V0819,ER Registration>IV Liquid>ER Triage>Leucocytes>CRP>LacticAcid>ER Sepsis Triage>IV Antibiotics>Admission NC>CRP>Leucocytes>Leucocytes>CRP>Admission NC>Release A,15,1,0.0009523809523809,ULA,662876.0,662876.0,662876.0,662876.0,Release A,"{""Admission NC"": 1, ""CRP"": 1, ""Leucocytes"": 1}",{}
V0820,ER Registration>ER Triage>ER Sepsis Triage>IV Liquid>IV Antibiotics>Leucocytes>CRP>LacticAcid,8,1,0.0009523809523809,VLA,3366.0,3366.0,3366.0,3366.0,LacticAcid,{},{}
V0821,ER Registration>ER Triage>ER Sepsis Triage>CRP>Leucocytes>Admission NC>CRP>Leucocytes>Admission NC>Leucocytes>CRP>CRP>Release A>Return ER,14,1,0.0009523809523809,WLA,4319146.0,4319146.0,4319146.0,4319146.0,Return ER,"{""Admission NC"": 1, ""CRP"": 1, ""Leucocytes"": 1}",{}
V0822,ER Registration>ER Triage>ER Sepsis Triage>CRP>Leucocytes>Admission IC>CRP>Leucocytes>LacticAcid>Leucocytes>LacticAcid>CRP>LacticAcid>CRP>Leucocytes>Leucocytes>CRP>LacticAcid>CRP>Leucocytes>LacticAcid>Leucocytes>CRP>LacticAcid>Leucocytes>CRP>LacticAcid>Leucocytes>CRP>LacticAcid>LacticAcid>CRP>Leucocytes>Admission NC>Leucocytes>CRP>LacticAcid>Leucocytes>Leucocytes>CRP>LacticAcid>CRP>Leucocytes>CRP>Admission NC>CRP>Leucocytes>CRP>Leucocytes>CRP>Leucocytes>Leucocytes>CRP>Leucocytes>CRP>CRP>Leucocytes>Leucocytes>CRP>Release A>Return ER,61,1,0.0009523809523809,YLA,12017996.0,12017996.0,12017996.0,12017996.0,Return ER,"{""Admission NC"": 1, ""CRP"": 1, ""LacticAcid"": 1, ""Leucocytes"": 1}",{}
V0823,ER Registration>ER Triage>ER Sepsis Triage>LacticAcid>CRP>Leucocytes>IV Liquid>IV Antibiotics>Admission NC>Release A>Return ER,11,1,0.0009523809523809,ZLA,22271640.0,22271640.0,22271640.0,22271640.0,Return ER,{},{}
V0824,ER Registration>ER Triage>ER Sepsis Triage>Leucocytes>CRP>Admission NC>Leucocytes>CRP>Release A,9,1,0.0009523809523809,AMA,801671.0,801671.0,801671.0,801671.0,Release A,"{""CRP"": 1, ""Leucocytes"": 1}",{}
V0825,ER Registration>ER Triage>ER Sepsis Triage>Leucocytes>LacticAcid>CRP>IV Liquid>IV Antibiotics>Admission NC>CRP>Release A>Return ER,12,1,0.0009523809523809,BMA,10952622.0,10952622.0,10952622.0,10952622.0,Return ER,"{""CRP"": 1}",{}
V0826,ER Registration>ER Triage>ER Sepsis Triage>CRP>Leucocytes>LacticAcid>IV Antibiotics>Admission NC,8,1,0.0009523809523809,CMA,32582.0,32582.0,32582.0,32582.0,Admission NC,{},{}
V0827,ER Registration>ER Triage>ER Sepsis Triage>LacticAcid>CRP>Leucocytes>IV Antibiotics>IV Liquid>Admission NC>CRP>Leucocytes>Leucocytes>CRP>Leucocytes>CRP>Release A>Return ER,17,1,0.0009523809523809,EMA,2849677.0,2849677.0,2849677.0,2849677.0,Return ER,"{""CRP"": 1, ""Leucocytes"": 1}",{}
V0828,ER Registration>CRP>LacticAcid>Leucocytes>ER Triage>ER Sepsis Triage>IV Liquid>IV Antibiotics>Admission NC>Admission NC>Admission NC>Release A>Return ER,13,1,0.0009523809523809,FMA,427468.0,427468.0,427468.0,427468.0,Return ER,"{""Admission NC"": 1}",{}
V0829,ER Registration>ER Triage>ER Sepsis Triage>Leucocytes>CRP>Admission NC>Admission NC>CRP>Leucocytes>CRP>Leucocytes>CRP>Release A,13,1,0.0009523809523809,GMA,780922.0,780922.0,780922.0,780922.0,Release A,"{""Admission NC"": 1, ""CRP"": 1, ""Leucocytes"": 1}",{}
V0830,ER Sepsis Triage>ER Registration>ER Triage>IV Liquid>IV Antibiotics>CRP>Leucocytes>LacticAcid>Admission NC>CRP>Leucocytes>Admission NC>Leucocytes>CRP>Leucocytes>CRP>Release A,17,1,0.0009523809523809,JMA,745142.0,745142.0,745142.0,745142.0,Release A,"{""Admission NC"": 1, ""CRP"": 1, ""Leucocytes"": 1}",{}
V0831,ER Registration>ER Triage>ER Sepsis Triage>IV Liquid>CRP>Leucocytes>LacticAcid>IV Antibiotics>Admission NC>Leucocytes>CRP>CRP>Leucocytes>Leucocytes>CRP>CRP>Leucocytes>Leucocytes>CRP>Release D,20,1,0.0009523809523809,KMA,724891.0,724891.0,724891.0,724891.0,Release D,"{""CRP"": 1, ""Leucocytes"": 1}",{}
V0832,ER Registration>ER Triage>CRP>Leucocytes>LacticAcid>ER Sepsis Triage>IV Liquid>IV Antibiotics,8,1,0.0009523809523809,MMA,4000.0,4000.0,4000.0,4000.0,IV Antibiotics,{},{}
V0833,ER Registration>ER Triage>ER Sepsis Triage>IV Liquid>IV Antibiotics>Leucocytes>LacticAcid>CRP>Admission NC>Leucocytes>CRP>Leucocytes>CRP>Admission NC>Leucocytes>CRP>Leucocytes>CRP>Admission NC>Admission NC>Release A,21,1,0.0009523809523809,NMA,959429.0,959429.0,959429.0,959429.0,Release A,"{""Admission NC"": 1, ""CRP"": 1, ""Leucocytes"": 1}",{}
V0834,ER Sepsis Triage>ER Registration>ER Triage>IV Liquid>IV Antibiotics>CRP>LacticAcid>Leucocytes>Admission IC>LacticAcid>Leucocytes>CRP>LacticAcid>Leucocytes>CRP>LacticAcid>Leucocytes>CRP>LacticAcid>Admission NC>CRP>Leucocytes>CRP>Leucocytes>Release A>Return ER,26,1,0.0009523809523809,OMA,8372653.0,8372653.0,8372653.0,8372653.0,Return ER,"{""CRP"": 1, ""LacticAcid"": 1, ""Leucocytes"": 1}",{}
V0835,ER Registration>ER Triage>ER Sepsis Triage>Leucocytes>CRP>LacticAcid>IV Liquid>IV Antibiotics>Admission NC>CRP>Leucocytes>Leucocytes>CRP>Release A,14,1,0.0009523809523809,PMA,324746.0,324746.0,324746.0,324746.0,Release A,"{""CRP"": 1, ""Leucocytes"": 1}",{}
V0836,ER Registration>Leucocytes>CRP>LacticAcid>ER Triage>ER Sepsis Triage>IV Liquid>IV Antibiotics>Admission NC>CRP>Leucocytes>CRP>Admission NC>Leucocytes>CRP>CRP>Leucocytes>Release A,18,1,0.0009523809523809,QMA,830336.0,830336.0,830336.0,830336.0,Release A,"{""Admission NC"": 1, ""CRP"": 1, ""Leucocytes"": 1}",{}
V0837,ER Registration>ER Triage>ER Sepsis Triage>CRP>Leucocytes>IV Liquid>IV Antibiotics>Admission IC>Admission NC>Leucocytes>CRP>Leucocytes>CRP>Leucocytes>CRP>Release A,16,1,0.0009523809523809,SMA,534551.0,534551.0,534551.0,534551.0,Release A,"{""CRP"": 1, ""Leucocytes"": 1}",{}
V0838,ER Registration>ER Triage>ER Sepsis Triage>IV Liquid>CRP>Leucocytes>LacticAcid>IV Antibiotics>Admission NC>Release A,10,1,0.0009523809523809,TMA,200261.0,200261.0,200261.0,200261.0,Release A,{},{}
V0839,CRP>Leucocytes>ER Registration>ER Triage>ER Sepsis Triage>LacticAcid>Leucocytes>CRP>IV Liquid>IV Antibiotics>Admission NC>CRP>Leucocytes>Release A,14,1,0.0009523809523809,UMA,352440.0,352440.0,352440.0,352440.0,Release A,"{""CRP"": 1, ""Leucocytes"": 1}",{}
V0840,IV Liquid>ER Registration>ER Triage>ER Sepsis Triage>Leucocytes>LacticAcid>CRP>IV Antibiotics>LacticAcid>Admission IC>LacticAcid>CRP>LacticAcid>Leucocytes>LacticAcid>Leucocytes>CRP>Leucocytes>LacticAcid>LacticAcid>CRP>Leucocytes>Leucocytes>LacticAcid>CRP>Leucocytes>CRP>LacticAcid>Leucocytes>CRP>LacticAcid>Leucocytes>CRP>LacticAcid>Admission NC>Leucocytes>CRP>Leucocytes>CRP>CRP>Leucocytes>CRP>Leucocytes>Leucocytes>CRP>Leucocytes>CRP>Leucocytes>CRP>Leucocytes>CRP>CRP>Leucocytes>Leucocytes>CRP>Leucocytes>Leucocytes>CRP>Leucocytes>CRP>Admission IC>LacticAcid>Leucocytes>CRP>Leucocytes>Release B,66,1,0.0009523809523809,ZMA,3906842.0,3906842.0,3906842.0,3906842.0,Release B,"{""Admission IC"": 1, ""CRP"": 1, ""LacticAcid"": 1, ""Leucocytes"": 1}",{}
V0841,ER Registration>ER Triage>ER Sepsis Triage>CRP>Leucocytes>Admission NC>Leucocytes>CRP>Release A,9,1,0.0009523809523809,ANA,82095.0,82095.0,82095.0,82095.0,Release A,"{""CRP"": 1, ""Leucocytes"": 1}",{}
V0842,ER Registration>ER Triage>ER Sepsis Triage>Leucocytes>CRP>Admission NC>Leucocytes>Leucocytes>CRP>CRP>Leucocytes>Leucocytes>CRP>Leucocytes>CRP>Release A>Return ER,17,1,0.0009523809523809,CNA,1477349.0,1477349.0,1477349.0,1477349.0,Return ER,"{""CRP"": 1, ""Leucocytes"": 1}",{}
V0843,ER Registration>ER Triage>ER Sepsis Triage>CRP>LacticAcid>Leucocytes>IV Antibiotics>Admission NC>IV Liquid,9,1,0.0009523809523809,FNA,90950.0,90950.0,90950.0,90950.0,IV Liquid,{},{}
V0844,ER Registration>ER Triage>ER Sepsis Triage>IV Liquid>CRP>LacticAcid>Leucocytes>IV Antibiotics>Admission IC>CRP>Leucocytes>LacticAcid>CRP>LacticAcid>Leucocytes>Admission IC>Leucocytes>CRP>LacticAcid>Leucocytes>Leucocytes>CRP>LacticAcid>Admission NC>Release A,25,1,0.0009523809523809,GNA,574471.0,574471.0,574471.0,574471.0,Release A,"{""Admission IC"": 1, ""CRP"": 1, ""LacticAcid"": 1, ""Leucocytes"": 1}",{}
V0845,ER Registration>ER Triage>ER Sepsis Triage>Leucocytes>CRP>LacticAcid>IV Antibiotics>Admission IC>CRP>Leucocytes>LacticAcid>LacticAcid>Leucocytes>Leucocytes>CRP>LacticAcid>Leucocytes>CRP>LacticAcid>LacticAcid>Leucocytes>CRP>Admission NC>CRP>Leucocytes>CRP>CRP>Leucocytes>CRP>Release A,30,1,0.0009523809523809,HNA,1036989.0,1036989.0,1036989.0,1036989.0,Release A,"{""CRP"": 1, ""LacticAcid"": 1, ""Leucocytes"": 1}",{}
V0846,ER Registration>ER Triage>ER Sepsis Triage>Leucocytes>LacticAcid>CRP>IV Liquid>IV Antibiotics>Admission NC>CRP>Leucocytes>LacticAcid>Leucocytes>CRP>Release A,15,1,0.0009523809523809,KNA,408682.0,408682.0,408682.0,408682.0,Release A,"{""CRP"": 1, ""LacticAcid"": 1, ""Leucocytes"": 1}",{}
