variant_id,category_id,rationale,structural_distance_to_category_medoid,nearest_other_category_id,nearest_other_category_structural_distance,profile_distance_to_category_medoid,nearest_other_category_profile_distance
V0001,,This narrative stops at ER Sepsis Triage and does not involve admission to a non-critical inpatient ward.,,admission_nc,2.0,,0.3891150653362274
V0002,,This narrative ends at CRP testing during the ER phase without admission to a non-critical inpatient ward.,,admission_nc,1.0,,0.37631967663764954
V0003,,This narrative ends with Leucocytes testing in the ER and does not involve inpatient admission.,,admission_nc,2.0,,0.3832360804080963
V0004,,This narrative concludes with IV Antibiotics administration in the ER and does not involve inpatient admission.,,admission_nc,1.0,,0.0398164764046669
V0005,,This narrative concludes with LacticAcid testing in the ER without proceeding to inpatient admission.,,admission_nc,1.0,,0.37761950492858887
V0006,,This narrative finishes with IV Antibiotics treatment in the ER and lacks an inpatient admission step.,,admission_nc,2.0,,0.017360536381602287
V0007,,This narrative stops at IV Antibiotics administration in the ER without any non-critical inpatient admission.,,admission_nc,1.0,,0.010318686254322529
V0008,admission_nc,"This narrative includes the 'Admission NC' activity, realizing the admission to a non-critical inpatient ward and proceeding to release.",7.0,,,0.3643254339694977,
V0009,,This narrative ends with IV Antibiotics in the ER and does not advance to inpatient admission.,,admission_nc,2.0,,0.02844727225601673
V0010,,This narrative involves ER assessment steps but does not result in an inpatient admission.,,admission_nc,2.0,,0.3388270139694214
V0011,,This narrative ends with IV Antibiotics in the ER and does not contain any inpatient admission activities.,,admission_nc,1.0,,0.013468634337186813
V0012,,This narrative concludes with IV Antibiotics inside the ER workflow without reaching inpatient admission.,,admission_nc,2.0,,0.07379884272813797
V0013,,This narrative stops at Leucocytes testing during the ER stage and does not progress to inpatient admission.,,admission_nc,3.0,,0.367016464471817
V0014,admission_nc,"This narrative includes 'Admission NC', representing admission to a non-critical inpatient ward prior to release.",6.0,,,0.36018046736717224,
V0015,admission_nc,"This narrative explicitly contains 'Admission NC', realizing admission to a non-critical inpatient ward.",5.0,,,0.03809391334652901,
V0016,admission_nc,"This narrative contains 'Admission NC', marking the admission to a non-critical inpatient ward before subsequent tests and release.",5.0,,,0.025659695267677307,
V0017,,This narrative is confined to initial ER evaluations and does not feature inpatient admission.,,admission_nc,2.0,,0.36712613701820374
V0018,admission_nc,"This narrative features 'Admission NC', advancing the workflow to a non-critical inpatient ward.",7.0,,,0.3592872619628906,
V0019,,This narrative ends with IV Antibiotics in the ER and does not proceed to inpatient admission.,,admission_nc,3.0,,0.028952397406101227
V0020,,This narrative terminates at CRP testing in the ER without advancing to inpatient admission.,,admission_nc,3.0,,0.3788929879665375
V0021,admission_nc,"This narrative includes 'Admission NC' and evaluates post-discharge outcomes (Return ER), realizing the non-critical admission category.",5.0,,,0.37058520317077637,
V0022,admission_nc,"This narrative includes 'Admission NC', proceeding through a non-critical inpatient ward toward release.",6.0,,,0.3587454557418823,
V0023,admission_nc,"This narrative contains 'Admission NC' and tracks ER return rates, fully realizing the admission non-critical category.",6.0,,,0.3751971423625946,
V0024,admission_nc,"This narrative culminates with 'Admission NC', representing the patient being admitted to a non-critical inpatient ward.",7.0,,,0.7965540289878845,
V0025,,This narrative concludes with IV Antibiotics in the ER and lacks an inpatient admission step.,,admission_nc,2.0,,0.01594679243862629
V0026,admission_nc,The narrative includes admission to a non-critical inpatient ward (Admission NC) and subsequently tracks release and return ER.,7.0,,,0.5175245404243469,
V0027,,The narrative stops at IV Antibiotics without any admission to an inpatient ward.,,admission_nc,3.0,,0.011120502837002277
V0028,admission_nc,The narrative includes Admission NC and tracks subsequent clinical progress and return ER.,5.0,,,0.40246179699897766,
V0029,,The narrative ends at Leucocytes testing during ER workup without any inpatient admission.,,admission_nc,2.0,,0.36965814232826233
V0030,admission_nc,The workflow includes Admission NC followed by inpatient care and final release.,5.0,,,0.026989446952939034,
V0031,,The case terminates at LacticAcid during the initial evaluation phase.,,admission_nc,3.0,,0.3540477454662323
V0032,admission_nc,Patient is admitted via Admission NC before subsequent release and return to the ER.,5.0,,,0.3509354591369629,
V0033,admission_nc,The variant features Admission NC leading toward release and eventual ER return.,7.0,,,0.5861079692840576,
V0034,,The narrative concludes at IV Liquid administration within the emergency workflow.,,admission_nc,2.0,,0.01565026491880417
V0035,admission_nc,"Includes Admission NC, advancing the inpatient clinical workflow toward release.",4.0,,,0.00493662292137742,
V0036,,Terminates at CRP laboratory testing without reaching any ward admission.,,admission_nc,3.0,,0.38420066237449646
V0037,admission_nc,Contains Admission NC advancing toward Release B.,8.0,,,0.7012527585029602,
V0038,,Ends at IV Antibiotics inside the emergency department timeline.,,admission_nc,3.0,,0.012487771920859814
V0039,admission_nc,"Includes Admission NC, progressing the inpatient phase prior to release.",4.0,,,0.11713791638612747,
V0040,admission_nc,"The variant's final activity is Admission NC, marking admission to a non-critical inpatient ward.",7.0,,,0.7829644083976746,
V0041,admission_nc,Involves Admission NC as part of the inpatient pathway leading to release.,5.0,,,0.1407858282327652,
V0042,admission_nc,Features Admission NC and subsequent inpatient monitoring before release.,4.0,,,0.02830059826374054,
V0043,,Ends at LacticAcid testing without any admission step.,,admission_nc,2.0,,0.36644890904426575
V0044,admission_nc,Includes Admission NC advancing the workflow toward final release.,4.0,,,0.03138114511966705,
V0045,admission_nc,"Proceeds through Admission NC and release, monitored against post-discharge ER return.",7.0,,,0.7120661735534668,
V0046,admission_nc,Contains Admission NC followed by inpatient care and release.,5.0,,,0.012731853872537613,
V0047,admission_nc,Advances via Admission NC toward final release.,6.0,,,0.3795122802257538,
V0048,admission_nc,Includes Admission NC leading to inpatient checks and release.,5.0,,,0.015379437245428562,
V0049,admission_nc,"Features Admission NC, inpatient monitoring, release, and subsequent ER return tracking.",7.0,,,0.4265521466732025,
V0050,,Ends at CRP testing during early emergency assessment.,,admission_nc,1.0,,0.37032926082611084
V0051,admission_nc,"The narrative features an inpatient admission to a non-critical ward (Admission NC) and culminates in release, fitting the admission non-critical criteria.",4.0,,,0.12944914400577545,
V0052,admission_nc,The narrative includes non-critical inpatient admission (Admission NC) and measures against post-discharge complications via a Return ER outcome.,6.0,,,0.40361687541007996,
V0053,admission_nc,The case involves non-critical admission (Admission NC) followed by final release (Release A).,8.0,,,0.38241544365882874,
V0054,admission_nc,"The narrative records an admission to a non-critical ward (Admission NC) and eventual return to ER, matching post-discharge monitoring.",6.0,,,0.3760647773742676,
V0055,admission_nc,Includes non-critical inpatient care steps (Admission NC) and tracks return rates.,6.0,,,0.4989136755466461,
V0056,,The workflow ends at IV Antibiotics without involving an admission to a non-critical inpatient ward.,,admission_nc,2.0,,0.04364530369639397
V0057,admission_nc,"Features Admission NC and ends with Release A, realizing the non-critical admission workflow.",7.0,,,0.38008415699005127,
V0058,admission_nc,Progresses through ER to Admission NC and finishes with a release.,7.0,,,0.37483882904052734,
V0059,admission_nc,Includes Admission NC and monitors the patient towards final release.,5.0,,,0.03580353036522865,
V0060,admission_nc,Involves a non-critical inpatient stay (Admission NC) and an ER return event.,6.0,,,0.4131346642971039,
V0061,admission_nc,Advances clinical workflow through Admission NC toward discharge.,1.0,,,0.006760756019502878,
V0062,,Terminates at IV Antibiotics without any admission to a non-critical ward.,,admission_nc,1.0,,0.019983569160103798
V0063,admission_nc,Advances clinical workflow via Admission NC towards final release.,13.0,,,0.005454994738101959,
V0064,admission_nc,Features Admission NC and concludes with a release.,6.0,,,0.18290001153945923,
V0065,admission_nc,Includes Admission NC steps advancing toward final release.,4.0,,,0.12566904723644257,
V0066,admission_nc,Proceeds through Admission NC and ends with Release A.,7.0,,,0.38287511467933655,
V0067,admission_nc,Contains an Admission NC activity and ends with Release A.,5.0,,,0.008953345939517021,
V0068,admission_nc,Includes Admission NC steps within the inpatient workflow despite an initial intensive care touchpoint.,6.0,,,0.4645063877105713,
V0069,admission_nc,Features Admission NC leading up to Release A.,5.0,,,0.007503002882003784,
V0070,admission_nc,Advances through Admission NC and concludes with Release A.,4.0,,,0.19275180995464325,
V0071,admission_nc,Involves Admission NC and measures against post-discharge complications with a Return ER outcome.,6.0,,,0.515049159526825,
V0072,admission_nc,Progresses to Admission NC and monitors post-discharge return rates.,5.0,,,0.3388845920562744,
V0073,admission_nc,Includes Admission NC and concludes with a release.,5.0,,,0.016926264390349388,
V0074,admission_nc,Features Admission NC and tracks eventual return to ER.,6.0,,,0.6800290942192078,
V0075,admission_nc,Contains non-critical inpatient admission events (Admission NC) and monitors ER return rates.,8.0,,,0.5915619730949402,
V0076,admission_nc,"The narrative includes Admission NC, advancing the clinical workflow for the patient.",8.0,,,0.7077960968017578,
V0077,admission_nc,The narrative features Admission NC as part of the inpatient ward stay.,6.0,,,0.5452136397361755,
V0078,admission_nc,The narrative includes Admission NC representing admission to a non-critical inpatient ward.,10.0,,,0.5075457692146301,
V0079,admission_nc,"The narrative includes Admission NC, marking non-critical ward admission.",6.0,,,0.19278836250305176,
V0080,admission_nc,The narrative contains Admission NC indicating a stay in a non-critical ward.,7.0,,,0.5355098247528076,
V0081,,The narrative ends at IV Liquid and does not include any admission to an inpatient ward.,,admission_nc,3.0,,0.09630604833364487
V0082,admission_nc,The narrative includes Admission NC following initial assessment and admission.,7.0,,,0.35728147625923157,
V0083,admission_nc,The narrative contains Admission NC representing the non-critical inpatient ward stay.,7.0,,,0.3975108563899994,
V0084,admission_nc,The narrative records Admission NC advancing the patient's workflow.,3.0,,,0.34759798645973206,
V0085,admission_nc,The narrative features Admission NC for the non-critical inpatient ward.,6.0,,,0.527555525302887,
V0086,admission_nc,"The narrative includes Admission NC, aligning with non-critical ward admission.",5.0,,,0.023590875789523125,
V0087,admission_nc,The narrative contains Admission NC indicating progression to a non-critical ward.,5.0,,,0.12403178215026855,
V0088,,The narrative ends at IV Antibiotics without any admission event.,,admission_nc,3.0,,0.0675748810172081
V0089,admission_nc,The narrative includes Admission NC marking inpatient care in a non-critical ward.,8.0,,,0.5585710406303406,
V0090,admission_nc,The narrative features Admission NC for the non-critical ward workflow.,6.0,,,0.016834812238812447,
V0091,admission_nc,The narrative records Admission NC as part of the patient's stay.,14.0,,,0.5086774230003357,
V0092,,The narrative terminates at LacticAcid without progressing to an admission.,,admission_nc,2.0,,0.003960905596613884
V0093,admission_nc,The narrative includes Admission NC reflecting the non-critical inpatient admission.,5.0,,,0.3431936800479889,
V0094,admission_nc,"The narrative contains Admission NC, advancing the inpatient clinical workflow.",5.0,,,0.3969850242137909,
V0095,admission_nc,The narrative features Admission NC representing non-critical ward placement.,3.0,,,0.03357747569680214,
V0096,admission_nc,The narrative includes Admission NC as part of the patient management process.,7.0,,,0.35102415084838867,
V0097,admission_nc,The narrative contains Admission NC for non-critical inpatient care.,4.0,,,0.1254587024450302,
V0098,admission_nc,The narrative includes Admission NC reflecting admission to a non-critical ward.,8.0,,,0.6763704419136047,
V0099,admission_nc,The narrative records Admission NC advancing the workflow toward discharge.,3.0,,,0.11987689882516861,
V0100,admission_nc,The narrative includes Admission NC for the non-critical inpatient ward stay.,4.0,,,0.017959458753466606,
V0101,admission_nc,"The patient is admitted to a non-critical inpatient ward (Admission NC) and subsequently released, matching the Admission Non-Critical category.",8.0,,,0.4279285967350006,
V0102,admission_nc,The narrative features an admission to a non-critical ward (Admission NC) leading towards final release.,4.0,,,0.1296493411064148,
V0103,admission_nc,"Involves Admission NC and advances the clinical workflow toward release, fitting the Admission Non-Critical category.",8.0,,,0.13969536125659943,
V0104,admission_nc,The clinical path includes Admission NC and follows the inpatient progression to release and potential post-discharge return.,8.0,,,0.7459506988525391,
V0105,admission_nc,Shows admission to the non-critical ward (Admission NC) and subsequent tests leading to final release.,9.0,,,0.44610825181007385,
V0106,admission_nc,Realizes Admission Non-Critical as the patient is routed through Admission NC and monitored.,10.0,,,0.16826117038726807,
V0107,admission_nc,Features Admission NC as part of the inpatient treatment workflow prior to release.,6.0,,,0.004118672106415033,
V0108,admission_nc,"Includes Admission NC, advancing the clinical workflow toward release and potential ER return.",7.0,,,0.3542792797088623,
V0109,admission_nc,The workflow incorporates Admission NC for non-critical inpatient care before release and return.,7.0,,,0.6261156797409058,
V0110,admission_nc,"Patient is admitted via Admission NC, fitting the non-critical inpatient workflow definition.",7.0,,,0.7499873638153076,
V0111,admission_nc,"Directly culminates in Admission NC, matching the inpatient admission criteria.",8.0,,,0.7885704040527344,
V0112,admission_nc,"Includes Admission NC in the care path, advancing the workflow toward final disposition.",5.0,,,0.5062620639801025,
V0113,admission_nc,"Features Admission NC, progressing the patient through non-critical inpatient care.",8.0,,,0.7185567021369934,
V0114,admission_nc,"Includes Admission NC followed by ongoing checks and release, matching Admission Non-Critical.",5.0,,,0.13551732897758484,
V0115,admission_nc,"Contains Admission NC in the sequence, aligning with non-critical inpatient management.",5.0,,,0.42864349484443665,
V0116,admission_nc,Workflow progresses through Admission NC toward discharge and potential ER return.,6.0,,,0.39134398102760315,
V0117,admission_nc,"Includes Admission NC, satisfying the criteria for non-critical ward admission.",6.0,,,0.47209587693214417,
V0118,admission_nc,"Patient undergoes Admission NC, advancing the workflow toward release.",6.0,,,0.017522422596812248,
V0119,admission_nc,"The sequence incorporates Admission NC, fitting the inpatient admission category.",6.0,,,0.011857488192617893,
V0120,admission_nc,Proceeds via Admission NC toward release and potential ER return.,10.0,,,0.5555859208106995,
V0121,admission_nc,"Includes Admission NC, realizing the non-critical inpatient admission process.",7.0,,,0.3959503173828125,
V0122,admission_nc,Features Admission NC as part of the patient's inpatient clinical workflow.,4.0,,,0.017666222527623177,
V0123,admission_nc,"Contains Admission NC, advancing the clinical workflow toward final release.",10.0,,,0.47200170159339905,
V0124,admission_nc,"Involves Admission NC, aligning with the non-critical inpatient pathway.",4.0,,,0.33501124382019043,
V0125,,"This narrative includes Admission IC (critical intensive care) prior to Admission NC, which deviates significantly from a purely non-critical admission pathway under this specific taxonomy.",,admission_nc,6.0,,0.0021829388570040464
V0126,admission_nc,"The narrative includes Admission NC, realizing the Admission Non-Critical workflow.",4.0,,,0.5565704703330994,
V0127,,"The narrative does not contain any admission to a non-critical inpatient ward, stopping at LacticAcid.",,admission_nc,2.0,,0.23709064722061157
V0128,admission_nc,"The narrative includes Admission NC, realizing the Admission Non-Critical workflow.",13.0,,,0.5269414782524109,
V0129,admission_nc,"The narrative includes Admission NC, realizing the Admission Non-Critical workflow.",20.0,,,0.5533310770988464,
V0130,admission_nc,"The narrative includes Admission NC, realizing the Admission Non-Critical workflow.",4.0,,,0.023272523656487465,
V0131,admission_nc,"The narrative includes Admission NC, realizing the Admission Non-Critical workflow.",8.0,,,0.6697755455970764,
V0132,,The narrative terminates at IV Antibiotics without any non-critical admission.,,admission_nc,4.0,,0.3351621925830841
V0133,,The narrative terminates at IV Antibiotics without any non-critical admission.,,admission_nc,4.0,,0.3392581641674042
V0134,admission_nc,"The narrative includes Admission NC, realizing the Admission Non-Critical workflow.",17.0,,,0.5776081085205078,
V0135,admission_nc,"The narrative includes Admission NC, realizing the Admission Non-Critical workflow.",5.0,,,0.0295835230499506,
V0136,admission_nc,"The narrative includes Admission NC, realizing the Admission Non-Critical workflow.",22.0,,,0.5279905796051025,
V0137,,The narrative terminates at LacticAcid without any non-critical admission.,,admission_nc,2.0,,0.01278902217745781
V0138,admission_nc,"The narrative includes Admission NC, realizing the Admission Non-Critical workflow.",4.0,,,0.3469054698944092,
V0139,admission_nc,"The narrative includes Admission NC, realizing the Admission Non-Critical workflow.",21.0,,,0.17792421579360962,
V0140,admission_nc,"The narrative includes Admission NC, realizing the Admission Non-Critical workflow.",8.0,,,0.5357482433319092,
V0141,admission_nc,"The narrative includes Admission NC, realizing the Admission Non-Critical workflow.",10.0,,,0.5187110900878906,
V0142,admission_nc,"The narrative includes Admission NC, realizing the Admission Non-Critical workflow.",3.0,,,0.007315053138881922,
V0143,admission_nc,"The narrative includes Admission NC, realizing the Admission Non-Critical workflow.",7.0,,,0.34454524517059326,
V0144,admission_nc,"The narrative includes Admission NC, realizing the Admission Non-Critical workflow.",4.0,,,0.12547017633914948,
V0145,,The narrative contains only intensive care and emergency diagnostics/treatments without Admission NC.,,admission_nc,47.0,,0.03063969500362873
V0146,,The narrative terminates at Leucocytes without any non-critical admission.,,admission_nc,3.0,,0.21019303798675537
V0147,admission_nc,"The narrative includes Admission NC, realizing the Admission Non-Critical workflow.",5.0,,,0.46253904700279236,
V0148,,The narrative terminates at IV Antibiotics without any non-critical admission.,,admission_nc,2.0,,0.0060074119828641415
V0149,admission_nc,"The narrative includes Admission NC, realizing the Admission Non-Critical workflow.",4.0,,,0.01694491319358349,
V0150,admission_nc,"The narrative includes Admission NC, realizing the Admission Non-Critical workflow.",8.0,,,0.4464205205440521,
V0151,admission_nc,The narrative includes admission to a non-critical inpatient ward (Admission NC) and follows the clinical workflow toward release and potential ER return.,20.0,,,0.5508434772491455,
V0152,admission_nc,The narrative features Admission NC events advancing the inpatient workflow toward release.,8.0,,,0.37128308415412903,
V0153,admission_nc,"The process includes an Admission NC event, fitting the non-critical inpatient admission category.",8.0,,,0.35094019770622253,
V0154,admission_nc,"The variant contains Admission NC, advancing the patient workflow toward inpatient care and eventual release/ER return.",7.0,,,0.5771765112876892,
V0155,admission_nc,"Admission NC is present in the sequence, realizing the non-critical admission category.",6.0,,,0.5398070216178894,
V0156,admission_nc,The narrative includes Admission NC steps advancing the patient's inpatient stay.,7.0,,,0.33443188667297363,
V0157,admission_nc,"Admission NC appears in the variant, realizing the non-critical inpatient ward admission workflow.",9.0,,,0.36390015482902527,
V0158,admission_nc,"The variant features Admission NC, progressing the clinical workflow in a non-critical ward.",6.0,,,0.11933472752571106,
V0159,admission_nc,"Admission NC is executed in the sequence, aligning with the non-critical inpatient category.",5.0,,,0.11899423599243164,
V0160,admission_nc,"The narrative contains Admission NC, fulfilling the criteria for non-critical inpatient ward admission.",7.0,,,0.4616328179836273,
V0161,admission_nc,"Admission NC steps are present, matching the admission to a non-critical inpatient ward goal.",5.0,,,0.5480968952178955,
V0162,admission_nc,"The variant includes Admission NC, advancing the patient workflow in a non-critical setting.",4.0,,,0.36307835578918457,
V0163,admission_nc,"Admission NC is part of the sequence, realizing the non-critical ward admission category.",7.0,,,0.4058655798435211,
V0164,admission_nc,"Although Admission IC is present, Admission NC is also included, allowing categorization under non-critical admission as it reaches that workflow stage.",10.0,,,0.5059947371482849,
V0165,admission_nc,"The narrative features Admission NC, advancing the clinical workflow toward final release.",7.0,,,0.35329070687294006,
V0166,admission_nc,"Admission NC is present multiple times, realizing the non-critical inpatient ward workflow.",8.0,,,0.1210278570652008,
V0167,,"The narrative includes Admission IC but lacks Admission NC, meaning it does not realize the non-critical admission category.",,admission_nc,5.0,,0.0018213874427601695
V0168,admission_nc,"The sequence includes Admission NC, satisfying the non-critical inpatient admission category criteria.",9.0,,,0.527099072933197,
V0169,admission_nc,"Admission NC is executed, realizing the clinical workflow for non-critical ward admission.",5.0,,,0.1354426145553589,
V0170,admission_nc,"The narrative features Admission NC, advancing the patient workflow toward final discharge or release.",6.0,,,0.335931658744812,
V0171,admission_nc,"Admission NC is present in the sequence, realizing the admission to a non-critical inpatient ward.",10.0,,,0.3440646827220917,
V0172,admission_nc,"The variant contains Admission NC, fitting the non-critical inpatient ward admission goal.",16.0,,,0.3607647120952606,
V0173,admission_nc,"Admission NC appears in the narrative, advancing the clinical workflow toward release.",5.0,,,0.025402577593922615,
V0174,admission_nc,"The narrative includes Admission NC towards the end of the sequence, realizing the non-critical inpatient admission workflow.",47.0,,,0.4899185597896576,
V0175,admission_nc,"Admission NC is executed in the variant, fulfilling the criteria for non-critical inpatient ward admission.",4.0,,,0.12567274272441864,
V0176,admission_nc,"The narrative includes 'Admission NC', indicating the patient is admitted to a non-critical inpatient ward, realizing the admission_nc category.",7.0,,,0.013337201438844204,
V0177,admission_nc,"The narrative includes 'Admission NC', indicating the patient is admitted to a non-critical inpatient ward, realizing the admission_nc category.",4.0,,,0.13138198852539062,
V0178,admission_nc,"The narrative includes 'Admission NC', indicating the patient is admitted to a non-critical inpatient ward, realizing the admission_nc category.",18.0,,,0.13108320534229279,
V0179,admission_nc,"The narrative includes 'Admission NC', indicating the patient is admitted to a non-critical inpatient ward, realizing the admission_nc category.",4.0,,,0.5239884853363037,
V0180,admission_nc,"The narrative includes 'Admission NC', indicating the patient is admitted to a non-critical inpatient ward, realizing the admission_nc category.",9.0,,,0.7152121663093567,
V0181,admission_nc,"The narrative includes 'Admission NC', indicating the patient is admitted to a non-critical inpatient ward, realizing the admission_nc category.",7.0,,,0.3342682123184204,
V0182,admission_nc,"The narrative includes 'Admission NC', indicating the patient is admitted to a non-critical inpatient ward, realizing the admission_nc category.",16.0,,,0.16806526482105255,
V0183,admission_nc,"The narrative includes 'Admission NC', indicating the patient is admitted to a non-critical inpatient ward, realizing the admission_nc category.",10.0,,,0.49254488945007324,
V0184,admission_nc,"The narrative includes 'Admission NC', indicating the patient is admitted to a non-critical inpatient ward, realizing the admission_nc category.",5.0,,,0.2493474930524826,
V0185,admission_nc,"The narrative includes 'Admission NC', indicating the patient is admitted to a non-critical inpatient ward, realizing the admission_nc category.",17.0,,,0.17561520636081696,
V0186,admission_nc,"The narrative includes 'Admission NC', indicating the patient is admitted to a non-critical inpatient ward, realizing the admission_nc category.",6.0,,,0.19456125795841217,
V0187,,"The narrative lacks any 'Admission NC' activity, so it does not realize the admission_nc category.",,admission_nc,3.0,,0.3373466432094574
V0188,admission_nc,"The narrative includes 'Admission NC', indicating the patient is admitted to a non-critical inpatient ward, realizing the admission_nc category.",4.0,,,0.2546330690383911,
V0189,admission_nc,"The narrative includes 'Admission NC', indicating the patient is admitted to a non-critical inpatient ward, realizing the admission_nc category.",3.0,,,0.018141036853194237,
V0190,admission_nc,"The narrative includes 'Admission NC', indicating the patient is admitted to a non-critical inpatient ward, realizing the admission_nc category.",6.0,,,0.18426881730556488,
V0191,admission_nc,"The narrative includes 'Admission NC', indicating the patient is admitted to a non-critical inpatient ward, realizing the admission_nc category.",9.0,,,0.37262675166130066,
V0192,admission_nc,"The narrative includes 'Admission NC', indicating the patient is admitted to a non-critical inpatient ward, realizing the admission_nc category.",2.0,,,0.5546985268592834,
V0193,admission_nc,"The narrative includes 'Admission NC', indicating the patient is admitted to a non-critical inpatient ward, realizing the admission_nc category.",10.0,,,0.006393044721335173,
V0194,admission_nc,"The narrative includes 'Admission NC', indicating the patient is admitted to a non-critical inpatient ward, realizing the admission_nc category.",4.0,,,0.004726229701191187,
V0195,admission_nc,"The narrative includes 'Admission NC', indicating the patient is admitted to a non-critical inpatient ward, realizing the admission_nc category.",7.0,,,0.02358940802514553,
V0196,admission_nc,"The narrative includes 'Admission NC', indicating the patient is admitted to a non-critical inpatient ward, realizing the admission_nc category.",29.0,,,0.5744571685791016,
V0197,,"The narrative lacks any 'Admission NC' activity, so it does not realize the admission_nc category.",,admission_nc,1.0,,0.18411029875278473
V0198,admission_nc,"The narrative includes 'Admission NC', indicating the patient is admitted to a non-critical inpatient ward, realizing the admission_nc category.",6.0,,,0.36400189995765686,
V0199,admission_nc,"The narrative includes 'Admission NC', indicating the patient is admitted to a non-critical inpatient ward, realizing the admission_nc category.",7.0,,,0.36361777782440186,
V0200,admission_nc,"The narrative includes 'Admission NC', indicating the patient is admitted to a non-critical inpatient ward, realizing the admission_nc category.",6.0,,,0.34407076239585876,
V0201,admission_nc,"The narrative features Admission NC, advancing the clinical workflow toward final discharge while tracking post-discharge complications and ER return.",22.0,,,0.5101239681243896,
V0202,admission_nc,"The narrative includes Admission NC, leading toward final release while assessing post-discharge measures.",4.0,,,0.036341626197099686,
V0203,admission_nc,The narrative involves Admission NC and follows the inpatient non-critical pathway toward release and possible ER return.,7.0,,,0.3508644998073578,
V0204,admission_nc,"The narrative contains Admission NC, progressing the non-critical ward workflow toward release.",3.0,,,0.015146461315453053,
V0205,admission_nc,The narrative includes Admission NC within a non-critical inpatient workflow leading to release.,20.0,,,0.47577691078186035,
V0206,admission_nc,The narrative features Admission NC in a non-critical inpatient pathway ending in release.,7.0,,,0.7150461077690125,
V0207,admission_nc,"The narrative includes Admission NC, advancing clinical care for a non-critical inpatient.",4.0,,,0.023873882368206978,
V0208,admission_nc,"The narrative shows Admission NC, characterizing non-critical inpatient care advancing toward release.",9.0,,,0.13156025111675262,
V0209,admission_nc,The narrative incorporates Admission NC in the non-critical inpatient pathway.,6.0,,,0.37315940856933594,
V0210,admission_nc,"The narrative features Admission NC, advancing non-critical inpatient treatment and subsequent ER return monitoring.",6.0,,,0.40466514229774475,
V0211,admission_nc,The narrative includes Admission NC in a non-critical inpatient stay preceding release and ER return.,5.0,,,0.38038167357444763,
V0212,admission_nc,"The narrative contains Admission NC, advancing the inpatient non-critical workflow.",7.0,,,0.46591344475746155,
V0213,admission_nc,The narrative features Admission NC in the non-critical inpatient ward pathway.,9.0,,,0.674827516078949,
V0214,admission_nc,"The narrative includes Admission NC, advancing clinical workflow toward release.",5.0,,,0.030491793528199196,
V0215,admission_nc,The narrative shows Admission NC within the non-critical inpatient management workflow.,7.0,,,0.005095456261187792,
V0216,admission_nc,"The narrative contains Admission NC, advancing non-critical inpatient care.",3.0,,,0.4954260289669037,
V0217,,The narrative does not include Admission NC; it terminates at IV Antibiotics without non-critical inpatient ward admission.,,admission_nc,4.0,,0.051895543932914734
V0218,,"The narrative features Admission IC instead of Admission NC, realizing intensive rather than non-critical care.",,admission_nc,10.0,,0.037226609885692596
V0219,,The narrative does not include Admission NC and terminates prematurely during diagnostic testing.,,admission_nc,2.0,,0.16907767951488495
V0220,admission_nc,"The narrative includes Admission NC, advancing the non-critical inpatient workflow.",5.0,,,0.3732002079486847,
V0221,admission_nc,The narrative features Admission NC in the course of non-critical inpatient care.,6.0,,,0.2607724666595459,
V0222,admission_nc,"The narrative contains Admission NC, realizing the non-critical inpatient admission process.",9.0,,,0.11565542221069336,
V0223,admission_nc,"The narrative includes Admission NC, advancing non-critical inpatient clinical management.",5.0,,,0.22356729209423065,
V0224,admission_nc,The narrative features Admission NC as part of the non-critical inpatient workflow.,5.0,,,0.4393184185028076,
V0225,admission_nc,"The narrative includes Admission NC, advancing the non-critical inpatient ward workflow toward release.",7.0,,,0.719997227191925,
V0226,admission_nc,"The narrative features Admission NC, advancing the clinical workflow toward final discharge while tracking potential complications.",6.0,,,0.1367940753698349,
V0227,admission_nc,"The narrative includes Admission NC, representing non-critical inpatient admission and post-discharge complication monitoring.",5.0,,,0.46643924713134766,
V0228,admission_nc,"The narrative features Admission NC, fulfilling the non-critical ward admission criteria.",6.0,,,0.22239385545253754,
V0229,admission_nc,"The narrative includes Admission NC, indicating non-critical inpatient care pathway realization.",7.0,,,0.3514864444732666,
V0230,admission_nc,"The narrative contains Admission NC, satisfying non-critical inpatient ward admission and subsequent release/complication checks.",7.0,,,0.491645485162735,
V0231,admission_nc,"The narrative includes Admission NC, aligning with the non-critical inpatient admission workflow.",6.0,,,0.526244580745697,
V0232,,"The narrative ends at IV Antibiotics without involving Admission NC, so it does not realize the admission category.",,admission_nc,1.0,,0.036630779504776
V0233,admission_nc,"The narrative features Admission NC, fulfilling the criteria for non-critical inpatient admission.",7.0,,,0.3719724714756012,
V0234,,The narrative terminates at Leucocytes and lacks an inpatient admission activity.,,admission_nc,2.0,,0.36329925060272217
V0235,admission_nc,"The narrative includes Admission NC, realizing the non-critical inpatient care workflow.",4.0,,,0.20167313516139984,
V0236,admission_nc,"The narrative features Admission NC, advancing the patient to a non-critical inpatient ward.",6.0,,,0.3621377944946289,
V0237,admission_nc,"The narrative contains Admission NC, fulfilling the non-critical inpatient care and complication-tracking requirements.",6.0,,,0.4476865828037262,
V0238,admission_nc,"The narrative includes Admission NC, indicating patient admission to a non-critical inpatient ward.",7.0,,,0.11595219373703003,
V0239,admission_nc,"The narrative features Admission NC, advancing the patient along the non-critical admission workflow.",10.0,,,0.4771822988986969,
V0240,admission_nc,"The narrative includes Admission NC, fulfilling the non-critical inpatient ward admission criteria.",4.0,,,0.02739907056093216,
V0241,admission_nc,"The narrative contains Admission NC, representing the non-critical inpatient admission process.",8.0,,,0.4898409843444824,
V0242,admission_nc,"The narrative features Admission NC, aligning with non-critical inpatient admission and complication tracking.",6.0,,,0.5737016201019287,
V0243,admission_nc,"The narrative includes Admission NC alongside Admission IC, fulfilling the non-critical ward admission category pathway.",27.0,,,0.5599926114082336,
V0244,admission_nc,"The narrative features Admission NC, advancing the patient toward final discharge from a non-critical ward.",7.0,,,0.12123451381921768,
V0245,admission_nc,"The narrative contains Admission NC, realizing the non-critical inpatient admission workflow.",14.0,,,0.12694871425628662,
V0246,admission_nc,"The narrative includes Admission NC, fulfilling the non-critical ward admission criteria.",10.0,,,0.12232368439435959,
V0247,admission_nc,"The narrative features Admission NC multiple times, fully satisfying the non-critical inpatient care workflow.",14.0,,,0.5038485527038574,
V0248,admission_nc,"The narrative contains Admission NC, realizing the non-critical inpatient admission pathway.",13.0,,,0.5204105973243713,
V0249,admission_nc,"The narrative includes Admission NC, indicating admission to a non-critical inpatient ward.",5.0,,,0.04401431605219841,
V0250,admission_nc,"The narrative features Admission NC, fulfilling the non-critical inpatient admission and post-discharge measurement workflow.",6.0,,,0.40798792243003845,
V0251,admission_nc,The narrative includes admission to a non-critical inpatient ward (Admission NC) and tracks the patient toward final discharge/release while monitoring post-discharge complications.,11.0,,,0.5089471340179443,
V0252,admission_nc,"The narrative includes Admission NC, advancing the clinical workflow toward final release.",6.0,,,0.12086934596300125,
V0253,admission_nc,The narrative features Admission NC and concludes with a patient release.,6.0,,,0.3567628860473633,
V0254,admission_nc,The patient is admitted to a non-critical inpatient ward (Admission NC) multiple times before final release.,20.0,,,0.49223122000694275,
V0255,admission_nc,The narrative involves Admission NC and advances the workflow toward release.,4.0,,,0.13185639679431915,
V0256,admission_nc,The narrative includes Admission NC and tracks post-discharge complications via an ER return.,7.0,,,0.512180745601654,
V0257,admission_nc,The clinical workflow transitions from intensive care and eventually proceeds through Admission NC toward release.,12.0,,,0.11705836653709412,
V0258,admission_nc,The narrative features Admission NC as part of the inpatient ward stay leading to release.,9.0,,,0.4579446315765381,
V0259,admission_nc,The process includes Admission NC and concludes with release.,3.0,,,0.013037382625043392,
V0260,,The patient's journey ends at IV Antibiotics in the ER and does not involve admission to a non-critical inpatient ward.,,admission_nc,2.0,,0.0023255597334355116
V0261,admission_nc,The narrative includes Admission NC followed by release and a subsequent return to the ER.,7.0,,,0.3826000392436981,
V0262,admission_nc,"The narrative includes Admission NC, advancing the inpatient workflow toward release and potential ER return.",4.0,,,0.35171106457710266,
V0263,admission_nc,The narrative features Admission NC before release and subsequent ER return.,6.0,,,0.3887384831905365,
V0264,admission_nc,The patient experiences Admission NC as part of the inpatient ward stay.,4.0,,,0.12614573538303375,
V0265,admission_nc,The narrative features Admission NC before moving toward release and ER return.,6.0,,,0.5375975966453552,
V0266,admission_nc,The narrative includes multiple instances of Admission NC advancing the inpatient workflow.,3.0,,,0.11393672227859497,
V0267,admission_nc,The patient is admitted to a non-critical ward via Admission NC.,6.0,,,0.11341819912195206,
V0268,admission_nc,The workflow includes Admission NC during the inpatient phase.,5.0,,,0.4220707416534424,
V0269,admission_nc,The narrative features Admission NC prior to release and a return to the ER.,6.0,,,0.4079676568508148,
V0270,admission_nc,The narrative includes Admission NC during the clinical process.,8.0,,,0.4009275734424591,
V0271,admission_nc,The patient passes through Admission NC before release.,10.0,,,0.45229363441467285,
V0272,admission_nc,The narrative includes Admission NC to advance the inpatient clinical workflow.,8.0,,,0.006372483447194099,
V0273,admission_nc,The process includes Admission NC as part of the extended inpatient ward stay.,77.0,,,0.5437107682228088,
V0274,admission_nc,The narrative includes Admission NC followed by release.,7.0,,,0.6820969581604004,
V0275,admission_nc,The narrative includes Admission NC as part of the inpatient ward workflow.,20.0,,,0.12842097878456116,
V0276,admission_nc,"The narrative features Admission NC, advancing the clinical workflow toward discharge while tracking post-discharge metrics.",6.0,,,0.029338233172893524,
V0277,admission_nc,"Includes Admission NC, representing inpatient non-critical care tracking.",16.0,,,0.5376083254814148,
V0278,admission_nc,"Contains Admission NC, realizing the non-critical inpatient admission pathway.",6.0,,,0.009092576801776886,
V0279,admission_nc,Realizes admission to a non-critical inpatient ward via Admission NC.,8.0,,,0.3414786756038666,
V0280,admission_nc,"Features Admission NC, advancing the clinical workflow toward final release or potential return.",12.0,,,0.39764487743377686,
V0281,admission_nc,Advances clinical workflow with Admission NC to a non-critical ward.,8.0,,,0.000614195829257369,
V0282,admission_nc,"Includes Admission NC, satisfying the non-critical inpatient admission criterion.",7.0,,,0.008857877925038338,
V0283,admission_nc,"Contains Admission NC, realizing the non-critical inpatient workflow.",22.0,,,0.47952842712402344,
V0284,admission_nc,"Features Admission NC, fulfilling the non-critical ward admission category.",8.0,,,0.519036054611206,
V0285,admission_nc,Realizes non-critical inpatient admission through Admission NC.,9.0,,,0.12477497011423111,
V0286,admission_nc,"Includes Admission NC, advancing toward final release from the non-critical ward.",9.0,,,0.350318044424057,
V0287,,Does not reach an inpatient admission activity; terminates at CRP.,,admission_nc,2.0,,0.3696722984313965
V0288,admission_nc,Realizes the admission category via the Admission NC activity.,7.0,,,0.3391999900341034,
V0289,admission_nc,"Includes Admission NC, advancing the workflow toward final release.",4.0,,,0.043404560536146164,
V0290,admission_nc,"Features Admission NC, tracking patient care in a non-critical inpatient ward.",9.0,,,0.5467355847358704,
V0291,admission_nc,"Contains Admission NC, realizing the non-critical inpatient ward admission process.",5.0,,,0.27454590797424316,
V0292,,Terminates at Leucocytes without proceeding to a non-critical ward admission.,,admission_nc,2.0,,0.4081244170665741
V0293,admission_nc,"Includes Admission NC, advancing toward release while measuring against post-discharge outcomes.",6.0,,,0.19436216354370117,
V0294,admission_nc,Realizes the non-critical admission category via Admission NC.,4.0,,,0.12221157550811768,
V0295,admission_nc,"Contains Admission NC, advancing the clinical workflow toward inpatient care.",7.0,,,0.7275593876838684,
V0296,admission_nc,"Features Admission NC, fulfilling the non-critical ward admission workflow.",5.0,,,0.4506894648075104,
V0297,admission_nc,"Includes Admission NC, realizing the non-critical inpatient admission process.",3.0,,,0.4018186330795288,
V0298,admission_nc,Realizes non-critical inpatient ward admission through Admission NC.,4.0,,,0.02576354704797268,
V0299,admission_nc,"Contains Admission NC, advancing the workflow toward final discharge or release.",11.0,,,0.007146891672164202,
V0300,admission_nc,"Features Admission NC, realizing the admission to a non-critical inpatient ward.",18.0,,,0.5884225964546204,
V0301,admission_nc,"The narrative includes the 'Admission NC' activity, realizing the admission to a non-critical inpatient ward workflow.",5.0,,,0.35871466994285583,
V0302,,The narrative ends at ER Sepsis Triage and does not include any non-critical inpatient ward admission.,,admission_nc,4.0,,0.3757302761077881
V0303,admission_nc,"The narrative includes 'Admission NC', indicating the patient was admitted to a non-critical inpatient ward.",7.0,,,0.5109565258026123,
V0304,admission_nc,"The narrative contains 'Admission NC', fulfilling the criteria for non-critical inpatient ward admission.",5.0,,,0.12799300253391266,
V0305,,The narrative terminates at IV Antibiotics and lacks any inpatient ward admission activity.,,admission_nc,4.0,,0.0731884017586708
V0306,admission_nc,"The narrative records 'Admission NC', reflecting admission to a non-critical inpatient ward.",8.0,,,0.17442286014556885,
V0307,admission_nc,"The narrative includes 'Admission NC', advancing the workflow through a non-critical inpatient ward.",4.0,,,0.391666054725647,
V0308,admission_nc,"The narrative proceeds through 'Admission NC', representing admission to a non-critical inpatient ward.",7.0,,,0.45393529534339905,
V0309,admission_nc,"The narrative contains 'Admission NC', which realizes the non-critical ward admission category.",9.0,,,0.7921895980834961,
V0310,admission_nc,The narrative includes 'Admission NC' to realize the non-critical inpatient ward pathway.,5.0,,,0.12945057451725006,
V0311,admission_nc,"The narrative eventually reaches 'Admission NC' following intensive care, fitting the non-critical admission category.",17.0,,,0.5106756687164307,
V0312,admission_nc,"The narrative captures an 'Admission NC' step, realizing the non-critical inpatient admission goal.",8.0,,,0.036578744649887085,
V0313,admission_nc,"The narrative includes 'Admission NC', fulfilling the non-critical inpatient ward workflow requirement.",6.0,,,0.4531877934932709,
V0314,admission_nc,"The narrative explicitly logs 'Admission NC', realizing the admission to a non-critical inpatient ward.",7.0,,,0.45183801651000977,
V0315,admission_nc,"The narrative records 'Admission NC', marking the transition into a non-critical inpatient ward.",26.0,,,0.14607714116573334,
V0316,admission_nc,"The narrative contains 'Admission NC', thus realizing the non-critical inpatient admission category.",6.0,,,0.4665462076663971,
V0317,admission_nc,"The narrative features 'Admission NC', capturing the patient's stay in a non-critical inpatient ward.",159.0,,,0.5914861559867859,
V0318,admission_nc,"The narrative incorporates 'Admission NC', satisfying the condition for non-critical inpatient ward admission.",23.0,,,0.13781723380088806,
V0319,admission_nc,"The narrative includes 'Admission NC', placing it within the non-critical inpatient admission workflow.",11.0,,,0.005046620965003967,
V0320,admission_nc,"The narrative logs 'Admission NC', realizing the non-critical inpatient ward admission goal.",6.0,,,0.6253691911697388,
V0321,admission_nc,"The narrative includes 'Admission NC', fulfilling the criteria for the non-critical inpatient category.",6.0,,,0.559047520160675,
V0322,,The narrative ends at IV Antibiotics without incorporating any inpatient ward admission steps.,,admission_nc,3.0,,0.049260448664426804
V0323,admission_nc,"The narrative contains 'Admission NC', realizing the category for admission to a non-critical inpatient ward.",7.0,,,0.39381828904151917,
V0324,admission_nc,"The narrative progresses through 'Admission NC', capturing the non-critical inpatient ward phase.",28.0,,,0.5402475595474243,
V0325,,The narrative stops at IV Antibiotics and contains no admission activity to a non-critical ward.,,admission_nc,3.0,,0.3762694299221039
V0326,admission_nc,"The narrative includes Admission NC, advancing the clinical workflow for a non-critical inpatient ward.",5.0,,,0.02517876960337162,
V0327,admission_nc,The narrative features Admission NC as part of the patient's inpatient stay sequence.,6.0,,,0.4708585739135742,
V0328,admission_nc,"The narrative includes Admission NC, realizing the non-critical admission workflow.",6.0,,,0.42893317341804504,
V0329,admission_nc,The process sequence contains Admission NC for inpatient care.,16.0,,,0.12450971454381943,
V0330,,The variant ends at IV Liquid without proceeding to a non-critical admission.,,admission_nc,1.0,,0.0009680844959802926
V0331,admission_nc,"The narrative contains Admission NC, advancing the patient into non-critical inpatient care.",14.0,,,0.026142248883843422,
V0332,admission_nc,The patient goes through Admission NC before release.,8.0,,,0.7429146766662598,
V0333,admission_nc,The sequence involves Admission NC for the inpatient workflow.,13.0,,,0.519842803478241,
V0334,admission_nc,The narrative includes multiple instances of Admission NC along with other admissions.,30.0,,,0.5390937924385071,
V0335,admission_nc,The sequence includes Admission NC for inpatient care.,7.0,,,0.4540430009365082,
V0336,admission_nc,The process includes Admission NC before subsequent diagnostic tracking.,5.0,,,0.40609800815582275,
V0337,admission_nc,The patient undergoes Admission NC as part of the non-critical ward workflow.,6.0,,,0.026736358180642128,
V0338,admission_nc,Admission NC is present in the activity sequence.,6.0,,,0.1181485578417778,
V0339,admission_nc,The variant includes Admission NC alongside intensive care steps.,22.0,,,0.5350279211997986,
V0340,admission_nc,The narrative contains Admission NC advancing the care workflow.,5.0,,,0.02834612876176834,
V0341,admission_nc,The workflow incorporates Admission NC for inpatient observation.,6.0,,,0.12985514104366302,
V0342,,The variant terminates at CRP without reaching a ward admission.,,admission_nc,2.0,,0.18317042291164398
V0343,admission_nc,The sequence includes Admission NC for ward treatment.,7.0,,,0.11313137412071228,
V0344,admission_nc,The narrative features Admission NC prior to subsequent monitoring and release.,11.0,,,0.3483830690383911,
V0345,admission_nc,The patient goes through Admission NC during the hospital stay.,17.0,,,0.18496038019657135,
V0346,admission_nc,Admission NC is logged as part of the inpatient treatment path.,16.0,,,0.5983155369758606,
V0347,admission_nc,The narrative includes Admission NC during the clinical workflow.,13.0,,,0.4193112850189209,
V0348,admission_nc,The workflow features Admission NC before final release.,9.0,,,0.4657002389431,
V0349,,The process terminates at ER Sepsis Triage without reaching inpatient admission.,,admission_nc,5.0,,0.3344039022922516
V0350,admission_nc,The sequence includes Admission NC leading to release and potential return.,8.0,,,0.7430149912834167,
V0351,admission_nc,The narrative features Admission NC and advances the clinical workflow toward release while measuring against post-discharge outcomes.,8.0,,,0.35941287875175476,
V0352,admission_nc,The workflow includes Admission NC and tracks potential post-discharge complications with an ER return.,7.0,,,0.4792659282684326,
V0353,admission_nc,The variant contains Admission NC and measures against post-discharge return rates.,4.0,,,0.41963839530944824,
V0354,admission_nc,"Patient experiences Admission NC, advancing the inpatient non-critical workflow toward release.",17.0,,,0.17771078646183014,
V0355,admission_nc,"The sequence includes Admission NC, realizing non-critical inpatient care progression.",9.0,,,0.1798364520072937,
V0356,admission_nc,Involves Admission NC as part of the inpatient pathway leading to final release.,14.0,,,0.12703758478164673,
V0357,admission_nc,Features Admission NC and tracks post-discharge outcomes like ER return.,6.0,,,0.49833250045776367,
V0358,admission_nc,The patient is routed through Admission NC prior to eventual discharge and return.,7.0,,,0.6764909625053406,
V0359,admission_nc,"Contains Admission NC, following the non-critical admission category definition.",5.0,,,0.4043245315551758,
V0360,admission_nc,"Includes Admission NC, advancing clinical workflow toward final release.",7.0,,,0.347265362739563,
V0361,admission_nc,Features Admission NC toward final release or discharge.,5.0,,,0.14733770489692688,
V0362,admission_nc,Advances through Admission NC toward final release.,4.0,,,0.01995033584535122,
V0363,admission_nc,The narrative includes Admission NC and progresses toward release.,4.0,,,0.025853969156742096,
V0364,admission_nc,Realizes Admission NC with subsequent release and evaluation of post-discharge status.,5.0,,,0.40703102946281433,
V0365,,The narrative does not include Admission NC; it involves intensive care and lacks the non-critical ward admission.,,admission_nc,7.0,,0.06894596666097641
V0366,admission_nc,"Includes Admission NC, advancing clinical workflow toward release and potential ER return.",7.0,,,0.34995555877685547,
V0367,admission_nc,Features an eventual Admission NC step leading to release and return tracking.,23.0,,,0.4920714795589447,
V0368,admission_nc,"Ends in Admission NC, realizing the non-critical inpatient ward admission workflow.",7.0,,,0.8027608394622803,
V0369,admission_nc,Includes Admission NC and progresses toward discharge and potential ER return.,9.0,,,0.4600392282009125,
V0370,admission_nc,Contains Admission NC and tracks post-discharge complications and ER returns.,7.0,,,0.5122596621513367,
V0371,admission_nc,Features Admission NC advancing the clinical workflow toward final release.,7.0,,,0.7181423306465149,
V0372,admission_nc,Contains repeated Admission NC activities advancing toward release.,16.0,,,0.1789788454771042,
V0373,admission_nc,Involves Admission NC and progresses toward final release.,6.0,,,0.0059882719069719315,
V0374,admission_nc,The workflow incorporates Admission NC for non-critical inpatient care.,4.0,,,0.41673266887664795,
V0375,admission_nc,Includes Admission NC as part of the inpatient treatment and monitoring pathway.,12.0,,,0.17860162258148193,
V0376,admission_nc,"The narrative includes Admission NC, advancing the clinical workflow toward final discharge while tracking potential complications.",7.0,,,0.46500730514526367,
V0377,admission_nc,"The narrative includes Admission NC, advancing the clinical workflow toward final discharge while tracking potential complications.",5.0,,,0.01808384247124195,
V0378,,"The narrative does not include any inpatient admission activity, ending at IV Antibiotics without non-critical ward admission.",,admission_nc,1.0,,0.011559880338609219
V0379,,"The narrative does not include any inpatient admission activity, ending at IV Antibiotics without non-critical ward admission.",,admission_nc,2.0,,0.02277352474629879
V0380,admission_nc,"The narrative includes Admission NC, advancing the clinical workflow toward final discharge while tracking potential complications.",6.0,,,0.35787245631217957,
V0381,admission_nc,"The narrative includes Admission NC, advancing the clinical workflow toward final discharge while tracking potential complications.",5.0,,,0.1405215561389923,
V0382,admission_nc,"The narrative includes Admission NC, advancing the clinical workflow toward final discharge while tracking potential complications.",4.0,,,0.45259642601013184,
V0383,admission_nc,"The narrative includes Admission NC, advancing the clinical workflow toward final discharge while tracking potential complications.",9.0,,,0.3665066957473755,
V0384,admission_nc,"The narrative includes Admission NC, advancing the clinical workflow toward final discharge while tracking potential complications.",10.0,,,0.4527253210544586,
V0385,admission_nc,"The narrative includes Admission NC, advancing the clinical workflow toward final discharge while tracking potential complications.",9.0,,,0.44558802247047424,
V0386,admission_nc,"The narrative includes Admission NC, advancing the clinical workflow toward final discharge while tracking potential complications.",5.0,,,0.3998048007488251,
V0387,admission_nc,"The narrative includes Admission NC, advancing the clinical workflow toward final discharge while tracking potential complications.",7.0,,,0.1260441392660141,
V0388,admission_nc,"The narrative includes Admission NC, advancing the clinical workflow toward final discharge while tracking potential complications.",7.0,,,0.02687680721282959,
V0389,admission_nc,"The narrative includes Admission NC, advancing the clinical workflow toward final discharge while tracking potential complications.",6.0,,,0.37269648909568787,
V0390,admission_nc,"The narrative includes Admission NC, advancing the clinical workflow toward final discharge while tracking potential complications.",6.0,,,0.47730374336242676,
V0391,admission_nc,"The narrative includes Admission NC after initial ICU admission, realizing the non-critical ward admission pathway.",6.0,,,0.13524560630321503,
V0392,admission_nc,"The narrative includes Admission NC, advancing the clinical workflow toward final discharge while tracking potential complications.",5.0,,,0.25758978724479675,
V0393,admission_nc,"The narrative includes Admission NC, advancing the clinical workflow toward final discharge while tracking potential complications.",18.0,,,0.4576002061367035,
V0394,admission_nc,"The narrative includes Admission NC, advancing the clinical workflow toward final discharge while tracking potential complications.",6.0,,,0.03312350809574127,
V0395,admission_nc,"The narrative includes Admission NC, advancing the clinical workflow toward final discharge while tracking potential complications.",5.0,,,0.00908009335398674,
V0396,admission_nc,"The narrative includes Admission NC, advancing the clinical workflow toward final discharge while tracking potential complications.",3.0,,,0.013641263358294964,
V0397,admission_nc,"The narrative includes Admission NC, advancing the clinical workflow toward final discharge while tracking potential complications.",6.0,,,0.1390020102262497,
V0398,admission_nc,"The narrative includes Admission NC, advancing the clinical workflow toward final discharge while tracking potential complications.",19.0,,,0.4702877998352051,
V0399,admission_nc,"The narrative includes Admission NC, advancing the clinical workflow toward final discharge while tracking potential complications.",7.0,,,0.7888168692588806,
V0400,admission_nc,"The narrative includes Admission NC, advancing the clinical workflow toward final discharge while tracking potential complications.",5.0,,,0.19077707827091217,
V0401,admission_nc,"The patient is admitted to a non-critical inpatient ward (Admission NC) and the workflow progresses toward release, evaluating post-admission lab results.",8.0,,,0.3552357852458954,
V0402,admission_nc,The patient is admitted to a non-critical inpatient ward (Admission NC) as part of the clinical pathway before eventual discharge and return to ER tracking.,5.0,,,0.415731817483902,
V0403,admission_nc,The narrative features inpatient admission to a non-critical ward (Admission NC) advancing the workflow toward final release.,10.0,,,0.500694215297699,
V0404,admission_nc,The process includes an inpatient admission to a non-critical ward (Admission NC) as part of the clinical management.,7.0,,,0.5360127091407776,
V0405,admission_nc,"Admission to a non-critical inpatient ward (Admission NC) is present, advancing the clinical workflow toward final release.",4.0,,,0.04314565658569336,
V0406,admission_nc,"The workflow includes Admission NC, placing the patient in a non-critical inpatient ward before release.",5.0,,,0.19319665431976318,
V0407,,"The patient is admitted to a critical care unit (Admission IC) rather than a non-critical ward, failing to realize the admission_nc category.",,admission_nc,3.0,,0.02208690159022808
V0408,admission_nc,"The narrative includes Admission NC, representing inpatient admission to a non-critical ward.",4.0,,,0.3628557026386261,
V0409,admission_nc,"The workflow proceeds through Admission NC, realizing the non-critical inpatient admission category.",6.0,,,0.5178160667419434,
V0410,admission_nc,The clinical pathway includes admission to a non-critical inpatient ward via Admission NC.,4.0,,,0.3464992046356201,
V0411,admission_nc,"The patient undergoes Admission NC, advancing the workflow toward evaluation and discharge.",10.0,,,0.4450516700744629,
V0412,admission_nc,"The sequence involves Admission NC, placing the patient in a non-critical inpatient ward.",12.0,,,0.37702274322509766,
V0413,admission_nc,"Admission NC is present in the sequence, realizing the non-critical inpatient ward admission category.",8.0,,,0.7556336522102356,
V0414,admission_nc,"The workflow contains Admission NC, denoting admission to a non-critical inpatient ward.",5.0,,,0.37465155124664307,
V0415,admission_nc,The patient is admitted to a non-critical inpatient ward with Admission NC as the outcome.,7.0,,,0.7869688868522644,
V0416,admission_nc,The variant advances through Admission NC before concluding with release.,7.0,,,0.383341521024704,
V0417,,The workflow terminates at ER Triage without any inpatient admission step.,,admission_nc,1.0,,0.6931584477424622
V0418,admission_nc,"Admission NC is executed, placing the patient in a non-critical inpatient ward.",6.0,,,0.38481590151786804,
V0419,admission_nc,"The patient undergoes Admission NC, progressing the clinical workflow.",5.0,,,0.012917407788336277,
V0420,admission_nc,"The narrative includes Admission NC, advancing the patient through a non-critical ward stay.",7.0,,,0.3601721525192261,
V0421,admission_nc,"The sequence features multiple instances of Admission NC, realizing the non-critical inpatient admission category.",10.0,,,0.4551126956939697,
V0422,,The patient is admitted to an intensive care unit (Admission IC) rather than a non-critical inpatient ward.,,admission_nc,5.0,,0.00043312355410307646
V0423,admission_nc,"The workflow features Admission NC, directing the patient to a non-critical inpatient ward.",7.0,,,0.47463345527648926,
V0424,admission_nc,The patient is admitted to a non-critical ward via Admission NC during the clinical process.,8.0,,,0.6747285723686218,
V0425,admission_nc,"The variant includes Admission NC, fulfilling the non-critical inpatient admission workflow.",4.0,,,0.015431790612637997,
V0426,admission_nc,"The narrative includes Admission NC and advances toward final release, fitting the admission non-critical criteria.",6.0,,,0.4497864246368408,
V0427,admission_nc,The narrative features Admission NC during the clinical workflow before subsequent release and return.,9.0,,,0.5158639550209045,
V0428,admission_nc,"Admission NC is present in the sequence, realizing the admission non-critical clinical workflow.",11.0,,,0.3385990560054779,
V0429,,The narrative ends at IV Antibiotics without involving Admission NC.,,admission_nc,2.0,,0.02403135783970356
V0430,admission_nc,The narrative includes Admission NC followed by monitoring tests and final release.,7.0,,,0.11896595358848572,
V0431,admission_nc,"Admission NC is present, advancing the workflow toward release.",4.0,,,0.02317447029054165,
V0432,,The narrative contains Admission IC instead of Admission NC.,,admission_nc,6.0,,0.0499676950275898
V0433,admission_nc,The narrative features Admission NC and leads to release.,6.0,,,0.50961834192276,
V0434,admission_nc,"Admission NC is present in the activity sequence, fitting the category.",3.0,,,0.11341449618339539,
V0435,admission_nc,The narrative includes Admission NC multiple times during the inpatient stay.,36.0,,,0.5347631573677063,
V0436,admission_nc,Admission NC is present in the process variant.,9.0,,,0.4559994637966156,
V0437,admission_nc,Admission NC is present in the sequence prior to release and return.,34.0,,,0.4638255536556244,
V0438,admission_nc,The narrative features Admission NC as part of the inpatient care workflow.,10.0,,,0.009741471149027348,
V0439,admission_nc,"Admission NC is included in the sequence, advancing the clinical workflow.",29.0,,,0.038935158401727676,
V0440,admission_nc,"Admission NC is present, fitting the inpatient non-critical admission category.",11.0,,,0.5490028262138367,
V0441,admission_nc,Admission NC is present in the patient's workflow before release.,4.0,,,0.44179949164390564,
V0442,admission_nc,The narrative contains Admission NC during the care process.,8.0,,,0.5109755992889404,
V0443,admission_nc,Admission NC is featured in the process variant sequence.,4.0,,,0.3794967830181122,
V0444,admission_nc,The narrative includes Admission NC followed by monitoring and release.,10.0,,,0.33607637882232666,
V0445,admission_nc,"Admission NC is present, advancing the clinical workflow.",5.0,,,0.1301109939813614,
V0446,admission_nc,The narrative features Admission NC during the inpatient phase.,6.0,,,0.1278451681137085,
V0447,admission_nc,Admission NC is present in the sequence leading to release.,11.0,,,0.4113050699234009,
V0448,admission_nc,"The narrative includes Admission NC alongside Admission IC, realizing the non-critical admission workflow.",10.0,,,0.517277181148529,
V0449,admission_nc,Admission NC is present in the patient's sequence of care.,7.0,,,0.5530524849891663,
V0450,admission_nc,The narrative features Admission NC and progresses toward release.,4.0,,,0.014192665927112103,
V0451,admission_nc,"The narrative features Admission NC and progresses through clinical checks toward release, fitting the Admission Non-Critical category.",7.0,,,0.34514865279197693,
V0452,admission_nc,"The narrative includes Admission NC and follows the inpatient clinical workflow toward release, realizing the Admission Non-Critical category.",26.0,,,0.18582312762737274,
V0453,admission_nc,"The narrative includes Admission NC and inpatient care leading to discharge and ER return tracking, fulfilling the Admission Non-Critical definition.",11.0,,,0.47076988220214844,
V0454,admission_nc,"The narrative advances through Admission NC and subsequent inpatient care toward final release, realizing the Admission Non-Critical category.",5.0,,,0.5134360790252686,
V0455,admission_nc,"The patient is admitted to Admission NC and monitored toward discharge, realizing the Admission Non-Critical category.",1.0,,,0.11831935495138168,
V0456,admission_nc,"The narrative involves Admission NC and inpatient lab checks advancing toward release, fitting the Admission Non-Critical category.",5.0,,,0.13838930428028107,
V0457,admission_nc,"The workflow incorporates Admission NC and ongoing monitoring toward discharge, fitting the Admission Non-Critical category.",17.0,,,0.18021385371685028,
V0458,admission_nc,"The narrative includes Admission NC and tracks post-discharge outcomes, realizing the Admission Non-Critical category.",8.0,,,0.5633015036582947,
V0459,admission_nc,"The patient undergoes Admission NC followed by monitoring toward final release, fitting the Admission Non-Critical category.",6.0,,,0.11811911314725876,
V0460,admission_nc,"The narrative features Admission NC and inpatient clinical workflow toward final release, fitting the Admission Non-Critical category.",5.0,,,0.4495360851287842,
V0461,admission_nc,"The process includes Admission NC and subsequent recovery steps toward release, realizing the Admission Non-Critical category.",6.0,,,0.1332905888557434,
V0462,admission_nc,"The workflow advances through Admission NC and continued laboratory measurements, fitting the Admission Non-Critical category.",6.0,,,0.41757678985595703,
V0463,admission_nc,"The narrative contains Admission NC and subsequent discharge/return metrics, realizing the Admission Non-Critical category.",7.0,,,0.7350196242332458,
V0464,admission_nc,"The patient experiences Admission NC and inpatient care leading to release, fulfilling the Admission Non-Critical category.",7.0,,,0.5727564692497253,
V0465,admission_nc,"The process progresses via Admission NC toward final release, realizing the Admission Non-Critical category.",8.0,,,0.029771065339446068,
V0466,admission_nc,"The narrative features Admission NC with inpatient laboratory monitoring toward release, fitting the Admission Non-Critical category.",5.0,,,0.1262185275554657,
V0467,admission_nc,"The workflow includes Admission NC and steps toward final discharge, realizing the Admission Non-Critical category.",8.0,,,0.4592770040035248,
V0468,admission_nc,"The narrative incorporates Admission NC and clinical tracking toward release, fitting the Admission Non-Critical category.",7.0,,,0.33542168140411377,
V0469,admission_nc,"The process proceeds through Admission NC and monitoring toward release, realizing the Admission Non-Critical category.",6.0,,,0.46667560935020447,
V0470,admission_nc,"The narrative includes Admission NC and advances toward final release, fitting the Admission Non-Critical category.",3.0,,,0.35162225365638733,
V0471,admission_nc,"The workflow features Admission NC and inpatient follow-up checks toward release, realizing the Admission Non-Critical category.",5.0,,,0.028142472729086876,
V0472,admission_nc,"The patient undergoes Admission NC and subsequent monitoring toward discharge, fitting the Admission Non-Critical category.",5.0,,,0.023987403139472008,
V0473,admission_nc,"The narrative includes Admission NC and clinical workflow progression toward release, realizing the Admission Non-Critical category.",4.0,,,0.3346465826034546,
V0474,admission_nc,"The process involves Admission NC and inpatient monitoring toward final release, fitting the Admission Non-Critical category.",6.0,,,0.4187782108783722,
V0475,admission_nc,"The narrative features Admission NC and ongoing inpatient assessments leading to release, realizing the Admission Non-Critical category.",2.0,,,0.012022576294839382,
V0476,admission_nc,The narrative features Admission NC and tracks post-discharge complications via Return ER.,7.0,,,0.5686843395233154,
V0477,admission_nc,The narrative includes Admission NC and leads to final release.,5.0,,,0.12087465077638626,
V0478,admission_nc,The narrative contains Admission NC and concludes with a release.,8.0,,,0.13217952847480774,
V0479,admission_nc,The workflow contains Admission NC and measures ER return rates.,5.0,,,0.3346345126628876,
V0480,admission_nc,The narrative records Admission NC and concludes with a release.,6.0,,,0.007919360883533955,
V0481,admission_nc,The process includes Admission NC and advances to final release.,9.0,,,0.11704874038696289,
V0482,admission_nc,The narrative features Admission NC and subsequent return to the ER.,8.0,,,0.4536081850528717,
V0483,admission_nc,The narrative includes Admission NC and progresses toward release.,29.0,,,0.48353496193885803,
V0484,admission_nc,The workflow contains Admission NC and measures post-discharge ER return.,8.0,,,0.5550714135169983,
V0485,admission_nc,The narrative involves Admission NC alongside critical care and final release.,22.0,,,0.17598243057727814,
V0486,admission_nc,The workflow includes Admission NC and advances toward final discharge.,11.0,,,0.46349549293518066,
V0487,admission_nc,The narrative contains Admission NC and concludes with a release.,7.0,,,0.17087720334529877,
V0488,,The narrative ends at IV Liquid without reaching non-critical inpatient ward admission.,,admission_nc,2.0,,0.0740438774228096
V0489,admission_nc,The workflow features Admission NC and advances toward release.,9.0,,,0.34895649552345276,
V0490,admission_nc,The narrative includes Admission NC and progresses to release.,6.0,,,0.18517719209194183,
V0491,admission_nc,The narrative records Admission NC and ends with a release.,5.0,,,0.028071634471416473,
V0492,,The narrative terminates at IV Liquid before any inpatient admission step occurs.,,admission_nc,3.0,,0.00016920965572353452
V0493,admission_nc,The process incorporates Admission NC and advances toward final release.,5.0,,,0.3360939025878906,
V0494,admission_nc,The narrative features Admission NC and culminates in a release.,7.0,,,0.011493145488202572,
V0495,,The workflow terminates at IV Antibiotics without inpatient ward admission.,,admission_nc,3.0,,0.011068315245211124
V0496,admission_nc,The narrative records Admission NC and proceeds to final release.,6.0,,,0.1263057440519333,
V0497,admission_nc,The workflow includes Admission NC and tracks post-discharge ER return.,9.0,,,0.6785303950309753,
V0498,admission_nc,The process contains Admission NC and advances toward final release.,10.0,,,0.35678866505622864,
V0499,admission_nc,The narrative includes Admission NC and concludes with a release.,6.0,,,0.1367950290441513,
V0500,admission_nc,The workflow features Admission NC and leads to final release.,7.0,,,0.19553183019161224,
V0501,admission_nc,"The narrative includes Admission NC, advancing the clinical workflow toward final discharge.",8.0,,,0.728379487991333,
V0502,admission_nc,"The narrative concludes with Admission NC, representing inpatient non-critical admission.",6.0,,,0.7778944969177246,
V0503,admission_nc,The narrative includes Admission NC before proceeding to release.,8.0,,,0.7297255396842957,
V0504,admission_nc,The narrative features Admission NC as part of the inpatient monitoring workflow.,6.0,,,0.363162636756897,
V0505,admission_nc,The narrative includes Admission NC before subsequent follow-up checks and ER return.,6.0,,,0.3948901891708374,
V0506,admission_nc,The narrative includes Admission NC during the inpatient phase of the workflow.,4.0,,,0.025729021057486534,
V0507,,The narrative terminates at IV Antibiotics without reaching non-critical inpatient admission.,,admission_nc,2.0,,0.012583177536725998
V0508,admission_nc,The narrative incorporates Admission NC following the initial ER and treatment phase.,10.0,,,0.39765655994415283,
V0509,admission_nc,The narrative records an Admission NC step prior to discharge monitoring.,5.0,,,0.018044183030724525,
V0510,,The narrative ends at IV Antibiotics and lacks any inpatient admission step.,,admission_nc,1.0,,0.03254904970526695
V0511,admission_nc,The narrative contains multiple instances of Admission NC representing the inpatient ward phase.,11.0,,,0.18719463050365448,
V0512,admission_nc,The narrative includes Admission NC to advance the clinical workflow toward final release.,9.0,,,0.13555829226970673,
V0513,admission_nc,The narrative features Admission NC for inpatient care prior to discharge.,6.0,,,0.14337550103664398,
V0514,admission_nc,The narrative includes Admission NC as part of the inpatient treatment sequence.,12.0,,,0.1241239532828331,
V0515,admission_nc,The narrative contains Admission NC representing admission to a non-critical inpatient ward.,10.0,,,0.5108503699302673,
V0516,,The narrative terminates at Leucocytes and does not contain any admission step.,,admission_nc,6.0,,0.1273200362920761
V0517,,The narrative terminates at ER Triage and lacks inpatient admission.,,admission_nc,1.0,,0.6884955763816833
V0518,admission_nc,The narrative includes Admission NC following acute treatment and interventions.,4.0,,,0.041616033762693405,
V0519,admission_nc,The narrative features Admission NC during the inpatient management workflow.,7.0,,,0.4473893642425537,
V0520,admission_nc,The narrative includes Admission NC as part of the patient's inpatient stay.,7.0,,,0.5598078370094299,
V0521,admission_nc,The narrative contains Admission NC steps leading toward eventual release.,6.0,,,0.12348362803459167,
V0522,admission_nc,The narrative incorporates Admission NC during the inpatient ward phase.,19.0,,,0.5157068371772766,
V0523,admission_nc,The narrative includes Admission NC to manage the patient toward final release.,6.0,,,0.17210949957370758,
V0524,admission_nc,The narrative records an Admission NC step advancing the clinical workflow.,3.0,,,0.0088562136515975,
V0525,admission_nc,The narrative features Admission NC as part of the non-critical inpatient workflow.,3.0,,,0.17577193677425385,
V0526,admission_nc,The narrative includes admission to a non-critical ward (Admission NC) and evaluates the patient against potential post-discharge complications and ER return (Return ER).,6.0,,,0.5417672991752625,
V0527,admission_nc,The patient is admitted to a non-critical ward (Admission NC) as part of the inpatient workflow leading to release.,8.0,,,0.17842958867549896,
V0528,admission_nc,The clinical workflow contains non-critical inpatient ward admissions (Admission NC) and tracks subsequent ER return.,10.0,,,0.5628114342689514,
V0529,admission_nc,The variant advances clinical workflow through Admission NC and measures post-discharge complications via Return ER.,6.0,,,0.4218597114086151,
V0530,admission_nc,The narrative features Admission NC to an inpatient ward and culminates in an ER return.,6.0,,,0.49766191840171814,
V0531,,"The variant includes admissions to an intensive care unit (Admission IC) rather than solely non-critical inpatient wards, so it does not exclusively realize the non-critical admission category.",,admission_nc,5.0,,0.06679265201091766
V0532,admission_nc,"The patient goes through Admission NC, advancing toward final release.",4.0,,,0.00931591633707285,
V0533,admission_nc,Inpatient workflow is advanced via Admission NC toward final release.,4.0,,,0.0021419881377369165,
V0534,admission_nc,The narrative includes Admission NC and concludes with final release.,4.0,,,0.1328575611114502,
V0535,admission_nc,The variant includes Admission NC and measures potential post-discharge complications leading to Return ER.,8.0,,,0.40215444564819336,
V0536,admission_nc,The narrative contains multiple instances of Admission NC and advances the patient toward discharge.,4.0,,,0.131866455078125,
V0537,admission_nc,The clinical workflow features Admission NC and progresses to release.,9.0,,,0.025427332147955894,
V0538,admission_nc,The workflow repeatedly utilizes Admission NC for inpatient care before final release.,13.0,,,0.12996970117092133,
V0539,admission_nc,The narrative advances through Admission NC and results in an ER return.,6.0,,,0.4668215215206146,
V0540,admission_nc,"The patient is admitted to a non-critical inpatient ward (Admission NC), progressing toward release.",5.0,,,0.47437015175819397,
V0541,admission_nc,The workflow involves Admission NC and concludes with Release A.,6.0,,,0.36254677176475525,
V0542,,"The variant features an intensive care admission (Admission IC), making it inconsistent with the non-critical admission category definition.",,admission_nc,5.0,,0.0007972149760462344
V0543,,"The narrative includes intensive care admission (Admission IC), which disqualifies it from the non-critical admission category.",,admission_nc,12.0,,0.004500335548073053
V0544,admission_nc,The process advances via Admission NC toward final release.,5.0,,,0.023481985554099083,
V0545,admission_nc,"The patient is routed through Admission NC, advancing the inpatient clinical workflow.",4.0,,,0.008792991749942303,
V0546,admission_nc,The workflow features Admission NC and tracks post-discharge complications via Return ER.,5.0,,,0.3654951751232147,
V0547,admission_nc,The narrative involves multiple Admission NC steps as part of the inpatient treatment workflow.,17.0,,,0.45160427689552307,
V0548,admission_nc,The clinical workflow incorporates Admission NC and progresses toward release.,9.0,,,0.17589765787124634,
V0549,,The narrative terminates at IV Liquid and does not include any inpatient ward admission (Admission NC).,,admission_nc,2.0,,0.0006197022157721221
V0550,admission_nc,The patient is admitted via Admission NC before final release.,9.0,,,0.4429597854614258,
V0551,admission_nc,"The narrative features multiple 'Admission NC' activities representing patient admission to a non-critical inpatient ward, leading eventually to release.",73.0,,,0.20030546188354492,
V0552,admission_nc,The narrative includes 'Admission NC' which aligns with the non-critical inpatient admission workflow.,13.0,,,0.337003231048584,
V0553,admission_nc,The workflow contains repeated 'Admission NC' steps corresponding to admission to a non-critical inpatient ward.,22.0,,,0.5324456691741943,
V0554,admission_nc,The narrative includes 'Admission NC' activities matching the inpatient non-critical care pathway.,5.0,,,0.12124940007925034,
V0555,admission_nc,The process sequence explicitly incorporates 'Admission NC' representing non-critical inpatient admission.,6.0,,,0.5162240862846375,
V0556,admission_nc,The workflow advances through 'Admission NC' before subsequent release and return to the ER.,8.0,,,0.4599253237247467,
V0557,admission_nc,"The process explicitly includes 'Admission NC', advancing the clinical workflow for a non-critical inpatient ward.",5.0,,,0.11563528329133987,
V0558,admission_nc,"The variant contains 'Admission NC', reflecting admission to a non-critical inpatient ward.",3.0,,,0.38652777671813965,
V0559,admission_nc,The sequence includes 'Admission NC' as part of the clinical patient journey.,7.0,,,0.48953700065612793,
V0560,admission_nc,"The narrative features 'Admission NC', mapping to the non-critical ward admission goal.",8.0,,,0.36698615550994873,
V0561,admission_nc,"The workflow includes 'Admission NC', realizing the non-critical inpatient admission category.",7.0,,,0.006814980413764715,
V0562,admission_nc,"The narrative includes 'Admission NC', confirming patient placement in a non-critical ward.",7.0,,,0.0050335838459432125,
V0563,admission_nc,The sequence includes 'Admission NC' steps during the patient's inpatient stay.,11.0,,,0.1834729164838791,
V0564,admission_nc,The narrative contains 'Admission NC' steps matching the non-critical admission workflow.,7.0,,,0.4861282408237457,
V0565,admission_nc,"The case terminates at 'Admission NC', indicating admission to a non-critical inpatient ward.",10.0,,,0.7750127911567688,
V0566,admission_nc,The workflow includes 'Admission NC' reflecting non-critical inpatient admission.,9.0,,,0.11331511288881302,
V0567,admission_nc,The narrative includes 'Admission NC' prior to eventual release and return to the ER.,5.0,,,0.4179815351963043,
V0568,admission_nc,Multiple 'Admission NC' steps are present in the narrative sequence.,10.0,,,0.1685890555381775,
V0569,admission_nc,The workflow incorporates 'Admission NC' for non-critical ward admission.,5.0,,,0.12706877291202545,
V0570,admission_nc,The narrative features 'Admission NC' steps realizing the non-critical admission category.,13.0,,,0.12029428035020828,
V0571,admission_nc,The sequence contains 'Admission NC' activities advancing the inpatient clinical workflow.,29.0,,,0.5128257274627686,
V0572,admission_nc,The narrative records an 'Admission NC' step as part of the ward progression.,20.0,,,0.13424807786941528,
V0573,admission_nc,The process path includes 'Admission NC' corresponding to non-critical inpatient care.,6.0,,,0.4620164930820465,
V0574,admission_nc,The narrative incorporates 'Admission NC' steps during the clinical pathway.,13.0,,,0.18704648315906525,
V0575,,The narrative terminates early at Leucocytes and does not contain any admission to a non-critical inpatient ward (Admission NC).,,admission_nc,2.0,,7.816903962520882e-05
V0576,admission_nc,"The narrative features multiple 'Admission NC' steps, indicating patient admission to a non-critical inpatient ward and advancement toward release.",7.0,,,0.14434929192066193,
V0577,admission_nc,The narrative includes 'Admission NC' steps representing non-critical inpatient ward admission.,12.0,,,0.49862584471702576,
V0578,admission_nc,"The narrative contains 'Admission NC', indicating the patient was admitted to a non-critical inpatient ward.",5.0,,,0.35723865032196045,
V0579,admission_nc,The process includes multiple 'Admission NC' steps showing admission to a non-critical inpatient ward.,50.0,,,0.5575545430183411,
V0580,,The narrative terminates at CRP and does not include an admission to a non-critical inpatient ward (Admission NC).,,admission_nc,1.0,,0.009662666358053684
V0581,admission_nc,"The workflow features 'Admission NC', reflecting admission to a non-critical inpatient ward.",5.0,,,0.467993825674057,
V0582,admission_nc,"The narrative includes 'Admission NC', matching the non-critical inpatient admission category.",5.0,,,0.18017087876796722,
V0583,admission_nc,"Contains 'Admission NC', advancing the workflow through a non-critical inpatient ward.",5.0,,,0.12338235229253769,
V0584,,The process terminates at IV Liquid without any non-critical inpatient ward admission.,,admission_nc,3.0,,0.0006515100249089301
V0585,,The process terminates at LacticAcid and lacks any inpatient ward admission step.,,admission_nc,2.0,,0.3363097608089447
V0586,admission_nc,"Includes 'Admission NC', showing the patient was admitted to a non-critical inpatient ward.",5.0,,,0.34518590569496155,
V0587,,Terminates at CRP without any inpatient ward admission step.,,admission_nc,2.0,,0.19657333195209503
V0588,admission_nc,"The narrative includes 'Admission NC', realizing the non-critical admission category.",12.0,,,0.49973297119140625,
V0589,admission_nc,"Features 'Admission NC', indicating admission to a non-critical inpatient ward.",7.0,,,0.4494108259677887,
V0590,admission_nc,"Contains 'Admission NC', fulfilling the criteria for non-critical inpatient ward admission.",7.0,,,0.5219841003417969,
V0591,admission_nc,"Includes 'Admission NC', representing admission to a non-critical inpatient ward.",7.0,,,0.667471706867218,
V0592,,Terminates at IV Antibiotics without involving a non-critical inpatient admission.,,admission_nc,3.0,,0.04699490964412689
V0593,admission_nc,"The process contains 'Admission NC', realizing the non-critical ward admission workflow.",6.0,,,0.0024255637545138597,
V0594,admission_nc,"Features multiple 'Admission NC' steps, indicating non-critical inpatient admission.",6.0,,,0.5370773673057556,
V0595,admission_nc,"Includes 'Admission NC' steps, advancing through non-critical inpatient care.",7.0,,,0.5941258668899536,
V0596,admission_nc,"Contains 'Admission NC', indicating a non-critical inpatient ward admission.",5.0,,,0.016931505873799324,
V0597,admission_nc,Includes 'Admission NC' steps towards the workflow's progression.,11.0,,,0.16848702728748322,
V0598,admission_nc,"Features 'Admission NC' steps, representing non-critical inpatient admission.",15.0,,,0.4774315357208252,
V0599,admission_nc,"Contains an 'Admission NC' step, fulfilling the non-critical ward admission category.",5.0,,,0.03339267149567604,
V0600,admission_nc,"Includes 'Admission NC', representing admission to a non-critical inpatient ward.",26.0,,,0.17787213623523712,
V0601,admission_nc,The narrative includes 'Admission NC' and follows the workflow toward final release while measuring potential post-discharge complications.,6.0,,,0.34208381175994873,
V0602,admission_nc,"The narrative features 'Admission NC' leading towards discharge, aligning with non-critical inpatient admission goals.",7.0,,,0.5019586682319641,
V0603,admission_nc,"The narrative contains 'Admission NC' and progresses to final release, fulfilling the non-critical admission workflow.",5.0,,,0.35833311080932617,
V0604,admission_nc,"The process includes 'Admission NC' followed by clinical monitoring and release, matching the non-critical inpatient taxonomy.",7.0,,,0.006537682842463255,
V0605,admission_nc,"The case includes 'Admission NC' during inpatient care, although it ultimately results in an ER return.",9.0,,,0.5546643733978271,
V0606,admission_nc,The variant features 'Admission NC' and monitors recovery toward release A.,5.0,,,0.023441964760422707,
V0607,admission_nc,The workflow incorporates 'Admission NC' and tracks patient status leading to release.,7.0,,,0.13412432372570038,
V0608,admission_nc,The variant includes 'Admission NC' and advances the clinical workflow toward discharge.,4.0,,,0.1223381832242012,
V0609,admission_nc,The narrative features 'Admission NC' and continues monitoring towards final release.,6.0,,,0.011627208441495895,
V0610,admission_nc,The process includes 'Admission NC' to advance the clinical workflow toward release.,4.0,,,0.12828458845615387,
V0611,admission_nc,"The narrative contains multiple 'Admission NC' events, reflecting non-critical inpatient monitoring.",10.0,,,0.17986077070236206,
V0612,admission_nc,The variant incorporates 'Admission NC' to advance clinical treatment toward final release.,5.0,,,0.1358402669429779,
V0613,admission_nc,The narrative includes 'Admission NC' and progresses toward discharge.,4.0,,,0.20008717477321625,
V0614,admission_nc,"The case contains 'Admission NC' advancing toward release, despite a later return to the ER.",8.0,,,0.7491025328636169,
V0615,admission_nc,The variant includes 'Admission NC' as part of the inpatient care workflow.,6.0,,,0.4097259044647217,
V0616,admission_nc,The narrative features 'Admission NC' leading to final clinical release.,4.0,,,0.18394939601421356,
V0617,admission_nc,The process incorporates 'Admission NC' to advance inpatient management toward release.,4.0,,,0.14379191398620605,
V0618,admission_nc,The narrative includes 'Admission NC' steps corresponding to non-critical inpatient care.,7.0,,,0.45737800002098083,
V0619,admission_nc,The variant features 'Admission NC' advancing the patient toward final release.,6.0,,,0.19081032276153564,
V0620,admission_nc,The narrative contains 'Admission NC' and proceeds toward discharge.,4.0,,,0.13019555807113647,
V0621,,"The narrative contains 'Admission IC' instead of 'Admission NC', meaning it does not realize the non-critical admission category.",,admission_nc,3.0,,0.04457711800932884
V0622,admission_nc,"The variant features 'Admission NC' after initial intensive care steps, advancing toward final release.",21.0,,,0.11340365558862686,
V0623,admission_nc,The narrative includes 'Admission NC' to progress the clinical workflow to release.,0.0,,,0.031071320176124573,
V0624,admission_nc,The process incorporates 'Admission NC' events guiding the patient toward final release.,5.0,,,0.1819281429052353,
V0625,admission_nc,The narrative contains 'Admission NC' during the inpatient phase before eventual discharge and ER return.,5.0,,,0.4410628378391266,
V0626,admission_nc,"The narrative features Admission NC and progresses toward discharge/Release A, aligning with non-critical inpatient workflow measurement.",4.0,,,0.241658553481102,
V0627,admission_nc,The narrative includes Admission NC and follows an inpatient pathway before potential post-discharge complications and ER return.,16.0,,,0.5533502697944641,
V0628,admission_nc,"The narrative includes Admission NC and leads to Release A, matching the non-critical inpatient workflow goal model.",7.0,,,0.20177817344665527,
V0629,admission_nc,"The workflow contains Admission NC, advancing toward release, consistent with non-critical ward admission.",8.0,,,0.4885347783565521,
V0630,admission_nc,"The narrative involves Admission NC and Release A, capturing the non-critical admission pathway.",10.0,,,0.13086315989494324,
V0631,admission_nc,"Includes Admission NC, advancing toward final release or potential post-discharge ER return.",3.0,,,0.3754025399684906,
V0632,admission_nc,Features Admission NC as part of the inpatient pathway before eventual ER return.,5.0,,,0.41645577549934387,
V0633,admission_nc,"Contains Admission NC, advancing the clinical workflow toward final release.",6.0,,,0.3952299654483795,
V0634,admission_nc,"Includes Admission NC and leads to Release A, fulfilling the non-critical inpatient workflow criteria.",4.0,,,0.025501282885670662,
V0635,admission_nc,Features Admission NC and tracks outcomes against potential post-discharge ER return rates.,6.0,,,0.5463967323303223,
V0636,admission_nc,"The narrative contains Admission NC, aligning with the non-critical ward admission workflow.",6.0,,,0.5257427096366882,
V0637,admission_nc,Includes Admission NC and progresses toward final release.,3.0,,,0.13689400255680084,
V0638,admission_nc,Contains Admission NC and advances the clinical workflow toward final release and potential ER return.,4.0,,,0.595753014087677,
V0639,admission_nc,Features Admission NC as part of the inpatient pathway before release and ER return.,8.0,,,0.530387818813324,
V0640,admission_nc,"Includes Admission NC, advancing toward discharge and potential post-discharge complications.",9.0,,,0.3699563443660736,
V0641,admission_nc,"The workflow contains Admission NC, advancing toward final release and ER return.",5.0,,,0.42016804218292236,
V0642,admission_nc,"Contains Admission NC, advancing the clinical workflow toward final discharge or release.",11.0,,,0.13395316898822784,
V0643,admission_nc,"Features multiple instances of Admission NC, advancing toward release and tracking potential post-discharge complications.",23.0,,,0.524129331111908,
V0644,admission_nc,"Includes Admission NC, fitting the non-critical inpatient ward admission workflow.",4.0,,,0.41671523451805115,
V0645,,"The narrative lacks an Admission NC activity, terminating in LacticAcid without realizing the inpatient admission category.",,admission_nc,2.0,,0.24520808458328247
V0646,admission_nc,Features Admission NC and progresses toward final release and potential ER return.,13.0,,,0.45939597487449646,
V0647,admission_nc,"Contains Admission NC, advancing toward final release within the non-critical workflow.",6.0,,,0.23959855735301971,
V0648,admission_nc,"Includes Admission NC and leads to Release A, matching the non-critical inpatient workflow.",6.0,,,0.003993597812950611,
V0649,admission_nc,Features Admission NC and tracks the clinical workflow toward final discharge and ER return.,7.0,,,0.459451824426651,
V0650,admission_nc,"Includes Admission NC, advancing toward release and being measured against ER return rates.",8.0,,,0.7563906311988831,
V0651,admission_nc,"The narrative features Admission NC followed by discharge and post-discharge ER return tracking, fulfilling the Admission Non-Critical criteria.",6.0,,,0.6060371994972229,
V0652,admission_nc,"The narrative includes Admission NC and measures outcomes against potential post-discharge complications, realizing Admission Non-Critical.",7.0,,,0.5972147583961487,
V0653,admission_nc,"The patient is admitted to a non-critical inpatient ward (Admission NC), matching the category requirements.",7.0,,,0.13055075705051422,
V0654,,"The narrative focuses on Admission IC rather than non-critical ward admission, so the category does not fit.",,admission_nc,4.0,,0.08748802542686462
V0655,admission_nc,"Although Admission IC occurs earlier, the trajectory includes Admission NC leading toward final release.",7.0,,,0.19662976264953613,
V0656,admission_nc,"The workflow involves Admission NC to advance toward release, matching the target category.",12.0,,,0.44660934805870056,
V0657,admission_nc,"The narrative incorporates Admission NC toward final discharge, matching the category definition.",6.0,,,0.17883650958538055,
V0658,admission_nc,Features Admission NC and tracks subsequent ER return rates.,7.0,,,0.5731586217880249,
V0659,admission_nc,Includes Admission NC advancing the inpatient workflow toward release.,6.0,,,0.36834731698036194,
V0660,admission_nc,Features Admission NC leading to final release.,18.0,,,0.11889851838350296,
V0661,admission_nc,"The workflow incorporates Admission NC toward final release, realizing the category.",19.0,,,0.1190897524356842,
V0662,admission_nc,Includes Admission NC in the care sequence prior to release and ER return tracking.,9.0,,,0.5046647191047668,
V0663,admission_nc,The process explicitly culminates in Admission NC.,7.0,,,0.7811357378959656,
V0664,,The narrative terminates at IV Liquid and lacks admission to a non-critical inpatient ward.,,admission_nc,4.0,,0.09729454666376114
V0665,admission_nc,Includes Admission NC advancing toward final release.,5.0,,,0.0043484861962497234,
V0666,admission_nc,Features Admission NC advancing toward final release.,4.0,,,0.15128809213638306,
V0667,admission_nc,Includes Admission NC followed by release and ER return.,4.0,,,0.4121288061141968,
V0668,admission_nc,Features Admission NC advancing toward final release.,8.0,,,0.38447079062461853,
V0669,admission_nc,Includes Admission NC in the pathway toward final release.,5.0,,,0.025883173570036888,
V0670,admission_nc,Features Admission NC as part of the clinical workflow.,6.0,,,0.3472447693347931,
V0671,admission_nc,Includes Admission NC prior to release and subsequent ER return.,8.0,,,0.3838052749633789,
V0672,admission_nc,Features Admission NC as part of the inpatient pathway.,20.0,,,0.45476022362709045,
V0673,admission_nc,Includes Admission NC advancing the workflow toward final release.,9.0,,,0.11540315300226212,
V0674,admission_nc,Features Admission NC as part of the clinical pathway toward release.,39.0,,,0.15264546871185303,
V0675,admission_nc,Includes Admission NC followed by discharge and ER return tracking.,11.0,,,0.5310096740722656,
V0676,,The narrative does not involve admission to a non-critical inpatient ward as it terminates at IV Antibiotics.,,admission_nc,2.0,,0.04042404145002365
V0677,admission_nc,"The patient is admitted to Admission NC, advancing the clinical workflow toward release and post-discharge complications.",7.0,,,0.714871346950531,
V0678,admission_nc,"The patient undergoes Admission NC multiple times, tracking clinical progress toward final release and measuring complications.",6.0,,,0.13510702550411224,
V0679,,The narrative concludes at IV Antibiotics and does not involve inpatient ward admission.,,admission_nc,2.0,,0.015869054943323135
V0680,admission_nc,"Following intensive care and other interventions, the patient is admitted to Admission NC before release and ER return.",8.0,,,0.4759720265865326,
V0681,admission_nc,The patient is admitted to Admission NC as part of the inpatient pathway prior to release.,5.0,,,0.564975380897522,
V0682,admission_nc,The patient goes through Admission NC during the inpatient phase before subsequent intensive care and release.,10.0,,,0.5223681330680847,
V0683,admission_nc,The narrative includes Admission NC representing inpatient ward care leading up to final release.,7.0,,,0.1241191029548645,
V0684,admission_nc,The narrative features repeated Admission NC activities marking the inpatient non-critical ward stay.,5.0,,,0.1193302646279335,
V0685,,The process stops at IV Antibiotics in the ER without reaching inpatient ward admission.,,admission_nc,2.0,,0.0015570921823382378
V0686,admission_nc,"The patient is admitted to Admission NC following initial ER treatment, progressing to release.",8.0,,,0.7559074759483337,
V0687,admission_nc,The narrative includes Admission NC to manage the patient on a non-critical inpatient ward.,4.0,,,0.4752638339996338,
V0688,admission_nc,"The patient is admitted to Admission NC, advancing the clinical workflow toward release and later ER return.",7.0,,,0.37671688199043274,
V0689,,The pathway terminates at IV Antibiotics without any inpatient admission step.,,admission_nc,4.0,,0.0004547650460153818
V0690,admission_nc,"The patient undergoes Admission NC after intensive care steps, proceeding toward eventual release.",10.0,,,0.12428731471300125,
V0691,admission_nc,The narrative features an Admission NC step advancing the patient into non-critical inpatient care.,6.0,,,0.7480220794677734,
V0692,admission_nc,The patient is admitted to Admission NC before being released from the hospital.,8.0,,,0.7271586060523987,
V0693,admission_nc,The narrative includes Admission NC representing the non-critical ward stay before final release.,7.0,,,0.5018158555030823,
V0694,,The sequence stops at ER Sepsis Triage and does not contain any inpatient admission.,,admission_nc,3.0,,0.4203183650970459
V0695,admission_nc,The patient experiences Admission NC as part of the inpatient treatment flow.,5.0,,,0.11589808017015457,
V0696,admission_nc,The patient is admitted to Admission NC during the inpatient stay before release and eventual ER return.,10.0,,,0.5898785591125488,
V0697,admission_nc,The narrative includes Admission NC marking the non-critical inpatient phase.,5.0,,,0.03480414301156998,
V0698,admission_nc,The narrative contains multiple Admission NC events tracking the inpatient non-critical ward workflow.,5.0,,,0.1451994776725769,
V0699,admission_nc,"The patient undergoes Admission NC following ER interventions, leading to final release.",8.0,,,0.027811991050839424,
V0700,admission_nc,The narrative includes repeated Admission NC steps representing non-critical inpatient care prior to release.,8.0,,,0.7042512893676758,
V0701,admission_nc,The narrative includes admission to a non-critical inpatient ward (Admission NC) and follows the clinical workflow toward final release.,9.0,,,0.45327091217041016,
V0702,admission_nc,The workflow involves admission to a non-critical inpatient ward and progresses toward discharge/release.,4.0,,,0.11975118517875671,
V0703,admission_nc,The narrative features Admission NC as part of the inpatient pathway before subsequent events.,3.0,,,0.3974793255329132,
V0704,admission_nc,The process includes an Admission NC step advancing the clinical workflow toward release.,6.0,,,0.11632708460092545,
V0705,admission_nc,"The case involves admission to a non-critical inpatient ward, aligning with the admission_nc goal-model axis.",5.0,,,0.4671608507633209,
V0706,admission_nc,The sequence includes Admission NC and concludes with Release A.,7.0,,,0.39362525939941406,
V0707,admission_nc,The workflow proceeds through ER stages directly to Admission NC.,8.0,,,0.7888763546943665,
V0708,admission_nc,The narrative includes Admission NC followed by IV treatments.,10.0,,,0.775209903717041,
V0709,admission_nc,The clinical pathway incorporates Admission NC prior to subsequent monitoring and release.,7.0,,,0.354789137840271,
V0710,admission_nc,The complex process features multiple instances of Admission NC and monitors patient status through discharge.,173.0,,,0.5725293755531311,
V0711,admission_nc,The variant advances through ER and Admission NC toward final release.,5.0,,,0.12447129935026169,
V0712,admission_nc,"The narrative includes non-critical inpatient ward admissions (Admission NC) alongside critical ones, fitting the category.",12.0,,,0.5273885130882263,
V0713,,The workflow terminates at IV Antibiotics without reaching a non-critical admission stage.,,admission_nc,2.0,,0.003704542526975274
V0714,admission_nc,The sequence contains Admission NC advancing the patient's inpatient workflow.,1.0,,,0.02025998942553997,
V0715,,The variant transitions to Admission IC rather than non-critical admission.,,admission_nc,4.0,,0.053514983505010605
V0716,admission_nc,The workflow includes Admission NC and proceeds toward release.,5.0,,,0.11695948243141174,
V0717,admission_nc,The narrative incorporates Admission NC steps during the inpatient timeline.,4.0,,,0.12238764762878418,
V0718,admission_nc,The sequence involves Admission NC events and tracks patient progress.,25.0,,,0.5709543824195862,
V0719,admission_nc,The narrative includes Admission NC and concludes with post-discharge tracking/return considerations.,8.0,,,0.3791607618331909,
V0720,admission_nc,The workflow features Admission NC steps advancing toward release and subsequent ER return evaluation.,6.0,,,0.46866026520729065,
V0721,admission_nc,The process includes Admission NC as part of the inpatient care phase.,18.0,,,0.38346055150032043,
V0722,admission_nc,The narrative advances through Admission NC toward release.,5.0,,,0.03655518218874931,
V0723,admission_nc,The sequence includes Admission NC leading to final release.,7.0,,,0.1270250529050827,
V0724,admission_nc,The workflow features Admission NC before subsequent tests and release.,6.0,,,0.3355318307876587,
V0725,admission_nc,The variant incorporates Admission NC progressing toward final discharge.,6.0,,,0.519133985042572,
V0726,admission_nc,The narrative includes admission to a non-critical ward (Admission NC) and tracks patient progress and complications before release.,19.0,,,0.11553282290697098,
V0727,admission_nc,Patient is admitted to a non-critical inpatient ward (Admission NC) and subsequently monitored for potential post-discharge issues.,4.0,,,0.4264383316040039,
V0728,admission_nc,"The process features Admission NC, advancing the clinical workflow toward final release.",7.0,,,0.1302877813577652,
V0729,admission_nc,Includes Admission NC as part of the clinical pathway leading to eventual release.,5.0,,,0.13030408322811127,
V0730,admission_nc,"Involves Admission NC, fitting the criteria of non-critical inpatient ward admission.",5.0,,,0.025113286450505257,
V0731,admission_nc,Shows direct progression to Admission NC and subsequent monitoring.,6.0,,,0.19874142110347748,
V0732,admission_nc,Advances through Admission NC before ultimate release.,7.0,,,0.3344533443450928,
V0733,admission_nc,"Includes multiple instances of Admission NC, realizing the non-critical ward workflow.",5.0,,,0.1353006660938263,
V0734,admission_nc,Patient is routed to Admission NC before final discharge and potential ER return tracking.,6.0,,,0.589866578578949,
V0735,admission_nc,Features repeated Admission NC steps as part of the non-critical inpatient stay.,5.0,,,0.3581477701663971,
V0736,admission_nc,Realizes the admission to a non-critical ward workflow through Admission NC.,4.0,,,0.012913915328681469,
V0737,admission_nc,Progresses via Admission NC toward release.,5.0,,,0.02368847467005253,
V0738,admission_nc,"Includes Admission NC, advancing the workflow toward final release.",5.0,,,0.04765487089753151,
V0739,admission_nc,"Contains an Admission NC step after initial critical care, fitting non-critical inpatient management.",8.0,,,0.13057830929756165,
V0740,admission_nc,Advances through Admission NC toward post-admission release.,7.0,,,0.019060393795371056,
V0741,admission_nc,Includes Admission NC for non-critical inpatient management.,6.0,,,0.02601233869791031,
V0742,,The narrative ends at LacticAcid and does not include any non-critical ward admission steps.,,admission_nc,3.0,,0.012724465690553188
V0743,admission_nc,Features Admission NC to handle the patient in a non-critical ward before release.,5.0,,,0.012457291595637798,
V0744,admission_nc,"Includes Admission NC following initial intensive care, advancing toward final discharge.",15.0,,,0.49360084533691406,
V0745,admission_nc,Shows repeated Admission NC activities for the inpatient stay.,8.0,,,0.5693033933639526,
V0746,admission_nc,Contains Admission NC as part of the extended inpatient workflow.,25.0,,,0.513159453868866,
V0747,admission_nc,Features multiple Admission NC steps realizing non-critical ward management.,6.0,,,0.5233139991760254,
V0748,admission_nc,Includes Admission NC activities during the clinical pathway.,4.0,,,0.49425116181373596,
V0749,admission_nc,Progresses through Admission NC toward release.,4.0,,,0.025322558358311653,
V0750,,The narrative terminates at IV Antibiotics without involving any non-critical ward admissions.,,admission_nc,3.0,,0.3420694172382355
V0751,admission_nc,The narrative includes admission to a non-critical inpatient ward (Admission NC) and leads to Release A.,3.0,,,0.022227197885513306,
V0752,admission_nc,The narrative includes admission to a non-critical inpatient ward (Admission NC) and tracks post-discharge outcomes (Return ER).,19.0,,,0.4919823706150055,
V0753,admission_nc,The narrative features an admission to a non-critical ward (Admission NC) and monitors eventual return to the ER.,6.0,,,0.3829743564128876,
V0754,admission_nc,The process sequence includes Admission NC followed by release and ER return monitoring.,5.0,,,0.3469679653644562,
V0755,admission_nc,The narrative advances through Admission NC toward final release.,6.0,,,0.13672488927841187,
V0756,admission_nc,The workflow involves inpatient stay at a non-critical ward (Admission NC) and eventual return evaluation.,34.0,,,0.5793117880821228,
V0757,admission_nc,The narrative incorporates Admission NC advancing toward discharge and ER return tracking.,8.0,,,0.4619591236114502,
V0758,admission_nc,The workflow contains Admission NC leading to release.,5.0,,,0.15856164693832397,
V0759,,The narrative ends at IV Antibiotics without proceeding to an inpatient admission phase.,,admission_nc,3.0,,0.06038370728492737
V0760,admission_nc,The case involves Admission NC and tracks progression toward release.,6.0,,,0.11229822039604187,
V0761,admission_nc,The workflow advances through Admission NC toward final release.,6.0,,,0.027124546468257904,
V0762,admission_nc,The narrative includes an Admission NC step advancing the clinical workflow toward discharge.,24.0,,,0.14143359661102295,
V0763,admission_nc,The process contains Admission NC steps leading up to final release and subsequent ER return.,39.0,,,0.5349354147911072,
V0764,,The case terminates early at ER Sepsis Triage without reaching any ward admission.,,admission_nc,3.0,,0.33717337250709534
V0765,admission_nc,The workflow includes Admission NC and measures potential post-discharge complications.,7.0,,,0.5374658107757568,
V0766,admission_nc,The narrative includes Admission NC and advances to release.,6.0,,,0.19496409595012665,
V0767,admission_nc,The narrative features Admission NC leading toward release and ER return evaluation.,6.0,,,0.7178154587745667,
V0768,admission_nc,The process includes Admission NC and proceeds to release.,8.0,,,0.35185766220092773,
V0769,admission_nc,The workflow incorporates Admission NC and advances toward discharge.,5.0,,,0.003766445443034172,
V0770,admission_nc,The case advances through Admission NC towards release and checks for ER returns.,10.0,,,0.5283189415931702,
V0771,admission_nc,The narrative incorporates Admission NC leading to release.,4.0,,,0.11957883834838867,
V0772,,The narrative terminates at a CRP lab measurement before reaching discharge or release outcomes.,,admission_nc,2.0,,0.0012781230034306645
V0773,admission_nc,The sequence includes Admission NC advancing towards final release.,6.0,,,0.1891946941614151,
V0774,,The narrative stops at ER Sepsis Triage without an admission phase.,,admission_nc,3.0,,0.3399728238582611
V0775,,The process terminates at a CRP check without any ward admission.,,admission_nc,2.0,,0.0051623680628836155
V0776,admission_nc,The narrative includes Admission NC and follows the patient's non-critical inpatient workflow toward release.,6.0,,,0.13536758720874786,
V0777,,The process stops at Leucocytes without advancing to a non-critical admission phase.,,admission_nc,3.0,,0.3624292314052582
V0778,,The process ends at Leucocytes and lacks an admission to a non-critical ward.,,admission_nc,3.0,,0.16932307183742523
V0779,admission_nc,"Includes Admission NC, tracking the patient's inpatient stay and subsequent ER return.",6.0,,,0.3373715579509735,
V0780,admission_nc,The narrative features Admission NC and monitors labs during the inpatient stay before release.,15.0,,,0.017514940351247787,
V0781,admission_nc,"Contains Admission NC, representing non-critical ward care and monitoring.",8.0,,,0.3447014093399048,
V0782,admission_nc,Features Admission NC and manages the non-critical inpatient workflow.,9.0,,,0.008916748687624931,
V0783,admission_nc,"Involves Admission NC, fitting the non-critical inpatient care category.",7.0,,,0.003786135697737336,
V0784,admission_nc,Includes Admission NC to realize the non-critical ward admission and monitoring pathway.,12.0,,,0.01884062960743904,
V0785,admission_nc,"Features Admission NC multiple times, following the non-critical inpatient management workflow.",7.0,,,0.5274145007133484,
V0786,admission_nc,"Contains Admission NC, advancing the clinical workflow for non-critical inpatient care.",7.0,,,0.11184199899435043,
V0787,admission_nc,Includes Admission NC and tracks the non-critical inpatient phase.,7.0,,,0.47839879989624023,
V0788,admission_nc,"Features Admission NC, fulfilling the non-critical ward admission category.",3.0,,,0.02326478250324726,
V0789,admission_nc,"Contains Admission NC, representing inpatient monitoring in a non-critical ward.",5.0,,,0.13188500702381134,
V0790,admission_nc,Includes Admission NC to manage the patient in a non-critical inpatient setting.,8.0,,,0.44610247015953064,
V0791,,The process terminates at IV Antibiotics in the ER and does not progress to inpatient admission.,,admission_nc,3.0,,0.04513664171099663
V0792,admission_nc,"Features Admission NC, realizing the non-critical inpatient workflow.",5.0,,,0.34697747230529785,
V0793,admission_nc,"Includes both Admission IC and Admission NC, incorporating the non-critical inpatient ward workflow.",6.0,,,0.1198832169175148,
V0794,admission_nc,"Contains Admission NC, advancing the clinical workflow through a non-critical ward stay.",13.0,,,0.3739035129547119,
V0795,admission_nc,Includes Admission NC during a lengthy inpatient stay realizing the non-critical ward workflow.,40.0,,,0.18240971863269806,
V0796,admission_nc,"Features Admission NC, advancing the patient to a non-critical inpatient ward.",6.0,,,0.3548295199871063,
V0797,admission_nc,"Contains Admission NC, representing the non-critical inpatient admission process.",8.0,,,0.5301080346107483,
V0798,admission_nc,"Includes Admission NC, fitting the non-critical inpatient ward workflow.",7.0,,,0.3931683301925659,
V0799,admission_nc,Features Admission NC to advance the clinical workflow toward release.,5.0,,,0.06614088267087936,
V0800,admission_nc,"Contains Admission NC, realizing the non-critical inpatient ward admission category.",4.0,,,0.13571256399154663,
V0801,admission_nc,"The narrative features Admission NC, advancing the clinical workflow toward final release while measuring potential complications.",6.0,,,0.1124047040939331,
V0802,admission_nc,"The narrative features Admission NC, advancing the clinical workflow toward final release.",6.0,,,0.44978323578834534,
V0803,admission_nc,"The narrative includes Admission NC, advancing the patient's inpatient non-critical care pathway.",8.0,,,0.5397255420684814,
V0804,admission_nc,The patient undergoes Admission NC during the inpatient phase before discharge and subsequent ER return.,4.0,,,0.4172029197216034,
V0805,admission_nc,The narrative includes Admission NC representing the non-critical inpatient phase.,31.0,,,0.13179850578308105,
V0806,admission_nc,The patient is admitted to non-critical care via Admission NC.,5.0,,,0.5100370049476624,
V0807,admission_nc,"The narrative contains Admission NC, which realizes the non-critical admission category.",7.0,,,0.19948463141918182,
V0808,admission_nc,"Admission NC is present, fitting the non-critical admission category workflow.",9.0,,,0.3847911059856415,
V0809,admission_nc,"The workflow features multiple instances of Admission NC, realizing non-critical inpatient care.",10.0,,,0.11759240180253983,
V0810,admission_nc,"Admission NC is logged, advancing the clinical workflow toward release.",4.0,,,0.1259767860174179,
V0811,admission_nc,The case involves Admission NC as part of the inpatient management.,6.0,,,0.12263504415750504,
V0812,admission_nc,"The narrative contains Admission NC, fulfilling the criteria for non-critical admission.",8.0,,,0.6902030110359192,
V0813,admission_nc,"The workflow includes Admission NC, advancing the clinical course toward release.",15.0,,,0.014485512860119343,
V0814,admission_nc,"Admission NC is present in the sequence, realizing non-critical inpatient care.",4.0,,,0.016667528077960014,
V0815,admission_nc,The narrative features Admission NC prior to discharge and ER return.,14.0,,,0.4595510959625244,
V0816,,"The variant ends at IV Antibiotics without any admission activity, so it does not realize the admission_nc category.",,admission_nc,2.0,,0.03522605448961258
V0817,admission_nc,"Admission NC is logged, advancing the patient workflow toward final discharge.",10.0,,,0.3653120696544647,
V0818,admission_nc,"The narrative features Admission NC, realizing the non-critical inpatient workflow.",13.0,,,0.01138682384043932,
V0819,admission_nc,"Admission NC is present in the trace, matching the non-critical inpatient ward category.",7.0,,,0.11660092324018478,
V0820,,"The variant terminates at LacticAcid without any inpatient admission activity, hence it does not realize admission_nc.",,admission_nc,2.0,,0.35528209805488586
V0821,admission_nc,"The workflow features Admission NC, advancing the clinical course toward release.",5.0,,,0.4930765628814697,
V0822,admission_nc,"Admission NC is present in the sequence, realizing the non-critical admission category.",49.0,,,0.5781833529472351,
V0823,admission_nc,"The narrative features Admission NC, progressing the patient toward final release.",7.0,,,0.7626644968986511,
V0824,admission_nc,"Admission NC is logged, fulfilling the non-critical inpatient ward workflow criteria.",5.0,,,0.0,
V0825,admission_nc,"The narrative includes Admission NC, advancing the clinical workflow toward release.",7.0,,,0.5755028128623962,
V0826,admission_nc,The narrative features Admission NC which advances the clinical workflow toward final discharge for a non-critical inpatient.,5.0,,,0.7591578364372253,
V0827,admission_nc,The narrative includes Admission NC and tracks post-discharge outcomes like ER return rates.,6.0,,,0.36995694041252136,
V0828,admission_nc,"The narrative includes Admission NC, fitting the non-critical inpatient workflow and subsequent ER return.",11.0,,,0.6848251223564148,
V0829,admission_nc,"The narrative includes Admission NC, advancing the inpatient workflow toward release.",4.0,,,0.11186834424734116,
V0830,admission_nc,"The narrative includes Admission NC, realizing the non-critical inpatient care pathway.",6.0,,,0.11322268843650818,
V0831,admission_nc,"The narrative includes Admission NC, progressing the non-critical clinical workflow.",8.0,,,0.3362405598163605,
V0832,,The narrative ends at IV Antibiotics without reaching non-critical admission or discharge workflows.,,admission_nc,2.0,,0.044516388326883316
V0833,admission_nc,"The narrative includes multiple occurrences of Admission NC, fitting the non-critical inpatient category.",10.0,,,0.11629856377840042,
V0834,admission_nc,The narrative includes Admission NC alongside intensive care and ER return tracking.,16.0,,,0.5121906399726868,
V0835,admission_nc,"The narrative includes Admission NC, advancing the patient through the non-critical ward.",5.0,,,0.0260948296636343,
V0836,admission_nc,The narrative includes Admission NC to manage the non-critical inpatient stay.,10.0,,,0.11212561279535294,
V0837,admission_nc,"The narrative includes Admission NC after initial ICU care, entering the non-critical workflow.",4.0,,,0.011703007854521275,
V0838,admission_nc,The narrative includes Admission NC leading to release A.,5.0,,,0.3733879327774048,
V0839,admission_nc,The narrative includes Admission NC within the inpatient care sequence.,7.0,,,0.023731620982289314,
V0840,admission_nc,"The narrative includes Admission NC among intensive care steps, representing the non-critical phase.",55.0,,,0.5457349419593811,
V0841,admission_nc,The narrative includes Admission NC advancing the patient to release.,4.0,,,0.06580547988414764,
V0842,admission_nc,The narrative includes Admission NC and follows up with ER return rates.,7.0,,,0.3509860038757324,
V0843,admission_nc,The narrative includes Admission NC before proceeding to IV Liquid.,7.0,,,0.7295141816139221,
V0844,admission_nc,The narrative includes Admission NC toward the end of the inpatient workflow.,14.0,,,0.1762898713350296,
V0845,admission_nc,The narrative includes Admission NC as part of the multi-stage inpatient stay.,18.0,,,0.11854341626167297,
V0846,admission_nc,"The narrative includes Admission NC, progressing the clinical workflow toward final release.",5.0,,,0.1305672973394394,
