variant_id,sample_reasons,frequency,frequency_pct,trace_length,duration_seconds_median,outcome,narrative
V0001,frequent,50286,0.1997584752159025,5,5551560.0,Clear Invoice,Create Purchase Order Item (handled by resource user_040) Vendor creates invoice (+15h) Record Goods Receipt (handled by resource user_029) (+18h) Record Invoice Receipt (handled by resource user_013) (+40d) Clear Invoice (handled by resource user_002) (+23d)
V0002,frequent,30798,0.12234342599728285,5,6994800.0,Clear Invoice,Create Purchase Order Item (handled by resource user_109) Record Goods Receipt (handled by resource user_193) (+17d) Vendor creates invoice (+7h) Record Invoice Receipt (handled by resource user_331) (+4d) Clear Invoice (handled by resource user_005) (+60d)
V0003,"frequent,length_low",12214,0.04851946896327075,2,1556760.0,Record Goods Receipt,Create Purchase Order Item (handled by resource user_095) Record Goods Receipt (handled by resource user_096) (+18d)
V0004,frequent,11383,0.04521836541746447,6,7435080.0,Clear Invoice,Create Purchase Order Item (handled by resource user_052) Vendor creates invoice (+7d) Record Goods Receipt (handled by resource user_053) (+10h) Record Invoice Receipt (handled by resource user_012) (+1d) Remove Payment Block (handled by resource user_006) (+62d) Clear Invoice (handled by resource user_002) (+15d)
V0005,frequent,9694,0.03850890225396649,6,8411580.0,Clear Invoice,Create Purchase Order Item (handled by resource batch_03) Receive Order Confirmation (handled by resource user_029) (+8h) Record Goods Receipt (handled by resource user_030) (+5d) Vendor creates invoice (+11h) Record Invoice Receipt (handled by resource user_012) (+2d) Clear Invoice (handled by resource user_002) (+89d)
V0006,frequent,8921,0.03543820064035847,6,5011140.0,Clear Invoice,Create Purchase Requisition Item (handled by resource user_451) Create Purchase Order Item (handled by resource user_042) (+8h) Vendor creates invoice (+16h) Record Goods Receipt (handled by resource user_029) (+18h) Record Invoice Receipt (handled by resource user_235) (+7d) Clear Invoice (+49d)
V0007,frequent,8835,0.03509657018916793,6,6820920.0,Clear Invoice,Create Purchase Order Item (handled by resource user_052) Vendor creates invoice (+21d) Record Invoice Receipt (handled by resource batch_00) (+6h) Record Goods Receipt (handled by resource user_107) (+9h) Remove Payment Block (handled by resource user_006) (+2h) Clear Invoice (handled by resource user_002) (+57d)
V0008,frequent,7985,0.03171999014833118,6,9184200.0,Clear Invoice,Create Purchase Order Item (handled by resource user_060) Record Goods Receipt (handled by resource user_031) (+14d) Vendor creates invoice (+8d) Record Invoice Receipt (handled by resource user_235) (+2d) Remove Payment Block (handled by resource user_015) (+5d) Clear Invoice (handled by resource user_002) (+78d)
V0009,"frequent,length_low",5298,0.02104602477218016,2,79560.0,Delete Purchase Order Item,Create Purchase Order Item (handled by resource user_033) Delete Purchase Order Item (handled by resource user_033) (+22h)
V0010,frequent,4244,0.01685906552154258,6,6666360.0,Clear Invoice,Create Purchase Order Item (handled by resource user_135) Receive Order Confirmation (handled by resource user_135) (+6h) Vendor creates invoice (+12d) Record Goods Receipt (handled by resource batch_05) (+5d) Record Invoice Receipt (handled by resource user_019) (+35d) Clear Invoice (handled by resource user_002) (+24d)
V0014,"duration_low,length_low",2835,0.011261887547967298,1,0.0,Create Purchase Order Item,Create Purchase Order Item (handled by resource user_116)
V0024,length_low,1488,0.005911001295017757,2,52500.0,Create Purchase Order Item,Create Purchase Requisition Item (handled by resource user_432) Create Purchase Order Item (handled by resource user_407) (+15h)
V0064,duration_low,298,0.001183789237846298,3,0.0,Record Service Entry Sheet,Create Purchase Order Item (handled by resource batch_10) Record Goods Receipt (handled by resource batch_10) Record Service Entry Sheet
V0068,length_low,279,0.0011083127428158294,2,3360.0,Change Approval for Purchase Order,Create Purchase Order Item (handled by resource user_602) Change Approval for Purchase Order (handled by resource user_603) (+56m)
V0162,duration_low,69,0.00027409885037380725,4,0.0,Record Goods Receipt,Create Purchase Order Item (handled by resource batch_10) Record Service Entry Sheet Record Service Entry Sheet Record Goods Receipt (handled by resource batch_10) Rework observed: Record Service Entry Sheet was repeated (seen in 69 cases).
V0244,duration_low,38,0.00015095299006093733,5,0.0,Record Service Entry Sheet,Create Purchase Order Item (handled by resource batch_10) Record Goods Receipt (handled by resource batch_10) Record Goods Receipt (handled by resource batch_10) Record Service Entry Sheet Record Service Entry Sheet Rework observed: Record Goods Receipt was repeated (seen in 38 cases); Record Service Entry Sheet was repeated (seen in 38 cases).
V0271,duration_low,33,0.0001310907545266035,5,0.0,Record Goods Receipt,Create Purchase Order Item (handled by resource batch_10) Record Service Entry Sheet Record Service Entry Sheet Record Service Entry Sheet Record Goods Receipt (handled by resource batch_10) Rework observed: Record Service Entry Sheet was repeated (seen in 33 cases).
V1038,duration_high,5,1.9862235534333862e-05,10,2217935340.0,Clear Invoice,Vendor creates invoice Vendor creates debit memo Create Purchase Order Item (handled by resource user_042) (+25565d) Record Goods Receipt (handled by resource user_029) (+1d) Record Invoice Receipt (handled by resource user_001) (+22h) Vendor creates invoice (+8h) Cancel Invoice Receipt (handled by resource user_006) (+100d) Clear Invoice (handled by resource user_006) (+1m) Record Invoice Receipt (handled by resource user_006) (+2m) Clear Invoice (handled by resource user_002) (+2d) Rework observed: Clear Invoice was repeated (seen in 5 cases); Record Invoice Receipt was repeated (seen in 5 cases); Vendor creates invoice was repeated (seen in 5 cases).
V2944,rare,1,3.972447106866772e-06,18,32650920.0,SRM: Transfer Failed (E.Sys.),SRM: Created (handled by resource batch_00) SRM: Complete (handled by resource batch_00) (+1h) SRM: Awaiting Approval (handled by resource batch_00) SRM: Document Completed (handled by resource batch_00) SRM: Ordered (handled by resource batch_00) SRM: In Transfer to Execution Syst. (handled by resource batch_00) SRM: Change was Transmitted (handled by resource batch_00) Create Purchase Order Item (handled by resource user_000) Record Service Entry Sheet (+33d) Record Goods Receipt (handled by resource user_000) Vendor creates invoice (+8h) Cancel Goods Receipt (handled by resource user_000) (+1d) Record Goods Receipt (handled by resource user_000) (+189d) Record Service Entry Sheet Record Invoice Receipt (handled by resource batch_00) (+21m) Clear Invoice (handled by resource user_002) (+2h) SRM: In Transfer to Execution Syst. (handled by resource user_003) (+154d) SRM: Transfer Failed (E.Sys.) (handled by resource user_003) Rework observed: Record Goods Receipt was repeated (seen in 1 cases); Record Service Entry Sheet was repeated (seen in 1 cases); SRM: In Transfer to Execution Syst. was repeated (seen in 1 cases).
V2953,rare,1,3.972447106866772e-06,180,30895620.0,Clear Invoice,SRM: Created (handled by resource batch_00) SRM: Complete (handled by resource batch_00) (+1h) SRM: Awaiting Approval (handled by resource batch_00) SRM: Document Completed (handled by resource batch_00) SRM: Ordered (handled by resource batch_00) SRM: In Transfer to Execution Syst. (handled by resource batch_00) SRM: Change was Transmitted (handled by resource batch_00) Create Purchase Order Item (handled by resource user_000) Vendor creates invoice (+18d) Record Service Entry Sheet (+1d) Record Goods Receipt (handled by resource user_000) Record Invoice Receipt (handled by resource batch_00) (+1d) Record Goods Receipt (handled by resource user_000) (+4d) Record Service Entry Sheet Record Invoice Receipt (handled by resource user_006) (+1d) Vendor creates invoice (+20d) Record Goods Receipt (handled by resource user_000) (+22d) Record Service Entry Sheet Record Goods Receipt (handled by resource user_000) (+4m) Record Service Entry Sheet Record Service Entry Sheet (+5m) Record Goods Receipt (handled by resource user_000) Record Invoice Receipt (handled by resource user_011) (+3h) Record Invoice Receipt (handled by resource user_011) (+1m) Record Invoice Receipt (handled by resource user_011) (+2m) Vendor creates invoice (+6d) Vendor creates debit memo Record Goods Receipt (handled by resource user_000) (+12h) Record Service Entry Sheet Record Invoice Receipt (handled by resource batch_00) (+3h) Clear Invoice (handled by resource user_002) (+2d) Record Service Entry Sheet (+12d) Record Goods Receipt (handled by resource user_000) Record Goods Receipt (handled by resource user_000) (+12m) Record Service Entry Sheet Record Goods Receipt (handled by resource user_000) (+14m) Record Service Entry Sheet Record Invoice Receipt (handled by resource batch_00) (+36m) Record Invoice Receipt (handled by resource batch_00) (+1m) Cancel Invoice Receipt (handled by resource user_011) (+2m) Clear Invoice (handled by resource user_011) (+1m) Record Invoice Receipt (handled by resource user_011) (+1m) Record Invoice Receipt (handled by resource batch_00) (+6d) Vendor creates invoice (+10d) Clear Invoice (handled by resource user_002) (+11h) Clear Invoice (handled by resource user_002) (+28d) Vendor creates invoice (+1d) Record Goods Receipt (handled by resource user_000) (+2d) Record Service Entry Sheet Record Goods Receipt (handled by resource user_000) (+20m) Record Service Entry Sheet Record Invoice Receipt (handled by resource user_013) (+13h) Record Goods Receipt (handled by resource user_000) (+1d) Record Service Entry Sheet Record Service Entry Sheet (+4m) Record Goods Receipt (handled by resource user_000) Record Invoice Receipt (handled by resource user_012) (+23h) Record Invoice Receipt (handled by resource user_012) (+7m) Record Invoice Receipt (handled by resource user_011) (+23h) Clear Invoice (handled by resource user_002) (+3h) SRM: Created (handled by resource user_016) (+25d) SRM: Complete (handled by resource user_016) (+2h) SRM: Awaiting Approval (handled by resource user_016) SRM: Document Completed (handled by resource user_016) Vendor creates invoice (+16h) Record Service Entry Sheet (+23h) Record Goods Receipt (handled by resource user_000) SRM: Ordered (handled by resource batch_00) (+7h) SRM: In Transfer to Execution Syst. (handled by resource batch_00) SRM: Deleted (handled by resource batch_00) Change Price (handled by resource user_000) Record Invoice Receipt (handled by resource user_013) (+1d) Record Goods Receipt (handled by resource user_000) (+1h) Record Service Entry Sheet Record Goods Receipt (handled by resource user_000) (+7m) Record Service Entry Sheet Clear Invoice (handled by resource user_002) (+59m) Record Invoice Receipt (handled by resource user_013) (+1d) Clear Invoice (handled by resource user_002) (+6d) Record Goods Receipt (handled by resource user_000) (+19d) Record Service Entry Sheet Record Goods Receipt (handled by resource user_000) (+5m) Record Service Entry Sheet Record Goods Receipt (handled by resource user_000) (+3m) Record Service Entry Sheet Record Invoice Receipt (handled by resource user_012) (+1h) Record Invoice Receipt (handled by resource user_013) (+15h) Vendor creates invoice (+15h) Record Invoice Receipt (handled by resource user_011) (+9h) Record Invoice Receipt (handled by resource batch_00) (+2m) Clear Invoice (handled by resource user_002) (+10h) Record Goods Receipt (handled by resource user_000) (+19h) Record Service Entry Sheet Record Goods Receipt (handled by resource user_000) (+14m) Record Service Entry Sheet Record Goods Receipt (handled by resource user_000) (+4m) Record Service Entry Sheet Record Invoice Receipt (handled by resource batch_00) (+4d) Record Invoice Receipt (handled by resource batch_00) (+5m) Record Invoice Receipt (handled by resource batch_00) (+1m) Record Goods Receipt (handled by resource user_000) (+3h) Record Service Entry Sheet Record Invoice Receipt (handled by resource batch_00) (+55m) Vendor creates invoice (+27d) Clear Invoice (handled by resource user_002) (+3d) Vendor creates invoice (+26d) Record Goods Receipt (handled by resource user_000) (+2d) Record Service Entry Sheet Record Goods Receipt (handled by resource user_000) (+4m) Record Service Entry Sheet Record Service Entry Sheet (+4m) Record Goods Receipt (handled by resource user_000) Record Goods Receipt (handled by resource user_000) (+4m) Record Service Entry Sheet Record Goods Receipt (handled by resource user_000) (+4m) Record Service Entry Sheet Record Goods Receipt (handled by resource user_000) (+5m) Record Service Entry Sheet Clear Invoice (handled by resource user_002) (+2h) Record Invoice Receipt (handled by resource batch_00) (+3h) Record Invoice Receipt (handled by resource user_013) (+4d) Record Invoice Receipt (handled by resource user_012) (+7h) Record Invoice Receipt (handled by resource batch_00) (+17h) Record Invoice Receipt (handled by resource batch_00) (+1m) Record Invoice Receipt (handled by resource user_011) (+1m) Clear Invoice (handled by resource user_002) (+1d) Record Goods Receipt (handled by resource user_000) (+7d) Record Service Entry Sheet Record Invoice Receipt (handled by resource batch_00) (+2m) Clear Invoice (handled by resource user_002) (+1h) Clear Invoice (handled by resource user_002) (+7d) Vendor creates invoice (+7d) Clear Invoice (handled by resource user_005) (+11h) Record Service Entry Sheet (+4d) Record Goods Receipt (handled by resource user_000) Record Goods Receipt (handled by resource user_000) (+4m) Record Service Entry Sheet Record Goods Receipt (handled by resource user_000) (+14m) Record Service Entry Sheet Record Goods Receipt (handled by resource user_000) (+11m) Record Service Entry Sheet Record Invoice Receipt (handled by resource user_001) (+19h) Record Invoice Receipt (handled by resource user_013) (+6h) Record Goods Receipt (handled by resource user_000) (+14d) Record Service Entry Sheet Record Service Entry Sheet (+13m) Record Goods Receipt (handled by resource user_000) Record Goods Receipt (handled by resource user_000) (+41m) Record Service Entry Sheet Record Invoice Receipt (handled by resource user_012) (+1h) Record Invoice Receipt (handled by resource user_013) (+16h) Record Invoice Receipt (handled by resource user_020) (+1h) Clear Invoice (handled by resource user_002) (+5h) Record Invoice Receipt (handled by resource user_012) (+7d) Record Invoice Receipt (handled by resource user_013) (+2h) Vendor creates invoice (+4d) Record Service Entry Sheet (+2d) Record Goods Receipt (handled by resource user_000) Record Goods Receipt (handled by resource user_000) (+13h) Record Service Entry Sheet Clear Invoice (handled by resource user_002) (+5h) Record Goods Receipt (handled by resource user_000) (+21h) Record Service Entry Sheet Record Invoice Receipt (handled by resource user_012) (+3d) Record Goods Receipt (handled by resource user_000) (+2h) Record Service Entry Sheet Record Service Entry Sheet (+3m) Record Goods Receipt (handled by resource user_000) Record Invoice Receipt (handled by resource user_020) (+18h) Record Invoice Receipt (handled by resource user_019) (+7h) Record Invoice Receipt (handled by resource user_019) (+20h) SRM: Created (handled by resource user_021) (+6d) SRM: Complete (handled by resource user_021) (+1h) SRM: Awaiting Approval (handled by resource user_021) SRM: Document Completed (handled by resource user_021) SRM: In Transfer to Execution Syst. (handled by resource batch_00) (+49m) SRM: Ordered (handled by resource batch_00) SRM: Deleted (handled by resource batch_00) Record Invoice Receipt (handled by resource user_020) (+24d) Clear Invoice (+16h) Rework observed: Clear Invoice was repeated (seen in 1 cases); Record Goods Receipt was repeated (seen in 1 cases); Record Invoice Receipt was repeated (seen in 1 cases); Record Service Entry Sheet was repeated (seen in 1 cases); SRM: Awaiting Approval was repeated (seen in 1 cases); SRM: Complete was repeated (seen in 1 cases); SRM: Created was repeated (seen in 1 cases); SRM: Deleted was repeated (seen in 1 cases); SRM: Document Completed was repeated (seen in 1 cases); SRM: In Transfer to Execution Syst. was repeated (seen in 1 cases); SRM: Ordered was repeated (seen in 1 cases); Vendor creates invoice was repeated (seen in 1 cases).
V5418,duration_high,1,3.972447106866772e-06,21,557162700.0,Record Invoice Receipt,Vendor creates debit memo Vendor creates invoice Create Purchase Order Item (handled by resource user_085) (+6172d) Record Goods Receipt (handled by resource user_190) (+37d) Vendor creates debit memo (+13h) Vendor creates invoice Record Invoice Receipt (handled by resource user_019) (+13d) Change Quantity (handled by resource user_121) (+3d) Change Delivery Indicator (handled by resource user_121) Record Goods Receipt (handled by resource user_099) (+5h) Vendor creates invoice (+6d) Record Invoice Receipt (handled by resource user_004) (+30d) Cancel Invoice Receipt (handled by resource user_019) (+12d) Clear Invoice (handled by resource user_019) (+2m) Record Invoice Receipt (handled by resource user_019) (+5m) Cancel Invoice Receipt (handled by resource user_019) (+29d) Record Invoice Receipt (handled by resource user_019) (+21m) Clear Invoice (handled by resource user_019) (+5m) Clear Invoice (handled by resource user_002) (+14d) Clear Invoice (handled by resource user_002) (+43d) Record Invoice Receipt (handled by resource user_073) (+90d) Rework observed: Cancel Invoice Receipt was repeated (seen in 1 cases); Clear Invoice was repeated (seen in 1 cases); Record Goods Receipt was repeated (seen in 1 cases); Record Invoice Receipt was repeated (seen in 1 cases); Vendor creates debit memo was repeated (seen in 1 cases); Vendor creates invoice was repeated (seen in 1 cases).
V3680,length_high,1,3.972447106866772e-06,868,31098780.0,Record Goods Receipt,Create Purchase Order Item (handled by resource user_278) Vendor creates invoice (+11d) Record Service Entry Sheet (+12h) Record Goods Receipt (handled by resource user_249) (+1m) Record Service Entry Sheet (+2m) Record Goods Receipt (handled by resource user_249) Record Service Entry Sheet (+1m) Record Goods Receipt (handled by resource user_249) Vendor creates invoice (+4d) Record Service Entry Sheet (+16h) Record Goods Receipt (handled by resource user_249) Record Goods Receipt (handled by resource user_249) (+1m) Record Service Entry Sheet Record Service Entry Sheet (+2m) Record Goods Receipt (handled by resource user_249) Record Service Entry Sheet (+1m) Record Service Entry Sheet Record Goods Receipt (handled by resource user_249) Record Goods Receipt (handled by resource user_249) Record Service Entry Sheet (+6m) Record Goods Receipt (handled by resource user_249) Record Service Entry Sheet (+3m) Record Goods Receipt (handled by resource user_249) Vendor creates invoice (+1d) Record Goods Receipt (handled by resource user_249) (+12h) Record Service Entry Sheet Record Service Entry Sheet (+1m) Record Goods Receipt (handled by resource user_249) Record Service Entry Sheet (+1m) Record Goods Receipt (handled by resource user_249) Vendor creates invoice (+5d) Vendor creates invoice (+1d) Record Service Entry Sheet (+11h) Record Goods Receipt (handled by resource user_249) Record Service Entry Sheet (+1m) Record Goods Receipt (handled by resource user_249) Record Service Entry Sheet (+23m) Record Goods Receipt (handled by resource user_249) (+1m) Record Invoice Receipt (handled by resource user_004) (+3d) Record Invoice Receipt (handled by resource user_004) (+1m) Record Invoice Receipt (handled by resource user_004) (+2h) Vendor creates invoice (+4d) Record Invoice Receipt (handled by resource user_001) (+13h) Record Invoice Receipt (handled by resource user_001) (+3m) Record Invoice Receipt (handled by resource user_001) (+4m) Record Invoice Receipt (handled by resource user_001) (+9m) Record Invoice Receipt (handled by resource user_008) (+3m) Record Invoice Receipt (handled by resource user_001) Record Invoice Receipt (handled by resource user_001) (+1m) Record Invoice Receipt (handled by resource user_001) (+2m) Record Invoice Receipt (handled by resource user_008) Record Invoice Receipt (handled by resource user_008) (+1m) Record Goods Receipt (handled by resource user_249) (+47m) Record Service Entry Sheet Record Invoice Receipt (handled by resource user_004) (+3d) Record Invoice Receipt (handled by resource user_004) (+1m) Record Invoice Receipt (handled by resource user_004) (+1m) Record Invoice Receipt (handled by resource user_004) (+2h) Vendor creates invoice (+3d) Record Service Entry Sheet (+9h) Record Goods Receipt (handled by resource user_249) Vendor creates invoice (+7d) Record Service Entry Sheet (+11h) Record Goods Receipt (handled by resource user_249) Record Service Entry Sheet (+1m) Record Goods Receipt (handled by resource user_249) Record Goods Receipt (handled by resource user_249) (+2m) Record Service Entry Sheet Record Service Entry Sheet (+1m) Record Goods Receipt (handled by resource user_249) Record Service Entry Sheet (+1m) Record Goods Receipt (handled by resource user_249) Record Service Entry Sheet (+1m) Record Goods Receipt (handled by resource user_249) Record Service Entry Sheet (+1m) Record Goods Receipt (handled by resource user_249) Record Service Entry Sheet (+58m) Record Goods Receipt (handled by resource user_249) Record Service Entry Sheet (+1m) Record Goods Receipt (handled by resource user_249) Record Goods Receipt (handled by resource user_249) (+1m) Record Service Entry Sheet Record Service Entry Sheet (+3h) Record Goods Receipt (handled by resource user_249) Record Service Entry Sheet (+2m) Record Goods Receipt (handled by resource user_249) Record Invoice Receipt (handled by resource user_007) (+2d) Vendor creates invoice (+5d) Record Service Entry Sheet (+10h) Record Goods Receipt (handled by resource user_249) Record Service Entry Sheet (+3m) Record Goods Receipt (handled by resource user_249) Record Goods Receipt (handled by resource user_249) (+1m) Record Service Entry Sheet Vendor creates invoice (+2d) Vendor creates invoice (+1d) Record Invoice Receipt (handled by resource user_006) (+10h) Record Invoice Receipt (handled by resource user_006) (+2h) Record Invoice Receipt (handled by resource user_006) (+6m) Record Invoice Receipt (handled by resource user_006) (+1m) Record Invoice Receipt (handled by resource user_006) (+1m) Record Invoice Receipt (handled by resource user_006) (+4m) Record Invoice Receipt (handled by resource user_006) (+1m) Record Invoice Receipt (handled by resource user_006) (+1m) Record Invoice Receipt (handled by resource user_006) (+1m) Record Invoice Receipt (handled by resource user_006) (+2m) Record Invoice Receipt (handled by resource user_006) (+1m) Record Goods Receipt (handled by resource user_249) (+2d) Record Service Entry Sheet Record Service Entry Sheet (+1d) Record Goods Receipt (handled by resource user_249) Record Goods Receipt (handled by resource user_249) (+1m) Cancel Goods Receipt (handled by resource user_249) Record Service Entry Sheet (+1m) Record Goods Receipt (handled by resource user_249) Record Service Entry Sheet (+2m) Record Goods Receipt (handled by resource user_249) Record Service Entry Sheet (+1m) Record Goods Receipt (handled by resource user_249) Record Service Entry Sheet (+1m) Record Goods Receipt (handled by resource user_249) Record Invoice Receipt (handled by resource user_012) (+2d) Record Invoice Receipt (handled by resource user_012) (+4h) Record Invoice Receipt (handled by resource user_012) (+6d) Clear Invoice (handled by resource user_002) (+1d) Clear Invoice (handled by resource user_002) Record Invoice Receipt (handled by resource user_001) (+21h) Record Invoice Receipt (handled by resource user_001) (+2m) Record Invoice Receipt (handled by resource user_001) (+1m) Record Invoice Receipt (handled by resource user_001) (+1m) Record Invoice Receipt (handled by resource user_004) (+4d) Vendor creates invoice (+2d) Record Service Entry Sheet (+1d) Record Goods Receipt (handled by resource user_249) Record Goods Receipt (handled by resource user_249) (+2m) Record Service Entry Sheet Record Service Entry Sheet (+2m) Record Service Entry Sheet Record Goods Receipt (handled by resource user_249) Record Goods Receipt (handled by resource user_249) Record Service Entry Sheet (+6m) Record Service Entry Sheet Record Goods Receipt (handled by resource user_249) Record Goods Receipt (handled by resource user_249) Record Service Entry Sheet (+2m) Record Goods Receipt (handled by resource user_249) Record Service Entry Sheet (+1m) Record Goods Receipt (handled by resource user_249) Record Goods Receipt (handled by resource user_249) (+1h) Record Service Entry Sheet Record Service Entry Sheet (+5m) Record Goods Receipt (handled by resource user_249) Record Service Entry Sheet (+2m) Record Goods Receipt (handled by resource user_249) Record Service Entry Sheet (+1m) Record Goods Receipt (handled by resource user_249) Vendor creates invoice (+4d) Record Service Entry Sheet (+1d) Record Goods Receipt (handled by resource user_249) Record Goods Receipt (handled by resource user_249) (+1m) Record Service Entry Sheet Record Goods Receipt (handled by resource user_249) (+1m) Record Service Entry Sheet Record Service Entry Sheet (+1m) Record Goods Receipt (handled by resource user_249) Record Service Entry Sheet (+14m) Record Goods Receipt (handled by resource user_249) Record Service Entry Sheet (+3m) Record Goods Receipt (handled by resource user_249) Record Service Entry Sheet (+1m) Record Goods Receipt (handled by resource user_249) Record Service Entry Sheet (+1m) Record Goods Receipt (handled by resource user_249) Vendor creates invoice (+15h) Vendor creates debit memo Record Goods Receipt (handled by resource user_249) (+11h) Record Service Entry Sheet Record Invoice Receipt (handled by resource user_019) (+5d) Record Invoice Receipt (handled by resource user_019) (+4m) Record Invoice Receipt (handled by resource user_019) (+6m) Record Invoice Receipt (handled by resource user_019) (+6m) Record Invoice Receipt (handled by resource user_019) (+1m) Record Invoice Receipt (handled by resource user_019) (+22m) Record Invoice Receipt (handled by resource user_019) (+3m) Record Invoice Receipt (handled by resource user_019) (+2m) Record Invoice Receipt (handled by resource user_019) (+2m) Record Invoice Receipt (handled by resource user_019) (+3m) Record Invoice Receipt (handled by resource user_019) (+1m) Record Invoice Receipt (handled by resource user_019) (+1h) Record Invoice Receipt (handled by resource user_019) (+4h) Record Invoice Receipt (handled by resource user_019) (+2m) Record Invoice Receipt (handled by resource user_019) (+2m) Record Invoice Receipt (handled by resource user_019) (+2m) Record Invoice Receipt (handled by resource user_019) (+3m) Record Invoice Receipt (handled by resource user_019) (+2m) Record Invoice Receipt (handled by resource user_019) (+2m) Record Invoice Receipt (handled by resource user_012) Record Invoice Receipt (handled by resource user_019) (+2m) Cancel Invoice Receipt (handled by resource user_013) (+42m) Vendor creates invoice (+7d) Record Goods Receipt (handled by resource user_249) (+18h) Record Service Entry Sheet Record Service Entry Sheet (+1m) Record Service Entry Sheet Record Goods Receipt (handled by resource user_249) Record Goods Receipt (handled by resource user_249) Clear Invoice (handled by resource user_002) (+18h) Record Invoice Receipt (handled by resource user_001) (+4h) Record Invoice Receipt (handled by resource user_001) (+1m) Record Invoice Receipt (handled by resource user_001) (+1m) Vendor creates invoice (+7d) Record Service Entry Sheet (+4d) Record Goods Receipt (handled by resource user_249) Record Service Entry Sheet (+1m) Record Goods Receipt (handled by resource user_249) Record Goods Receipt (handled by resource user_249) (+8m) Record Service Entry Sheet Record Service Entry Sheet (+1m) Record Goods Receipt (handled by resource user_249) Record Service Entry Sheet (+1m) Record Goods Receipt (handled by resource user_249) Record Service Entry Sheet (+1m) Record Goods Receipt (handled by resource user_249) Record Service Entry Sheet (+1m) Record Goods Receipt (handled by resource user_249) Record Service Entry Sheet (+1m) Record Goods Receipt (handled by resource user_249) Record Service Entry Sheet (+2m) Record Goods Receipt (handled by resource user_249) Record Goods Receipt (handled by resource user_249) (+1m) Record Goods Receipt (handled by resource user_249) Record Service Entry Sheet Record Service Entry Sheet Record Service Entry Sheet (+1m) Record Goods Receipt (handled by resource user_249) Vendor creates invoice (+1d) Record Service Entry Sheet (+2d) Record Goods Receipt (handled by resource user_249) Record Service Entry Sheet (+1m) Record Goods Receipt (handled by resource user_249) Record Goods Receipt (handled by resource user_249) (+1m) Record Service Entry Sheet Record Goods Receipt (handled by resource user_249) (+1m) Record Service Entry Sheet Record Service Entry Sheet (+1m) Record Goods Receipt (handled by resource user_249) Record Service Entry Sheet (+1m) Record Goods Receipt (handled by resource user_249) Vendor creates invoice (+15h) Vendor creates invoice (+3d) Record Service Entry Sheet (+15h) Record Goods Receipt (handled by resource user_249) Record Service Entry Sheet (+2m) Record Goods Receipt (handled by resource user_249) Vendor creates invoice (+9h) Record Invoice Receipt (handled by resource user_013) (+12h) Record Invoice Receipt (handled by resource user_013) (+36m) Record Invoice Receipt (handled by resource user_013) (+2m) Record Invoice Receipt (handled by resource user_013) (+2m) Record Invoice Receipt (handled by resource user_013) (+1m) Record Invoice Receipt (handled by resource user_013) (+2m) Record Invoice Receipt (handled by resource user_013) (+41m) Record Invoice Receipt (handled by resource user_013) (+1m) Record Invoice Receipt (handled by resource user_013) (+13m) Record Invoice Receipt (handled by resource user_013) (+6m) Record Invoice Receipt (handled by resource user_013) (+1m) Record Invoice Receipt (handled by resource user_013) (+2m) Record Invoice Receipt (handled by resource user_013) (+3m) Record Invoice Receipt (handled by resource user_013) (+2m) Record Invoice Receipt (handled by resource user_013) (+1m) Record Invoice Receipt (handled by resource user_013) (+2m) Record Invoice Receipt (handled by resource user_013) (+2m) Record Invoice Receipt (handled by resource user_013) (+3m) Record Invoice Receipt (handled by resource user_007) (+3h) Record Service Entry Sheet (+6d) Record Service Entry Sheet Record Goods Receipt (handled by resource user_249) Record Goods Receipt (handled by resource user_249) Vendor creates invoice (+2d) Record Service Entry Sheet (+8h) Record Goods Receipt (handled by resource user_249) Record Goods Receipt (handled by resource user_249) (+1m) Record Service Entry Sheet Record Service Entry Sheet (+2m) Record Goods Receipt (handled by resource user_249) Record Service Entry Sheet (+1m) Record Goods Receipt (handled by resource user_249) Record Invoice Receipt (handled by resource user_013) (+5h) Record Invoice Receipt (handled by resource user_013) (+3m) Clear Invoice (handled by resource user_002) (+21m) Record Invoice Receipt (handled by resource user_001) (+3h) Vendor creates invoice (+8h) Record Invoice Receipt (handled by resource user_013) (+8h) Record Invoice Receipt (handled by resource user_013) (+1m) Record Invoice Receipt (handled by resource user_013) (+5m) Record Invoice Receipt (handled by resource user_013) (+1m) Vendor creates invoice (+16h) Record Service Entry Sheet (+9d) Record Goods Receipt (handled by resource user_249) Record Invoice Receipt (handled by resource batch_00) (+4h) Vendor creates invoice (+11h) Record Service Entry Sheet (+10h) Record Goods Receipt (handled by resource user_249) Record Service Entry Sheet (+1m) Record Goods Receipt (handled by resource user_249) Record Service Entry Sheet (+1m) Record Goods Receipt (handled by resource user_249) Record Goods Receipt (handled by resource user_249) (+3m) Record Goods Receipt (handled by resource user_249) Record Service Entry Sheet Record Service Entry Sheet Record Service Entry Sheet (+1m) Record Goods Receipt (handled by resource user_249) Record Service Entry Sheet (+1m) Record Service Entry Sheet Record Goods Receipt (handled by resource user_249) Record Goods Receipt (handled by resource user_249) Record Service Entry Sheet (+3m) Record Goods Receipt (handled by resource user_249) Record Service Entry Sheet (+1m) Record Goods Receipt (handled by resource user_249) Record Goods Receipt (handled by resource user_249) (+3m) Record Service Entry Sheet Record Goods Receipt (handled by resource user_249) (+1m) Record Service Entry Sheet Record Service Entry Sheet (+2m) Record Goods Receipt (handled by resource user_249) Record Service Entry Sheet (+1m) Record Service Entry Sheet Record Goods Receipt (handled by resource user_249) Record Goods Receipt (handled by resource user_249) Record Service Entry Sheet (+1m) Record Goods Receipt (handled by resource user_249) Record Service Entry Sheet (+1m) Record Goods Receipt (handled by resource user_249) Record Service Entry Sheet (+3h) Record Goods Receipt (handled by resource user_249) Clear Invoice (handled by resource user_002) (+2h) Vendor creates invoice (+9h) Record Service Entry Sheet (+9h) Record Goods Receipt (handled by resource user_249) Vendor creates invoice (+2d) Record Service Entry Sheet (+8h) Record Goods Receipt (handled by resource user_249) Record Service Entry Sheet (+1m) Record Goods Receipt (handled by resource user_249) Record Service Entry Sheet (+2m) Record Goods Receipt (handled by resource user_249) Record Service Entry Sheet (+1m) Record Goods Receipt (handled by resource user_249) Record Goods Receipt (handled by resource user_249) (+4d) Record Service Entry Sheet Record Invoice Receipt (handled by resource user_012) (+1d) Record Invoice Receipt (handled by resource user_013) (+35m) Vendor creates invoice (+9h) Record Service Entry Sheet (+1d) Record Goods Receipt (handled by resource user_249) Record Service Entry Sheet (+2m) Record Goods Receipt (handled by resource user_249) Vendor creates invoice (+5d) Record Service Entry Sheet (+15h) Record Goods Receipt (handled by resource user_249) Clear Invoice (handled by resource user_002) (+8d) Clear Invoice (handled by resource user_002) Vendor creates invoice (+5d) Record Service Entry Sheet (+1d) Record Goods Receipt (handled by resource user_249) Record Service Entry Sheet (+1m) Record Goods Receipt (handled by resource user_249) Record Service Entry Sheet (+2m) Record Goods Receipt (handled by resource user_249) Cancel Goods Receipt (handled by resource user_249) Record Goods Receipt (handled by resource user_249) (+1m) Record Goods Receipt (handled by resource user_249) (+1m) Record Goods Receipt (handled by resource user_249) Record Service Entry Sheet Record Service Entry Sheet Record Goods Receipt (handled by resource user_249) (+5m) Record Service Entry Sheet Record Service Entry Sheet (+4m) Record Goods Receipt (handled by resource user_249) Record Invoice Receipt (handled by resource user_013) (+16m) Record Invoice Receipt (handled by resource user_013) (+3m) Record Invoice Receipt (handled by resource user_013) (+1m) Record Invoice Receipt (handled by resource user_013) (+1m) Record Invoice Receipt (handled by resource user_001) Record Invoice Receipt (handled by resource user_013) (+1m) Record Invoice Receipt (handled by resource user_013) (+7m) Record Invoice Receipt (handled by resource user_001) (+1m) Record Invoice Receipt (handled by resource user_001) (+1m) Record Invoice Receipt (handled by resource user_001) (+4m) Record Invoice Receipt (handled by resource user_013) (+53m) Record Invoice Receipt (handled by resource user_013) (+2m) Record Invoice Receipt (handled by resource user_013) (+2m) Record Invoice Receipt (handled by resource user_013) (+1m) Record Invoice Receipt (handled by resource user_013) (+2m) Record Invoice Receipt (handled by resource user_013) (+1m) Record Invoice Receipt (handled by resource user_013) (+20m) Record Invoice Receipt (handled by resource user_013) (+5m) Record Invoice Receipt (handled by resource user_013) (+4m) Record Invoice Receipt (handled by resource user_013) (+4m) Record Invoice Receipt (handled by resource user_013) (+1m) Record Invoice Receipt (handled by resource user_013) (+1m) Record Invoice Receipt (handled by resource user_013) (+2m) Record Invoice Receipt (handled by resource user_013) (+4m) Record Invoice Receipt (handled by resource user_001) (+20h) Record Invoice Receipt (handled by resource user_001) (+1m) Record Invoice Receipt (handled by resource user_012) (+1h) Record Invoice Receipt (handled by resource user_012) (+7m) Record Invoice Receipt (handled by resource user_013) (+2h) Record Invoice Receipt (handled by resource user_013) (+3m) Record Invoice Receipt (handled by resource user_013) (+1m) Vendor creates invoice (+3d) Record Invoice Receipt (handled by resource user_001) (+13h) Record Service Entry Sheet (+19h) Record Goods Receipt (handled by resource user_249) Record Goods Receipt (handled by resource user_249) (+2m) Record Service Entry Sheet Record Service Entry Sheet (+1m) Record Goods Receipt (handled by resource user_249) Vendor creates invoice (+16h) Record Service Entry Sheet (+8h) Record Goods Receipt (handled by resource user_249) Vendor creates invoice (+6d) Record Service Entry Sheet (+1d) Record Goods Receipt (handled by resource user_249) Record Invoice Receipt (handled by resource user_111) (+6d) Clear Invoice (handled by resource user_002) (+1d) Record Invoice Receipt (handled by resource user_019) (+4d) Record Invoice Receipt (handled by resource user_020) (+15m) Record Invoice Receipt (handled by resource user_020) (+57m) Record Invoice Receipt (handled by resource user_019) (+1h) Record Invoice Receipt (handled by resource user_019) (+6m) Vendor creates invoice (+1d) Vendor creates invoice (+1d) Record Service Entry Sheet (+16h) Record Goods Receipt (handled by resource user_249) Vendor creates invoice (+8h) Vendor creates invoice (+1d) Record Service Entry Sheet (+3d) Record Goods Receipt (handled by resource user_249) Record Service Entry Sheet (+5m) Record Goods Receipt (handled by resource user_249) Record Service Entry Sheet (+4m) Record Goods Receipt (handled by resource user_249) Record Goods Receipt (handled by resource user_249) (+1m) Record Service Entry Sheet Record Service Entry Sheet (+5m) Record Goods Receipt (handled by resource user_249) Record Service Entry Sheet (+2m) Record Goods Receipt (handled by resource user_249) Record Service Entry Sheet (+1m) Record Service Entry Sheet Record Goods Receipt (handled by resource user_249) Record Goods Receipt (handled by resource user_249) Record Service Entry Sheet (+26m) Record Goods Receipt (handled by resource user_249) Vendor creates invoice (+13h) Vendor creates invoice (+2d) Record Goods Receipt (handled by resource user_249) (+11h) Record Service Entry Sheet Record Service Entry Sheet (+1m) Record Goods Receipt (handled by resource user_249) Record Service Entry Sheet (+1m) Record Goods Receipt (handled by resource user_249) Vendor creates invoice (+4d) Record Invoice Receipt (handled by resource user_012) (+12h) Record Service Entry Sheet (+5h) Record Goods Receipt (handled by resource user_249) Vendor creates invoice (+7h) Record Service Entry Sheet (+9h) Record Goods Receipt (handled by resource user_249) Record Goods Receipt (handled by resource user_249) (+1m) Record Service Entry Sheet Record Invoice Receipt (handled by resource user_020) (+6d) Record Invoice Receipt (handled by resource user_019) (+17m) Record Invoice Receipt (handled by resource user_019) (+55m) Record Invoice Receipt (handled by resource user_019) (+4m) Vendor creates invoice (+7h) Record Service Entry Sheet (+9h) Record Goods Receipt (handled by resource user_249) Record Service Entry Sheet (+2m) Record Goods Receipt (handled by resource user_249) Record Invoice Receipt (handled by resource user_013) (+2d) Record Invoice Receipt (handled by resource user_012) (+5h) Vendor creates invoice (+5d) Clear Invoice (handled by resource user_002) (+16h) Record Invoice Receipt (handled by resource user_001) (+20h) Record Invoice Receipt (handled by resource user_001) (+53m) Record Invoice Receipt (handled by resource user_020) (+3h) Record Invoice Receipt (handled by resource user_013) (+1h) Record Service Entry Sheet (+4d) Record Goods Receipt (handled by resource user_249) Record Service Entry Sheet (+6m) Record Goods Receipt (handled by resource user_249) Record Goods Receipt (handled by resource user_249) Cancel Goods Receipt (handled by resource user_249) Vendor creates invoice (+9h) Record Service Entry Sheet (+16h) Record Goods Receipt (handled by resource user_249) Record Goods Receipt (handled by resource user_249) (+7m) Record Service Entry Sheet Record Service Entry Sheet (+1m) Record Goods Receipt (handled by resource user_249) Vendor creates invoice (+8h) Record Invoice Receipt (handled by resource user_001) (+13h) Record Invoice Receipt (handled by resource user_013) (+4m) Record Invoice Receipt (handled by resource user_013) (+1h) Record Invoice Receipt (handled by resource user_013) (+42m) Record Invoice Receipt (handled by resource user_012) (+2h) Record Invoice Receipt (handled by resource user_012) (+1h) Record Invoice Receipt (handled by resource user_012) (+23h) Vendor creates invoice (+4d) Record Goods Receipt (handled by resource user_249) (+8h) Record Service Entry Sheet Record Service Entry Sheet (+3m) Record Goods Receipt (handled by resource user_249) Record Service Entry Sheet (+1m) Record Goods Receipt (handled by resource user_249) Record Invoice Receipt (handled by resource user_012) (+23h) Record Invoice Receipt (handled by resource user_020) (+2h) Record Invoice Receipt (handled by resource user_012) (+3h) Record Invoice Receipt (handled by resource user_020) (+59m) Record Invoice Receipt (handled by resource user_019) (+3h) Vendor creates invoice (+1d) Vendor creates invoice (+3d) Record Invoice Receipt (handled by resource user_001) (+2d) Record Invoice Receipt (handled by resource user_001) (+2m) Record Invoice Receipt (handled by resource user_001) (+1d) Vendor creates invoice (+10h) Vendor creates invoice (+4d) Record Service Entry Sheet (+6d) Record Goods Receipt (handled by resource user_249) Record Service Entry Sheet (+2m) Record Goods Receipt (handled by resource user_249) Record Service Entry Sheet (+13m) Record Goods Receipt (handled by resource user_249) Record Service Entry Sheet (+14m) Record Goods Receipt (handled by resource user_249) Record Goods Receipt (handled by resource user_249) (+2m) Record Service Entry Sheet Record Goods Receipt (handled by resource user_249) (+3m) Record Service Entry Sheet Vendor creates invoice (+1d) Record Service Entry Sheet (+1d) Record Goods Receipt (handled by resource user_249) Record Service Entry Sheet (+1m) Record Goods Receipt (handled by resource user_249) Record Service Entry Sheet (+1m) Record Goods Receipt (handled by resource user_249) Record Service Entry Sheet (+1m) Record Goods Receipt (handled by resource user_249) Record Service Entry Sheet (+1m) Record Goods Receipt (handled by resource user_249) Record Goods Receipt (handled by resource user_249) (+1m) Record Service Entry Sheet Record Service Entry Sheet (+2m) Record Goods Receipt (handled by resource user_249) Record Service Entry Sheet (+1m) Record Goods Receipt (handled by resource user_249) Record Service Entry Sheet (+1m) Record Goods Receipt (handled by resource user_249) Record Service Entry Sheet (+1m) Record Goods Receipt (handled by resource user_249) Record Service Entry Sheet (+1m) Record Goods Receipt (handled by resource user_249) Record Goods Receipt (handled by resource user_249) (+1m) Record Service Entry Sheet Record Goods Receipt (handled by resource user_249) (+7m) Record Service Entry Sheet Record Service Entry Sheet (+1m) Record Goods Receipt (handled by resource user_249) Record Service Entry Sheet (+1m) Record Goods Receipt (handled by resource user_249) Record Service Entry Sheet (+1m) Record Goods Receipt (handled by resource user_249) Record Service Entry Sheet (+1m) Record Goods Receipt (handled by resource user_249) Record Service Entry Sheet (+7m) Record Goods Receipt (handled by resource user_249) Record Service Entry Sheet (+5m) Record Goods Receipt (handled by resource user_249) Record Goods Receipt (handled by resource user_249) (+1m) Record Service Entry Sheet Record Service Entry Sheet (+1m) Record Goods Receipt (handled by resource user_249) Record Service Entry Sheet (+1m) Record Goods Receipt (handled by resource user_249) Record Service Entry Sheet (+3m) Record Goods Receipt (handled by resource user_249) Record Invoice Receipt (handled by resource user_020) (+1d) Record Invoice Receipt (handled by resource user_020) (+6m) Record Invoice Receipt (handled by resource user_020) (+3m) Record Invoice Receipt (handled by resource user_020) (+3m) Record Invoice Receipt (handled by resource user_020) (+3m) Record Invoice Receipt (handled by resource user_020) (+3m) Record Invoice Receipt (handled by resource user_020) (+6m) Record Invoice Receipt (handled by resource user_020) (+3h) Record Invoice Receipt (handled by resource user_020) (+5m) Record Invoice Receipt (handled by resource user_020) (+3m) Record Invoice Receipt (handled by resource user_020) (+2m) Record Invoice Receipt (handled by resource user_020) (+2m) Record Invoice Receipt (handled by resource user_012) (+10d) Record Invoice Receipt (handled by resource user_001) Record Invoice Receipt (handled by resource user_001) (+5m) Record Invoice Receipt (handled by resource user_012) Record Invoice Receipt (handled by resource user_001) (+4m) Record Invoice Receipt (handled by resource user_001) (+2m) Record Invoice Receipt (handled by resource user_012) (+3m) Record Invoice Receipt (handled by resource user_001) (+1m) Record Invoice Receipt (handled by resource user_012) (+1m) Record Invoice Receipt (handled by resource user_012) (+7m) Record Invoice Receipt (handled by resource user_001) (+1m) Record Invoice Receipt (handled by resource user_001) (+3m) Record Invoice Receipt (handled by resource user_013) (+2h) Record Invoice Receipt (handled by resource user_013) (+4m) Record Invoice Receipt (handled by resource user_013) (+4m) Record Invoice Receipt (handled by resource user_013) (+2m) Record Invoice Receipt (handled by resource user_013) (+5m) Vendor creates invoice (+1d) Record Service Entry Sheet (+2d) Record Goods Receipt (handled by resource user_249) Record Goods Receipt (handled by resource user_249) (+2m) Record Service Entry Sheet Record Invoice Receipt (handled by resource user_012) (+4d) Record Invoice Receipt (handled by resource user_013) (+1m) Clear Invoice (handled by resource user_005) (+3d) Vendor creates invoice (+5d) Record Service Entry Sheet (+2d) Record Goods Receipt (handled by resource user_249) Vendor creates invoice (+4d) Record Service Entry Sheet (+9h) Record Goods Receipt (handled by resource user_249) Record Goods Receipt (handled by resource user_249) (+3m) Record Goods Receipt (handled by resource user_249) Record Service Entry Sheet Record Service Entry Sheet Record Service Entry Sheet (+1m) Record Goods Receipt (handled by resource user_249) Record Service Entry Sheet (+1m) Record Goods Receipt (handled by resource user_249) Record Service Entry Sheet (+1m) Record Goods Receipt (handled by resource user_249) Record Service Entry Sheet (+2m) Record Goods Receipt (handled by resource user_249) Record Service Entry Sheet (+1m) Record Goods Receipt (handled by resource user_249) Record Service Entry Sheet (+2m) Record Goods Receipt (handled by resource user_249) Record Goods Receipt (handled by resource user_249) (+1m) Record Service Entry Sheet Record Service Entry Sheet (+1m) Record Goods Receipt (handled by resource user_249) Vendor creates invoice (+15h) Record Service Entry Sheet (+11h) Record Goods Receipt (handled by resource user_249) Vendor creates invoice (+13h) Vendor creates invoice (+1d) Record Service Entry Sheet (+9h) Record Goods Receipt (handled by resource user_249) Record Service Entry Sheet (+1m) Record Goods Receipt (handled by resource user_249) Vendor creates invoice (+15h) Record Service Entry Sheet (+2d) Record Goods Receipt (handled by resource user_249) Record Invoice Receipt (handled by resource user_012) (+6h) Vendor creates invoice (+1d) Vendor creates invoice (+2d) Record Service Entry Sheet (+8h) Record Goods Receipt (handled by resource user_249) Record Service Entry Sheet (+1m) Record Goods Receipt (handled by resource user_249) Record Invoice Receipt (handled by resource user_020) (+5d) Record Goods Receipt (handled by resource user_249) (+20h) Cancel Goods Receipt (handled by resource user_249) Record Invoice Receipt (handled by resource user_019) (+1d) Record Service Entry Sheet (+3d) Record Goods Receipt (handled by resource user_249) Record Invoice Receipt (handled by resource user_012) (+19h) Clear Invoice (handled by resource user_002) (+2d) Record Invoice Receipt (handled by resource user_020) (+4d) Record Invoice Receipt (handled by resource user_020) (+6m) Record Invoice Receipt (handled by resource user_020) (+3m) Record Invoice Receipt (handled by resource user_020) (+4m) Record Invoice Receipt (handled by resource user_020) (+7m) Record Invoice Receipt (handled by resource user_012) (+21h) Record Invoice Receipt (handled by resource user_012) (+3m) Record Invoice Receipt (handled by resource user_013) (+4m) Record Invoice Receipt (handled by resource user_012) (+51m) Record Invoice Receipt (handled by resource user_013) (+12m) Record Invoice Receipt (handled by resource user_020) (+33m) Record Invoice Receipt (handled by resource user_019) (+38m) Record Invoice Receipt (handled by resource user_013) (+22m) Vendor creates invoice (+8h) Record Service Entry Sheet (+13h) Record Goods Receipt (handled by resource user_249) Record Service Entry Sheet (+1m) Record Goods Receipt (handled by resource user_249) Record Service Entry Sheet (+1m) Record Service Entry Sheet Record Goods Receipt (handled by resource user_249) Record Goods Receipt (handled by resource user_249) Record Goods Receipt (handled by resource user_249) (+1m) Record Service Entry Sheet Record Service Entry Sheet (+1m) Record Service Entry Sheet Record Goods Receipt (handled by resource user_249) Record Goods Receipt (handled by resource user_249) Record Service Entry Sheet (+1m) Record Goods Receipt (handled by resource user_249) Record Service Entry Sheet (+1m) Record Goods Receipt (handled by resource user_249) Record Service Entry Sheet (+1m) Record Service Entry Sheet Record Goods Receipt (handled by resource user_249) Record Goods Receipt (handled by resource user_249) Record Goods Receipt (handled by resource user_249) (+1m) Record Service Entry Sheet Record Service Entry Sheet (+1m) Record Service Entry Sheet Record Goods Receipt (handled by resource user_249) Record Goods Receipt (handled by resource user_249) Record Service Entry Sheet (+1m) Record Service Entry Sheet Record Goods Receipt (handled by resource user_249) Record Goods Receipt (handled by resource user_249) Record Service Entry Sheet (+1m) Record Goods Receipt (handled by resource user_249) Record Service Entry Sheet (+1m) Record Goods Receipt (handled by resource user_249) Record Goods Receipt (handled by resource user_249) (+3m) Record Service Entry Sheet Record Service Entry Sheet (+2m) Record Goods Receipt (handled by resource user_249) Record Service Entry Sheet (+1m) Record Goods Receipt (handled by resource user_249) Record Service Entry Sheet (+1m) Record Goods Receipt (handled by resource user_249) Record Service Entry Sheet (+1m) Record Goods Receipt (handled by resource user_249) Record Service Entry Sheet (+1m) Record Goods Receipt (handled by resource user_249) Record Invoice Receipt (handled by resource user_012) (+5m) Record Invoice Receipt (handled by resource user_013) (+4h) Vendor creates invoice (+5d) Record Service Entry Sheet (+2d) Record Goods Receipt (handled by resource user_249) (+1m) Record Service Entry Sheet (+1m) Record Goods Receipt (handled by resource user_249) Record Service Entry Sheet (+1m) Record Service Entry Sheet Record Goods Receipt (handled by resource user_249) Record Goods Receipt (handled by resource user_249) Record Service Entry Sheet (+1m) Record Goods Receipt (handled by resource user_249) Vendor creates invoice (+1d) Record Service Entry Sheet (+12h) Record Goods Receipt (handled by resource user_249) Record Invoice Receipt (handled by resource user_073) (+6d) Record Invoice Receipt (handled by resource user_073) (+1m) Record Invoice Receipt (handled by resource user_020) (+4d) Record Invoice Receipt (handled by resource user_020) (+4d) Record Invoice Receipt (handled by resource user_020) (+2m) Record Invoice Receipt (handled by resource user_020) (+3m) Record Invoice Receipt (handled by resource user_020) (+3m) Record Invoice Receipt (handled by resource user_020) (+2m) Record Invoice Receipt (handled by resource user_020) (+3m) Record Invoice Receipt (handled by resource user_020) (+3m) Record Invoice Receipt (handled by resource user_020) (+5m) Record Invoice Receipt (handled by resource user_020) (+8m) Record Invoice Receipt (handled by resource user_020) (+3m) Record Invoice Receipt (handled by resource user_020) (+2m) Record Invoice Receipt (handled by resource user_013) (+3h) Record Invoice Receipt (handled by resource user_012) (+1h) Record Invoice Receipt (handled by resource user_020) (+2h) Record Invoice Receipt (handled by resource user_020) (+3m) Vendor creates invoice (+9h) Record Service Entry Sheet (+4d) Record Goods Receipt (handled by resource user_249) Record Service Entry Sheet (+1m) Record Goods Receipt (handled by resource user_249) Record Service Entry Sheet (+1m) Record Goods Receipt (handled by resource user_249) Vendor creates invoice (+14h) Record Invoice Receipt (handled by resource user_001) (+6h) Record Invoice Receipt (handled by resource user_001) (+2m) Vendor creates invoice (+18h) Record Service Entry Sheet (+8h) Record Goods Receipt (handled by resource user_249) Record Service Entry Sheet (+8m) Record Goods Receipt (handled by resource user_249) Record Service Entry Sheet (+3m) Record Goods Receipt (handled by resource user_249) Record Service Entry Sheet (+1m) Record Service Entry Sheet Record Goods Receipt (handled by resource user_249) Record Goods Receipt (handled by resource user_249) Record Goods Receipt (handled by resource user_249) (+3m) Record Service Entry Sheet Record Service Entry Sheet (+1m) Record Goods Receipt (handled by resource user_249) Record Service Entry Sheet (+1m) Record Goods Receipt (handled by resource user_249) Record Service Entry Sheet (+1m) Record Service Entry Sheet Record Goods Receipt (handled by resource user_249) Record Goods Receipt (handled by resource user_249) Record Service Entry Sheet (+1m) Record Goods Receipt (handled by resource user_249) Record Goods Receipt (handled by resource user_249) (+1m) Record Goods Receipt (handled by resource user_249) Record Service Entry Sheet Record Service Entry Sheet Record Service Entry Sheet (+1m) Record Goods Receipt (handled by resource user_249) Record Service Entry Sheet (+1m) Record Service Entry Sheet Record Goods Receipt (handled by resource user_249) Record Goods Receipt (handled by resource user_249) Clear Invoice (+15h) Record Service Entry Sheet (+2d) Record Goods Receipt (handled by resource user_249) Vendor creates invoice (+16h) Record Goods Receipt (handled by resource user_249) (+9h) Record Service Entry Sheet Record Goods Receipt (handled by resource user_249) (+1m) Record Service Entry Sheet Vendor creates invoice (+15h) Vendor creates invoice (+1d) Record Service Entry Sheet (+13h) Record Goods Receipt (handled by resource user_249) Record Service Entry Sheet (+18m) Record Service Entry Sheet Record Goods Receipt (handled by resource user_249) Record Goods Receipt (handled by resource user_249) Record Goods Receipt (handled by resource user_249) (+1m) Record Service Entry Sheet Record Goods Receipt (handled by resource user_249) (+1m) Record Service Entry Sheet Record Service Entry Sheet Record Service Entry Sheet (+1m) Record Goods Receipt (handled by resource user_249) Record Goods Receipt (handled by resource user_249) Record Invoice Receipt (handled by resource user_019) (+23h) Record Invoice Receipt (handled by resource user_019) (+3m) Record Invoice Receipt (handled by resource user_019) (+3d) Record Invoice Receipt (handled by resource user_019) (+3m) Record Invoice Receipt (handled by resource user_012) (+1m) Record Invoice Receipt (handled by resource user_019) (+5m) Record Invoice Receipt (handled by resource batch_00) (+1m) Record Invoice Receipt (handled by resource user_012) (+3m) Record Invoice Receipt (handled by resource user_012) (+7m) Record Invoice Receipt (handled by resource user_012) (+3m) Record Invoice Receipt (handled by resource user_019) (+5m) Record Invoice Receipt (handled by resource user_013) (+24m) Record Invoice Receipt (handled by resource user_013) (+2m) Record Invoice Receipt (handled by resource user_013) (+3m) Record Invoice Receipt (handled by resource user_013) (+8m) Record Invoice Receipt (handled by resource user_019) (+21h) Record Invoice Receipt (handled by resource user_020) (+1d) Record Invoice Receipt (handled by resource user_020) (+2m) Record Invoice Receipt (handled by resource user_019) (+37m) Record Invoice Receipt (handled by resource user_019) (+24m) Record Invoice Receipt (handled by resource user_019) (+3m) Record Invoice Receipt (handled by resource user_013) (+1h) Record Invoice Receipt (handled by resource user_012) (+3h) Record Service Entry Sheet (+16h) Record Goods Receipt (handled by resource user_249) Rework observed: Cancel Goods Receipt was repeated (seen in 1 cases); Clear Invoice was repeated (seen in 1 cases); Record Goods Receipt was repeated (seen in 1 cases); Record Invoice Receipt was repeated (seen in 1 cases); Record Service Entry Sheet was repeated (seen in 1 cases); Vendor creates invoice was repeated (seen in 1 cases).
V3305,length_high,1,3.972447106866772e-06,745,38687820.0,Record Invoice Receipt,Vendor creates invoice Vendor creates invoice (+54d) Vendor creates invoice (+12d) Create Purchase Order Item (handled by resource user_201) (+9d) Vendor creates invoice (+3d) Record Goods Receipt (handled by resource user_203) (+3d) Record Service Entry Sheet Vendor creates invoice (+3d) Vendor creates invoice (+4d) Vendor creates debit memo (+4d) Vendor creates invoice Record Invoice Receipt (handled by resource user_008) (+3d) Vendor creates invoice (+10h) Vendor creates invoice (+1d) Vendor creates debit memo Record Goods Receipt (handled by resource user_203) (+2d) Record Service Entry Sheet Record Goods Receipt (handled by resource user_203) (+2m) Record Service Entry Sheet Record Goods Receipt (handled by resource user_203) (+1d) Record Service Entry Sheet Record Service Entry Sheet (+1m) Record Goods Receipt (handled by resource user_203) Record Goods Receipt (handled by resource user_203) (+2m) Record Service Entry Sheet Record Goods Receipt (handled by resource user_203) (+2d) Record Service Entry Sheet Record Goods Receipt (handled by resource user_203) (+25m) Record Service Entry Sheet Record Invoice Receipt (handled by resource batch_00) (+2d) Record Invoice Receipt (handled by resource batch_00) (+1d) Vendor creates invoice (+1d) Record Invoice Receipt (handled by resource user_006) (+10h) Record Invoice Receipt (handled by resource user_006) (+4m) Vendor creates invoice (+3d) Record Goods Receipt (handled by resource user_203) (+6d) Record Service Entry Sheet Record Goods Receipt (handled by resource user_203) (+31m) Record Service Entry Sheet Record Goods Receipt (handled by resource user_203) (+53m) Record Service Entry Sheet Vendor creates invoice (+15h) Vendor creates debit memo Record Goods Receipt (handled by resource user_203) (+7h) Record Service Entry Sheet Record Service Entry Sheet (+26m) Record Goods Receipt (handled by resource user_203) Record Goods Receipt (handled by resource user_203) (+27m) Record Service Entry Sheet Vendor creates invoice (+2d) Record Invoice Receipt (handled by resource user_007) (+17h) Vendor creates invoice (+7h) Vendor creates debit memo Record Goods Receipt (handled by resource user_203) (+8h) Record Service Entry Sheet Record Invoice Receipt (handled by resource user_001) (+3d) Record Invoice Receipt (handled by resource user_001) (+3m) Record Invoice Receipt (handled by resource user_001) (+2m) Record Invoice Receipt (handled by resource user_001) (+2m) Vendor creates invoice (+12h) Record Goods Receipt (handled by resource user_203) (+3d) Record Service Entry Sheet Record Goods Receipt (handled by resource user_203) (+34m) Record Service Entry Sheet Record Goods Receipt (handled by resource user_203) (+3h) Record Service Entry Sheet Record Goods Receipt (handled by resource user_203) (+31m) Record Service Entry Sheet Record Service Entry Sheet (+1h) Record Goods Receipt (handled by resource user_203) Record Goods Receipt (handled by resource user_203) (+16m) Record Service Entry Sheet Vendor creates invoice (+6h) Vendor creates invoice (+4d) Vendor creates debit memo Record Goods Receipt (handled by resource user_203) (+11h) Record Service Entry Sheet Vendor creates invoice (+13h) Vendor creates debit memo (+2d) Vendor creates invoice Record Invoice Receipt (handled by resource user_011) (+1d) Vendor creates invoice (+3d) Record Goods Receipt (handled by resource user_203) (+6d) Record Service Entry Sheet Record Goods Receipt (handled by resource user_203) (+13m) Record Service Entry Sheet Record Goods Receipt (handled by resource user_203) (+4m) Record Service Entry Sheet Record Goods Receipt (handled by resource user_203) (+5m) Record Service Entry Sheet Record Service Entry Sheet (+6m) Record Goods Receipt (handled by resource user_203) Record Invoice Receipt (handled by resource user_001) (+8h) Vendor creates invoice (+7h) Record Goods Receipt (handled by resource user_203) (+8h) Record Service Entry Sheet Record Goods Receipt (handled by resource user_203) (+2h) Record Service Entry Sheet Record Goods Receipt (handled by resource user_203) (+1h) Record Service Entry Sheet Record Invoice Receipt (handled by resource user_013) (+1d) Record Invoice Receipt (handled by resource user_001) (+8m) Record Invoice Receipt (handled by resource user_001) (+28m) Record Invoice Receipt (handled by resource user_013) (+17m) Record Invoice Receipt (handled by resource user_013) (+4m) Record Invoice Receipt (handled by resource user_013) (+4m) Record Invoice Receipt (handled by resource user_013) (+57m) Record Invoice Receipt (handled by resource user_013) (+24m) Record Invoice Receipt (handled by resource user_013) (+2m) Record Invoice Receipt (handled by resource user_013) (+28m) Vendor creates invoice (+7h) Record Invoice Receipt (handled by resource user_006) (+6h) Record Invoice Receipt (handled by resource user_013) (+7h) Record Invoice Receipt (handled by resource user_013) (+14m) Record Invoice Receipt (handled by resource user_013) (+18m) Record Invoice Receipt (handled by resource user_013) (+2m) Record Invoice Receipt (handled by resource user_013) (+6m) Clear Invoice (handled by resource user_005) (+7m) Clear Invoice (handled by resource user_005) Vendor creates invoice (+10h) Vendor creates invoice (+4d) Vendor creates invoice (+2d) Vendor creates invoice (+6d) Vendor creates invoice (+1d) Clear Invoice (handled by resource user_002) (+16h) Clear Invoice (handled by resource user_002) Clear Invoice (handled by resource user_002) Record Invoice Receipt (handled by resource user_001) (+12d) Record Invoice Receipt (handled by resource user_001) (+2m) Cancel Invoice Receipt (handled by resource user_013) (+20h) Record Invoice Receipt (handled by resource user_013) (+2m) Cancel Invoice Receipt (handled by resource user_013) (+2m) Record Invoice Receipt (handled by resource user_013) (+2m) Vendor creates invoice (+14h) Clear Invoice (handled by resource user_002) (+15h) Vendor creates invoice (+9h) Record Goods Receipt (handled by resource user_203) (+4d) Record Service Entry Sheet Record Goods Receipt (handled by resource user_203) (+3m) Record Service Entry Sheet Record Service Entry Sheet (+1m) Record Goods Receipt (handled by resource user_203) Record Goods Receipt (handled by resource user_203) (+2m) Record Service Entry Sheet Record Goods Receipt (handled by resource user_203) (+5h) Record Service Entry Sheet Vendor creates invoice (+5h) Record Goods Receipt (handled by resource user_203) (+19h) Record Service Entry Sheet Record Goods Receipt (handled by resource user_203) (+14m) Record Service Entry Sheet Record Goods Receipt (handled by resource user_203) (+2m) Record Service Entry Sheet Record Service Entry Sheet (+5m) Record Goods Receipt (handled by resource user_203) Record Goods Receipt (handled by resource user_203) (+9m) Record Service Entry Sheet Record Goods Receipt (handled by resource user_203) (+8m) Record Service Entry Sheet Vendor creates invoice (+1d) Record Goods Receipt (handled by resource user_203) (+2d) Record Service Entry Sheet Record Goods Receipt (handled by resource user_203) (+6m) Record Service Entry Sheet Record Service Entry Sheet (+3m) Record Goods Receipt (handled by resource user_203) Record Goods Receipt (handled by resource user_203) (+4m) Record Service Entry Sheet Record Goods Receipt (handled by resource user_203) (+4m) Record Service Entry Sheet Record Goods Receipt (handled by resource user_203) (+4m) Record Service Entry Sheet Vendor creates invoice (+4d) Vendor creates invoice (+6d) Vendor creates debit memo Clear Invoice (handled by resource user_002) (+2d) Clear Invoice (handled by resource user_002) Clear Invoice (handled by resource user_002) Clear Invoice (handled by resource user_002) Vendor creates invoice (+10h) Record Goods Receipt (handled by resource user_203) (+4d) Record Service Entry Sheet Record Goods Receipt (handled by resource user_203) (+2m) Record Service Entry Sheet Record Goods Receipt (handled by resource user_203) (+16m) Record Service Entry Sheet Record Service Entry Sheet (+51m) Record Goods Receipt (handled by resource user_203) Record Goods Receipt (handled by resource user_203) (+17m) Record Service Entry Sheet Record Goods Receipt (handled by resource user_203) (+24m) Record Service Entry Sheet Record Goods Receipt (handled by resource user_203) (+13m) Record Service Entry Sheet Vendor creates invoice (+11h) Vendor creates invoice (+1d) Vendor creates debit memo Record Service Entry Sheet (+13h) Record Goods Receipt (handled by resource user_203) Vendor creates invoice (+11h) Vendor creates debit memo Record Invoice Receipt (handled by resource batch_00) (+5d) Record Invoice Receipt (handled by resource user_013) (+2h) Record Invoice Receipt (handled by resource user_013) (+14m) Record Invoice Receipt (handled by resource user_012) (+1h) Remove Payment Block (handled by resource user_112) (+23m) Vendor creates invoice (+1d) Record Invoice Receipt (handled by resource user_001) (+2d) Record Invoice Receipt (handled by resource user_001) (+2h) Record Invoice Receipt (handled by resource user_013) (+22h) Record Invoice Receipt (handled by resource user_013) (+18m) Vendor creates invoice (+4d) Vendor creates invoice (+1d) Cancel Invoice Receipt (handled by resource user_001) (+14h) Vendor creates invoice (+10h) Vendor creates debit memo Vendor creates invoice (+5d) Clear Invoice (handled by resource user_002) (+2d) Clear Invoice (handled by resource user_002) Clear Invoice (handled by resource user_002) Clear Invoice (handled by resource user_197) (+7m) Vendor creates invoice (+11h) Vendor creates invoice (+4d) Record Invoice Receipt (handled by resource user_013) (+7d) Record Goods Receipt (handled by resource user_203) (+4h) Record Service Entry Sheet Vendor creates invoice (+4h) Record Goods Receipt (handled by resource user_203) (+14h) Record Service Entry Sheet Record Goods Receipt (handled by resource user_203) (+37m) Record Service Entry Sheet Vendor creates invoice (+9h) Vendor creates invoice (+1d) Vendor creates invoice (+2d) Record Invoice Receipt (handled by resource user_001) (+2d) Record Invoice Receipt (handled by resource user_001) (+8m) Record Invoice Receipt (handled by resource user_013) (+7h) Record Invoice Receipt (handled by resource user_012) (+27m) Vendor creates invoice (+6h) Record Invoice Receipt (handled by resource user_001) (+7h) Record Goods Receipt (handled by resource user_203) (+2h) Record Service Entry Sheet Record Goods Receipt (handled by resource user_203) (+4m) Record Service Entry Sheet Record Service Entry Sheet (+3m) Record Goods Receipt (handled by resource user_203) Record Goods Receipt (handled by resource user_203) (+2m) Record Service Entry Sheet Record Goods Receipt (handled by resource user_203) (+2m) Record Service Entry Sheet Record Goods Receipt (handled by resource user_203) (+9m) Record Service Entry Sheet Record Goods Receipt (handled by resource user_203) (+9m) Record Service Entry Sheet Record Service Entry Sheet (+17m) Record Goods Receipt (handled by resource user_203) Record Service Entry Sheet (+3m) Record Goods Receipt (handled by resource user_203) Record Goods Receipt (handled by resource user_203) (+12m) Record Service Entry Sheet Record Goods Receipt (handled by resource user_203) (+25m) Record Service Entry Sheet Record Goods Receipt (handled by resource user_203) (+6m) Record Service Entry Sheet Record Goods Receipt (handled by resource user_203) (+3m) Record Service Entry Sheet Record Goods Receipt (handled by resource user_203) (+12m) Record Service Entry Sheet Record Service Entry Sheet (+14m) Record Goods Receipt (handled by resource user_203) Record Goods Receipt (handled by resource user_203) (+6m) Record Service Entry Sheet Record Invoice Receipt (handled by resource user_001) (+8m) Record Goods Receipt (handled by resource user_203) (+54m) Record Service Entry Sheet Record Invoice Receipt (handled by resource user_013) (+5h) Record Invoice Receipt (handled by resource user_013) (+40m) Record Goods Receipt (handled by resource user_203) (+13h) Record Service Entry Sheet Record Service Entry Sheet (+2m) Record Goods Receipt (handled by resource user_203) Record Goods Receipt (handled by resource user_203) (+2m) Record Service Entry Sheet Record Goods Receipt (handled by resource user_203) (+4m) Record Service Entry Sheet Vendor creates invoice (+18h) Record Goods Receipt (handled by resource user_203) (+9h) Record Service Entry Sheet Record Invoice Receipt (handled by resource user_001) (+3h) Vendor creates invoice (+4d) Vendor creates invoice (+1d) Clear Invoice (handled by resource user_002) (+2d) Clear Invoice (handled by resource user_002) Clear Invoice (handled by resource user_002) Record Invoice Receipt (handled by resource user_001) (+20h) Vendor creates invoice (+4d) Vendor creates invoice (+2d) Cancel Invoice Receipt (handled by resource user_015) (+10h) Vendor creates invoice (+14h) Record Invoice Receipt (handled by resource user_019) (+4d) Vendor creates invoice (+6h) Record Invoice Receipt (handled by resource user_020) (+12h) Record Invoice Receipt (handled by resource user_020) (+1h) Vendor creates debit memo (+11h) Vendor creates invoice Record Invoice Receipt (handled by resource user_001) (+16h) Record Invoice Receipt (handled by resource user_001) (+3m) Record Invoice Receipt (handled by resource user_001) (+2m) Vendor creates invoice (+8h) Record Invoice Receipt (handled by resource user_012) (+1d) Record Invoice Receipt (handled by resource user_013) (+6h) Record Invoice Receipt (handled by resource user_001) (+40m) Record Invoice Receipt (handled by resource user_012) (+1h) Record Invoice Receipt (handled by resource user_012) (+22m) Record Invoice Receipt (handled by resource user_012) (+11m) Record Invoice Receipt (handled by resource user_012) (+17m) Record Invoice Receipt (handled by resource user_020) (+3d) Record Invoice Receipt (handled by resource user_012) (+21h) Record Invoice Receipt (handled by resource user_012) (+5h) Vendor creates invoice (+11h) Record Goods Receipt (handled by resource user_203) (+8h) Record Service Entry Sheet Record Goods Receipt (handled by resource user_203) (+16m) Record Service Entry Sheet Record Service Entry Sheet (+23m) Record Goods Receipt (handled by resource user_203) Record Service Entry Sheet (+59m) Record Goods Receipt (handled by resource user_203) Record Goods Receipt (handled by resource user_203) (+2h) Record Service Entry Sheet Record Invoice Receipt (handled by resource user_020) (+2h) Vendor creates invoice (+10h) Record Goods Receipt (handled by resource user_203) (+1d) Record Service Entry Sheet Record Goods Receipt (handled by resource user_203) (+20m) Record Service Entry Sheet Record Service Entry Sheet (+15m) Record Goods Receipt (handled by resource user_203) Record Goods Receipt (handled by resource user_203) (+27m) Record Service Entry Sheet Record Goods Receipt (handled by resource user_203) (+33m) Record Service Entry Sheet Record Goods Receipt (handled by resource user_203) (+24m) Record Service Entry Sheet Remove Payment Block (handled by resource user_023) (+3d) Vendor creates invoice (+15h) Record Invoice Receipt (handled by resource user_001) (+13h) Vendor creates debit memo (+1d) Vendor creates invoice Record Invoice Receipt (handled by resource user_019) (+5d) Vendor creates invoice (+10h) Vendor creates debit memo Record Goods Receipt (handled by resource user_203) (+1d) Record Service Entry Sheet Record Goods Receipt (handled by resource user_203) (+26m) Record Service Entry Sheet Record Service Entry Sheet (+4m) Record Goods Receipt (handled by resource user_203) Change Price (handled by resource user_203) (+4m) Record Goods Receipt (handled by resource user_203) (+6m) Record Service Entry Sheet Record Goods Receipt (handled by resource user_203) (+4m) Record Service Entry Sheet Vendor creates invoice (+15h) Record Invoice Receipt (handled by resource user_001) (+13h) Remove Payment Block (handled by resource user_015) (+5m) Record Invoice Receipt (handled by resource user_001) (+9m) Record Invoice Receipt (handled by resource user_012) (+26m) Record Invoice Receipt (handled by resource user_012) (+24m) Clear Invoice (handled by resource user_002) (+30m) Clear Invoice (handled by resource user_002) Clear Invoice (handled by resource user_002) Record Service Entry Sheet (+1d) Record Goods Receipt (handled by resource user_203) Vendor creates invoice (+9h) Vendor creates invoice (+3d) Record Invoice Receipt (handled by resource user_012) (+17h) Record Invoice Receipt (handled by resource user_012) (+35m) Record Invoice Receipt (handled by resource user_013) (+7m) Record Invoice Receipt (handled by resource user_012) (+4m) Record Invoice Receipt (handled by resource user_001) (+2d) Vendor creates invoice (+8h) Vendor creates debit memo Record Invoice Receipt (handled by resource user_020) (+7h) Cancel Invoice Receipt (handled by resource user_013) (+4h) Record Invoice Receipt (handled by resource user_013) (+5m) Clear Invoice (handled by resource user_013) (+30m) Cancel Invoice Receipt (handled by resource user_019) (+3h) Record Invoice Receipt (handled by resource user_019) (+6m) Clear Invoice (handled by resource user_019) (+4m) Remove Payment Block (handled by resource user_023) (+3d) Record Invoice Receipt (handled by resource user_020) (+2h) Vendor creates invoice (+12h) Vendor creates debit memo Record Invoice Receipt (handled by resource user_013) (+9h) Vendor creates invoice (+15h) Vendor creates invoice (+2d) Vendor creates invoice (+1d) Vendor creates invoice (+3d) Vendor creates invoice (+1d) Record Invoice Receipt (handled by resource user_001) (+1d) Remove Payment Block (handled by resource user_015) (+5h) Record Invoice Receipt (handled by resource user_001) (+2h) Vendor creates invoice (+4d) Clear Invoice (handled by resource user_002) (+3d) Clear Invoice (handled by resource user_002) (+1m) Clear Invoice (handled by resource user_002) Vendor creates invoice (+10h) Vendor creates debit memo Record Invoice Receipt (handled by resource user_013) (+8h) Record Invoice Receipt (handled by resource user_020) (+3h) Record Invoice Receipt (handled by resource user_020) (+6h) Record Invoice Receipt (handled by resource user_001) (+4d) Record Invoice Receipt (handled by resource user_012) (+18m) Record Invoice Receipt (handled by resource user_012) (+32m) Vendor creates invoice (+8h) Record Goods Receipt (handled by resource user_203) (+5d) Record Service Entry Sheet Record Service Entry Sheet (+1m) Record Goods Receipt (handled by resource user_203) Record Goods Receipt (handled by resource user_203) (+3m) Record Service Entry Sheet Record Goods Receipt (handled by resource user_203) (+2m) Record Service Entry Sheet Vendor creates invoice (+2d) Record Goods Receipt (handled by resource user_203) (+9h) Record Service Entry Sheet Record Goods Receipt (handled by resource user_203) (+3m) Record Service Entry Sheet Record Service Entry Sheet (+4m) Record Goods Receipt (handled by resource user_203) Record Goods Receipt (handled by resource user_203) (+2m) Record Service Entry Sheet Record Goods Receipt (handled by resource user_203) (+4m) Record Service Entry Sheet Record Goods Receipt (handled by resource user_203) (+2m) Record Service Entry Sheet Record Goods Receipt (handled by resource user_203) (+3m) Record Service Entry Sheet Record Goods Receipt (handled by resource user_203) (+2m) Record Service Entry Sheet Record Service Entry Sheet (+6m) Record Goods Receipt (handled by resource user_203) Record Goods Receipt (handled by resource user_203) (+4m) Record Service Entry Sheet Record Goods Receipt (handled by resource user_203) (+1h) Record Service Entry Sheet Record Invoice Receipt (handled by resource user_001) (+3h) Record Invoice Receipt (handled by resource user_019) (+3h) Record Goods Receipt (handled by resource user_203) (+14h) Record Service Entry Sheet Record Service Entry Sheet (+4m) Record Goods Receipt (handled by resource user_203) Record Invoice Receipt (handled by resource user_012) (+4h) Record Invoice Receipt (handled by resource user_013) (+34m) Record Invoice Receipt (handled by resource user_012) (+4h) Record Invoice Receipt (handled by resource user_020) (+48m) Record Invoice Receipt (handled by resource user_012) (+1d) Remove Payment Block (handled by resource user_015) (+3d) Vendor creates invoice (+14h) Vendor creates invoice (+2d) Record Invoice Receipt (handled by resource user_012) (+14h) Record Invoice Receipt (handled by resource user_012) (+52m) Record Invoice Receipt (handled by resource user_001) (+11m) Record Invoice Receipt (handled by resource user_013) (+14m) Record Service Entry Sheet (+22h) Record Goods Receipt (handled by resource user_203) Record Goods Receipt (handled by resource user_203) (+56m) Record Service Entry Sheet Record Goods Receipt (handled by resource user_203) (+21m) Record Service Entry Sheet Record Invoice Receipt (handled by resource user_019) (+1h) Record Goods Receipt (handled by resource user_203) (+1h) Record Service Entry Sheet Vendor creates invoice (+8h) Vendor creates invoice (+3d) Record Invoice Receipt (handled by resource user_013) (+15h) Record Invoice Receipt (handled by resource user_012) (+1m) Vendor creates invoice (+9h) Record Invoice Receipt (handled by resource user_020) (+2d) Clear Invoice (handled by resource user_002) (+34m) Clear Invoice (handled by resource user_002) Clear Invoice (handled by resource user_002) Vendor creates invoice (+7h) Record Goods Receipt (handled by resource user_203) (+7h) Record Service Entry Sheet Record Invoice Receipt (handled by resource user_020) (+10h) Record Invoice Receipt (handled by resource user_020) (+3d) Record Service Entry Sheet (+2h) Record Goods Receipt (handled by resource user_203) Record Goods Receipt (handled by resource user_203) (+2h) Record Service Entry Sheet Record Goods Receipt (handled by resource user_203) (+33m) Record Service Entry Sheet Vendor creates invoice (+7h) Record Invoice Receipt (handled by resource user_012) (+14h) Vendor creates invoice (+10h) Record Invoice Receipt (handled by resource user_012) (+2d) Record Invoice Receipt (handled by resource user_020) (+22h) Record Service Entry Sheet (+3d) Record Goods Receipt (handled by resource user_203) Vendor creates invoice (+2d) Record Goods Receipt (handled by resource user_203) (+10h) Record Service Entry Sheet Record Invoice Receipt (handled by resource user_020) (+6h) Record Invoice Receipt (handled by resource user_020) (+17m) Cancel Invoice Receipt (handled by resource user_019) (+1h) Record Invoice Receipt (handled by resource user_019) (+7m) Clear Invoice (handled by resource user_019) (+2m) Cancel Invoice Receipt (handled by resource user_019) (+4m) Record Invoice Receipt (handled by resource user_019) (+3m) Clear Invoice (handled by resource user_019) (+1m) Vendor creates invoice (+1d) Record Goods Receipt (handled by resource user_203) (+8h) Record Service Entry Sheet Vendor creates invoice (+4d) Record Invoice Receipt (handled by resource user_020) (+15h) Vendor creates invoice (+2d) Record Goods Receipt (handled by resource user_203) (+18h) Record Service Entry Sheet Record Goods Receipt (handled by resource user_203) (+20m) Record Service Entry Sheet Change Price (handled by resource user_203) (+14m) Record Service Entry Sheet (+3m) Record Goods Receipt (handled by resource user_203) Vendor creates invoice (+3d) Vendor creates invoice (+2d) Record Goods Receipt (handled by resource user_203) (+4d) Record Service Entry Sheet Change Price (handled by resource user_203) (+7m) Record Goods Receipt (handled by resource user_203) (+4m) Record Service Entry Sheet Cancel Invoice Receipt (handled by resource user_004) (+3h) Record Invoice Receipt (handled by resource user_004) (+3m) Clear Invoice (handled by resource user_004) (+1m) Cancel Invoice Receipt (handled by resource user_012) (+3h) Record Invoice Receipt (handled by resource user_012) (+4m) Clear Invoice (handled by resource user_012) (+2m) Cancel Invoice Receipt (handled by resource user_019) (+6m) Record Invoice Receipt (handled by resource user_019) (+7m) Clear Invoice (handled by resource user_019) (+17m) Cancel Invoice Receipt (handled by resource user_001) (+36m) Record Invoice Receipt (handled by resource user_001) (+5m) Clear Invoice (handled by resource user_001) (+1m) Cancel Invoice Receipt (handled by resource user_001) (+33m) Record Invoice Receipt (handled by resource user_001) (+3m) Clear Invoice (handled by resource user_001) (+1m) Vendor creates invoice (+6h) Cancel Invoice Receipt (handled by resource user_004) (+6h) Record Invoice Receipt (handled by resource user_004) (+1m) Clear Invoice (handled by resource user_004) (+1m) Cancel Invoice Receipt (handled by resource user_020) (+5h) Cancel Invoice Receipt (handled by resource user_020) (+4h) Record Invoice Receipt (handled by resource user_020) (+3m) Cancel Invoice Receipt (handled by resource user_020) (+7m) Record Invoice Receipt (handled by resource user_020) (+5m) Clear Invoice (handled by resource user_020) (+1m) Vendor creates invoice (+1d) Clear Invoice (handled by resource user_002) (+17h) Clear Invoice (handled by resource user_002) Clear Invoice (handled by resource user_002) Record Goods Receipt (handled by resource user_203) (+3d) Record Service Entry Sheet Record Goods Receipt (handled by resource user_203) (+2m) Record Service Entry Sheet Record Invoice Receipt (handled by resource user_012) (+1d) Vendor creates invoice (+10h) Record Goods Receipt (handled by resource user_203) (+7h) Record Service Entry Sheet Record Invoice Receipt (handled by resource user_013) (+3h) Remove Payment Block (handled by resource user_015) (+4m) Vendor creates invoice (+13h) Record Goods Receipt (handled by resource user_203) (+11h) Record Service Entry Sheet Clear Invoice (handled by resource user_002) (+1d) Clear Invoice (handled by resource user_002) Vendor creates invoice (+8h) Record Goods Receipt (handled by resource user_203) (+6d) Record Service Entry Sheet Record Goods Receipt (handled by resource user_203) (+3m) Record Service Entry Sheet Record Service Entry Sheet (+3m) Record Goods Receipt (handled by resource user_203) Vendor creates invoice (+1d) Vendor creates invoice (+1d) Record Invoice Receipt (handled by resource user_012) (+6d) Remove Payment Block (handled by resource user_015) (+2m) Vendor creates invoice (+9h) Cancel Invoice Receipt (handled by resource user_013) (+11h) Record Invoice Receipt (handled by resource user_013) (+6m) Clear Invoice (handled by resource user_013) (+1m) Cancel Invoice Receipt (handled by resource user_019) (+3h) Cancel Invoice Receipt (handled by resource user_020) (+2h) Record Invoice Receipt (handled by resource user_020) (+3m) Clear Invoice (handled by resource user_020) (+1m) Cancel Invoice Receipt (handled by resource user_020) (+6m) Record Invoice Receipt (handled by resource user_020) (+3m) Clear Invoice (handled by resource user_020) Record Invoice Receipt (handled by resource user_019) (+1h) Cancel Invoice Receipt (handled by resource user_019) (+4m) Record Invoice Receipt (handled by resource user_019) (+5m) Clear Invoice (handled by resource user_019) (+2m) Record Invoice Receipt (handled by resource user_019) (+5d) Record Invoice Receipt (handled by resource user_012) (+14m) Record Invoice Receipt (handled by resource user_020) (+18h) Record Invoice Receipt (handled by resource user_020) (+41m) Record Invoice Receipt (handled by resource user_020) (+2h) Record Invoice Receipt (handled by resource user_020) (+2h) Record Invoice Receipt (handled by resource user_001) (+16h) Record Invoice Receipt (handled by resource user_001) (+7m) Record Invoice Receipt (handled by resource user_001) (+2m) Clear Invoice (handled by resource user_002) (+2h) Clear Invoice (handled by resource user_002) Clear Invoice (handled by resource user_002) Vendor creates invoice (+15h) Vendor creates invoice (+3d) Record Invoice Receipt (handled by resource user_001) (+7h) Record Service Entry Sheet (+1d) Record Goods Receipt (handled by resource user_203) Record Invoice Receipt (handled by resource user_020) (+3h) Record Goods Receipt (handled by resource user_203) (+7h) Record Service Entry Sheet Record Goods Receipt (handled by resource user_203) (+3m) Record Service Entry Sheet Record Goods Receipt (handled by resource user_203) (+3m) Record Service Entry Sheet Change Price (handled by resource user_203) (+2h) Record Service Entry Sheet (+3m) Record Goods Receipt (handled by resource user_203) Record Service Entry Sheet (+41m) Record Goods Receipt (handled by resource user_203) Change Price (handled by resource user_203) (+11m) Record Goods Receipt (handled by resource user_203) (+4m) Record Service Entry Sheet Record Goods Receipt (handled by resource user_203) (+15h) Record Service Entry Sheet Record Goods Receipt (handled by resource user_203) (+2m) Record Service Entry Sheet Record Goods Receipt (handled by resource user_203) (+33m) Record Service Entry Sheet Record Service Entry Sheet (+2m) Record Goods Receipt (handled by resource user_203) Vendor creates invoice (+11h) Record Invoice Receipt (handled by resource user_001) (+7h) Record Invoice Receipt (handled by resource user_012) (+3d) Vendor creates invoice (+1d) Record Invoice Receipt (handled by resource user_020) (+13h) Record Invoice Receipt (handled by resource user_073) (+1d) Record Invoice Receipt (handled by resource user_073) Record Invoice Receipt (handled by resource user_073) Record Invoice Receipt (handled by resource user_073) Record Invoice Receipt (handled by resource user_073) Record Invoice Receipt (handled by resource user_073) Record Invoice Receipt (handled by resource user_073) Record Invoice Receipt (handled by resource user_073) Record Invoice Receipt (handled by resource user_073) Record Invoice Receipt (handled by resource user_073) Record Invoice Receipt (handled by resource user_073) Record Invoice Receipt (handled by resource user_073) Record Invoice Receipt (handled by resource user_073) (+1m) Record Invoice Receipt (handled by resource user_073) Record Invoice Receipt (handled by resource user_073) Record Invoice Receipt (handled by resource user_073) Record Invoice Receipt (handled by resource user_073) Record Invoice Receipt (handled by resource user_073) Record Invoice Receipt (handled by resource user_073) Record Invoice Receipt (handled by resource user_073) Record Invoice Receipt (handled by resource user_073) Record Invoice Receipt (handled by resource user_073) Record Invoice Receipt (handled by resource user_073) Record Invoice Receipt (handled by resource user_073) Record Invoice Receipt (handled by resource user_073) Record Invoice Receipt (handled by resource user_073) Record Invoice Receipt (handled by resource user_073) Record Invoice Receipt (handled by resource user_073) Record Invoice Receipt (handled by resource user_073) Record Invoice Receipt (handled by resource user_073) Record Invoice Receipt (handled by resource user_073) Record Invoice Receipt (handled by resource user_073) Record Invoice Receipt (handled by resource user_073) Record Invoice Receipt (handled by resource user_073) (+1m) Record Invoice Receipt (handled by resource user_073) Record Invoice Receipt (handled by resource user_073) Record Invoice Receipt (handled by resource user_073) Record Invoice Receipt (handled by resource user_073) Record Invoice Receipt (handled by resource user_073) Record Goods Receipt (handled by resource user_203) (+2h) Record Service Entry Sheet Record Goods Receipt (handled by resource user_203) (+43m) Record Service Entry Sheet Record Goods Receipt (handled by resource user_203) (+2h) Record Service Entry Sheet Vendor creates invoice (+5h) Record Goods Receipt (handled by resource user_203) (+18h) Record Service Entry Sheet Vendor creates invoice (+3d) Record Invoice Receipt (handled by resource user_012) (+3d) Remove Payment Block (handled by resource user_015) (+17m) Record Invoice Receipt (handled by resource user_013) (+7h) Record Invoice Receipt (handled by resource user_012) (+5d) Clear Invoice (handled by resource user_005) (+1d) Record Goods Receipt (handled by resource user_203) (+3h) Record Service Entry Sheet Record Goods Receipt (handled by resource user_203) (+11h) Record Service Entry Sheet Record Goods Receipt (handled by resource user_203) (+14m) Record Service Entry Sheet Record Goods Receipt (handled by resource user_203) (+38m) Record Service Entry Sheet Change Price (handled by resource user_203) (+3h) Record Service Entry Sheet (+2m) Record Goods Receipt (handled by resource user_203) Record Goods Receipt (handled by resource user_203) (+24m) Record Service Entry Sheet Record Goods Receipt (handled by resource user_203) (+21m) Record Service Entry Sheet Record Invoice Receipt (handled by resource user_019) (+36m) Record Invoice Receipt (handled by resource user_013) (+4h) Record Invoice Receipt (handled by resource user_013) (+3h) Remove Payment Block (handled by resource user_015) (+3d) Record Invoice Receipt (handled by resource user_020) (+2h) Record Invoice Receipt (handled by resource user_020) (+2h) Record Invoice Receipt (handled by resource user_013) (+2h) Record Invoice Receipt (handled by resource user_013) (+5m) Record Invoice Receipt (handled by resource user_012) (+1h) Change Price (handled by resource user_203) (+19h) Record Goods Receipt (handled by resource user_203) (+24m) Record Service Entry Sheet Record Invoice Receipt (handled by resource user_235) (+21h) Remove Payment Block (handled by resource user_015) (+13m) Record Invoice Receipt (handled by resource user_013) (+6h) Clear Invoice (handled by resource user_002) (+1d) Clear Invoice (handled by resource user_002) Clear Invoice (handled by resource user_002) Record Goods Receipt (handled by resource user_203) (+20h) Record Service Entry Sheet Record Goods Receipt (handled by resource user_203) (+13m) Record Service Entry Sheet Record Goods Receipt (handled by resource user_203) (+1h) Record Service Entry Sheet Record Invoice Receipt (handled by resource user_001) (+3d) Record Invoice Receipt (handled by resource user_019) (+2d) Record Invoice Receipt (handled by resource user_012) (+1d) Record Invoice Receipt (handled by resource user_013) (+2h) Record Invoice Receipt (handled by resource user_013) (+42m) Rework observed: Cancel Invoice Receipt was repeated (seen in 1 cases); Change Price was repeated (seen in 1 cases); Clear Invoice was repeated (seen in 1 cases); Record Goods Receipt was repeated (seen in 1 cases); Record Invoice Receipt was repeated (seen in 1 cases); Record Service Entry Sheet was repeated (seen in 1 cases); Remove Payment Block was repeated (seen in 1 cases); Vendor creates debit memo was repeated (seen in 1 cases); Vendor creates invoice was repeated (seen in 1 cases).
V3102,"duration_high,length_high",1,3.972447106866772e-06,833,567453180.0,Record Invoice Receipt,Vendor creates debit memo Create Purchase Order Item (handled by resource user_116) (+6189d) Vendor creates invoice (+2d) Vendor creates invoice (+4d) Vendor creates invoice (+4d) Vendor creates invoice (+3d) Record Goods Receipt (handled by resource user_145) (+9h) Record Service Entry Sheet Record Goods Receipt (handled by resource user_145) (+2m) Record Service Entry Sheet Record Goods Receipt (handled by resource user_145) (+1m) Record Service Entry Sheet Record Service Entry Sheet (+2m) Record Goods Receipt (handled by resource user_145) Record Goods Receipt (handled by resource user_145) (+2m) Record Service Entry Sheet Vendor creates invoice (+15h) Record Invoice Receipt (handled by resource batch_00) (+14h) Record Invoice Receipt (handled by resource user_024) (+2h) Vendor creates invoice (+8h) Record Invoice Receipt (handled by resource batch_00) (+12h) Vendor creates invoice (+12h) Vendor creates debit memo Record Invoice Receipt (handled by resource user_008) (+4d) Record Invoice Receipt (handled by resource user_007) (+2h) Vendor creates debit memo (+10h) Vendor creates invoice Vendor creates invoice (+1d) Vendor creates invoice (+2d) Record Goods Receipt (handled by resource user_145) (+4d) Record Service Entry Sheet Record Goods Receipt (handled by resource user_145) (+2m) Record Service Entry Sheet Record Goods Receipt (handled by resource user_145) (+6m) Record Service Entry Sheet Record Goods Receipt (handled by resource user_145) (+2m) Record Service Entry Sheet Record Service Entry Sheet (+1m) Record Goods Receipt (handled by resource user_145) Record Goods Receipt (handled by resource user_145) (+1m) Record Service Entry Sheet Record Goods Receipt (handled by resource user_145) (+1m) Record Service Entry Sheet Vendor creates invoice (+10h) Vendor creates debit memo Vendor creates invoice (+1d) Vendor creates invoice (+1d) Record Goods Receipt (handled by resource user_145) (+8h) Record Service Entry Sheet Record Goods Receipt (handled by resource user_145) (+1m) Record Service Entry Sheet Vendor creates invoice (+16h) Vendor creates invoice (+4d) Record Invoice Receipt (handled by resource batch_00) (+15h) Record Invoice Receipt (handled by resource batch_00) (+1m) Record Invoice Receipt (handled by resource user_015) (+5m) Record Invoice Receipt (handled by resource batch_00) (+2m) Record Invoice Receipt (handled by resource batch_00) (+2m) Record Invoice Receipt (handled by resource batch_00) (+1m) Record Invoice Receipt (handled by resource batch_00) (+1m) Vendor creates invoice (+9h) Record Goods Receipt (handled by resource user_145) (+8h) Record Service Entry Sheet Record Service Entry Sheet (+1m) Record Goods Receipt (handled by resource user_145) Record Goods Receipt (handled by resource user_145) (+1m) Record Service Entry Sheet Vendor creates invoice (+16h) Record Goods Receipt (handled by resource user_145) (+8h) Record Service Entry Sheet Record Invoice Receipt (handled by resource user_004) (+4h) Record Invoice Receipt (handled by resource user_004) (+1m) Record Invoice Receipt (handled by resource user_004) (+1m) Record Invoice Receipt (handled by resource batch_00) (+5h) Vendor creates invoice (+7h) Vendor creates invoice (+1d) Record Service Entry Sheet (+1d) Record Goods Receipt (handled by resource user_145) Record Goods Receipt (handled by resource user_145) (+2m) Record Service Entry Sheet Record Goods Receipt (handled by resource user_145) (+1d) Record Service Entry Sheet Vendor creates invoice (+1d) Record Goods Receipt (handled by resource user_145) (+8h) Record Service Entry Sheet Vendor creates invoice (+16h) Record Invoice Receipt (handled by resource user_007) (+8h) Record Service Entry Sheet (+1h) Record Goods Receipt (handled by resource user_145) Vendor creates invoice (+15h) Vendor creates invoice (+1d) Record Goods Receipt (handled by resource user_145) (+2d) Record Service Entry Sheet Record Goods Receipt (handled by resource user_145) (+1m) Record Service Entry Sheet Record Goods Receipt (handled by resource user_145) (+1h) Record Service Entry Sheet Record Goods Receipt (handled by resource user_145) (+2h) Record Service Entry Sheet Vendor creates invoice (+14h) Vendor creates invoice (+1d) Record Service Entry Sheet (+8h) Record Goods Receipt (handled by resource user_145) Record Service Entry Sheet (+2m) Record Goods Receipt (handled by resource user_145) Record Goods Receipt (handled by resource user_145) (+2m) Record Service Entry Sheet Record Invoice Receipt (handled by resource user_001) (+1d) Vendor creates invoice (+8h) Record Invoice Receipt (handled by resource user_006) (+11h) Vendor creates invoice (+13h) Record Goods Receipt (handled by resource user_145) (+2d) Record Service Entry Sheet Record Goods Receipt (handled by resource user_145) (+1m) Record Service Entry Sheet Record Service Entry Sheet (+2m) Record Goods Receipt (handled by resource user_145) Record Goods Receipt (handled by resource user_145) (+1m) Record Service Entry Sheet Record Goods Receipt (handled by resource user_145) (+2m) Record Service Entry Sheet Record Invoice Receipt (handled by resource user_007) (+2d) Vendor creates invoice (+6h) Vendor creates invoice (+3d) Record Goods Receipt (handled by resource user_145) (+3d) Record Service Entry Sheet Record Goods Receipt (handled by resource user_145) (+1m) Record Service Entry Sheet Record Service Entry Sheet (+2m) Record Goods Receipt (handled by resource user_145) Record Goods Receipt (handled by resource user_145) (+1m) Record Service Entry Sheet Record Goods Receipt (handled by resource user_145) (+2m) Record Service Entry Sheet Vendor creates invoice (+8h) Vendor creates invoice (+2d) Vendor creates invoice (+1d) Record Invoice Receipt (handled by resource user_013) (+3d) Record Invoice Receipt (handled by resource user_013) (+3m) Record Invoice Receipt (handled by resource user_013) (+5m) Record Invoice Receipt (handled by resource user_013) (+5m) Record Invoice Receipt (handled by resource user_013) (+52m) Record Goods Receipt (handled by resource user_145) (+18h) Record Service Entry Sheet Record Goods Receipt (handled by resource user_145) (+1m) Record Service Entry Sheet Vendor creates invoice (+16h) Vendor creates invoice (+1d) Record Goods Receipt (handled by resource user_145) (+8h) Record Service Entry Sheet Record Goods Receipt (handled by resource user_145) (+2m) Record Service Entry Sheet Record Service Entry Sheet (+1m) Record Goods Receipt (handled by resource user_145) Record Invoice Receipt (handled by resource user_013) (+9h) Record Invoice Receipt (handled by resource user_013) (+7m) Record Invoice Receipt (handled by resource user_013) (+2m) Record Invoice Receipt (handled by resource user_013) (+33m) Record Invoice Receipt (handled by resource user_007) (+21m) Vendor creates invoice (+6h) Vendor creates invoice (+1d) Vendor creates invoice (+1d) Record Goods Receipt (handled by resource user_145) (+2d) Record Service Entry Sheet Record Goods Receipt (handled by resource user_145) (+2m) Record Service Entry Sheet Record Goods Receipt (handled by resource user_145) (+1m) Record Service Entry Sheet Record Invoice Receipt (handled by resource user_013) (+2h) Record Invoice Receipt (handled by resource user_013) (+7m) Record Invoice Receipt (handled by resource user_019) (+17m) Record Invoice Receipt (handled by resource user_019) (+6m) Record Invoice Receipt (handled by resource user_019) (+6m) Record Invoice Receipt (handled by resource user_019) (+4m) Record Invoice Receipt (handled by resource user_019) (+3m) Vendor creates invoice (+1d) Vendor creates invoice (+1d) Record Goods Receipt (handled by resource user_145) (+10h) Record Service Entry Sheet Record Goods Receipt (handled by resource user_145) (+1m) Record Service Entry Sheet Record Invoice Receipt (handled by resource user_007) (+1d) Record Invoice Receipt (handled by resource user_001) (+2h) Record Invoice Receipt (handled by resource user_001) (+10m) Record Invoice Receipt (handled by resource user_001) (+1m) Record Invoice Receipt (handled by resource batch_00) (+2m) Record Invoice Receipt (handled by resource user_007) (+1h) Record Invoice Receipt (handled by resource user_007) (+2m) Vendor creates invoice (+8h) Vendor creates debit memo Record Invoice Receipt (handled by resource user_013) (+9h) Record Invoice Receipt (handled by resource user_013) (+1m) Vendor creates invoice (+15h) Record Service Entry Sheet (+2d) Record Goods Receipt (handled by resource user_145) Record Goods Receipt (handled by resource user_145) (+1m) Record Service Entry Sheet Record Invoice Receipt (handled by resource user_013) (+2d) Record Invoice Receipt (handled by resource user_013) (+10m) Record Invoice Receipt (handled by resource user_013) (+20h) Vendor creates invoice (+2d) Vendor creates debit memo Vendor creates invoice (+4d) Vendor creates debit memo Clear Invoice (handled by resource user_002) (+16h) Record Goods Receipt (handled by resource user_145) (+17h) Record Service Entry Sheet Record Service Entry Sheet (+1m) Record Goods Receipt (handled by resource user_145) Record Goods Receipt (handled by resource user_145) (+1m) Record Service Entry Sheet Vendor creates invoice (+15h) Vendor creates invoice (+1d) Vendor creates debit memo Record Goods Receipt (handled by resource user_145) (+2d) Record Service Entry Sheet Record Goods Receipt (handled by resource user_145) (+1m) Record Service Entry Sheet Record Goods Receipt (handled by resource user_145) (+1m) Record Service Entry Sheet Record Invoice Receipt (handled by resource user_019) (+1d) Record Invoice Receipt (handled by resource user_019) (+2m) Record Invoice Receipt (handled by resource user_019) (+2m) Record Invoice Receipt (handled by resource user_013) (+1h) Record Invoice Receipt (handled by resource user_013) (+4m) Record Invoice Receipt (handled by resource user_019) (+23h) Vendor creates invoice (+10h) Vendor creates invoice (+1d) Record Goods Receipt (handled by resource user_145) (+2d) Record Service Entry Sheet Record Goods Receipt (handled by resource user_145) (+2m) Record Service Entry Sheet Record Invoice Receipt (handled by resource user_015) (+1d) Cancel Invoice Receipt (handled by resource user_013) (+1d) Record Invoice Receipt (handled by resource user_013) (+3m) Cancel Invoice Receipt (handled by resource user_013) (+2m) Record Invoice Receipt (handled by resource user_013) (+2m) Clear Invoice (handled by resource user_013) (+38m) Clear Invoice (handled by resource user_013) Vendor creates invoice (+1d) Vendor creates invoice (+1d) Vendor creates invoice (+1d) Record Invoice Receipt (handled by resource user_001) (+2d) Vendor creates invoice (+1d) Record Goods Receipt (handled by resource user_145) (+9h) Record Service Entry Sheet Record Service Entry Sheet (+5m) Record Goods Receipt (handled by resource user_145) Record Goods Receipt (handled by resource user_145) (+2m) Record Service Entry Sheet Record Goods Receipt (handled by resource user_145) (+1m) Record Service Entry Sheet Vendor creates invoice (+15h) Vendor creates invoice (+1d) Record Invoice Receipt (handled by resource user_019) (+13h) Record Invoice Receipt (handled by resource user_019) (+3m) Record Invoice Receipt (handled by resource user_019) (+2m) Record Invoice Receipt (handled by resource user_019) (+2m) Vendor creates invoice (+1d) Record Service Entry Sheet (+1d) Record Goods Receipt (handled by resource user_145) Record Goods Receipt (handled by resource user_145) (+3m) Record Service Entry Sheet Record Invoice Receipt (handled by resource user_019) (+2d) Record Goods Receipt (handled by resource user_145) (+1h) Record Service Entry Sheet Record Invoice Receipt (handled by resource user_019) (+47m) Record Invoice Receipt (handled by resource user_019) (+4m) Vendor creates invoice (+1d) Record Goods Receipt (handled by resource user_145) (+12h) Record Service Entry Sheet Record Goods Receipt (handled by resource user_145) (+1m) Record Service Entry Sheet Vendor creates invoice (+3d) Vendor creates invoice (+2d) Clear Invoice (handled by resource user_002) (+14h) Vendor creates invoice (+10h) Vendor creates invoice (+1d) Record Invoice Receipt (handled by resource user_013) (+16h) Record Invoice Receipt (handled by resource user_013) (+2h) Record Invoice Receipt (handled by resource user_007) (+5d) Record Invoice Receipt (handled by resource user_020) (+1d) Clear Invoice (handled by resource user_002) (+2h) Vendor creates invoice (+9h) Vendor creates invoice (+2d) Vendor creates invoice (+4d) Vendor creates invoice (+1d) Vendor creates invoice (+1d) Record Goods Receipt (handled by resource user_145) (+3d) Record Service Entry Sheet Record Goods Receipt (handled by resource user_145) (+2m) Record Service Entry Sheet Record Goods Receipt (handled by resource user_145) (+1m) Record Service Entry Sheet Record Goods Receipt (handled by resource user_145) (+2m) Record Service Entry Sheet Record Goods Receipt (handled by resource user_145) (+1m) Record Service Entry Sheet Record Service Entry Sheet (+1m) Record Goods Receipt (handled by resource user_145) Record Goods Receipt (handled by resource user_145) (+1m) Record Service Entry Sheet Record Goods Receipt (handled by resource user_145) (+2m) Record Service Entry Sheet Record Goods Receipt (handled by resource user_145) (+1m) Record Service Entry Sheet Record Goods Receipt (handled by resource user_145) (+1m) Record Service Entry Sheet Record Goods Receipt (handled by resource user_145) (+1m) Record Service Entry Sheet Record Invoice Receipt (handled by resource user_013) (+2d) Record Invoice Receipt (handled by resource user_013) (+7m) Record Invoice Receipt (handled by resource user_013) (+1m) Record Invoice Receipt (handled by resource user_013) (+2m) Record Invoice Receipt (handled by resource user_001) (+31m) Record Invoice Receipt (handled by resource user_001) (+4m) Record Invoice Receipt (handled by resource user_001) (+1m) Record Invoice Receipt (handled by resource user_001) (+2m) Record Invoice Receipt (handled by resource user_012) (+2h) Record Invoice Receipt (handled by resource user_012) (+6m) Vendor creates invoice (+1d) Vendor creates invoice (+1d) Record Goods Receipt (handled by resource user_145) (+2d) Record Service Entry Sheet Record Service Entry Sheet (+1m) Record Goods Receipt (handled by resource user_145) Record Goods Receipt (handled by resource user_145) (+2m) Record Service Entry Sheet Vendor creates invoice (+2d) Vendor creates invoice (+1d) Record Goods Receipt (handled by resource user_145) (+8h) Record Service Entry Sheet Record Goods Receipt (handled by resource user_145) (+2m) Record Service Entry Sheet Record Goods Receipt (handled by resource user_145) (+2m) Record Service Entry Sheet Record Service Entry Sheet (+9m) Record Goods Receipt (handled by resource user_145) Clear Invoice (handled by resource user_002) (+5h) Vendor creates invoice (+11h) Record Goods Receipt (handled by resource user_145) (+8h) Record Service Entry Sheet Vendor creates invoice (+16h) Vendor creates invoice (+1d) Vendor creates invoice (+1d) Vendor creates invoice (+2d) Vendor creates invoice (+1d) Record Service Entry Sheet (+9h) Record Goods Receipt (handled by resource user_145) Record Service Entry Sheet (+2m) Record Goods Receipt (handled by resource user_145) Record Goods Receipt (handled by resource user_145) (+1m) Record Service Entry Sheet Record Goods Receipt (handled by resource user_145) (+4m) Record Service Entry Sheet Record Goods Receipt (handled by resource user_145) (+5h) Record Service Entry Sheet Record Goods Receipt (handled by resource user_145) (+2m) Record Service Entry Sheet Record Invoice Receipt (handled by resource user_012) (+1h) Vendor creates invoice (+9h) Vendor creates invoice (+2d) Record Invoice Receipt (handled by resource user_019) (+3d) Record Invoice Receipt (handled by resource user_019) (+21h) Record Invoice Receipt (handled by resource user_012) (+7h) Record Invoice Receipt (handled by resource user_019) (+16h) Record Goods Receipt (handled by resource user_145) (+3h) Record Service Entry Sheet Record Goods Receipt (handled by resource user_145) (+1m) Record Service Entry Sheet Vendor creates invoice (+12h) Record Goods Receipt (handled by resource user_145) (+8h) Record Service Entry Sheet Vendor creates invoice (+16h) Vendor creates invoice (+1d) Record Service Entry Sheet (+2d) Record Goods Receipt (handled by resource user_145) Record Goods Receipt (handled by resource user_145) (+2m) Record Service Entry Sheet Record Invoice Receipt (handled by resource user_013) (+3h) Record Invoice Receipt (handled by resource user_013) (+12m) Record Invoice Receipt (handled by resource user_019) (+3h) Vendor creates invoice (+9h) Record Goods Receipt (handled by resource user_145) (+7h) Record Service Entry Sheet Record Goods Receipt (handled by resource user_145) (+1m) Record Service Entry Sheet Vendor creates invoice (+17h) Vendor creates invoice (+1d) Vendor creates invoice (+1d) Record Goods Receipt (handled by resource user_145) (+2d) Record Goods Receipt (handled by resource user_145) Record Service Entry Sheet Record Service Entry Sheet Record Goods Receipt (handled by resource user_145) (+3m) Record Service Entry Sheet Vendor creates invoice (+3d) Record Invoice Receipt (handled by resource user_013) (+11h) Record Invoice Receipt (handled by resource user_013) (+1h) Record Invoice Receipt (handled by resource user_013) (+17m) Record Invoice Receipt (handled by resource user_013) (+2m) Record Invoice Receipt (handled by resource user_013) (+2m) Record Invoice Receipt (handled by resource user_013) (+2m) Record Invoice Receipt (handled by resource user_013) (+1m) Record Invoice Receipt (handled by resource user_013) (+2m) Record Invoice Receipt (handled by resource user_013) (+1m) Record Invoice Receipt (handled by resource user_013) (+2m) Record Invoice Receipt (handled by resource user_013) (+1m) Record Invoice Receipt (handled by resource user_013) (+2m) Record Invoice Receipt (handled by resource user_013) (+1m) Record Invoice Receipt (handled by resource user_013) (+1m) Record Invoice Receipt (handled by resource user_013) (+1m) Record Invoice Receipt (handled by resource user_013) (+1m) Clear Invoice (handled by resource user_002) (+56m) Vendor creates invoice (+10h) Vendor creates invoice (+4d) Record Service Entry Sheet (+9h) Record Goods Receipt (handled by resource user_145) Record Goods Receipt (handled by resource user_145) (+2m) Record Service Entry Sheet Record Goods Receipt (handled by resource user_145) (+1m) Record Service Entry Sheet Vendor creates invoice (+15h) Record Goods Receipt (handled by resource user_145) (+9h) Record Service Entry Sheet Record Goods Receipt (handled by resource user_145) (+6m) Record Service Entry Sheet Vendor creates invoice (+15h) Record Goods Receipt (handled by resource user_145) (+8h) Record Service Entry Sheet Record Service Entry Sheet (+1m) Record Goods Receipt (handled by resource user_145) Vendor creates invoice (+15h) Record Goods Receipt (handled by resource user_145) (+13h) Record Service Entry Sheet Vendor creates invoice (+1d) Vendor creates debit memo Record Goods Receipt (handled by resource user_145) (+3d) Record Service Entry Sheet Record Goods Receipt (handled by resource user_145) (+2m) Record Service Entry Sheet Vendor creates invoice (+9h) Record Invoice Receipt (handled by resource user_020) (+9h) Record Invoice Receipt (handled by resource user_001) (+7h) Vendor creates invoice (+1d) Record Goods Receipt (handled by resource user_145) (+8h) Record Service Entry Sheet Record Goods Receipt (handled by resource user_145) (+5m) Record Service Entry Sheet Record Goods Receipt (handled by resource user_145) (+1m) Record Service Entry Sheet Vendor creates invoice (+2d) Record Goods Receipt (handled by resource user_145) (+3d) Record Service Entry Sheet Record Goods Receipt (handled by resource user_145) (+2m) Record Service Entry Sheet Vendor creates invoice (+1d) Record Invoice Receipt (handled by resource user_001) (+13h) Record Invoice Receipt (handled by resource user_001) (+9m) Record Invoice Receipt (handled by resource user_020) (+5h) Vendor creates invoice (+1d) Vendor creates invoice (+1d) Record Goods Receipt (handled by resource user_145) (+2d) Record Service Entry Sheet Record Goods Receipt (handled by resource user_145) (+1m) Record Service Entry Sheet Record Goods Receipt (handled by resource user_145) (+9m) Record Service Entry Sheet Vendor creates invoice (+2d) Cancel Invoice Receipt (handled by resource user_007) (+9h) Record Invoice Receipt (handled by resource user_007) (+4m) Clear Invoice (handled by resource user_007) (+1m) Cancel Invoice Receipt (handled by resource user_019) (+10m) Record Invoice Receipt (handled by resource user_019) (+6m) Clear Invoice (handled by resource user_019) (+2m) Cancel Invoice Receipt (handled by resource user_012) (+4h) Record Invoice Receipt (handled by resource user_012) (+6m) Clear Invoice (handled by resource user_012) (+1m) Vendor creates invoice (+10h) Record Goods Receipt (handled by resource user_145) (+8h) Record Service Entry Sheet Record Service Entry Sheet (+2m) Record Goods Receipt (handled by resource user_145) Cancel Invoice Receipt (handled by resource user_001) (+3h) Record Invoice Receipt (handled by resource user_001) (+3m) Clear Invoice (handled by resource user_001) Vendor creates invoice (+13h) Vendor creates invoice (+1d) Record Goods Receipt (handled by resource user_145) (+2d) Record Service Entry Sheet Vendor creates invoice (+2d) Record Goods Receipt (handled by resource user_145) (+8h) Record Service Entry Sheet Record Goods Receipt (handled by resource user_145) (+1m) Record Service Entry Sheet Clear Invoice (handled by resource user_002) (+6h) Vendor creates invoice (+9h) Record Goods Receipt (handled by resource user_145) (+8h) Record Service Entry Sheet Vendor creates invoice (+16h) Vendor creates invoice (+1d) Record Goods Receipt (handled by resource user_145) (+2d) Record Service Entry Sheet Record Goods Receipt (handled by resource user_145) (+2m) Record Service Entry Sheet Record Goods Receipt (handled by resource user_145) (+6h) Record Service Entry Sheet Vendor creates invoice (+10h) Vendor creates invoice (+1d) Vendor creates invoice (+1d) Record Goods Receipt (handled by resource user_145) (+13h) Record Service Entry Sheet Record Goods Receipt (handled by resource user_145) (+2m) Record Service Entry Sheet Record Goods Receipt (handled by resource user_145) (+4d) Record Service Entry Sheet Record Invoice Receipt (handled by resource user_019) (+3h) Vendor creates invoice (+8h) Vendor creates invoice (+1d) Record Invoice Receipt (handled by resource user_019) (+12h) Record Invoice Receipt (handled by resource user_020) (+11m) Record Invoice Receipt (handled by resource user_020) (+4m) Record Invoice Receipt (handled by resource user_019) (+38m) Record Invoice Receipt (handled by resource user_019) (+1h) Record Invoice Receipt (handled by resource user_020) (+1m) Record Invoice Receipt (handled by resource user_020) (+10m) Record Invoice Receipt (handled by resource user_019) (+2m) Record Invoice Receipt (handled by resource user_020) (+13m) Record Invoice Receipt (handled by resource user_019) (+27m) Record Invoice Receipt (handled by resource user_019) (+3m) Record Invoice Receipt (handled by resource user_020) (+30m) Record Invoice Receipt (handled by resource user_019) (+35m) Record Invoice Receipt (handled by resource user_019) (+21m) Record Invoice Receipt (handled by resource user_019) (+1h) Record Goods Receipt (handled by resource user_145) (+14h) Record Service Entry Sheet Vendor creates invoice (+16h) Vendor creates invoice (+1d) Record Goods Receipt (handled by resource user_145) (+2d) Record Service Entry Sheet Record Goods Receipt (handled by resource user_145) (+1m) Record Service Entry Sheet Record Invoice Receipt (handled by resource user_013) (+10h) Vendor creates invoice (+6h) Record Goods Receipt (handled by resource user_145) (+8h) Record Service Entry Sheet Vendor creates invoice (+16h) Record Goods Receipt (handled by resource user_145) (+8h) Record Service Entry Sheet Record Invoice Receipt (handled by resource user_012) (+1h) Record Invoice Receipt (handled by resource user_019) (+13m) Record Invoice Receipt (handled by resource user_020) (+3h) Record Invoice Receipt (handled by resource user_001) (+43m) Record Goods Receipt (handled by resource user_145) (+1h) Record Service Entry Sheet Vendor creates invoice (+10h) Record Invoice Receipt (handled by resource user_013) (+13h) Record Invoice Receipt (handled by resource user_019) (+16m) Record Invoice Receipt (handled by resource user_001) (+3m) Record Service Entry Sheet (+1h) Record Goods Receipt (handled by resource user_145) Record Invoice Receipt (handled by resource user_012) (+49m) Record Invoice Receipt (handled by resource user_013) (+8m) Record Invoice Receipt (handled by resource user_019) (+56m) Vendor creates invoice (+8h) Vendor creates invoice (+1d) Record Goods Receipt (handled by resource user_145) (+2d) Record Service Entry Sheet Record Goods Receipt (handled by resource user_145) (+2m) Record Service Entry Sheet Vendor creates invoice (+16h) Clear Invoice (handled by resource user_002) (+2d) Record Service Entry Sheet (+18h) Record Goods Receipt (handled by resource user_145) Record Invoice Receipt (handled by resource user_020) (+4h) Vendor creates invoice (+13h) Record Invoice Receipt (handled by resource user_019) (+3d) Record Goods Receipt (handled by resource user_145) (+15h) Record Service Entry Sheet Record Invoice Receipt (handled by resource user_001) (+39m) Record Invoice Receipt (handled by resource user_001) (+13m) Record Invoice Receipt (handled by resource user_019) (+15m) Record Invoice Receipt (handled by resource user_001) (+6h) Vendor creates invoice (+1d) Record Invoice Receipt (handled by resource user_012) (+12h) Record Invoice Receipt (handled by resource user_012) (+38m) Record Invoice Receipt (handled by resource user_012) (+2h) Vendor creates invoice (+10h) Vendor creates invoice (+2d) Vendor creates invoice (+3d) Vendor creates invoice (+1d) Record Goods Receipt (handled by resource user_145) (+8h) Record Service Entry Sheet Record Goods Receipt (handled by resource user_145) (+2m) Record Service Entry Sheet Record Goods Receipt (handled by resource user_145) (+2m) Record Service Entry Sheet Record Service Entry Sheet (+2m) Record Goods Receipt (handled by resource user_145) Record Goods Receipt (handled by resource user_145) (+2m) Record Service Entry Sheet Record Goods Receipt (handled by resource user_145) (+51m) Record Service Entry Sheet Vendor creates invoice (+15h) Record Invoice Receipt (handled by resource user_020) (+16h) Record Invoice Receipt (handled by resource user_020) (+4d) Record Invoice Receipt (handled by resource user_020) (+8m) Record Invoice Receipt (handled by resource user_020) (+4m) Vendor creates invoice (+15h) Record Invoice Receipt (handled by resource user_001) (+9h) Record Invoice Receipt (handled by resource user_012) (+1h) Record Invoice Receipt (handled by resource user_012) (+2m) Vendor creates invoice (+13h) Record Goods Receipt (handled by resource user_145) (+1d) Record Service Entry Sheet Record Goods Receipt (handled by resource user_145) (+39m) Record Service Entry Sheet Record Goods Receipt (handled by resource user_145) (+1m) Record Service Entry Sheet Vendor creates invoice (+14h) Vendor creates invoice (+1d) Record Invoice Receipt (handled by resource user_012) (+2d) Record Invoice Receipt (handled by resource user_013) (+1h) Record Goods Receipt (handled by resource user_145) (+19h) Record Service Entry Sheet Record Invoice Receipt (handled by resource user_012) (+6h) Vendor creates invoice (+9h) Record Goods Receipt (handled by resource user_145) (+8h) Record Service Entry Sheet Record Invoice Receipt (handled by resource user_001) (+1h) Vendor creates invoice (+15h) Record Goods Receipt (handled by resource user_145) (+9h) Record Service Entry Sheet Clear Invoice (handled by resource user_002) (+8h) Record Invoice Receipt (handled by resource user_012) (+22h) Vendor creates invoice (+1d) Record Goods Receipt (handled by resource user_145) (+2d) Record Service Entry Sheet Vendor creates invoice (+16h) Record Goods Receipt (handled by resource user_145) (+8h) Record Service Entry Sheet Record Goods Receipt (handled by resource user_145) (+8h) Record Service Entry Sheet Record Goods Receipt (handled by resource user_145) (+2m) Record Service Entry Sheet Vendor creates invoice (+8h) Record Invoice Receipt (handled by resource user_020) (+1d) Vendor creates invoice (+2d) Record Goods Receipt (handled by resource user_145) (+2d) Record Service Entry Sheet Record Invoice Receipt (handled by resource user_001) (+1h) Record Invoice Receipt (handled by resource user_013) (+59m) Vendor creates invoice (+14h) Record Goods Receipt (handled by resource user_145) (+8h) Record Service Entry Sheet Record Invoice Receipt (handled by resource user_001) (+43m) Vendor creates invoice (+15h) Vendor creates invoice (+1d) Record Goods Receipt (handled by resource user_145) (+8h) Record Service Entry Sheet Record Goods Receipt (handled by resource user_145) (+1m) Record Service Entry Sheet Vendor creates invoice (+16h) Vendor creates invoice (+1d) Record Invoice Receipt (handled by resource user_020) (+2d) Record Invoice Receipt (handled by resource user_012) (+45m) Record Invoice Receipt (handled by resource user_013) (+2h) Record Invoice Receipt (handled by resource user_013) (+1h) Record Goods Receipt (handled by resource user_145) (+4h) Record Service Entry Sheet Vendor creates invoice (+8h) Record Goods Receipt (handled by resource user_145) (+8h) Record Service Entry Sheet Record Goods Receipt (handled by resource user_145) (+2m) Record Service Entry Sheet Record Goods Receipt (handled by resource user_145) (+1d) Record Service Entry Sheet Record Service Entry Sheet (+8m) Record Goods Receipt (handled by resource user_145) Vendor creates invoice (+10h) Record Invoice Receipt (handled by resource user_004) (+15h) Vendor creates invoice (+1d) Record Invoice Receipt (handled by resource user_001) (+2d) Record Invoice Receipt (handled by resource user_013) (+12m) Record Invoice Receipt (handled by resource user_013) (+55m) Record Invoice Receipt (handled by resource user_013) (+1d) Vendor creates invoice (+7h) Record Goods Receipt (handled by resource user_145) (+16h) Record Service Entry Sheet Record Service Entry Sheet (+1m) Record Goods Receipt (handled by resource user_145) Record Goods Receipt (handled by resource user_145) (+1m) Record Service Entry Sheet Vendor creates invoice (+8h) Record Invoice Receipt (handled by resource user_012) (+11h) Vendor creates invoice (+2d) Cancel Invoice Receipt (handled by resource user_019) (+2d) Record Invoice Receipt (handled by resource user_019) (+4m) Clear Invoice (handled by resource user_019) (+2m) Cancel Invoice Receipt (handled by resource user_004) (+1h) Record Invoice Receipt (handled by resource user_004) (+3m) Clear Invoice (handled by resource user_004) (+1m) Cancel Invoice Receipt (handled by resource user_019) (+3h) Record Invoice Receipt (handled by resource user_019) (+2m) Clear Invoice (handled by resource user_019) (+1m) Cancel Invoice Receipt (handled by resource user_020) (+22h) Record Invoice Receipt (handled by resource user_020) (+6m) Vendor creates invoice (+11h) Record Goods Receipt (handled by resource user_145) (+9h) Record Service Entry Sheet Record Goods Receipt (handled by resource user_145) (+5m) Record Service Entry Sheet Clear Invoice (handled by resource user_002) (+1d) Vendor creates invoice (+7h) Vendor creates invoice (+1d) Remove Payment Block (handled by resource batch_02) (+3d) Vendor creates invoice (+22h) Vendor creates invoice (+1d) Record Goods Receipt (handled by resource user_145) (+8h) Record Service Entry Sheet Record Goods Receipt (handled by resource user_145) (+19m) Record Service Entry Sheet Record Goods Receipt (handled by resource user_145) (+3m) Record Service Entry Sheet Record Goods Receipt (handled by resource user_145) (+2m) Record Service Entry Sheet Vendor creates invoice (+16h) Record Goods Receipt (handled by resource user_145) (+9h) Record Service Entry Sheet Vendor creates invoice (+15h) Vendor creates invoice (+1d) Record Goods Receipt (handled by resource user_145) (+2d) Record Service Entry Sheet Record Goods Receipt (handled by resource user_145) (+2m) Record Service Entry Sheet Vendor creates invoice (+2d) Vendor creates invoice (+1d) Vendor creates invoice (+2d) Vendor creates invoice (+3d) Vendor creates invoice (+1d) Record Service Entry Sheet (+9h) Record Goods Receipt (handled by resource user_145) Record Goods Receipt (handled by resource user_145) (+2m) Record Service Entry Sheet Record Goods Receipt (handled by resource user_145) (+1m) Record Service Entry Sheet Record Goods Receipt (handled by resource user_145) (+1m) Record Service Entry Sheet Record Goods Receipt (handled by resource user_145) (+1m) Record Service Entry Sheet Cancel Invoice Receipt (handled by resource user_020) (+6h) Record Invoice Receipt (handled by resource user_020) (+3m) Clear Invoice (handled by resource user_020) (+1m) Vendor creates invoice (+9h) Vendor creates invoice (+1d) Vendor creates invoice (+1d) Record Goods Receipt (handled by resource user_145) (+3d) Record Service Entry Sheet Record Goods Receipt (handled by resource user_145) (+1m) Record Service Entry Sheet Record Goods Receipt (handled by resource user_145) (+2m) Record Service Entry Sheet Record Goods Receipt (handled by resource user_145) (+1m) Record Service Entry Sheet Vendor creates invoice (+13h) Record Invoice Receipt (handled by resource user_019) (+13h) Record Invoice Receipt (handled by resource user_019) (+3m) Record Invoice Receipt (handled by resource user_013) (+4h) Record Invoice Receipt (handled by resource user_013) (+5m) Vendor creates invoice (+7h) Clear Invoice (handled by resource user_002) (+9h) Vendor creates invoice (+15h) Vendor creates invoice (+1d) Record Invoice Receipt (handled by resource user_019) (+3d) Record Invoice Receipt (handled by resource user_020) (+8m) Vendor creates invoice (+11h) Record Goods Receipt (handled by resource user_145) (+8h) Record Service Entry Sheet Record Goods Receipt (handled by resource user_145) (+1m) Record Service Entry Sheet Record Service Entry Sheet (+1m) Record Goods Receipt (handled by resource user_145) Record Invoice Receipt (handled by resource user_020) (+7h) Record Invoice Receipt (handled by resource user_012) (+1h) Vendor creates invoice (+8h) Vendor creates invoice (+1d) Vendor creates invoice (+1d) Vendor creates invoice (+1d) Record Goods Receipt (handled by resource user_145) (+1d) Record Service Entry Sheet Record Goods Receipt (handled by resource user_145) (+1m) Record Service Entry Sheet Record Service Entry Sheet (+2m) Record Goods Receipt (handled by resource user_145) Record Goods Receipt (handled by resource user_145) (+3m) Record Service Entry Sheet Vendor creates invoice (+2d) Record Invoice Receipt (handled by resource user_020) (+13h) Record Invoice Receipt (handled by resource user_020) (+13m) Vendor creates invoice (+10h) Record Goods Receipt (handled by resource user_145) (+7h) Record Service Entry Sheet Record Goods Receipt (handled by resource user_145) (+2m) Record Service Entry Sheet Record Goods Receipt (handled by resource user_145) (+1m) Record Service Entry Sheet Record Service Entry Sheet (+8h) Record Goods Receipt (handled by resource user_145) Vendor creates invoice (+9h) Record Invoice Receipt (handled by resource user_019) (+7d) Record Invoice Receipt (handled by resource user_019) (+3m) Record Invoice Receipt (handled by resource user_013) (+12m) Record Invoice Receipt (handled by resource user_013) (+1m) Record Invoice Receipt (handled by resource user_013) (+2m) Record Invoice Receipt (handled by resource user_020) (+4h) Record Invoice Receipt (handled by resource user_020) (+3m) Record Invoice Receipt (handled by resource user_020) (+3h) Record Invoice Receipt (handled by resource user_012) (+18m) Record Invoice Receipt (handled by resource user_012) (+2m) Record Invoice Receipt (handled by resource user_013) (+47m) Record Invoice Receipt (handled by resource user_013) (+5m) Record Invoice Receipt (handled by resource user_013) (+7d) Record Invoice Receipt (handled by resource user_013) (+1h) Record Invoice Receipt (handled by resource user_019) (+1h) Record Invoice Receipt (handled by resource user_019) (+3m) Record Invoice Receipt (handled by resource user_013) (+42m) Record Invoice Receipt (handled by resource user_012) (+3d) Record Invoice Receipt (handled by resource user_013) (+11m) Record Invoice Receipt (handled by resource user_012) (+1h) Clear Invoice (handled by resource user_002) (+3d) Record Invoice Receipt (handled by resource user_020) (+7d) Record Invoice Receipt (handled by resource user_020) (+19m) Record Invoice Receipt (handled by resource user_013) (+4h) Rework observed: Cancel Invoice Receipt was repeated (seen in 1 cases); Clear Invoice was repeated (seen in 1 cases); Record Goods Receipt was repeated (seen in 1 cases); Record Invoice Receipt was repeated (seen in 1 cases); Record Service Entry Sheet was repeated (seen in 1 cases); Vendor creates debit memo was repeated (seen in 1 cases); Vendor creates invoice was repeated (seen in 1 cases).
V3074,length_high,1,3.972447106866772e-06,923,41100420.0,Clear Invoice,Vendor creates invoice Create Purchase Order Item (handled by resource user_092) (+103d) Vendor creates invoice (+2d) Vendor creates invoice (+1d) Vendor creates invoice (+3d) Vendor creates invoice (+1d) Record Goods Receipt (handled by resource user_110) (+17h) Record Service Entry Sheet Record Goods Receipt (handled by resource user_110) (+3m) Record Service Entry Sheet Record Goods Receipt (handled by resource user_110) (+4m) Record Service Entry Sheet Vendor creates invoice (+6h) Record Service Entry Sheet (+16h) Record Goods Receipt (handled by resource user_110) Record Invoice Receipt (handled by resource user_018) (+20h) Record Invoice Receipt (handled by resource user_024) (+3h) Vendor creates invoice (+9h) Vendor creates invoice (+3d) Record Invoice Receipt (handled by resource user_007) (+2d) Vendor creates invoice (+11h) Vendor creates invoice (+5d) Record Goods Receipt (handled by resource user_110) (+15h) Record Service Entry Sheet Record Goods Receipt (handled by resource user_110) (+4m) Record Service Entry Sheet Record Service Entry Sheet (+17m) Record Goods Receipt (handled by resource user_110) Record Service Entry Sheet (+15m) Record Goods Receipt (handled by resource user_110) Record Goods Receipt (handled by resource user_110) (+1m) Record Service Entry Sheet Record Goods Receipt (handled by resource user_110) (+2m) Record Service Entry Sheet Record Invoice Receipt (handled by resource user_001) (+20h) Record Invoice Receipt (handled by resource user_001) (+1m) Record Invoice Receipt (handled by resource user_006) (+13m) Vendor creates invoice (+12h) Record Invoice Receipt (handled by resource user_006) (+13h) Record Invoice Receipt (handled by resource user_001) (+3h) Clear Invoice (handled by resource user_002) (+1h) Vendor creates invoice (+7h) Record Invoice Receipt (handled by resource user_007) (+15h) Vendor creates invoice (+9h) Record Goods Receipt (handled by resource user_110) (+15h) Record Service Entry Sheet Record Goods Receipt (handled by resource user_110) (+3m) Record Service Entry Sheet Record Goods Receipt (handled by resource user_110) (+29m) Record Goods Receipt (handled by resource user_110) Record Goods Receipt (handled by resource user_110) Record Goods Receipt (handled by resource user_110) Record Service Entry Sheet Record Service Entry Sheet Record Service Entry Sheet Record Service Entry Sheet Record Service Entry Sheet (+1m) Record Goods Receipt (handled by resource user_110) Record Invoice Receipt (handled by resource user_001) (+3d) Vendor creates invoice (+14h) Clear Invoice (handled by resource user_002) (+2d) Clear Invoice (handled by resource user_002) Record Invoice Receipt (handled by resource user_007) (+2h) Vendor creates invoice (+10h) Vendor creates invoice (+1d) Vendor creates invoice (+4d) Vendor creates invoice (+1d) Clear Invoice (handled by resource user_002) (+15h) Vendor creates invoice (+9h) Record Goods Receipt (handled by resource user_110) (+12h) Record Service Entry Sheet Record Service Entry Sheet (+4m) Record Goods Receipt (handled by resource user_110) Record Goods Receipt (handled by resource user_110) (+3m) Record Service Entry Sheet Vendor creates invoice (+12h) Record Invoice Receipt (handled by resource user_001) (+3d) Record Invoice Receipt (handled by resource user_001) (+7m) Record Invoice Receipt (handled by resource user_006) (+27m) Remove Payment Block (handled by resource user_006) (+9m) Record Invoice Receipt (handled by resource user_006) (+2m) Record Invoice Receipt (handled by resource user_007) (+10m) Record Invoice Receipt (handled by resource user_007) (+1h) Record Invoice Receipt (handled by resource user_007) (+1h) Vendor creates invoice (+1d) Remove Payment Block (handled by resource user_006) (+17h) Vendor creates invoice (+7h) Clear Invoice (handled by resource user_002) (+15h) Clear Invoice (handled by resource user_002) Record Goods Receipt (handled by resource user_110) (+27m) Record Service Entry Sheet Record Goods Receipt (handled by resource user_110) (+3m) Record Service Entry Sheet Vendor creates invoice (+9h) Vendor creates invoice (+1d) Vendor creates invoice (+3d) Vendor creates invoice (+1d) Record Goods Receipt (handled by resource user_110) (+2d) Record Service Entry Sheet Record Service Entry Sheet (+6m) Record Goods Receipt (handled by resource user_110) Record Goods Receipt (handled by resource user_110) (+3m) Record Service Entry Sheet Record Goods Receipt (handled by resource user_110) (+4m) Record Service Entry Sheet Record Goods Receipt (handled by resource user_110) (+2m) Record Service Entry Sheet Clear Invoice (handled by resource user_002) (+1h) Vendor creates invoice (+8h) Record Invoice Receipt (handled by resource user_001) (+12h) Record Invoice Receipt (handled by resource user_001) (+7m) Record Invoice Receipt (handled by resource user_001) (+4m) Vendor creates invoice (+12h) Record Invoice Receipt (handled by resource user_001) (+3d) Record Invoice Receipt (handled by resource user_001) (+1m) Record Invoice Receipt (handled by resource user_001) (+38m) Record Goods Receipt (handled by resource user_110) (+47m) Record Service Entry Sheet Record Goods Receipt (handled by resource user_110) (+3m) Record Service Entry Sheet Record Goods Receipt (handled by resource user_110) (+3m) Record Service Entry Sheet Record Goods Receipt (handled by resource user_110) (+10m) Record Service Entry Sheet Record Invoice Receipt (handled by resource user_006) (+40m) Vendor creates invoice (+7h) Record Invoice Receipt (handled by resource user_001) (+12h) Record Invoice Receipt (handled by resource user_001) (+2m) Record Invoice Receipt (handled by resource user_001) (+1m) Record Invoice Receipt (handled by resource user_001) (+2m) Vendor creates invoice (+12h) Vendor creates invoice (+1d) Clear Invoice (handled by resource user_005) (+14h) Vendor creates invoice (+10h) Vendor creates invoice (+1d) Vendor creates invoice (+4d) Vendor creates invoice (+1d) Clear Invoice (handled by resource user_005) (+13h) Clear Invoice (handled by resource user_005) Clear Invoice (handled by resource user_005) Vendor creates invoice (+11h) Vendor creates invoice (+1d) Record Service Entry Sheet (+3d) Record Goods Receipt (handled by resource user_110) Record Invoice Receipt (handled by resource user_006) (+5m) Record Goods Receipt (handled by resource user_110) (+31m) Record Service Entry Sheet Record Invoice Receipt (handled by resource user_006) (+3m) Vendor creates invoice (+1d) Record Goods Receipt (handled by resource user_110) (+18h) Record Service Entry Sheet Record Goods Receipt (handled by resource user_110) (+5m) Record Service Entry Sheet Record Invoice Receipt (handled by resource user_006) (+1m) Record Goods Receipt (handled by resource user_110) (+1m) Record Service Entry Sheet Record Service Entry Sheet (+2m) Record Goods Receipt (handled by resource user_110) Record Goods Receipt (handled by resource user_110) (+3m) Record Service Entry Sheet Vendor creates invoice (+6h) Record Invoice Receipt (handled by resource user_007) (+14h) Clear Invoice (handled by resource user_005) (+9m) Clear Invoice (handled by resource user_005) Record Invoice Receipt (handled by resource user_006) (+1h) Record Goods Receipt (handled by resource user_110) (+2h) Record Service Entry Sheet Vendor creates invoice (+7h) Record Goods Receipt (handled by resource user_110) (+8h) Record Service Entry Sheet Record Goods Receipt (handled by resource user_110) (+6m) Record Service Entry Sheet Vendor creates invoice (+16h) Record Goods Receipt (handled by resource user_110) (+3d) Record Service Entry Sheet Record Invoice Receipt (handled by resource user_001) (+4h) Record Invoice Receipt (handled by resource user_001) (+2m) Record Invoice Receipt (handled by resource user_001) (+4m) Record Invoice Receipt (handled by resource user_001) (+13m) Vendor creates invoice (+6h) Vendor creates invoice (+1d) Vendor creates invoice (+1d) Clear Invoice (handled by resource user_005) (+14h) Clear Invoice (handled by resource user_005) Clear Invoice (handled by resource user_005) Record Invoice Receipt (handled by resource user_001) (+1h) Vendor creates invoice (+9h) Record Invoice Receipt (handled by resource user_013) (+11h) Vendor creates invoice (+13h) Record Goods Receipt (handled by resource user_110) (+3d) Record Service Entry Sheet Record Goods Receipt (handled by resource user_110) (+3m) Record Service Entry Sheet Record Goods Receipt (handled by resource user_110) (+2m) Record Service Entry Sheet Record Goods Receipt (handled by resource user_110) (+2m) Record Service Entry Sheet Record Goods Receipt (handled by resource user_110) (+1m) Record Service Entry Sheet Record Service Entry Sheet (+1m) Record Service Entry Sheet Record Goods Receipt (handled by resource user_110) Record Goods Receipt (handled by resource user_110) Record Goods Receipt (handled by resource user_110) (+1m) Record Goods Receipt (handled by resource user_110) Record Goods Receipt (handled by resource user_110) Record Service Entry Sheet Record Service Entry Sheet Record Service Entry Sheet Record Invoice Receipt (handled by resource user_001) (+1d) Record Invoice Receipt (handled by resource user_001) (+3m) Clear Invoice (handled by resource user_002) (+1d) Clear Invoice (handled by resource user_002) Vendor creates invoice (+2d) Cancel Goods Receipt (handled by resource user_110) (+3d) Record Goods Receipt (handled by resource user_110) Record Goods Receipt (handled by resource user_110) (+3m) Cancel Goods Receipt (handled by resource user_110) Record Goods Receipt (handled by resource user_110) (+3m) Cancel Goods Receipt (handled by resource user_110) Cancel Goods Receipt (handled by resource user_110) (+5h) Record Goods Receipt (handled by resource user_110) (+1m) Record Goods Receipt (handled by resource user_110) (+5m) Cancel Goods Receipt (handled by resource user_110) Vendor creates invoice (+7h) Record Invoice Receipt (handled by resource user_001) (+12h) Record Invoice Receipt (handled by resource user_001) (+3m) Record Invoice Receipt (handled by resource user_001) (+11m) Record Invoice Receipt (handled by resource user_001) (+13m) Record Invoice Receipt (handled by resource user_001) (+4m) Record Invoice Receipt (handled by resource user_001) (+5h) Clear Invoice (handled by resource user_002) (+22h) Clear Invoice (handled by resource user_002) Vendor creates invoice (+8h) Vendor creates invoice (+1d) Vendor creates invoice (+3d) Vendor creates invoice (+1d) Clear Invoice (handled by resource user_002) (+2d) Clear Invoice (handled by resource user_002) Vendor creates invoice (+10h) Record Goods Receipt (handled by resource user_110) (+12h) Record Service Entry Sheet Record Goods Receipt (handled by resource user_110) (+3m) Record Service Entry Sheet Record Service Entry Sheet (+15m) Record Goods Receipt (handled by resource user_110) Vendor creates invoice (+12h) Record Invoice Receipt (handled by resource user_001) (+2d) Record Invoice Receipt (handled by resource user_013) (+5h) Record Goods Receipt (handled by resource user_110) (+1h) Record Service Entry Sheet Record Goods Receipt (handled by resource user_110) (+3m) Record Service Entry Sheet Vendor creates invoice (+6h) Record Invoice Receipt (handled by resource user_001) (+11h) Vendor creates invoice (+13h) Record Invoice Receipt (handled by resource user_001) (+10h) Vendor creates invoice (+14h) Clear Invoice (handled by resource user_002) (+15h) Clear Invoice (handled by resource user_002) Vendor creates invoice (+9h) Vendor creates debit memo Record Invoice Receipt (handled by resource user_001) (+3d) Record Goods Receipt (handled by resource user_110) (+20h) Record Service Entry Sheet Record Invoice Receipt (handled by resource user_001) (+4h) Clear Invoice (handled by resource user_002) (+2d) Clear Invoice (handled by resource user_002) Record Goods Receipt (handled by resource user_110) (+21h) Record Service Entry Sheet Record Goods Receipt (handled by resource user_110) (+4m) Record Service Entry Sheet Record Service Entry Sheet (+4m) Record Goods Receipt (handled by resource user_110) Record Goods Receipt (handled by resource user_110) (+4m) Record Service Entry Sheet Record Goods Receipt (handled by resource user_110) (+4m) Record Service Entry Sheet Record Goods Receipt (handled by resource user_110) (+6m) Record Service Entry Sheet Record Goods Receipt (handled by resource user_110) (+1m) Cancel Goods Receipt (handled by resource user_110) Record Goods Receipt (handled by resource user_110) (+1m) Record Goods Receipt (handled by resource user_110) Record Service Entry Sheet Record Service Entry Sheet Record Service Entry Sheet (+1m) Record Service Entry Sheet Record Service Entry Sheet Record Goods Receipt (handled by resource user_110) Record Goods Receipt (handled by resource user_110) Record Goods Receipt (handled by resource user_110) Record Goods Receipt (handled by resource user_110) (+1m) Record Goods Receipt (handled by resource user_110) Record Service Entry Sheet Record Service Entry Sheet Record Invoice Receipt (handled by resource user_001) (+3d) Record Invoice Receipt (handled by resource user_001) (+14m) Record Invoice Receipt (handled by resource user_001) (+7m) Record Invoice Receipt (handled by resource user_001) (+5h) Record Invoice Receipt (handled by resource user_001) (+7m) Vendor creates invoice (+7h) Clear Invoice (handled by resource user_002) (+3d) Remove Payment Block (handled by resource user_006) (+1d) Clear Invoice (handled by resource user_002) (+5d) Clear Invoice (handled by resource user_002) Clear Invoice (handled by resource user_002) Vendor creates invoice (+6d) Vendor creates invoice (+1d) Vendor creates invoice (+4d) Vendor creates invoice (+2d) Record Invoice Receipt (handled by resource user_001) (+12h) Record Invoice Receipt (handled by resource user_013) (+4h) Record Goods Receipt (handled by resource user_110) (+17h) Record Service Entry Sheet Record Service Entry Sheet (+5m) Record Goods Receipt (handled by resource user_110) Record Goods Receipt (handled by resource user_110) (+2h) Record Service Entry Sheet Clear Invoice (handled by resource user_002) (+2h) Vendor creates invoice (+10h) Record Goods Receipt (handled by resource user_110) (+9h) Record Service Entry Sheet Record Goods Receipt (handled by resource user_110) (+43m) Record Service Entry Sheet Record Service Entry Sheet (+5h) Record Goods Receipt (handled by resource user_110) Record Service Entry Sheet (+1m) Record Service Entry Sheet Record Service Entry Sheet Record Goods Receipt (handled by resource user_110) Record Goods Receipt (handled by resource user_110) Record Goods Receipt (handled by resource user_110) Record Service Entry Sheet (+1m) Record Goods Receipt (handled by resource user_110) Record Goods Receipt (handled by resource user_110) Record Service Entry Sheet Record Service Entry Sheet (+1m) Record Service Entry Sheet Record Service Entry Sheet Record Goods Receipt (handled by resource user_110) Record Goods Receipt (handled by resource user_110) Record Goods Receipt (handled by resource user_110) Record Service Entry Sheet (+1m) Record Service Entry Sheet Record Goods Receipt (handled by resource user_110) Record Goods Receipt (handled by resource user_110) Record Goods Receipt (handled by resource user_110) (+1m) Record Goods Receipt (handled by resource user_110) Record Goods Receipt (handled by resource user_110) Record Service Entry Sheet Record Service Entry Sheet Record Service Entry Sheet Record Goods Receipt (handled by resource user_110) (+1m) Record Service Entry Sheet Vendor creates invoice (+10h) Vendor creates debit memo Record Invoice Receipt (handled by resource user_013) (+3d) Record Invoice Receipt (handled by resource user_013) (+11m) Vendor creates invoice (+8h) Record Invoice Receipt (handled by resource user_013) (+10h) Record Invoice Receipt (handled by resource user_001) (+7h) Vendor creates invoice (+6h) Vendor creates invoice (+1d) Clear Invoice (handled by resource user_002) (+13h) Record Invoice Receipt (handled by resource user_013) (+32m) Vendor creates invoice (+11h) Vendor creates invoice (+1d) Vendor creates invoice (+4d) Vendor creates invoice (+1d) Clear Invoice (handled by resource user_002) (+13h) Record Goods Receipt (handled by resource user_110) (+1d) Record Service Entry Sheet Vendor creates invoice (+8h) Record Invoice Receipt (handled by resource user_001) (+2d) Record Invoice Receipt (handled by resource user_001) (+1m) Record Invoice Receipt (handled by resource user_001) (+2m) Vendor creates invoice (+17h) Vendor creates invoice (+1d) Vendor creates invoice (+1d) Clear Invoice (handled by resource user_002) (+15h) Clear Invoice (handled by resource user_002) Vendor creates invoice (+9h) Record Goods Receipt (handled by resource user_110) (+3d) Record Service Entry Sheet Record Goods Receipt (handled by resource user_110) (+4m) Record Service Entry Sheet Record Service Entry Sheet (+7m) Record Goods Receipt (handled by resource user_110) Record Goods Receipt (handled by resource user_110) (+3m) Record Service Entry Sheet Record Goods Receipt (handled by resource user_110) (+2m) Record Service Entry Sheet Vendor creates invoice (+6h) Record Invoice Receipt (handled by resource user_013) (+12h) Record Invoice Receipt (handled by resource user_013) (+1h) Record Invoice Receipt (handled by resource user_013) (+5m) Record Invoice Receipt (handled by resource user_013) (+7m) Record Invoice Receipt (handled by resource user_012) (+1h) Record Invoice Receipt (handled by resource user_012) (+12m) Record Invoice Receipt (handled by resource user_012) (+2h) Vendor creates invoice (+7h) Vendor creates invoice (+2d) Clear Invoice (handled by resource user_002) (+13h) Clear Invoice (handled by resource user_002) Vendor creates invoice (+11h) Vendor creates invoice (+1d) Record Goods Receipt (handled by resource user_110) (+4d) Record Service Entry Sheet Record Goods Receipt (handled by resource user_110) (+3m) Record Service Entry Sheet Record Goods Receipt (handled by resource user_110) (+5m) Record Service Entry Sheet Record Service Entry Sheet (+30m) Record Service Entry Sheet Record Goods Receipt (handled by resource user_110) Record Goods Receipt (handled by resource user_110) Record Goods Receipt (handled by resource user_110) (+1m) Record Service Entry Sheet Record Goods Receipt (handled by resource user_110) (+1m) Record Service Entry Sheet Record Goods Receipt (handled by resource user_110) (+1m) Record Goods Receipt (handled by resource user_110) Record Goods Receipt (handled by resource user_110) Record Service Entry Sheet Record Service Entry Sheet Record Service Entry Sheet Record Goods Receipt (handled by resource user_110) (+1m) Record Service Entry Sheet Record Service Entry Sheet (+1m) Record Goods Receipt (handled by resource user_110) Vendor creates invoice (+2h) Record Invoice Receipt (handled by resource user_012) (+13h) Record Invoice Receipt (handled by resource user_013) (+23h) Record Invoice Receipt (handled by resource user_013) (+2h) Clear Invoice (handled by resource user_002) (+9m) Vendor creates invoice (+10h) Record Invoice Receipt (handled by resource user_015) (+4d) Vendor creates invoice (+10h) Vendor creates invoice (+2d) Clear Invoice (handled by resource user_002) (+14h) Clear Invoice (handled by resource user_002) Record Invoice Receipt (handled by resource user_013) (+2h) Vendor creates invoice (+8h) Vendor creates invoice (+4d) Record Goods Receipt (handled by resource user_110) (+2d) Record Service Entry Sheet Record Goods Receipt (handled by resource user_110) (+9m) Record Service Entry Sheet Clear Invoice (handled by resource user_002) (+1h) Clear Invoice (handled by resource user_002) Record Goods Receipt (handled by resource user_110) (+4m) Record Service Entry Sheet Record Goods Receipt (handled by resource user_110) (+5m) Record Service Entry Sheet Record Goods Receipt (handled by resource user_110) (+4m) Record Service Entry Sheet Record Goods Receipt (handled by resource user_110) (+3m) Record Service Entry Sheet Vendor creates invoice (+11h) Record Invoice Receipt (handled by resource user_013) (+10h) Record Invoice Receipt (handled by resource user_013) (+1h) Record Invoice Receipt (handled by resource user_012) (+5m) Record Invoice Receipt (handled by resource user_012) (+4m) Record Invoice Receipt (handled by resource user_001) (+2h) Record Invoice Receipt (handled by resource user_001) (+2m) Record Invoice Receipt (handled by resource user_013) (+10m) Record Goods Receipt (handled by resource user_110) (+23h) Record Service Entry Sheet Vendor creates invoice (+2d) Record Invoice Receipt (handled by resource user_012) (+17h) Record Invoice Receipt (handled by resource user_012) (+19h) Record Invoice Receipt (handled by resource user_012) (+7m) Vendor creates invoice (+12h) Clear Invoice (handled by resource user_002) (+13h) Clear Invoice (handled by resource user_002) Vendor creates invoice (+11h) Vendor creates invoice (+1d) Vendor creates invoice (+3d) Record Goods Receipt (handled by resource user_110) (+16h) Record Service Entry Sheet Vendor creates invoice (+8h) Record Invoice Receipt (handled by resource user_012) (+7h) Record Goods Receipt (handled by resource user_110) (+2h) Record Service Entry Sheet Record Goods Receipt (handled by resource user_110) (+3m) Record Service Entry Sheet Record Goods Receipt (handled by resource user_110) (+10m) Record Service Entry Sheet Record Service Entry Sheet (+3m) Record Goods Receipt (handled by resource user_110) Record Goods Receipt (handled by resource user_110) (+7m) Record Service Entry Sheet Record Invoice Receipt (handled by resource user_001) (+21h) Record Invoice Receipt (handled by resource batch_00) (+3m) Record Invoice Receipt (handled by resource user_012) (+6m) Record Invoice Receipt (handled by resource user_013) (+4h) Clear Invoice (handled by resource user_002) (+8h) Clear Invoice (handled by resource user_002) (+1m) Vendor creates invoice (+6h) Record Goods Receipt (handled by resource user_110) (+13h) Record Service Entry Sheet Record Service Entry Sheet (+1m) Record Goods Receipt (handled by resource user_110) Record Service Entry Sheet (+1m) Record Service Entry Sheet Record Goods Receipt (handled by resource user_110) Record Goods Receipt (handled by resource user_110) Record Goods Receipt (handled by resource user_110) (+1m) Record Goods Receipt (handled by resource user_110) Record Service Entry Sheet Record Service Entry Sheet Record Goods Receipt (handled by resource user_110) (+1m) Record Service Entry Sheet Record Invoice Receipt (handled by resource user_012) (+3d) Vendor creates invoice (+2d) Clear Invoice (handled by resource user_002) (+2d) Clear Invoice (handled by resource user_002) Vendor creates invoice (+8h) Vendor creates invoice (+1d) Vendor creates invoice (+3d) Record Invoice Receipt (handled by resource user_015) (+2d) Vendor creates invoice (+12h) Clear Invoice (handled by resource user_002) (+15h) Clear Invoice (handled by resource user_002) Clear Invoice (handled by resource user_002) Record Invoice Receipt (handled by resource user_015) (+20h) Vendor creates invoice (+14h) Vendor creates invoice (+3d) Record Invoice Receipt (handled by resource user_012) (+12h) Record Invoice Receipt (handled by resource user_012) (+4m) Vendor creates invoice (+12h) Vendor creates invoice (+1d) Clear Invoice (handled by resource user_002) (+15h) Vendor creates invoice (+9h) Cancel Invoice Receipt (handled by resource user_007) (+10h) Record Invoice Receipt (handled by resource user_007) (+3m) Clear Invoice (handled by resource user_007) (+1m) Vendor creates invoice (+14h) Vendor creates invoice (+3d) Vendor creates invoice (+1d) Vendor creates invoice (+1d) Clear Invoice (handled by resource user_002) (+14h) Record Goods Receipt (handled by resource user_110) (+3d) Record Service Entry Sheet Record Goods Receipt (handled by resource user_110) (+3m) Record Service Entry Sheet Record Goods Receipt (handled by resource user_110) (+3m) Record Service Entry Sheet Record Service Entry Sheet (+5m) Record Goods Receipt (handled by resource user_110) Record Goods Receipt (handled by resource user_110) (+5m) Record Service Entry Sheet Record Goods Receipt (handled by resource user_110) (+3m) Record Service Entry Sheet Record Goods Receipt (handled by resource user_110) (+4m) Record Service Entry Sheet Record Goods Receipt (handled by resource user_110) (+3m) Record Service Entry Sheet Record Goods Receipt (handled by resource user_110) (+4m) Record Service Entry Sheet Record Goods Receipt (handled by resource user_110) (+2m) Record Service Entry Sheet Record Service Entry Sheet (+3m) Record Goods Receipt (handled by resource user_110) Record Goods Receipt (handled by resource user_110) (+3m) Record Service Entry Sheet Record Goods Receipt (handled by resource user_110) (+1m) Record Goods Receipt (handled by resource user_110) Record Service Entry Sheet Record Service Entry Sheet Record Goods Receipt (handled by resource user_110) (+1m) Record Goods Receipt (handled by resource user_110) Record Goods Receipt (handled by resource user_110) Record Service Entry Sheet Record Service Entry Sheet Record Service Entry Sheet Record Service Entry Sheet (+1m) Record Service Entry Sheet Record Goods Receipt (handled by resource user_110) Record Goods Receipt (handled by resource user_110) Record Goods Receipt (handled by resource user_110) (+1m) Record Service Entry Sheet Vendor creates invoice (+6h) Vendor creates invoice (+1d) Record Invoice Receipt (handled by resource user_001) (+13h) Record Invoice Receipt (handled by resource user_001) (+18m) Record Invoice Receipt (handled by resource user_001) (+5m) Record Invoice Receipt (handled by resource user_013) (+2h) Record Invoice Receipt (handled by resource user_013) (+2m) Record Invoice Receipt (handled by resource user_013) (+4m) Record Invoice Receipt (handled by resource user_013) (+3m) Record Invoice Receipt (handled by resource user_013) (+3m) Record Invoice Receipt (handled by resource user_012) (+27m) Record Invoice Receipt (handled by resource user_012) (+4m) Record Invoice Receipt (handled by resource user_012) (+2h) Record Invoice Receipt (handled by resource user_012) (+3m) Vendor creates invoice (+6h) Vendor creates invoice (+1d) Clear Invoice (handled by resource user_002) (+16h) Clear Invoice (handled by resource user_002) Clear Invoice (handled by resource user_002) Vendor creates invoice (+1d) Vendor creates invoice (+3d) Vendor creates invoice (+2d) Clear Invoice (handled by resource user_002) (+14h) Clear Invoice (handled by resource user_002) Vendor creates invoice (+10h) Record Invoice Receipt (handled by resource user_012) (+3d) Record Invoice Receipt (handled by resource user_012) (+24m) Record Invoice Receipt (handled by resource user_012) (+20m) Record Invoice Receipt (handled by resource user_013) (+4h) Vendor creates invoice (+8h) Vendor creates invoice (+1d) Clear Invoice (handled by resource user_002) (+2d) Vendor creates invoice (+7h) Vendor creates invoice (+1d) Vendor creates invoice (+3d) Vendor creates invoice (+1d) Clear Invoice (handled by resource user_002) (+2d) Vendor creates invoice (+8h) Vendor creates invoice (+1d) Record Goods Receipt (handled by resource user_110) (+3d) Record Service Entry Sheet Record Goods Receipt (handled by resource user_110) (+3m) Record Service Entry Sheet Record Goods Receipt (handled by resource user_110) (+13m) Record Service Entry Sheet Record Goods Receipt (handled by resource user_110) (+2m) Record Service Entry Sheet Record Goods Receipt (handled by resource user_110) (+3m) Record Service Entry Sheet Vendor creates invoice (+7h) Record Invoice Receipt (handled by resource user_012) (+11h) Record Invoice Receipt (handled by resource user_012) (+19m) Record Invoice Receipt (handled by resource user_012) (+2m) Record Invoice Receipt (handled by resource user_001) (+53m) Record Invoice Receipt (handled by resource user_001) (+3m) Record Invoice Receipt (handled by resource batch_00) (+4m) Record Invoice Receipt (handled by resource user_001) (+2m) Record Invoice Receipt (handled by resource user_001) (+2m) Record Invoice Receipt (handled by resource user_013) (+4h) Record Invoice Receipt (handled by resource user_001) (+23h) Record Goods Receipt (handled by resource user_110) (+1h) Record Service Entry Sheet Record Goods Receipt (handled by resource user_110) (+5m) Record Service Entry Sheet Record Goods Receipt (handled by resource user_110) (+5m) Record Service Entry Sheet Record Service Entry Sheet (+17m) Record Goods Receipt (handled by resource user_110) Record Goods Receipt (handled by resource user_110) (+5m) Record Service Entry Sheet Record Goods Receipt (handled by resource user_110) (+4m) Record Service Entry Sheet Vendor creates invoice (+7h) Remove Payment Block (handled by resource user_015) (+10h) Record Invoice Receipt (handled by resource user_012) (+2h) Record Invoice Receipt (handled by resource user_001) (+55m) Record Invoice Receipt (handled by resource user_001) (+8m) Record Invoice Receipt (handled by resource user_001) (+1m) Record Invoice Receipt (handled by resource user_013) (+45m) Record Invoice Receipt (handled by resource user_013) (+3m) Record Service Entry Sheet (+3h) Record Goods Receipt (handled by resource user_110) Record Goods Receipt (handled by resource user_110) (+1m) Record Service Entry Sheet Record Goods Receipt (handled by resource user_110) (+1m) Record Goods Receipt (handled by resource user_110) Record Service Entry Sheet Record Service Entry Sheet Record Goods Receipt (handled by resource user_110) (+1m) Record Goods Receipt (handled by resource user_110) Record Service Entry Sheet Record Service Entry Sheet Clear Invoice (handled by resource user_002) (+18h) Clear Invoice (handled by resource user_002) Record Invoice Receipt (handled by resource user_001) (+41m) Vendor creates invoice (+13h) Record Invoice Receipt (handled by resource user_020) (+3d) Vendor creates invoice (+12h) Vendor creates invoice (+1d) Clear Invoice (handled by resource user_002) (+2d) Clear Invoice (handled by resource user_002) Vendor creates invoice (+3d) Record Goods Receipt (handled by resource user_110) (+1d) Record Service Entry Sheet Record Goods Receipt (handled by resource user_110) (+22m) Record Service Entry Sheet Vendor creates invoice (+12h) Record Invoice Receipt (handled by resource user_001) (+13h) Record Invoice Receipt (handled by resource user_012) (+3h) Clear Invoice (handled by resource user_002) (+22h) Clear Invoice (handled by resource user_002) Vendor creates invoice (+10h) Record Goods Receipt (handled by resource user_110) (+11h) Record Service Entry Sheet Vendor creates invoice (+13h) Record Invoice Receipt (handled by resource user_001) (+3d) Record Invoice Receipt (handled by resource user_013) (+2h) Vendor creates invoice (+9h) Vendor creates invoice (+1d) Clear Invoice (handled by resource user_002) (+2d) Clear Invoice (handled by resource user_002) Vendor creates invoice (+1d) Record Goods Receipt (handled by resource user_110) (+2d) Record Service Entry Sheet Record Service Entry Sheet (+5m) Record Goods Receipt (handled by resource user_110) Record Goods Receipt (handled by resource user_110) (+4m) Record Service Entry Sheet Record Goods Receipt (handled by resource user_110) (+9m) Record Service Entry Sheet Vendor creates invoice (+13h) Record Invoice Receipt (handled by resource batch_00) (+11h) Record Invoice Receipt (handled by resource user_001) (+54m) Record Invoice Receipt (handled by resource user_013) (+1h) Record Invoice Receipt (handled by resource user_013) (+13m) Vendor creates invoice (+11h) Record Goods Receipt (handled by resource user_110) (+12h) Record Service Entry Sheet Record Service Entry Sheet (+13m) Record Goods Receipt (handled by resource user_110) Vendor creates invoice (+12h) Record Invoice Receipt (handled by resource user_001) (+14h) Record Invoice Receipt (handled by resource user_012) (+2h) Vendor creates invoice (+8h) Record Goods Receipt (handled by resource user_110) (+10h) Record Service Entry Sheet Clear Invoice (handled by resource user_005) (+50m) Record Goods Receipt (handled by resource user_110) (+4h) Record Goods Receipt (handled by resource user_110) Record Goods Receipt (handled by resource user_110) Record Service Entry Sheet Record Service Entry Sheet Record Service Entry Sheet Record Service Entry Sheet (+1m) Record Service Entry Sheet Record Service Entry Sheet Record Goods Receipt (handled by resource user_110) Record Goods Receipt (handled by resource user_110) Record Goods Receipt (handled by resource user_110) Record Goods Receipt (handled by resource user_110) (+1m) Record Goods Receipt (handled by resource user_110) Record Goods Receipt (handled by resource user_110) Record Service Entry Sheet Record Service Entry Sheet Record Service Entry Sheet Vendor creates invoice (+9h) Record Invoice Receipt (handled by resource user_020) (+3d) Record Invoice Receipt (handled by resource user_020) (+12m) Vendor creates invoice (+8h) Record Invoice Receipt (handled by resource user_012) (+12h) Record Invoice Receipt (handled by resource user_012) (+1d) Vendor creates invoice (+9h) Clear Invoice (handled by resource user_002) (+16h) Clear Invoice (handled by resource user_002) Vendor creates invoice (+4d) Vendor creates invoice (+1d) Record Invoice Receipt (handled by resource user_012) (+9h) Vendor creates invoice (+15h) Clear Invoice (handled by resource user_002) (+17h) Clear Invoice (handled by resource user_002) Vendor creates invoice (+7h) Vendor creates invoice (+1d) Vendor creates invoice (+1d) Record Invoice Receipt (handled by resource user_012) (+2d) Record Invoice Receipt (handled by resource user_012) (+2m) Record Invoice Receipt (handled by resource user_013) (+49m) Record Invoice Receipt (handled by resource user_013) (+50m) Vendor creates invoice (+10h) Record Goods Receipt (handled by resource user_110) (+1d) Record Service Entry Sheet Record Service Entry Sheet Record Goods Receipt (handled by resource user_110) (+3m) Record Service Entry Sheet Record Goods Receipt (handled by resource user_110) (+3m) Record Service Entry Sheet Record Invoice Receipt (handled by resource user_019) (+23h) Record Goods Receipt (handled by resource user_110) (+18m) Record Service Entry Sheet Record Invoice Receipt (handled by resource user_020) (+32m) Record Goods Receipt (handled by resource user_110) (+12m) Record Service Entry Sheet Record Invoice Receipt (handled by resource user_020) (+42m) Record Invoice Receipt (handled by resource user_020) (+13m) Clear Invoice (handled by resource user_002) (+4h) Clear Invoice (handled by resource user_002) Vendor creates invoice (+8h) Record Invoice Receipt (handled by resource user_020) (+16h) Vendor creates invoice (+8h) Record Invoice Receipt (handled by resource user_012) (+2d) Vendor creates invoice (+2d) Cancel Invoice Receipt (handled by resource user_013) (+10h) Record Invoice Receipt (handled by resource user_013) (+10m) Record Goods Receipt (handled by resource user_110) (+27m) Record Service Entry Sheet Record Goods Receipt (handled by resource user_110) (+3m) Record Service Entry Sheet Vendor creates invoice (+13h) Record Invoice Receipt (handled by resource user_020) (+11h) Clear Invoice (handled by resource user_002) (+4h) Clear Invoice (handled by resource user_002) Record Invoice Receipt (handled by resource user_015) (+4m) Vendor creates invoice (+9h) Clear Invoice (handled by resource user_002) (+14h) Record Invoice Receipt (handled by resource user_012) (+3d) Record Service Entry Sheet (+1d) Record Goods Receipt (handled by resource user_110) Record Goods Receipt (handled by resource user_110) (+3m) Record Service Entry Sheet Record Goods Receipt (handled by resource user_110) (+5h) Record Goods Receipt (handled by resource user_110) Record Goods Receipt (handled by resource user_110) Record Service Entry Sheet Record Service Entry Sheet Record Service Entry Sheet Record Service Entry Sheet (+1m) Record Service Entry Sheet Record Service Entry Sheet Record Goods Receipt (handled by resource user_110) Record Goods Receipt (handled by resource user_110) Record Goods Receipt (handled by resource user_110) Record Service Entry Sheet (+1m) Record Service Entry Sheet Record Service Entry Sheet Record Goods Receipt (handled by resource user_110) Record Goods Receipt (handled by resource user_110) Record Goods Receipt (handled by resource user_110) Record Goods Receipt (handled by resource user_110) (+1m) Record Goods Receipt (handled by resource user_110) Record Service Entry Sheet Record Service Entry Sheet Vendor creates invoice (+6h) Vendor creates invoice (+1d) Record Invoice Receipt (handled by resource user_012) (+9h) Clear Invoice (handled by resource user_002) (+7h) Clear Invoice (handled by resource user_002) Vendor creates invoice (+8h) Record Invoice Receipt (handled by resource user_001) (+7h) Vendor creates invoice (+17h) Record Invoice Receipt (handled by resource user_012) (+2d) Record Invoice Receipt (handled by resource user_013) (+4h) Vendor creates invoice (+10h) Record Goods Receipt (handled by resource user_110) (+2d) Record Service Entry Sheet Record Goods Receipt (handled by resource user_110) (+3m) Record Service Entry Sheet Record Goods Receipt (handled by resource user_110) (+2m) Record Service Entry Sheet Record Service Entry Sheet (+2m) Record Goods Receipt (handled by resource user_110) Vendor creates invoice (+8h) Record Goods Receipt (handled by resource user_110) (+14h) Record Service Entry Sheet Record Goods Receipt (handled by resource user_110) (+2m) Record Service Entry Sheet Record Goods Receipt (handled by resource user_110) (+3m) Record Service Entry Sheet Vendor creates invoice (+10h) Record Goods Receipt (handled by resource user_110) (+8h) Record Service Entry Sheet Record Goods Receipt (handled by resource user_110) (+4m) Record Service Entry Sheet Clear Invoice (handled by resource user_002) (+43m) Clear Invoice (handled by resource user_002) Clear Invoice (handled by resource user_002) Record Invoice Receipt (handled by resource user_013) (+2h) Record Invoice Receipt (handled by resource user_013) (+8m) Record Invoice Receipt (handled by resource user_012) (+3h) Vendor creates invoice (+10h) Record Invoice Receipt (handled by resource user_001) (+2d) Vendor creates invoice (+17h) Record Goods Receipt (handled by resource user_110) (+14h) Record Service Entry Sheet Record Goods Receipt (handled by resource user_110) (+4m) Record Service Entry Sheet Record Service Entry Sheet (+11m) Record Goods Receipt (handled by resource user_110) (+1m) Vendor creates invoice (+10h) Record Invoice Receipt (handled by resource user_012) (+11h) Record Invoice Receipt (handled by resource user_013) (+3h) Record Invoice Receipt (handled by resource user_013) (+9m) Vendor creates invoice (+11h) Clear Invoice (handled by resource user_002) (+14h) Clear Invoice (handled by resource user_002) Vendor creates invoice (+10h) Record Goods Receipt (handled by resource user_110) (+10h) Record Service Entry Sheet Record Goods Receipt (handled by resource user_110) (+2m) Record Service Entry Sheet Record Service Entry Sheet (+2m) Record Goods Receipt (handled by resource user_110) Record Invoice Receipt (handled by resource user_013) (+3d) Record Invoice Receipt (handled by resource user_013) (+4m) Vendor creates invoice (+14h) Record Goods Receipt (handled by resource user_110) (+2d) Record Service Entry Sheet Record Invoice Receipt (handled by resource user_012) (+20h) Record Goods Receipt (handled by resource user_110) (+43m) Record Service Entry Sheet Record Goods Receipt (handled by resource user_110) (+5m) Record Service Entry Sheet Record Invoice Receipt (handled by resource user_073) (+4h) Record Invoice Receipt (handled by resource user_013) (+21h) Vendor creates invoice (+13h) Record Goods Receipt (handled by resource user_110) (+5d) Record Service Entry Sheet Record Goods Receipt (handled by resource user_110) (+46m) Record Goods Receipt (handled by resource user_110) Record Service Entry Sheet Record Service Entry Sheet Record Invoice Receipt (handled by resource user_013) (+1d) Record Invoice Receipt (handled by resource user_013) (+4d) Clear Invoice (+3d) Record Invoice Receipt (handled by resource user_013) (+12h) Clear Invoice (+2d) Clear Invoice (+1d) Clear Invoice (+1d) Change Price (handled by resource user_092) (+13h) Clear Invoice (handled by resource user_002) (+3d) Clear Invoice (handled by resource user_002) Clear Invoice (handled by resource user_002) Rework observed: Cancel Goods Receipt was repeated (seen in 1 cases); Cancel Invoice Receipt was repeated (seen in 1 cases); Clear Invoice was repeated (seen in 1 cases); Record Goods Receipt was repeated (seen in 1 cases); Record Invoice Receipt was repeated (seen in 1 cases); Record Service Entry Sheet was repeated (seen in 1 cases); Remove Payment Block was repeated (seen in 1 cases); Vendor creates debit memo was repeated (seen in 1 cases); Vendor creates invoice was repeated (seen in 1 cases).
V2989,duration_high,1,3.972447106866772e-06,23,564753660.0,SRM: In Transfer to Execution Syst.,Vendor creates debit memo SRM: Created (handled by resource batch_00) (+6183d) SRM: Complete (handled by resource batch_00) (+1h) SRM: Awaiting Approval (handled by resource batch_00) SRM: Document Completed (handled by resource batch_00) SRM: In Transfer to Execution Syst. (handled by resource batch_00) SRM: Ordered (handled by resource batch_00) SRM: Change was Transmitted (handled by resource batch_00) Create Purchase Order Item (handled by resource user_000) Vendor creates invoice (+26d) Record Service Entry Sheet (+3d) Record Goods Receipt (handled by resource user_000) Record Invoice Receipt (handled by resource batch_00) (+1h) Clear Invoice (handled by resource user_005) (+17d) Cancel Invoice Receipt (handled by resource user_019) (+235d) Record Invoice Receipt (handled by resource user_019) (+2m) Clear Invoice (handled by resource user_019) Vendor creates invoice (+4d) Vendor creates debit memo Cancel Invoice Receipt (handled by resource user_015) (+2d) Record Invoice Receipt (handled by resource user_015) (+1m) Clear Invoice (handled by resource user_002) (+17d) SRM: In Transfer to Execution Syst. (handled by resource user_003) (+49d) Rework observed: Cancel Invoice Receipt was repeated (seen in 1 cases); Clear Invoice was repeated (seen in 1 cases); Record Invoice Receipt was repeated (seen in 1 cases); SRM: In Transfer to Execution Syst. was repeated (seen in 1 cases); Vendor creates debit memo was repeated (seen in 1 cases); Vendor creates invoice was repeated (seen in 1 cases).
V2952,rare,1,3.972447106866772e-06,120,31975620.0,SRM: Transfer Failed (E.Sys.),SRM: Created (handled by resource batch_00) SRM: Complete (handled by resource batch_00) (+1h) SRM: Awaiting Approval (handled by resource batch_00) SRM: Document Completed (handled by resource batch_00) SRM: In Transfer to Execution Syst. (handled by resource batch_00) SRM: Ordered (handled by resource batch_00) Create Purchase Order Item (handled by resource user_000) SRM: Change was Transmitted (handled by resource batch_00) Vendor creates invoice (+29d) Record Goods Receipt (handled by resource user_000) (+18d) Record Service Entry Sheet Record Goods Receipt (handled by resource user_000) (+4m) Record Service Entry Sheet Record Service Entry Sheet (+2m) Record Goods Receipt (handled by resource user_000) Record Goods Receipt (handled by resource user_000) (+4m) Record Service Entry Sheet Vendor creates invoice (+3d) Record Invoice Receipt (handled by resource user_007) (+24d) Record Invoice Receipt (handled by resource user_012) (+8d) Record Invoice Receipt (handled by resource user_012) (+1m) Record Invoice Receipt (handled by resource user_013) (+19h) Vendor creates invoice (+13h) Vendor creates debit memo Clear Invoice (handled by resource user_002) (+21d) Record Goods Receipt (handled by resource user_000) (+4d) Record Service Entry Sheet Record Service Entry Sheet (+2m) Record Goods Receipt (handled by resource user_000) Record Service Entry Sheet (+2m) Record Goods Receipt (handled by resource user_000) Vendor creates invoice (+4d) Record Invoice Receipt (handled by resource user_013) (+10d) Clear Invoice (handled by resource user_002) (+10d) SRM: Created (handled by resource user_009) (+4d) SRM: Complete (handled by resource user_009) (+2h) SRM: Awaiting Approval (handled by resource user_009) SRM: Document Completed (handled by resource user_009) SRM: In Transfer to Execution Syst. (handled by resource batch_00) (+9h) SRM: Ordered (handled by resource batch_00) SRM: Deleted (handled by resource batch_00) Change Price (handled by resource user_000) Record Goods Receipt (handled by resource user_000) (+16h) Record Service Entry Sheet Vendor creates invoice (+7d) Record Invoice Receipt (handled by resource user_001) (+2d) Record Invoice Receipt (handled by resource user_001) (+2m) Record Invoice Receipt (handled by resource user_013) (+21h) Clear Invoice (handled by resource user_002) (+21d) Record Goods Receipt (handled by resource user_000) (+4m) Record Service Entry Sheet Record Goods Receipt (handled by resource user_000) (+3m) Record Service Entry Sheet Record Goods Receipt (handled by resource user_000) (+2m) Record Service Entry Sheet Record Goods Receipt (handled by resource user_000) (+3m) Record Service Entry Sheet Vendor creates invoice (+8d) Record Invoice Receipt (handled by resource user_001) (+20d) Record Invoice Receipt (handled by resource user_001) (+1m) Record Invoice Receipt (handled by resource user_001) (+1m) SRM: Created (handled by resource user_016) (+6h) Record Goods Receipt (handled by resource user_000) (+1h) Record Service Entry Sheet Record Goods Receipt (handled by resource user_000) (+4m) Record Service Entry Sheet SRM: Complete (handled by resource user_016) (+37m) SRM: Awaiting Approval (handled by resource user_016) SRM: Document Completed (handled by resource user_016) Record Invoice Receipt (handled by resource user_012) (+28m) SRM: In Transfer to Execution Syst. (handled by resource batch_00) (+3d) SRM: Ordered (handled by resource batch_00) SRM: Deleted (handled by resource batch_00) Change Price (handled by resource user_000) Record Invoice Receipt (handled by resource batch_00) (+12h) Record Invoice Receipt (handled by resource batch_00) (+1m) Vendor creates invoice (+14h) Vendor creates invoice (+1d) Clear Invoice (handled by resource user_002) (+16h) Clear Invoice (handled by resource user_002) (+28d) Vendor creates invoice (+1d) Record Goods Receipt (handled by resource user_000) (+27d) Record Service Entry Sheet Vendor creates invoice (+3d) Record Invoice Receipt (handled by resource user_013) (+2d) Clear Invoice (handled by resource user_002) (+2d) Vendor creates invoice (+7h) Cancel Invoice Receipt (handled by resource user_020) (+21d) Vendor creates invoice (+27d) Record Service Entry Sheet (+5d) Record Goods Receipt (handled by resource user_000) Record Goods Receipt (handled by resource user_000) (+4m) Record Service Entry Sheet Record Goods Receipt (handled by resource user_000) (+18m) Record Service Entry Sheet Record Goods Receipt (handled by resource user_000) (+2m) Record Service Entry Sheet Record Goods Receipt (handled by resource user_000) (+3m) Record Service Entry Sheet Record Goods Receipt (handled by resource user_000) (+3m) Record Service Entry Sheet Record Goods Receipt (handled by resource user_000) (+14m) Record Service Entry Sheet Record Goods Receipt (handled by resource user_000) (+3m) Record Service Entry Sheet Record Service Entry Sheet (+3m) Record Goods Receipt (handled by resource user_000) Record Invoice Receipt (handled by resource user_012) (+10d) Record Invoice Receipt (handled by resource user_012) (+15d) Record Invoice Receipt (handled by resource user_012) (+10m) Record Invoice Receipt (handled by resource user_013) (+2h) Record Invoice Receipt (handled by resource user_013) (+3d) Record Invoice Receipt (handled by resource user_013) (+2m) Record Invoice Receipt (handled by resource user_012) (+3d) Record Invoice Receipt (handled by resource user_001) (+7d) Record Invoice Receipt (handled by resource user_001) (+1h) Clear Invoice (handled by resource user_005) (+10h) Clear Invoice (+1d) SRM: In Transfer to Execution Syst. (handled by resource user_003) (+12d) SRM: Transfer Failed (E.Sys.) (handled by resource user_003) Rework observed: Change Price was repeated (seen in 1 cases); Clear Invoice was repeated (seen in 1 cases); Record Goods Receipt was repeated (seen in 1 cases); Record Invoice Receipt was repeated (seen in 1 cases); Record Service Entry Sheet was repeated (seen in 1 cases); SRM: Awaiting Approval was repeated (seen in 1 cases); SRM: Complete was repeated (seen in 1 cases); SRM: Created was repeated (seen in 1 cases); SRM: Deleted was repeated (seen in 1 cases); SRM: Document Completed was repeated (seen in 1 cases); SRM: In Transfer to Execution Syst. was repeated (seen in 1 cases); SRM: Ordered was repeated (seen in 1 cases); Vendor creates invoice was repeated (seen in 1 cases).
V2945,rare,1,3.972447106866772e-06,16,17791860.0,Clear Invoice,SRM: Created (handled by resource batch_00) SRM: Complete (handled by resource batch_00) (+1h) SRM: Awaiting Approval (handled by resource batch_00) SRM: Document Completed (handled by resource batch_00) SRM: In Transfer to Execution Syst. (handled by resource batch_00) (+1m) SRM: Ordered (handled by resource batch_00) Create Purchase Order Item (handled by resource user_000) SRM: Change was Transmitted (handled by resource batch_00) Vendor creates invoice (+13h) Vendor creates debit memo Record Goods Receipt (handled by resource user_000) (+10d) Record Invoice Receipt (handled by resource user_006) (+74d) Clear Invoice (handled by resource user_002) (+2d) Cancel Invoice Receipt (handled by resource user_007) (+119d) Record Invoice Receipt (handled by resource user_007) (+2m) Clear Invoice (handled by resource user_007) (+2m) Rework observed: Clear Invoice was repeated (seen in 1 cases); Record Invoice Receipt was repeated (seen in 1 cases).
V2951,rare,1,3.972447106866772e-06,250,31765560.0,Clear Invoice,Vendor creates invoice SRM: Created (handled by resource batch_00) (+4d) SRM: Complete (handled by resource batch_00) (+1h) SRM: Awaiting Approval (handled by resource batch_00) SRM: Document Completed (handled by resource batch_00) SRM: Ordered (handled by resource batch_00) SRM: In Transfer to Execution Syst. (handled by resource batch_00) SRM: Change was Transmitted (handled by resource batch_00) (+1m) Create Purchase Order Item (handled by resource user_000) Vendor creates invoice (+3d) Record Goods Receipt (handled by resource user_000) (+15h) Record Service Entry Sheet Record Invoice Receipt (handled by resource user_011) (+20h) Vendor creates invoice (+6d) Record Service Entry Sheet (+3d) Record Goods Receipt (handled by resource user_000) Vendor creates invoice (+4d) Vendor creates debit memo Record Goods Receipt (handled by resource user_000) (+10h) Record Service Entry Sheet Record Goods Receipt (handled by resource user_000) (+4d) Record Service Entry Sheet Vendor creates invoice (+2d) Record Invoice Receipt (handled by resource user_018) (+10h) Record Invoice Receipt (handled by resource batch_00) (+4d) Record Invoice Receipt (handled by resource batch_00) (+1m) Vendor creates invoice (+2d) Record Goods Receipt (handled by resource user_000) (+5d) Record Service Entry Sheet Vendor creates invoice (+2d) Record Invoice Receipt (handled by resource user_011) (+14h) Record Goods Receipt (handled by resource user_000) (+3d) Record Service Entry Sheet Vendor creates invoice (+3d) Record Goods Receipt (handled by resource user_000) (+3d) Record Service Entry Sheet Vendor creates invoice (+4d) Clear Invoice (handled by resource user_005) (+4d) Vendor creates invoice (+3d) Record Invoice Receipt (handled by resource user_007) (+4d) Record Invoice Receipt (handled by resource user_007) (+19m) Vendor creates invoice (+3d) Vendor creates invoice (+7d) Record Service Entry Sheet (+1d) Record Goods Receipt (handled by resource user_000) Record Goods Receipt (handled by resource user_000) (+3m) Record Service Entry Sheet Record Invoice Receipt (handled by resource user_011) (+4h) Record Invoice Receipt (handled by resource user_011) (+2m) Vendor creates invoice (+5d) Clear Invoice (handled by resource user_002) (+4d) Vendor creates invoice (+3d) Vendor creates invoice (+7d) Vendor creates invoice (+7d) SRM: Created (handled by resource user_009) (+1d) SRM: Document Completed (handled by resource user_009) (+2h) SRM: Complete (handled by resource user_009) SRM: Awaiting Approval (handled by resource user_009) SRM: Deleted (handled by resource batch_00) (+4h) Change Price (handled by resource user_000) SRM: Ordered (handled by resource batch_00) SRM: In Transfer to Execution Syst. (handled by resource batch_00) Record Goods Receipt (handled by resource user_000) (+22h) Record Service Entry Sheet Record Goods Receipt (handled by resource user_000) (+4m) Record Service Entry Sheet Record Goods Receipt (handled by resource user_000) (+11m) Record Service Entry Sheet Record Goods Receipt (handled by resource user_000) (+9m) Record Service Entry Sheet Record Goods Receipt (handled by resource user_000) (+4m) Record Service Entry Sheet Record Goods Receipt (handled by resource user_000) (+2m) Record Service Entry Sheet Record Invoice Receipt (handled by resource user_011) (+18m) Record Invoice Receipt (handled by resource user_011) (+1m) Record Invoice Receipt (handled by resource user_011) (+15m) Record Goods Receipt (handled by resource user_000) (+58m) Record Service Entry Sheet Clear Invoice (handled by resource user_002) (+19h) Vendor creates invoice (+4d) Vendor creates invoice (+7d) Clear Invoice (handled by resource user_002) (+3d) Vendor creates invoice (+4d) Vendor creates invoice (+7d) Record Invoice Receipt (handled by resource user_001) (+11h) Record Invoice Receipt (handled by resource user_013) (+5h) Record Invoice Receipt (handled by resource user_012) (+46m) Record Invoice Receipt (handled by resource user_012) (+39m) Record Goods Receipt (handled by resource user_000) (+6d) Record Service Entry Sheet Record Service Entry Sheet (+6m) Record Goods Receipt (handled by resource user_000) Record Goods Receipt (handled by resource user_000) (+7m) Record Service Entry Sheet Record Goods Receipt (handled by resource user_000) (+3m) Record Service Entry Sheet Vendor creates invoice (+3h) Record Invoice Receipt (handled by resource user_001) (+14h) Vendor creates invoice (+6d) Clear Invoice (handled by resource user_002) (+4d) Vendor creates invoice (+3d) Vendor creates invoice (+7d) Record Invoice Receipt (handled by resource user_013) (+3d) Vendor creates invoice (+4d) Record Invoice Receipt (handled by resource user_013) (+17h) Record Invoice Receipt (handled by resource user_013) (+19m) Record Service Entry Sheet (+1d) Record Goods Receipt (handled by resource user_000) Record Goods Receipt (handled by resource user_000) (+5m) Record Service Entry Sheet Record Goods Receipt (handled by resource user_000) (+2m) Record Service Entry Sheet Record Goods Receipt (handled by resource user_000) (+3m) Record Service Entry Sheet Record Invoice Receipt (handled by resource user_013) (+18h) Record Goods Receipt (handled by resource user_000) (+20h) Record Service Entry Sheet Vendor creates invoice (+3d) Clear Invoice (handled by resource user_002) (+4d) Vendor creates invoice (+3d) Vendor creates invoice (+7d) Record Invoice Receipt (handled by resource user_001) (+3d) Record Invoice Receipt (handled by resource user_012) (+3h) Vendor creates invoice (+4d) Record Invoice Receipt (handled by resource user_012) (+15h) Record Invoice Receipt (handled by resource user_012) (+42m) SRM: Created (handled by resource user_016) (+21h) SRM: Complete (handled by resource user_016) (+2h) SRM: Awaiting Approval (handled by resource user_016) SRM: Document Completed (handled by resource user_016) SRM: Ordered (handled by resource batch_00) (+1h) SRM: In Transfer to Execution Syst. (handled by resource batch_00) SRM: Deleted (handled by resource batch_00) Change Price (handled by resource user_000) Record Goods Receipt (handled by resource user_000) (+17m) Record Service Entry Sheet Record Goods Receipt (handled by resource user_000) (+1m) Record Service Entry Sheet Record Service Entry Sheet (+3m) Record Goods Receipt (handled by resource user_000) Record Goods Receipt (handled by resource user_000) (+3d) Record Service Entry Sheet Vendor creates invoice (+2d) Vendor creates invoice (+7d) Clear Invoice (handled by resource user_002) (+4d) Vendor creates invoice (+3d) Record Invoice Receipt (handled by resource user_019) (+2d) Record Invoice Receipt (handled by resource user_012) (+22h) Record Invoice Receipt (handled by resource user_012) (+22m) Vendor creates invoice (+4d) Record Invoice Receipt (handled by resource user_019) (+15h) Vendor creates invoice (+6d) Record Service Entry Sheet (+4d) Record Goods Receipt (handled by resource user_000) Record Service Entry Sheet (+2m) Record Goods Receipt (handled by resource user_000) Record Goods Receipt (handled by resource user_000) (+3m) Record Service Entry Sheet Record Goods Receipt (handled by resource user_000) (+5m) Record Service Entry Sheet Record Goods Receipt (handled by resource user_000) (+3m) Record Service Entry Sheet Record Invoice Receipt (handled by resource batch_00) (+2h) Record Invoice Receipt (handled by resource user_019) (+18h) Vendor creates invoice (+2d) Clear Invoice (handled by resource user_002) (+4d) Record Invoice Receipt (handled by resource user_013) (+18h) Record Invoice Receipt (handled by resource user_012) (+10h) Vendor creates invoice (+2d) Record Invoice Receipt (handled by resource user_011) (+12h) Vendor creates invoice (+6d) Vendor creates invoice (+7d) Record Goods Receipt (handled by resource user_000) (+4d) Record Service Entry Sheet Record Goods Receipt (handled by resource user_000) (+3m) Record Service Entry Sheet Record Goods Receipt (handled by resource user_000) (+3m) Record Service Entry Sheet Record Goods Receipt (handled by resource user_000) (+4m) Record Service Entry Sheet Record Invoice Receipt (handled by resource batch_00) (+5h) Record Invoice Receipt (handled by resource batch_00) (+2m) Record Invoice Receipt (handled by resource batch_00) (+5m) Vendor creates invoice (+2d) Record Invoice Receipt (handled by resource batch_00) (+2d) Clear Invoice (handled by resource user_002) (+1d) Vendor creates invoice (+3d) Vendor creates invoice (+7d) Vendor creates invoice (+7d) Vendor creates invoice (+7d) Record Goods Receipt (handled by resource user_000) (+2d) Record Service Entry Sheet Record Goods Receipt (handled by resource user_000) (+4m) Record Service Entry Sheet Record Goods Receipt (handled by resource user_000) (+4m) Record Service Entry Sheet Record Invoice Receipt (handled by resource user_012) (+21h) Record Invoice Receipt (handled by resource user_012) (+4h) Vendor creates invoice (+4d) Cancel Invoice Receipt (handled by resource user_004) (+13h) Record Invoice Receipt (handled by resource user_004) (+3m) Clear Invoice (handled by resource user_004) (+1m) Clear Invoice (handled by resource user_002) (+3d) Vendor creates invoice (+3d) Record Invoice Receipt (handled by resource user_012) (+3d) Vendor creates invoice (+4d) Vendor creates invoice (+7d) Vendor creates invoice (+7d) Clear Invoice (handled by resource user_002) (+4d) Vendor creates invoice (+3d) SRM: Created (handled by resource user_017) (+8h) SRM: Complete (handled by resource user_017) (+1h) SRM: Awaiting Approval (handled by resource user_017) SRM: Document Completed (handled by resource user_017) SRM: Deleted (handled by resource batch_00) (+25m) Change Price (handled by resource user_000) SRM: Ordered (handled by resource batch_00) SRM: In Transfer to Execution Syst. (handled by resource batch_00) Record Invoice Receipt (handled by resource user_019) (+1d) Vendor creates invoice (+5d) Record Goods Receipt (handled by resource user_000) (+12h) Record Service Entry Sheet Record Goods Receipt (handled by resource user_000) (+3m) Record Service Entry Sheet Record Service Entry Sheet (+3m) Record Goods Receipt (handled by resource user_000) Record Goods Receipt (handled by resource user_000) (+3m) Record Service Entry Sheet Record Goods Receipt (handled by resource user_000) (+6m) Record Service Entry Sheet Record Service Entry Sheet (+3m) Record Goods Receipt (handled by resource user_000) Record Service Entry Sheet (+2m) Record Goods Receipt (handled by resource user_000) Record Goods Receipt (handled by resource user_000) (+3m) Record Service Entry Sheet Record Invoice Receipt (handled by resource batch_00) (+27m) Record Invoice Receipt (handled by resource batch_00) (+3m) Record Invoice Receipt (handled by resource batch_00) (+11m) Record Invoice Receipt (handled by resource user_001) (+19h) Record Invoice Receipt (handled by resource user_001) (+1m) Record Goods Receipt (handled by resource user_000) (+1d) Record Service Entry Sheet Remove Payment Block (handled by resource user_015) (+5d) Record Invoice Receipt (handled by resource user_019) (+4d) Record Invoice Receipt (handled by resource user_019) (+5h) Record Invoice Receipt (handled by resource user_019) (+2h) Clear Invoice (handled by resource user_005) (+6d) Clear Invoice (handled by resource user_002) (+7d) Rework observed: Change Price was repeated (seen in 1 cases); Clear Invoice was repeated (seen in 1 cases); Record Goods Receipt was repeated (seen in 1 cases); Record Invoice Receipt was repeated (seen in 1 cases); Record Service Entry Sheet was repeated (seen in 1 cases); SRM: Awaiting Approval was repeated (seen in 1 cases); SRM: Complete was repeated (seen in 1 cases); SRM: Created was repeated (seen in 1 cases); SRM: Deleted was repeated (seen in 1 cases); SRM: Document Completed was repeated (seen in 1 cases); SRM: In Transfer to Execution Syst. was repeated (seen in 1 cases); SRM: Ordered was repeated (seen in 1 cases); Vendor creates invoice was repeated (seen in 1 cases).
V2950,rare,1,3.972447106866772e-06,103,31975680.0,SRM: Transfer Failed (E.Sys.),SRM: Created (handled by resource batch_00) SRM: Complete (handled by resource batch_00) (+1h) SRM: Awaiting Approval (handled by resource batch_00) SRM: Document Completed (handled by resource batch_00) SRM: In Transfer to Execution Syst. (handled by resource batch_00) SRM: Ordered (handled by resource batch_00) SRM: Change was Transmitted (handled by resource batch_00) Create Purchase Order Item (handled by resource user_000) Record Goods Receipt (handled by resource user_000) (+13d) Record Service Entry Sheet Vendor creates invoice (+6d) Vendor creates debit memo (+1d) Vendor creates invoice Record Goods Receipt (handled by resource user_000) (+4d) Record Service Entry Sheet Record Invoice Receipt (handled by resource user_006) (+1d) Vendor creates invoice (+22d) Record Invoice Receipt (handled by resource user_013) (+13d) Cancel Invoice Receipt (handled by resource user_011) (+10d) Clear Invoice (handled by resource user_011) (+1m) Record Invoice Receipt (handled by resource user_011) (+2m) Record Goods Receipt (handled by resource user_000) (+3d) Record Service Entry Sheet Record Service Entry Sheet (+2m) Record Goods Receipt (handled by resource user_000) Record Service Entry Sheet (+2m) Record Goods Receipt (handled by resource user_000) Record Goods Receipt (handled by resource user_000) (+3m) Record Service Entry Sheet Record Invoice Receipt (handled by resource user_011) (+22m) Record Invoice Receipt (handled by resource user_011) (+6h) Record Invoice Receipt (handled by resource user_011) (+1m) Record Invoice Receipt (handled by resource user_001) (+1h) Vendor creates invoice (+4d) Vendor creates invoice (+1d) Clear Invoice (handled by resource user_002) (+5d) SRM: Created (handled by resource user_014) (+4d) SRM: Document Completed (handled by resource user_014) (+2h) SRM: Awaiting Approval (handled by resource user_014) SRM: Complete (handled by resource user_014) SRM: In Transfer to Execution Syst. (handled by resource batch_00) (+2h) SRM: Ordered (handled by resource batch_00) SRM: Deleted (handled by resource batch_00) Change Price (handled by resource user_000) Record Goods Receipt (handled by resource user_000) (+20d) Record Service Entry Sheet Record Goods Receipt (handled by resource user_000) (+2m) Record Service Entry Sheet Record Goods Receipt (handled by resource user_000) (+2m) Record Service Entry Sheet Record Invoice Receipt (handled by resource user_001) (+21h) Vendor creates invoice (+9h) Clear Invoice (handled by resource user_002) (+9d) Record Invoice Receipt (handled by resource user_006) (+23h) Record Invoice Receipt (handled by resource user_006) (+1m) Clear Invoice (handled by resource user_002) (+7d) Record Goods Receipt (handled by resource user_000) (+12d) Record Service Entry Sheet Record Invoice Receipt (handled by resource user_001) (+1d) Vendor creates invoice (+13h) Clear Invoice (handled by resource user_002) (+8d) Vendor creates invoice (+23d) Record Goods Receipt (handled by resource user_000) (+25d) Record Service Entry Sheet Record Service Entry Sheet (+1h) Record Goods Receipt (handled by resource user_000) Record Goods Receipt (handled by resource user_000) (+7m) Record Service Entry Sheet Record Invoice Receipt (handled by resource user_012) (+4h) Record Invoice Receipt (handled by resource user_011) (+14h) Record Invoice Receipt (handled by resource user_011) (+21m) Clear Invoice (handled by resource user_002) (+10h) Remove Payment Block (handled by resource user_015) (+19h) Vendor creates invoice (+3d) Vendor creates invoice (+1d) Clear Invoice (handled by resource user_002) (+2d) Clear Invoice (handled by resource user_002) (+7d) Vendor creates invoice (+13d) Record Goods Receipt (handled by resource user_000) (+8d) Record Service Entry Sheet Record Invoice Receipt (handled by resource user_012) (+21h) Vendor creates invoice (+12h) Clear Invoice (handled by resource user_002) (+6d) Record Goods Receipt (handled by resource user_000) (+22d) Record Service Entry Sheet Record Goods Receipt (handled by resource user_000) (+4m) Record Service Entry Sheet Record Goods Receipt (handled by resource user_000) (+4m) Record Service Entry Sheet Record Service Entry Sheet (+2m) Record Goods Receipt (handled by resource user_000) Record Invoice Receipt (handled by resource batch_00) (+2h) Record Invoice Receipt (handled by resource batch_00) (+11m) Vendor creates invoice (+11h) Record Invoice Receipt (handled by resource user_013) (+3d) Record Invoice Receipt (handled by resource user_013) (+22h) Clear Invoice (handled by resource user_002) (+2d) Record Goods Receipt (handled by resource user_000) (+41d) Record Service Entry Sheet Record Invoice Receipt (handled by resource user_012) (+1h) Clear Invoice (handled by resource user_002) (+22h) SRM: In Transfer to Execution Syst. (handled by resource user_003) (+63d) SRM: Transfer Failed (E.Sys.) (handled by resource user_003) Rework observed: Clear Invoice was repeated (seen in 1 cases); Record Goods Receipt was repeated (seen in 1 cases); Record Invoice Receipt was repeated (seen in 1 cases); Record Service Entry Sheet was repeated (seen in 1 cases); SRM: Awaiting Approval was repeated (seen in 1 cases); SRM: Complete was repeated (seen in 1 cases); SRM: Created was repeated (seen in 1 cases); SRM: Document Completed was repeated (seen in 1 cases); SRM: In Transfer to Execution Syst. was repeated (seen in 1 cases); SRM: Ordered was repeated (seen in 1 cases); Vendor creates invoice was repeated (seen in 1 cases).
V2949,rare,1,3.972447106866772e-06,35,32041080.0,SRM: Transfer Failed (E.Sys.),SRM: Created (handled by resource batch_00) SRM: Complete (handled by resource batch_00) (+1h) SRM: Awaiting Approval (handled by resource batch_00) SRM: Document Completed (handled by resource batch_00) SRM: In Transfer to Execution Syst. (handled by resource batch_00) SRM: Ordered (handled by resource batch_00) SRM: Change was Transmitted (handled by resource batch_00) Create Purchase Order Item (handled by resource user_000) Vendor creates invoice (+26d) Record Goods Receipt (handled by resource user_000) (+10d) Record Service Entry Sheet Record Invoice Receipt (handled by resource user_011) (+3d) Clear Invoice (handled by resource user_005) (+10d) Vendor creates invoice (+28d) Record Goods Receipt (handled by resource user_000) (+12d) Record Service Entry Sheet Record Invoice Receipt (handled by resource user_011) (+14m) Clear Invoice (handled by resource user_002) (+9d) Vendor creates invoice (+67d) Record Goods Receipt (handled by resource user_000) (+29d) Record Service Entry Sheet Record Invoice Receipt (handled by resource user_012) (+1d) Clear Invoice (handled by resource user_002) (+1d) Vendor creates invoice (+49d) Record Goods Receipt (handled by resource user_000) (+15h) Record Service Entry Sheet Record Invoice Receipt (handled by resource user_012) (+3d) Clear Invoice (handled by resource user_002) (+17d) Vendor creates invoice (+41d) Record Goods Receipt (handled by resource user_000) (+14d) Record Service Entry Sheet Record Invoice Receipt (handled by resource user_013) (+1d) Clear Invoice (handled by resource user_002) (+8d) SRM: In Transfer to Execution Syst. (handled by resource user_003) (+41d) SRM: Transfer Failed (E.Sys.) (handled by resource user_003) Rework observed: Clear Invoice was repeated (seen in 1 cases); Record Goods Receipt was repeated (seen in 1 cases); Record Invoice Receipt was repeated (seen in 1 cases); Record Service Entry Sheet was repeated (seen in 1 cases); SRM: In Transfer to Execution Syst. was repeated (seen in 1 cases); Vendor creates invoice was repeated (seen in 1 cases).
V2948,rare,1,3.972447106866772e-06,13,3107580.0,Clear Invoice,SRM: Created (handled by resource batch_00) SRM: Complete (handled by resource batch_00) (+1h) SRM: Awaiting Approval (handled by resource batch_00) SRM: Document Completed (handled by resource batch_00) SRM: Ordered (handled by resource batch_00) SRM: Change was Transmitted (handled by resource batch_00) SRM: In Transfer to Execution Syst. (handled by resource batch_00) (+2m) Create Purchase Order Item (handled by resource user_000) Record Goods Receipt (handled by resource user_000) (+6d) Record Service Entry Sheet Vendor creates invoice (+6d) Record Invoice Receipt (handled by resource user_001) (+2d) Clear Invoice (handled by resource user_002) (+22d)
V2947,rare,1,3.972447106866772e-06,38,32214540.0,SRM: Transfer Failed (E.Sys.),SRM: Created (handled by resource batch_00) SRM: Complete (handled by resource batch_00) (+1h) SRM: Awaiting Approval (handled by resource batch_00) SRM: Document Completed (handled by resource batch_00) SRM: Ordered (handled by resource batch_00) SRM: In Transfer to Execution Syst. (handled by resource batch_00) SRM: Change was Transmitted (handled by resource batch_00) Create Purchase Order Item (handled by resource user_000) Vendor creates invoice (+7h) Record Service Entry Sheet (+16h) Record Goods Receipt (handled by resource user_000) Record Invoice Receipt (handled by resource user_011) (+6d) Clear Invoice (handled by resource user_002) (+72d) SRM: Created (handled by resource user_009) (+160d) SRM: Complete (handled by resource user_009) (+2h) SRM: Awaiting Approval (handled by resource user_009) SRM: Document Completed (handled by resource user_009) Change Price (handled by resource user_000) (+3h) SRM: Deleted (handled by resource batch_00) SRM: In Transfer to Execution Syst. (handled by resource batch_00) SRM: Ordered (handled by resource batch_00) Vendor creates invoice (+2d) Record Goods Receipt (handled by resource user_000) (+20d) Record Service Entry Sheet Record Invoice Receipt (handled by resource batch_00) (+3h) SRM: Created (handled by resource user_010) (+20d) SRM: Awaiting Approval (handled by resource user_010) (+2h) SRM: Document Completed (handled by resource user_010) SRM: Complete (handled by resource user_010) SRM: Ordered (handled by resource batch_00) (+4d) SRM: In Transfer to Execution Syst. (handled by resource batch_00) SRM: Deleted (handled by resource batch_00) Change Price (handled by resource user_000) Clear Invoice (handled by resource user_002) (+38d) Record Goods Receipt (handled by resource user_000) (+19d) Record Service Entry Sheet SRM: In Transfer to Execution Syst. (handled by resource user_003) (+30d) SRM: Transfer Failed (E.Sys.) (handled by resource user_003) Rework observed: Change Price was repeated (seen in 1 cases); Clear Invoice was repeated (seen in 1 cases); Record Goods Receipt was repeated (seen in 1 cases); Record Invoice Receipt was repeated (seen in 1 cases); Record Service Entry Sheet was repeated (seen in 1 cases); SRM: Awaiting Approval was repeated (seen in 1 cases); SRM: Complete was repeated (seen in 1 cases); SRM: Created was repeated (seen in 1 cases); SRM: Deleted was repeated (seen in 1 cases); SRM: Document Completed was repeated (seen in 1 cases); SRM: In Transfer to Execution Syst. was repeated (seen in 1 cases); SRM: Ordered was repeated (seen in 1 cases); Vendor creates invoice was repeated (seen in 1 cases).
V2946,rare,1,3.972447106866772e-06,13,6185640.0,Clear Invoice,Vendor creates invoice SRM: Created (handled by resource batch_00) (+7d) SRM: Complete (handled by resource batch_00) (+1h) SRM: Awaiting Approval (handled by resource batch_00) SRM: Document Completed (handled by resource batch_00) SRM: In Transfer to Execution Syst. (handled by resource batch_00) SRM: Ordered (handled by resource batch_00) Create Purchase Order Item (handled by resource user_000) SRM: Change was Transmitted (handled by resource batch_00) Record Service Entry Sheet (+58d) Record Goods Receipt (handled by resource user_000) Record Invoice Receipt (handled by resource user_001) (+1d) Clear Invoice (handled by resource user_005) (+6d)
V6776,"duration_high,length_high",1,3.972447106866772e-06,990,560191560.0,Clear Invoice,Vendor creates debit memo Vendor creates invoice (+6027d) Vendor creates invoice (+28d) Vendor creates debit memo Vendor creates invoice (+87d) Vendor creates invoice (+3d) Vendor creates invoice (+14d) Vendor creates invoice (+3d) Vendor creates invoice (+15d) Vendor creates invoice (+3d) Vendor creates invoice (+1d) Vendor creates invoice (+3d) Vendor creates invoice (+4d) Vendor creates invoice (+1d) Vendor creates debit memo Vendor creates debit memo (+1d) Vendor creates invoice Vendor creates invoice (+5d) Vendor creates invoice (+13d) Vendor creates debit memo Vendor creates invoice (+1d) Vendor creates debit memo Vendor creates invoice (+6d) Vendor creates invoice (+7d) Vendor creates invoice (+1d) Vendor creates invoice (+1d) Vendor creates debit memo Vendor creates invoice (+1d) Vendor creates invoice (+5d) Vendor creates debit memo Vendor creates debit memo (+2d) Vendor creates invoice Create Purchase Order Item (handled by resource user_063) (+17h) Vendor creates invoice (+7h) Vendor creates debit memo Record Goods Receipt (handled by resource user_177) (+4d) Record Service Entry Sheet Record Goods Receipt (handled by resource user_177) (+2h) Record Service Entry Sheet Record Goods Receipt (handled by resource user_177) (+10m) Record Service Entry Sheet Record Goods Receipt (handled by resource user_177) (+5m) Record Service Entry Sheet Vendor creates invoice (+9h) Record Goods Receipt (handled by resource user_177) (+10h) Record Service Entry Sheet Record Service Entry Sheet (+7m) Record Goods Receipt (handled by resource user_177) Record Invoice Receipt (handled by resource user_001) (+3m) Record Goods Receipt (handled by resource user_177) (+34m) Record Service Entry Sheet Record Invoice Receipt (handled by resource user_001) (+5m) Record Invoice Receipt (handled by resource user_001) Record Invoice Receipt (handled by resource user_001) (+1m) Record Goods Receipt (handled by resource user_177) (+11m) Record Service Entry Sheet Record Goods Receipt (handled by resource user_177) (+3m) Record Service Entry Sheet Record Goods Receipt (handled by resource user_177) (+6m) Record Service Entry Sheet Record Service Entry Sheet (+2m) Record Goods Receipt (handled by resource user_177) Record Goods Receipt (handled by resource user_177) (+2m) Record Service Entry Sheet Record Goods Receipt (handled by resource user_177) (+5m) Record Service Entry Sheet Clear Invoice (handled by resource user_002) (+3h) Record Invoice Receipt (handled by resource user_001) (+20h) Record Invoice Receipt (handled by resource user_001) (+4m) Record Goods Receipt (handled by resource user_177) (+9h) Record Service Entry Sheet Record Goods Receipt (handled by resource user_177) (+2m) Record Service Entry Sheet Record Goods Receipt (handled by resource user_177) (+5m) Record Service Entry Sheet Record Service Entry Sheet (+1m) Record Goods Receipt (handled by resource user_177) Record Goods Receipt (handled by resource user_177) (+5m) Record Service Entry Sheet Record Goods Receipt (handled by resource user_177) (+3m) Record Service Entry Sheet Record Goods Receipt (handled by resource user_177) (+2m) Record Service Entry Sheet Record Goods Receipt (handled by resource user_177) (+3m) Record Service Entry Sheet Record Goods Receipt (handled by resource user_177) (+3m) Record Service Entry Sheet Record Goods Receipt (handled by resource user_177) (+4m) Record Service Entry Sheet Record Service Entry Sheet (+5m) Record Goods Receipt (handled by resource user_177) Record Service Entry Sheet (+4m) Record Goods Receipt (handled by resource user_177) Record Goods Receipt (handled by resource user_177) (+2m) Record Service Entry Sheet Record Goods Receipt (handled by resource user_177) (+12h) Record Service Entry Sheet Record Goods Receipt (handled by resource user_177) (+3m) Record Service Entry Sheet Record Goods Receipt (handled by resource user_177) (+8m) Record Service Entry Sheet Record Goods Receipt (handled by resource user_177) (+11m) Record Service Entry Sheet Record Goods Receipt (handled by resource user_177) (+6m) Record Service Entry Sheet Record Service Entry Sheet (+5m) Record Goods Receipt (handled by resource user_177) Record Goods Receipt (handled by resource user_177) (+3m) Record Service Entry Sheet Record Goods Receipt (handled by resource user_177) (+8m) Record Service Entry Sheet Record Goods Receipt (handled by resource user_177) (+18m) Record Service Entry Sheet Record Goods Receipt (handled by resource user_177) (+5m) Record Service Entry Sheet Record Goods Receipt (handled by resource user_177) (+9m) Record Service Entry Sheet Record Goods Receipt (handled by resource user_177) (+4m) Record Service Entry Sheet Record Goods Receipt (handled by resource user_177) (+3m) Record Service Entry Sheet Record Service Entry Sheet (+5m) Record Goods Receipt (handled by resource user_177) Record Goods Receipt (handled by resource user_177) (+5m) Record Service Entry Sheet Record Goods Receipt (handled by resource user_177) (+4m) Record Service Entry Sheet Record Goods Receipt (handled by resource user_177) (+2m) Record Service Entry Sheet Record Goods Receipt (handled by resource user_177) (+4m) Record Service Entry Sheet Record Invoice Receipt (handled by resource user_001) (+56m) Record Invoice Receipt (handled by resource user_001) (+1m) Record Invoice Receipt (handled by resource user_001) (+2m) Record Invoice Receipt (handled by resource user_001) (+1m) Record Invoice Receipt (handled by resource user_001) (+1m) Record Invoice Receipt (handled by resource user_001) (+1m) Record Invoice Receipt (handled by resource user_001) (+2m) Record Invoice Receipt (handled by resource user_001) (+1m) Record Invoice Receipt (handled by resource user_001) (+1m) Record Invoice Receipt (handled by resource user_001) (+1m) Record Invoice Receipt (handled by resource user_001) (+1m) Record Invoice Receipt (handled by resource user_001) (+1m) Record Invoice Receipt (handled by resource user_001) (+1m) Record Invoice Receipt (handled by resource user_001) (+3m) Record Invoice Receipt (handled by resource user_001) (+2m) Record Invoice Receipt (handled by resource user_001) (+1m) Record Invoice Receipt (handled by resource user_001) (+2m) Record Invoice Receipt (handled by resource user_001) (+3d) Record Invoice Receipt (handled by resource user_001) (+4m) Record Invoice Receipt (handled by resource user_001) (+2m) Record Invoice Receipt (handled by resource user_001) (+2m) Record Invoice Receipt (handled by resource user_001) (+9m) Record Invoice Receipt (handled by resource user_001) (+3m) Record Invoice Receipt (handled by resource user_001) (+3m) Record Invoice Receipt (handled by resource user_001) (+2m) Record Invoice Receipt (handled by resource batch_00) (+3m) Record Invoice Receipt (handled by resource user_001) (+2m) Record Invoice Receipt (handled by resource user_013) (+7h) Record Invoice Receipt (handled by resource user_012) (+14h) Record Goods Receipt (handled by resource user_177) (+8h) Record Service Entry Sheet Record Goods Receipt (handled by resource user_177) (+2m) Record Service Entry Sheet Record Goods Receipt (handled by resource user_177) (+3m) Record Service Entry Sheet Record Service Entry Sheet (+2m) Record Goods Receipt (handled by resource user_177) Record Goods Receipt (handled by resource user_177) (+8m) Record Service Entry Sheet Record Goods Receipt (handled by resource user_177) (+22m) Record Service Entry Sheet Record Invoice Receipt (handled by resource user_013) (+1d) Clear Invoice (handled by resource user_002) (+21h) Clear Invoice (handled by resource user_002) Record Invoice Receipt (handled by resource user_013) (+4d) Vendor creates invoice (+3d) Vendor creates debit memo Clear Invoice (handled by resource user_002) (+14h) Clear Invoice (handled by resource user_002) Vendor creates invoice (+5d) Vendor creates invoice (+3d) Vendor creates debit memo Vendor creates invoice (+3d) Vendor creates invoice (+1d) Record Invoice Receipt (handled by resource user_013) (+13h) Record Invoice Receipt (handled by resource user_013) (+5m) Record Invoice Receipt (handled by resource user_001) (+4m) Record Invoice Receipt (handled by resource user_013) (+2m) Record Invoice Receipt (handled by resource user_001) (+1m) Record Invoice Receipt (handled by resource user_013) (+2m) Record Invoice Receipt (handled by resource user_001) (+1m) Record Invoice Receipt (handled by resource user_001) (+1m) Record Invoice Receipt (handled by resource user_012) (+4h) Record Invoice Receipt (handled by resource user_012) (+6m) Record Invoice Receipt (handled by resource user_012) (+3m) Record Invoice Receipt (handled by resource user_012) (+3m) Clear Invoice (handled by resource user_002) (+20h) Vendor creates invoice (+11h) Vendor creates invoice (+5d) Record Invoice Receipt (handled by resource user_012) (+17h) Vendor creates invoice (+7h) Clear Invoice (handled by resource user_002) (+15h) Record Goods Receipt (handled by resource user_177) (+21h) Record Service Entry Sheet Record Goods Receipt (handled by resource user_177) (+2m) Record Service Entry Sheet Record Goods Receipt (handled by resource user_177) (+3m) Record Service Entry Sheet Record Goods Receipt (handled by resource user_177) (+5m) Record Service Entry Sheet Record Goods Receipt (handled by resource user_177) (+2m) Record Service Entry Sheet Record Service Entry Sheet (+2m) Record Goods Receipt (handled by resource user_177) Record Goods Receipt (handled by resource user_177) (+3m) Record Service Entry Sheet Record Goods Receipt (handled by resource user_177) (+4m) Record Service Entry Sheet Record Goods Receipt (handled by resource user_177) (+14m) Record Service Entry Sheet Record Goods Receipt (handled by resource user_177) (+5m) Record Service Entry Sheet Record Goods Receipt (handled by resource user_177) (+4m) Record Service Entry Sheet Record Goods Receipt (handled by resource user_177) (+3m) Record Service Entry Sheet Record Goods Receipt (handled by resource user_177) (+2m) Record Service Entry Sheet Record Service Entry Sheet (+2m) Record Goods Receipt (handled by resource user_177) Record Goods Receipt (handled by resource user_177) (+3h) Record Service Entry Sheet Record Goods Receipt (handled by resource user_177) (+3m) Record Service Entry Sheet Record Goods Receipt (handled by resource user_177) (+3m) Record Service Entry Sheet Record Goods Receipt (handled by resource user_177) (+2m) Record Service Entry Sheet Record Goods Receipt (handled by resource user_177) (+2m) Record Service Entry Sheet Record Goods Receipt (handled by resource user_177) (+8m) Record Service Entry Sheet Record Invoice Receipt (handled by resource user_001) (+3d) Record Invoice Receipt (handled by resource user_001) (+3m) Record Invoice Receipt (handled by resource user_001) (+2m) Record Invoice Receipt (handled by resource user_001) (+2m) Record Invoice Receipt (handled by resource user_001) (+1m) Record Invoice Receipt (handled by resource user_001) (+2m) Record Invoice Receipt (handled by resource user_001) (+1m) Record Invoice Receipt (handled by resource user_001) (+1m) Record Invoice Receipt (handled by resource user_001) (+2m) Record Invoice Receipt (handled by resource user_001) (+1m) Record Invoice Receipt (handled by resource user_001) (+2m) Record Invoice Receipt (handled by resource user_001) (+1m) Record Invoice Receipt (handled by resource user_001) (+1m) Record Invoice Receipt (handled by resource user_001) (+1m) Record Invoice Receipt (handled by resource user_001) (+1m) Record Invoice Receipt (handled by resource user_001) (+1m) Record Invoice Receipt (handled by resource user_001) (+2m) Record Invoice Receipt (handled by resource user_001) (+1m) Record Invoice Receipt (handled by resource user_012) (+6h) Vendor creates invoice (+9h) Record Goods Receipt (handled by resource user_177) (+19h) Record Service Entry Sheet Record Goods Receipt (handled by resource user_177) (+2m) Record Service Entry Sheet Record Invoice Receipt (handled by resource user_012) (+15h) Record Invoice Receipt (handled by resource user_013) (+6h) Vendor creates invoice (+9h) Clear Invoice (handled by resource user_002) (+13h) Clear Invoice (handled by resource user_002) Vendor creates invoice (+2d) Record Goods Receipt (handled by resource user_177) (+4d) Record Service Entry Sheet Record Invoice Receipt (handled by resource batch_00) (+1d) Clear Invoice (handled by resource user_002) (+2h) Vendor creates invoice (+5d) Vendor creates invoice (+1d) Record Invoice Receipt (handled by resource user_001) (+13h) Clear Invoice (handled by resource user_002) (+2h) Vendor creates invoice (+10h) Vendor creates invoice (+1d) Vendor creates invoice (+5d) Clear Invoice (handled by resource user_002) (+13h) Vendor creates invoice (+11h) Vendor creates invoice (+3d) Vendor creates invoice (+1d) Record Goods Receipt (handled by resource user_177) (+2d) Record Service Entry Sheet Record Service Entry Sheet (+6m) Record Goods Receipt (handled by resource user_177) Record Goods Receipt (handled by resource user_177) (+5m) Record Service Entry Sheet Record Invoice Receipt (handled by resource user_012) (+22h) Vendor creates invoice (+5d) Record Invoice Receipt (handled by resource user_019) (+17h) Vendor creates invoice (+7h) Record Invoice Receipt (handled by resource user_012) (+15h) Clear Invoice (handled by resource user_002) (+3h) Clear Invoice (handled by resource user_002) Vendor creates invoice (+4d) Vendor creates invoice (+2d) Clear Invoice (handled by resource user_002) (+16h) Vendor creates invoice (+8h) Record Goods Receipt (handled by resource user_177) (+4d) Record Service Entry Sheet Record Service Entry Sheet (+43m) Record Goods Receipt (handled by resource user_177) Vendor creates invoice (+9h) Record Invoice Receipt (handled by resource user_001) (+14h) Record Invoice Receipt (handled by resource user_013) (+1h) Vendor creates invoice (+9h) Clear Invoice (handled by resource user_002) (+2d) Vendor creates invoice (+9h) Vendor creates invoice (+1d) Record Goods Receipt (handled by resource user_177) (+4d) Record Service Entry Sheet Record Goods Receipt (handled by resource user_177) (+14m) Record Service Entry Sheet Record Service Entry Sheet (+2m) Record Goods Receipt (handled by resource user_177) Record Service Entry Sheet (+2m) Record Goods Receipt (handled by resource user_177) Record Goods Receipt (handled by resource user_177) (+3m) Record Service Entry Sheet Record Goods Receipt (handled by resource user_177) (+4m) Record Service Entry Sheet Record Goods Receipt (handled by resource user_177) (+3m) Record Service Entry Sheet Record Invoice Receipt (handled by resource user_012) (+19h) Record Invoice Receipt (handled by resource user_012) (+7m) Record Invoice Receipt (handled by resource user_012) (+3m) Record Service Entry Sheet (+23h) Record Goods Receipt (handled by resource user_177) Record Invoice Receipt (handled by resource user_013) (+2h) Clear Invoice (handled by resource user_002) (+2h) Clear Invoice (handled by resource user_002) Record Invoice Receipt (handled by resource user_013) (+3h) Record Invoice Receipt (handled by resource user_012) (+16h) Vendor creates invoice (+14h) Vendor creates invoice (+1d) Record Goods Receipt (handled by resource user_177) (+4d) Record Service Entry Sheet Record Goods Receipt (handled by resource user_177) (+5m) Record Service Entry Sheet Record Goods Receipt (handled by resource user_177) (+5m) Record Service Entry Sheet Record Goods Receipt (handled by resource user_177) (+12m) Record Service Entry Sheet Record Goods Receipt (handled by resource user_177) (+2m) Record Service Entry Sheet Record Service Entry Sheet (+5m) Record Goods Receipt (handled by resource user_177) Record Goods Receipt (handled by resource user_177) (+7m) Record Service Entry Sheet Record Invoice Receipt (handled by resource user_012) (+19h) Record Invoice Receipt (handled by resource batch_00) (+31m) Clear Invoice (handled by resource user_002) (+2h) Clear Invoice (handled by resource user_002) Record Invoice Receipt (handled by resource user_001) (+3h) Record Invoice Receipt (handled by resource user_013) (+24m) Record Invoice Receipt (handled by resource user_013) (+19m) Record Invoice Receipt (handled by resource user_013) (+5m) Record Invoice Receipt (handled by resource user_013) (+2m) Record Invoice Receipt (handled by resource user_001) (+5d) Vendor creates invoice (+14h) Vendor creates debit memo Record Service Entry Sheet (+12h) Record Goods Receipt (handled by resource user_177) Record Service Entry Sheet (+2m) Record Goods Receipt (handled by resource user_177) Record Goods Receipt (handled by resource user_177) (+10m) Record Service Entry Sheet Vendor creates invoice (+11h) Record Invoice Receipt (handled by resource user_001) (+15h) Clear Invoice (handled by resource user_002) (+20m) Clear Invoice (handled by resource user_002) Vendor creates invoice (+8h) Vendor creates invoice (+4d) Record Invoice Receipt (handled by resource user_001) (+1d) Record Invoice Receipt (handled by resource user_001) (+8m) Record Goods Receipt (handled by resource user_177) (+10h) Record Service Entry Sheet Record Goods Receipt (handled by resource user_177) (+16m) Record Service Entry Sheet Record Service Entry Sheet (+5m) Record Goods Receipt (handled by resource user_177) (+2m) Record Goods Receipt (handled by resource user_177) (+1m) Record Service Entry Sheet Record Goods Receipt (handled by resource user_177) (+9m) Record Service Entry Sheet Record Goods Receipt (handled by resource user_177) (+42m) Record Service Entry Sheet Record Goods Receipt (handled by resource user_177) (+2m) Record Service Entry Sheet Record Goods Receipt (handled by resource user_177) (+4m) Record Service Entry Sheet Record Goods Receipt (handled by resource user_177) (+3m) Record Service Entry Sheet Record Goods Receipt (handled by resource user_177) (+2m) Record Service Entry Sheet Record Service Entry Sheet (+2m) Record Goods Receipt (handled by resource user_177) Record Goods Receipt (handled by resource user_177) (+2m) Record Service Entry Sheet Record Goods Receipt (handled by resource user_177) (+2m) Record Service Entry Sheet Record Goods Receipt (handled by resource user_177) (+2m) Record Service Entry Sheet Record Goods Receipt (handled by resource user_177) (+2m) Record Service Entry Sheet Record Goods Receipt (handled by resource user_177) (+2m) Record Service Entry Sheet Record Goods Receipt (handled by resource user_177) (+2m) Record Service Entry Sheet Record Goods Receipt (handled by resource user_177) (+2m) Record Service Entry Sheet Record Service Entry Sheet (+2m) Record Goods Receipt (handled by resource user_177) Record Goods Receipt (handled by resource user_177) (+4m) Record Service Entry Sheet Record Goods Receipt (handled by resource user_177) (+2m) Record Service Entry Sheet Record Goods Receipt (handled by resource user_177) (+2m) Record Service Entry Sheet Record Goods Receipt (handled by resource user_177) (+4m) Record Service Entry Sheet Record Goods Receipt (handled by resource user_177) (+5m) Record Service Entry Sheet Record Goods Receipt (handled by resource user_177) (+2m) Record Service Entry Sheet Record Service Entry Sheet (+2m) Record Goods Receipt (handled by resource user_177) Vendor creates invoice (+5h) Record Invoice Receipt (handled by resource user_012) (+12h) Record Invoice Receipt (handled by resource user_012) (+20m) Record Invoice Receipt (handled by resource user_001) (+26m) Record Invoice Receipt (handled by resource user_001) (+2m) Record Invoice Receipt (handled by resource user_001) (+2m) Record Invoice Receipt (handled by resource user_001) (+3m) Record Invoice Receipt (handled by resource user_001) (+1m) Record Invoice Receipt (handled by resource user_001) (+7m) Record Goods Receipt (handled by resource user_177) (+4m) Record Service Entry Sheet Record Goods Receipt (handled by resource user_177) (+5m) Record Service Entry Sheet Record Invoice Receipt (handled by resource user_001) (+1m) Record Invoice Receipt (handled by resource user_012) (+31m) Record Goods Receipt (handled by resource user_177) (+5m) Record Service Entry Sheet Record Invoice Receipt (handled by resource user_012) (+2m) Clear Invoice (handled by resource user_002) (+1m) Clear Invoice (handled by resource user_002) Record Invoice Receipt (handled by resource user_012) (+13m) Record Invoice Receipt (handled by resource user_012) (+13m) Record Goods Receipt (handled by resource user_177) (+28m) Record Service Entry Sheet Record Goods Receipt (handled by resource user_177) (+1m) Record Service Entry Sheet Record Invoice Receipt (handled by resource user_013) (+1h) Record Invoice Receipt (handled by resource user_013) (+41m) Record Invoice Receipt (handled by resource user_013) (+10m) Record Invoice Receipt (handled by resource user_013) (+10m) Record Invoice Receipt (handled by resource user_013) (+3m) Record Invoice Receipt (handled by resource user_013) (+4m) Record Invoice Receipt (handled by resource user_013) (+30m) Record Invoice Receipt (handled by resource user_013) (+16h) Record Invoice Receipt (handled by resource user_013) (+2h) Record Invoice Receipt (handled by resource user_013) (+16m) Record Invoice Receipt (handled by resource user_001) (+12m) Record Invoice Receipt (handled by resource user_001) (+3m) Record Invoice Receipt (handled by resource batch_00) (+10m) Record Invoice Receipt (handled by resource user_012) (+12m) Record Invoice Receipt (handled by resource user_012) (+53m) Record Invoice Receipt (handled by resource user_012) (+3h) Record Invoice Receipt (handled by resource user_012) (+19m) Record Invoice Receipt (handled by resource user_012) (+2h) Vendor creates invoice (+6h) Vendor creates invoice (+3d) Clear Invoice (handled by resource user_002) (+3d) Clear Invoice (handled by resource user_002) (+1m) Cancel Invoice Receipt (handled by resource user_001) (+11d) Record Invoice Receipt (handled by resource user_001) (+2m) Clear Invoice (handled by resource user_001) Cancel Invoice Receipt (handled by resource user_012) (+1h) Record Invoice Receipt (handled by resource user_012) (+5m) Clear Invoice (handled by resource user_012) (+1m) Cancel Invoice Receipt (handled by resource user_012) (+5m) Record Invoice Receipt (handled by resource user_012) (+5m) Cancel Invoice Receipt (handled by resource user_012) (+6m) Record Invoice Receipt (handled by resource user_012) (+4m) Clear Invoice (handled by resource user_012) (+3m) Record Invoice Receipt (handled by resource user_012) (+2h) Vendor creates invoice (+10h) Cancel Invoice Receipt (handled by resource user_020) (+2d) Record Invoice Receipt (handled by resource user_020) (+16m) Clear Invoice (handled by resource user_002) (+23h) Clear Invoice (handled by resource user_002) Clear Invoice (handled by resource user_002) (+1m) Vendor creates invoice (+14h) Record Goods Receipt (handled by resource user_177) (+3d) Record Service Entry Sheet Change Price (handled by resource user_063) (+4m) Vendor creates invoice (+9h) Record Goods Receipt (handled by resource user_177) (+12h) Record Service Entry Sheet Record Goods Receipt (handled by resource user_177) (+2m) Record Service Entry Sheet Record Service Entry Sheet (+3m) Record Goods Receipt (handled by resource user_177) Record Goods Receipt (handled by resource user_177) (+5m) Record Service Entry Sheet Record Goods Receipt (handled by resource user_177) (+53m) Record Service Entry Sheet Record Goods Receipt (handled by resource user_177) (+7m) Record Service Entry Sheet Record Invoice Receipt (handled by resource user_013) (+47m) Vendor creates invoice (+10h) Record Invoice Receipt (handled by resource user_001) (+11h) Record Invoice Receipt (handled by resource user_001) (+1m) Record Invoice Receipt (handled by resource user_012) (+22m) Record Invoice Receipt (handled by resource user_013) (+6h) Record Invoice Receipt (handled by resource user_013) (+2m) Record Invoice Receipt (handled by resource user_013) (+3m) Vendor creates invoice (+7h) Clear Invoice (handled by resource user_002) (+17h) Vendor creates invoice (+7h) Cancel Invoice Receipt (handled by resource user_013) (+10h) Record Invoice Receipt (handled by resource user_013) (+5m) Clear Invoice (handled by resource user_013) (+1m) Cancel Invoice Receipt (handled by resource user_013) (+2m) Record Invoice Receipt (handled by resource user_013) (+3m) Clear Invoice (handled by resource user_013) Vendor creates invoice (+3d) Cancel Invoice Receipt (handled by resource user_019) (+2d) Record Invoice Receipt (handled by resource user_019) (+4m) Clear Invoice (handled by resource user_019) (+1m) Cancel Invoice Receipt (handled by resource user_019) (+39m) Record Invoice Receipt (handled by resource user_019) (+5m) Clear Invoice (handled by resource user_019) (+3m) Cancel Invoice Receipt (handled by resource user_020) (+24m) Record Invoice Receipt (handled by resource user_020) (+6m) Clear Invoice (handled by resource user_020) (+1m) Record Goods Receipt (handled by resource user_177) (+6d) Record Service Entry Sheet Record Goods Receipt (handled by resource user_177) (+1m) Record Service Entry Sheet Record Goods Receipt (handled by resource user_177) (+3m) Record Service Entry Sheet Record Goods Receipt (handled by resource user_177) (+5m) Record Service Entry Sheet Record Goods Receipt (handled by resource user_177) (+3m) Record Service Entry Sheet Record Service Entry Sheet (+3h) Record Goods Receipt (handled by resource user_177) Record Goods Receipt (handled by resource user_177) (+9m) Record Service Entry Sheet Record Goods Receipt (handled by resource user_177) (+6m) Record Service Entry Sheet Record Goods Receipt (handled by resource user_177) (+8m) Record Service Entry Sheet Record Service Entry Sheet Record Goods Receipt (handled by resource user_177) (+9m) Record Service Entry Sheet Record Goods Receipt (handled by resource user_177) (+4m) Record Service Entry Sheet Record Goods Receipt (handled by resource user_177) (+5m) Record Service Entry Sheet Record Service Entry Sheet (+16m) Record Goods Receipt (handled by resource user_177) Record Invoice Receipt (handled by resource user_013) (+19h) Record Invoice Receipt (handled by resource user_013) (+18m) Record Invoice Receipt (handled by resource user_001) (+8m) Record Invoice Receipt (handled by resource user_012) Record Invoice Receipt (handled by resource user_001) (+1m) Record Invoice Receipt (handled by resource user_001) (+2m) Record Invoice Receipt (handled by resource user_012) Record Invoice Receipt (handled by resource user_001) (+2m) Record Invoice Receipt (handled by resource user_001) (+1m) Record Invoice Receipt (handled by resource user_012) (+1m) Record Invoice Receipt (handled by resource user_013) (+4h) Record Invoice Receipt (handled by resource user_013) (+3m) Record Invoice Receipt (handled by resource user_012) (+1m) Record Invoice Receipt (handled by resource user_012) (+10m) Record Service Entry Sheet (+1d) Record Goods Receipt (handled by resource user_177) Record Goods Receipt (handled by resource user_177) (+5m) Record Service Entry Sheet Record Goods Receipt (handled by resource user_177) (+4m) Record Service Entry Sheet Clear Invoice (handled by resource user_002) (+23h) Record Invoice Receipt (handled by resource user_001) (+14h) Record Invoice Receipt (handled by resource user_001) (+5m) Record Invoice Receipt (handled by resource user_001) (+19m) Cancel Invoice Receipt (handled by resource user_004) (+5d) Record Invoice Receipt (handled by resource user_004) (+3m) Clear Invoice (handled by resource user_004) (+2m) Vendor creates invoice (+13h) Record Invoice Receipt (handled by resource user_004) (+10h) Clear Invoice (handled by resource user_004) (+1m) Cancel Invoice Receipt (handled by resource user_012) (+12m) Vendor creates invoice (+13h) Clear Invoice (handled by resource user_005) (+11h) Clear Invoice (handled by resource user_005) Clear Invoice (handled by resource user_005) Vendor creates invoice (+13h) Vendor creates invoice (+2d) Cancel Invoice Receipt (handled by resource user_013) (+2d) Record Invoice Receipt (handled by resource user_013) (+2m) Vendor creates invoice (+12h) Cancel Invoice Receipt (handled by resource user_007) (+16h) Cancel Invoice Receipt (handled by resource user_015) (+23h) Record Invoice Receipt (handled by resource user_015) (+1m) Clear Invoice (handled by resource user_015) (+1m) Clear Invoice (handled by resource user_002) (+1h) Vendor creates invoice (+4d) Vendor creates invoice (+1d) Vendor creates invoice (+6d) Vendor creates debit memo Record Goods Receipt (handled by resource user_177) (+8d) Record Service Entry Sheet Record Goods Receipt (handled by resource user_177) (+2m) Record Service Entry Sheet Record Goods Receipt (handled by resource user_177) (+3m) Record Service Entry Sheet Record Goods Receipt (handled by resource user_177) (+1m) Record Service Entry Sheet Record Goods Receipt (handled by resource user_177) (+2m) Record Service Entry Sheet Record Goods Receipt (handled by resource user_177) (+3m) Record Service Entry Sheet Record Service Entry Sheet (+2m) Record Goods Receipt (handled by resource user_177) Record Goods Receipt (handled by resource user_177) (+4m) Record Service Entry Sheet Record Invoice Receipt (handled by resource user_012) (+17h) Record Invoice Receipt (handled by resource user_012) (+6m) Record Invoice Receipt (handled by resource user_013) (+1h) Record Invoice Receipt (handled by resource user_013) (+3m) Record Invoice Receipt (handled by resource user_013) (+2m) Record Invoice Receipt (handled by resource user_001) (+3h) Record Invoice Receipt (handled by resource user_001) (+2m) Clear Invoice (handled by resource user_002) (+23h) Change Price (handled by resource user_063) (+22h) Record Goods Receipt (handled by resource user_177) (+3d) Record Service Entry Sheet Record Service Entry Sheet (+3m) Record Goods Receipt (handled by resource user_177) Record Goods Receipt (handled by resource user_177) (+3m) Record Service Entry Sheet Record Goods Receipt (handled by resource user_177) (+2m) Record Service Entry Sheet Record Goods Receipt (handled by resource user_177) (+4m) Record Service Entry Sheet Record Goods Receipt (handled by resource user_177) (+3m) Record Service Entry Sheet Record Goods Receipt (handled by resource user_177) (+3m) Record Service Entry Sheet Record Goods Receipt (handled by resource user_177) (+2m) Record Service Entry Sheet Record Service Entry Sheet (+3m) Record Goods Receipt (handled by resource user_177) Record Service Entry Sheet (+18m) Record Goods Receipt (handled by resource user_177) Record Goods Receipt (handled by resource user_177) (+4m) Record Service Entry Sheet Record Goods Receipt (handled by resource user_177) (+29m) Record Service Entry Sheet Record Goods Receipt (handled by resource user_177) (+3m) Record Service Entry Sheet Record Goods Receipt (handled by resource user_177) (+4m) Record Service Entry Sheet Record Goods Receipt (handled by resource user_177) (+3m) Record Service Entry Sheet Record Goods Receipt (handled by resource user_177) (+6m) Record Service Entry Sheet Record Service Entry Sheet (+9m) Record Goods Receipt (handled by resource user_177) Record Service Entry Sheet (+6m) Record Goods Receipt (handled by resource user_177) Record Goods Receipt (handled by resource user_177) (+45m) Record Service Entry Sheet Record Goods Receipt (handled by resource user_177) (+6m) Record Service Entry Sheet Record Goods Receipt (handled by resource user_177) (+5m) Record Service Entry Sheet Record Goods Receipt (handled by resource user_177) (+4m) Record Service Entry Sheet Record Invoice Receipt (handled by resource user_012) (+2m) Record Goods Receipt (handled by resource user_177) (+3m) Record Service Entry Sheet Record Goods Receipt (handled by resource user_177) (+2h) Record Service Entry Sheet Record Service Entry Sheet (+3m) Record Goods Receipt (handled by resource user_177) Record Goods Receipt (handled by resource user_177) (+5m) Record Service Entry Sheet Record Goods Receipt (handled by resource user_177) (+6m) Record Service Entry Sheet Record Goods Receipt (handled by resource user_177) (+4m) Record Service Entry Sheet Record Goods Receipt (handled by resource user_177) (+5m) Record Service Entry Sheet Record Goods Receipt (handled by resource user_177) (+5m) Record Service Entry Sheet Record Goods Receipt (handled by resource user_177) (+3m) Record Service Entry Sheet Cancel Invoice Receipt (handled by resource user_020) (+13h) Record Invoice Receipt (handled by resource user_020) (+4m) Record Invoice Receipt (handled by resource user_001) (+2m) Record Invoice Receipt (handled by resource user_001) (+2m) Record Invoice Receipt (handled by resource user_001) (+7m) Record Invoice Receipt (handled by resource user_001) (+4m) Record Invoice Receipt (handled by resource user_001) (+5m) Record Invoice Receipt (handled by resource user_001) (+3m) Record Invoice Receipt (handled by resource user_001) (+13m) Record Invoice Receipt (handled by resource user_001) (+2m) Record Invoice Receipt (handled by resource user_012) (+2h) Record Invoice Receipt (handled by resource user_012) (+8m) Record Invoice Receipt (handled by resource user_012) (+15m) Record Invoice Receipt (handled by resource user_012) (+6m) Record Invoice Receipt (handled by resource user_012) (+6m) Record Goods Receipt (handled by resource user_177) (+32m) Record Service Entry Sheet Record Service Entry Sheet (+4m) Record Goods Receipt (handled by resource user_177) Record Goods Receipt (handled by resource user_177) (+2m) Record Service Entry Sheet Record Goods Receipt (handled by resource user_177) (+5m) Record Service Entry Sheet Record Goods Receipt (handled by resource user_177) (+12m) Record Service Entry Sheet Record Goods Receipt (handled by resource user_177) (+7m) Record Service Entry Sheet Record Goods Receipt (handled by resource user_177) (+47m) Record Service Entry Sheet Record Goods Receipt (handled by resource user_177) (+12m) Record Service Entry Sheet Record Goods Receipt (handled by resource user_177) (+6m) Record Service Entry Sheet Record Service Entry Sheet (+4m) Record Goods Receipt (handled by resource user_177) Change Price (handled by resource user_063) (+49m) Record Goods Receipt (handled by resource user_177) (+6m) Record Service Entry Sheet Record Goods Receipt (handled by resource user_177) (+5m) Record Service Entry Sheet Record Invoice Receipt (handled by resource user_013) (+2m) Record Invoice Receipt (handled by resource user_012) (+13m) Cancel Invoice Receipt (handled by resource user_013) (+4m) Record Invoice Receipt (handled by resource user_012) (+7m) Record Invoice Receipt (handled by resource user_013) (+3m) Record Invoice Receipt (handled by resource user_012) (+3m) Record Invoice Receipt (handled by resource user_013) (+2m) Record Invoice Receipt (handled by resource user_012) (+5m) Record Invoice Receipt (handled by resource user_013) (+2m) Record Invoice Receipt (handled by resource user_012) (+1m) Record Invoice Receipt (handled by resource user_013) (+2m) Record Invoice Receipt (handled by resource user_012) (+7m) Record Goods Receipt (handled by resource user_177) (+17m) Record Service Entry Sheet Record Goods Receipt (handled by resource user_177) (+1h) Record Service Entry Sheet Record Invoice Receipt (handled by resource user_001) (+13h) Record Invoice Receipt (handled by resource user_001) (+2m) Record Invoice Receipt (handled by resource user_001) (+3m) Record Invoice Receipt (handled by resource user_001) (+1m) Record Invoice Receipt (handled by resource user_001) (+2m) Record Invoice Receipt (handled by resource user_001) (+7m) Record Invoice Receipt (handled by resource user_001) (+1m) Record Invoice Receipt (handled by resource user_001) (+2m) Record Invoice Receipt (handled by resource user_001) (+1m) Record Invoice Receipt (handled by resource user_001) (+2m) Record Invoice Receipt (handled by resource user_001) (+1m) Record Invoice Receipt (handled by resource user_001) (+2m) Record Invoice Receipt (handled by resource user_001) (+1m) Cancel Invoice Receipt (handled by resource user_013) (+4h) Record Invoice Receipt (handled by resource user_013) (+2m) Cancel Invoice Receipt (handled by resource user_013) (+4m) Record Invoice Receipt (handled by resource user_013) (+6m) Cancel Invoice Receipt (handled by resource user_013) (+3m) Record Invoice Receipt (handled by resource user_013) (+3m) Cancel Invoice Receipt (handled by resource user_013) (+2m) Record Invoice Receipt (handled by resource user_013) (+4m) Clear Invoice (handled by resource user_197) (+4h) Clear Invoice (handled by resource user_197) (+2m) Record Invoice Receipt (handled by resource user_012) (+22h) Record Invoice Receipt (handled by resource user_012) (+2h) Record Invoice Receipt (handled by resource user_012) (+7m) Record Invoice Receipt (handled by resource user_013) (+22m) Record Invoice Receipt (handled by resource user_015) (+55m) Remove Payment Block (handled by resource user_015) Clear Invoice (handled by resource user_002) (+1h) Clear Invoice (handled by resource user_002) Record Invoice Receipt (handled by resource user_001) (+16h) Record Invoice Receipt (handled by resource user_001) (+1m) Record Invoice Receipt (handled by resource user_001) (+2m) Record Invoice Receipt (handled by resource user_013) (+1h) Remove Payment Block (handled by resource user_015) (+2m) Cancel Invoice Receipt (handled by resource user_013) (+2m) Record Invoice Receipt (handled by resource user_013) (+1h) Cancel Invoice Receipt (handled by resource user_013) (+2m) Clear Invoice (handled by resource user_013) (+18m) Clear Invoice (handled by resource user_013) (+1m) Cancel Invoice Receipt (handled by resource user_015) (+2h) Clear Invoice (handled by resource user_015) (+1m) Remove Payment Block (handled by resource batch_02) (+14h) Record Invoice Receipt (handled by resource user_015) (+3d) Cancel Invoice Receipt (handled by resource user_015) (+2m) Remove Payment Block (handled by resource user_015) (+1m) Clear Invoice (handled by resource user_015) (+1m) Record Invoice Receipt (handled by resource user_001) (+12h) Clear Invoice (handled by resource user_002) (+3d) Clear Invoice (handled by resource user_002) (+1m) Cancel Invoice Receipt (handled by resource user_001) (+4d) Cancel Invoice Receipt (handled by resource user_004) (+1d) Record Invoice Receipt (handled by resource user_004) (+3m) Clear Invoice (handled by resource user_004) (+1m) Record Goods Receipt (handled by resource user_177) (+2h) Record Service Entry Sheet Record Goods Receipt (handled by resource user_177) (+2m) Record Service Entry Sheet Record Goods Receipt (handled by resource user_177) (+5m) Record Service Entry Sheet Record Goods Receipt (handled by resource user_177) (+9m) Record Service Entry Sheet Record Goods Receipt (handled by resource user_177) (+1h) Record Service Entry Sheet Record Goods Receipt (handled by resource user_177) (+59m) Record Service Entry Sheet Record Goods Receipt (handled by resource user_177) (+6m) Record Service Entry Sheet Record Service Entry Sheet (+2m) Record Goods Receipt (handled by resource user_177) Record Goods Receipt (handled by resource user_177) (+30m) Record Service Entry Sheet Record Goods Receipt (handled by resource user_177) (+3m) Record Service Entry Sheet Record Goods Receipt (handled by resource user_177) (+9m) Record Service Entry Sheet Record Goods Receipt (handled by resource user_177) (+4m) Record Service Entry Sheet Record Goods Receipt (handled by resource user_177) (+13m) Record Service Entry Sheet Record Goods Receipt (handled by resource user_177) (+3m) Record Service Entry Sheet Record Service Entry Sheet (+2m) Record Goods Receipt (handled by resource user_177) Record Service Entry Sheet (+4m) Record Goods Receipt (handled by resource user_177) Record Goods Receipt (handled by resource user_177) (+2m) Record Service Entry Sheet Record Goods Receipt (handled by resource user_177) (+2m) Record Service Entry Sheet Record Goods Receipt (handled by resource user_177) (+6m) Record Service Entry Sheet Record Goods Receipt (handled by resource user_177) (+19m) Record Service Entry Sheet Record Invoice Receipt (handled by resource user_001) (+14h) Record Invoice Receipt (handled by resource batch_00) (+1m) Record Invoice Receipt (handled by resource user_020) (+2h) Record Invoice Receipt (handled by resource user_013) (+2h) Record Service Entry Sheet (+3h) Record Goods Receipt (handled by resource user_177) Record Service Entry Sheet (+2m) Record Goods Receipt (handled by resource user_177) Record Goods Receipt (handled by resource user_177) (+4m) Record Service Entry Sheet Record Goods Receipt (handled by resource user_177) (+40m) Record Service Entry Sheet Record Goods Receipt (handled by resource user_177) (+3m) Record Service Entry Sheet Clear Invoice (handled by resource user_002) (+22m) Clear Invoice (handled by resource user_002) Record Goods Receipt (handled by resource user_177) (+51m) Record Service Entry Sheet Record Goods Receipt (handled by resource user_177) (+17m) Record Service Entry Sheet Record Service Entry Sheet (+5m) Record Goods Receipt (handled by resource user_177) Record Goods Receipt (handled by resource user_177) (+5m) Record Goods Receipt (handled by resource user_177) Record Service Entry Sheet Record Service Entry Sheet Record Goods Receipt (handled by resource user_177) (+19m) Record Service Entry Sheet Record Goods Receipt (handled by resource user_177) (+2m) Record Service Entry Sheet Record Goods Receipt (handled by resource user_177) (+2m) Record Service Entry Sheet Record Goods Receipt (handled by resource user_177) (+2m) Record Service Entry Sheet Record Goods Receipt (handled by resource user_177) (+3m) Record Service Entry Sheet Record Service Entry Sheet (+1m) Record Goods Receipt (handled by resource user_177) Record Goods Receipt (handled by resource user_177) (+2m) Record Service Entry Sheet Record Goods Receipt (handled by resource user_177) (+3m) Record Service Entry Sheet Record Goods Receipt (handled by resource user_177) (+3m) Record Service Entry Sheet Record Goods Receipt (handled by resource user_177) (+2m) Record Service Entry Sheet Record Goods Receipt (handled by resource user_177) (+3m) Record Service Entry Sheet Record Goods Receipt (handled by resource user_177) (+2m) Record Service Entry Sheet Record Service Entry Sheet (+2m) Record Goods Receipt (handled by resource user_177) Record Goods Receipt (handled by resource user_177) (+2m) Record Service Entry Sheet Record Goods Receipt (handled by resource user_177) (+2m) Record Service Entry Sheet Record Goods Receipt (handled by resource user_177) (+1m) Record Service Entry Sheet Record Goods Receipt (handled by resource user_177) (+2m) Record Service Entry Sheet Record Goods Receipt (handled by resource user_177) (+2m) Record Service Entry Sheet Change Price (handled by resource user_063) (+4m) Record Goods Receipt (handled by resource user_177) (+4m) Record Service Entry Sheet Record Goods Receipt (handled by resource user_177) (+3m) Record Service Entry Sheet Record Service Entry Sheet (+3m) Record Goods Receipt (handled by resource user_177) Record Invoice Receipt (handled by resource user_012) (+1h) Record Invoice Receipt (handled by resource user_012) (+5m) Record Invoice Receipt (handled by resource user_012) (+4m) Record Invoice Receipt (handled by resource user_001) (+11h) Record Invoice Receipt (handled by resource user_001) (+5m) Record Invoice Receipt (handled by resource user_001) (+4m) Record Invoice Receipt (handled by resource user_001) (+2m) Record Invoice Receipt (handled by resource user_001) (+5m) Record Invoice Receipt (handled by resource user_001) (+57m) Record Invoice Receipt (handled by resource user_001) (+2m) Record Invoice Receipt (handled by resource user_001) (+2m) Record Invoice Receipt (handled by resource user_019) (+4h) Record Invoice Receipt (handled by resource user_012) (+1m) Record Invoice Receipt (handled by resource user_013) (+1m) Record Invoice Receipt (handled by resource user_020) (+37m) Record Invoice Receipt (handled by resource user_012) (+32m) Record Invoice Receipt (handled by resource user_012) (+4h) Record Invoice Receipt (handled by resource user_020) (+1h) Record Invoice Receipt (handled by resource user_001) (+3d) Record Invoice Receipt (handled by resource user_013) (+5h) Record Invoice Receipt (handled by resource user_013) (+2m) Clear Invoice (handled by resource user_002) Clear Invoice (handled by resource user_002) Clear Invoice (handled by resource user_002) Record Invoice Receipt (handled by resource user_012) (+1h) Record Invoice Receipt (handled by resource user_012) (+5m) Record Invoice Receipt (handled by resource user_020) (+2d) Record Invoice Receipt (handled by resource user_020) (+9m) Record Invoice Receipt (handled by resource user_020) (+59m) Record Invoice Receipt (handled by resource user_020) (+3m) Record Invoice Receipt (handled by resource user_020) (+20m) Record Invoice Receipt (handled by resource user_012) (+2h) Record Invoice Receipt (handled by resource user_013) (+36m) Record Invoice Receipt (handled by resource user_013) (+3m) Record Invoice Receipt (handled by resource user_013) (+4m) Record Invoice Receipt (handled by resource user_013) (+2m) Record Invoice Receipt (handled by resource user_013) (+3m) Record Invoice Receipt (handled by resource user_013) (+2m) Record Goods Receipt (handled by resource user_177) (+17h) Record Service Entry Sheet Record Goods Receipt (handled by resource user_177) (+4m) Record Service Entry Sheet Record Service Entry Sheet (+7m) Record Goods Receipt (handled by resource user_177) Record Invoice Receipt (handled by resource user_012) (+1d) Record Invoice Receipt (handled by resource user_020) (+54m) Record Invoice Receipt (handled by resource user_020) (+5m) Record Invoice Receipt (handled by resource user_020) (+4m) Record Invoice Receipt (handled by resource user_012) (+3d) Record Invoice Receipt (handled by resource user_012) (+2m) Record Invoice Receipt (handled by resource user_012) (+2m) Record Goods Receipt (handled by resource user_177) (+2h) Record Service Entry Sheet Record Invoice Receipt (handled by resource user_015) (+4d) Record Invoice Receipt (handled by resource user_012) (+3d) Record Invoice Receipt (handled by resource user_020) (+3d) Clear Invoice (handled by resource user_005) (+5h) Clear Invoice (handled by resource user_005) Record Invoice Receipt (handled by resource user_001) (+15h) Record Invoice Receipt (handled by resource user_020) (+9h) Clear Invoice (+8h) Clear Invoice (handled by resource user_002) (+6d) Rework observed: Cancel Invoice Receipt was repeated (seen in 1 cases); Change Price was repeated (seen in 1 cases); Clear Invoice was repeated (seen in 1 cases); Record Goods Receipt was repeated (seen in 1 cases); Record Invoice Receipt was repeated (seen in 1 cases); Record Service Entry Sheet was repeated (seen in 1 cases); Remove Payment Block was repeated (seen in 1 cases); Vendor creates debit memo was repeated (seen in 1 cases); Vendor creates invoice was repeated (seen in 1 cases).
