variant_id,category_id,rationale,structural_distance_to_category_medoid,nearest_other_category_id,nearest_other_category_structural_distance,profile_distance_to_category_medoid,nearest_other_category_profile_distance
V0001,fast_triage_only,"Short encounter consisting only of registration, triage, and sepsis screening without labs, admission, or treatment.",3.0,inpatient_admission_release,2.0,0.3926346004009247,0.3428671360015869
V0002,fast_triage_only,"Rapid encounter with minimal lab evaluation (leucocytes, CRP) concluding quickly without progression to treatment or admission.",2.0,inpatient_admission_release,2.0,0.3798392713069916,0.002573289442807436
V0003,fast_triage_only,Short triage and lab workup ending rapidly with no admission or intensive intervention.,1.0,inpatient_admission_release,2.0,0.38675567507743835,0.3369881808757782
V0004,standard_acute_care,Standard emergency encounter featuring comprehensive blood diagnostics followed by acute interventions including IV liquids and IV antibiotics.,0.0,fast_triage_only,1.0,0.43055567145347595,0.000607567373663187
V0005,fast_triage_only,"Brief encounter focused solely on initial triage and lab tests (leucocytes, CRP, lactic acid) with no subsequent treatment or admission.",3.0,standard_acute_care,2.0,0.38113903999328613,0.334606796503067
V0006,standard_acute_care,Includes standard diagnostics followed by acute care interventions such as IV liquid and IV antibiotics over a few hours.,2.0,fast_triage_only,1.0,0.4080997407436371,0.0014914828352630138
V0007,standard_acute_care,Involves thorough laboratory diagnostics and acute medical care with IV fluids and antibiotics.,2.0,fast_triage_only,1.0,0.4010578691959381,0.000749628699850291
V0008,inpatient_admission_release,"Involves initial triage and diagnostics, subsequent nursing unit admission, and stable release.",6.0,chronic_readmission_rework,1.0,0.3491789400577545,0.0017786488169804215
V0009,standard_acute_care,"Standard acute care pathway with comprehensive labs, IV liquids, and IV antibiotics without admission.",2.0,fast_triage_only,1.0,0.41918644309043884,0.004101776983588934
V0010,fast_triage_only,Minimal evaluation involving labs and late triage concluding without any downstream treatment or admission.,2.0,inpatient_admission_release,2.0,0.34234654903411865,0.33742550015449524
V0011,standard_acute_care,Standard acute care workflow with blood diagnostics and acute interventions (IV liquids and antibiotics).,2.0,fast_triage_only,1.0,0.40420782566070557,0.0019087552791461349
V0012,standard_acute_care,Emergency pathway featuring lab work and acute treatment (IV liquids and antibiotics).,3.0,fast_triage_only,1.0,0.46453800797462463,0.0006104464991949499
V0013,fast_triage_only,Rapid initial triage and lab workup concluding without progressing to treatment or admission.,2.0,standard_acute_care,1.0,0.3705359995365143,0.3341836631298065
V0014,inpatient_admission_release,Encounter proceeds from triage and basic labs to nursing unit admission and final stable release.,7.0,fast_triage_only,2.0,0.34503400325775146,0.000767590943723917
V0015,chronic_readmission_rework,"Features noticeable heavy rework with repeated lab tests (CRP, leucocytes) during an inpatient admission path.",7.0,inpatient_admission_release,1.0,0.5242221355438232,0.001538728945888579
V0016,chronic_readmission_rework,"Contains heavy rework involving repeated lab tests (CRP, leucocytes) following inpatient admission.",5.0,inpatient_admission_release,1.0,0.5117879509925842,6.932452379260212e-05
V0017,fast_triage_only,Brief encounter with labs and late sepsis triage concluding quickly without treatment or admission.,3.0,inpatient_admission_release,3.0,0.370645672082901,0.33429333567619324
V0018,inpatient_admission_release,Standard diagnostics and acute treatment followed by nursing unit admission and stable release.,5.0,standard_acute_care,2.0,0.34414079785346985,0.00012561735638882965
V0019,standard_acute_care,"Emergency department encounter with diagnostics, IV liquids, and IV antibiotics.",2.0,fast_triage_only,2.0,0.4196915626525879,0.003596652066335082
V0020,standard_acute_care,Rapid emergency care including acute treatment with IV liquids and antibiotics alongside lab work.,4.0,fast_triage_only,2.0,0.4638497531414032,0.002573289442807436
V0021,chronic_readmission_rework,"Long, complex pathway featuring repeated lab tests and an eventual return to the emergency room.",6.0,inpatient_admission_release,2.0,0.11554303765296936,0.0006282883114181459
V0022,inpatient_admission_release,Complete acute pathway ending in inpatient admission and subsequent stable release.,5.0,standard_acute_care,1.0,0.34359899163246155,0.00066740857437253
V0023,chronic_readmission_rework,"Very long, complex pathway featuring extensive lab repetition and ultimate return to the ER.",7.0,inpatient_admission_release,1.0,0.1112910807132721,0.005240190774202347
V0024,inpatient_admission_release,Acute diagnostics and treatment followed by transition to nursing unit admission.,7.0,fast_triage_only,1.0,0.7814075350761414,0.004364368971437216
V0025,standard_acute_care,Standard emergency intervention with diagnostics and IV treatment.,2.0,fast_triage_only,2.0,0.4066859781742096,7.773804099997506e-05
V0026,inpatient_admission_release,"Involves acute diagnostics, IV interventions, admission, and stable release prior to a later return to the ER.",3.0,chronic_readmission_rework,1.0,0.5326709747314453,0.04577702283859253
V0027,standard_acute_care,"Includes standard diagnostics and acute interventions like IV liquids and antibiotics, concluding at IV Antibiotics without admission.",4.0,fast_triage_only,2.0,0.40185967087745667,5.2188017434673384e-05
V0028,inpatient_admission_release,"Shows comprehensive diagnostics, IV treatment, inpatient admission, release, and subsequent readmission.",4.0,chronic_readmission_rework,1.0,0.41760826110839844,0.0003073322877753526
V0029,fast_triage_only,"Short encounter with rapid triage and minimal labs, concluding quickly without progression to admission.",4.0,standard_acute_care,2.0,0.37317773699760437,0.3368253707885742
V0030,inpatient_admission_release,"Includes diagnostics, IV interventions, inpatient admission, and eventual release.",3.0,chronic_readmission_rework,2.0,0.011842985637485981,0.0011354790767654777
V0031,fast_triage_only,Rapid triage and minimal lab work terminating quickly without admission or intensive treatment.,3.0,standard_acute_care,2.0,0.35756728053092957,0.34178218245506287
V0032,inpatient_admission_release,"Inpatient admission following standard diagnostics and treatment, followed by release and later return.",5.0,chronic_readmission_rework,1.0,0.36608192324638367,7.097923662513494e-05
V0033,inpatient_admission_release,"Demonstrates diagnostics, acute treatment, inpatient admission, and subsequent release.",5.0,chronic_readmission_rework,1.0,0.601254403591156,0.003758639097213745
V0034,standard_acute_care,Standard emergency department pathway with blood tests and acute interventions ending at IV liquid.,4.0,fast_triage_only,1.0,0.36069369316101074,0.014998753555119038
V0035,inpatient_admission_release,"Pathway includes diagnostics, IV treatments, inpatient admission, and stable release.",2.0,chronic_readmission_rework,2.0,0.01020983885973692,0.0010516488691791892
V0036,fast_triage_only,"Brief encounter consisting of triage, minimal labs, and basic acute steps without reaching admission.",4.0,standard_acute_care,2.0,0.3877202272415161,0.005307679995894432
V0037,inpatient_admission_release,Involves diagnostics and an admission to NC followed by release.,6.0,fast_triage_only,1.0,0.6861063838005066,0.08756411075592041
V0038,standard_acute_care,Standard acute care pathway involving diagnostics and acute interventions like IV liquids and antibiotics.,4.0,fast_triage_only,2.0,0.40322694182395935,0.0009278920479118824
V0039,chronic_readmission_rework,Extremely complex pathway with heavy repetition of lab tests and repeated admissions.,7.0,inpatient_admission_release,2.0,0.381043940782547,0.0005369993159547448
V0040,standard_acute_care,Comprehensive diagnostics and acute interventions concluding with admission.,3.0,inpatient_admission_release,1.0,0.39849355816841125,0.004004490561783314
V0041,chronic_readmission_rework,Characterized by extensive repetition of lab tests and repeated admission steps.,5.0,inpatient_admission_release,1.0,0.4046918451786041,0.00026427218108437955
V0042,inpatient_admission_release,"Inpatient admission following diagnostics and acute treatment, concluding in release.",4.0,chronic_readmission_rework,2.0,0.013154135085642338,0.00015812554920557886
V0043,fast_triage_only,Short triage and minimal lab evaluation concluding rapidly.,1.0,standard_acute_care,2.0,0.369968444108963,0.33361610770225525
V0044,inpatient_admission_release,Standard diagnostic and treatment steps followed by inpatient admission and release.,3.0,standard_acute_care,1.0,0.016234682872891426,0.00030982462340034544
V0045,inpatient_admission_release,"Inpatient admission resulting in release, followed by return to the ER.",8.0,chronic_readmission_rework,2.0,0.7272126078605652,0.02295343391597271
V0046,chronic_readmission_rework,"Displays extensive repetition of lab tests (CRP, Leucocytes) and rework.",5.0,inpatient_admission_release,1.0,0.49886012077331543,0.00018206116510555148
V0047,inpatient_admission_release,"Diagnostics, IV treatment, and inpatient admission culminating in a stable release.",5.0,standard_acute_care,1.0,0.364365816116333,0.003829243825748563
V0048,chronic_readmission_rework,Contains heavy repetition of lab tests including repeated CRP and Leucocytes.,4.0,inpatient_admission_release,1.0,0.5015076994895935,5.235307980910875e-05
V0049,chronic_readmission_rework,"Very long, complex pathway featuring extensive repetition of lab tests and admission rework before return.",6.0,inpatient_admission_release,3.0,0.1626460999250412,0.01858450099825859
V0050,fast_triage_only,Rapid patient encounter consisting of triage and minimal lab work concluding quickly.,2.0,standard_acute_care,2.0,0.3738487958908081,0.008563732728362083
V0051,inpatient_admission_release,"Involves acute diagnostics and treatment, inpatient admission, and eventual stable release.",2.0,chronic_readmission_rework,2.0,0.11430267244577408,0.0011645405320450664
V0052,chronic_readmission_rework,Long duration pathway resulting in a return to the emergency room.,4.0,inpatient_admission_release,1.0,0.13971081376075745,0.0011550614144653082
V0053,inpatient_admission_release,Proceeds directly to admission and subsequent release.,8.0,fast_triage_only,2.0,0.36726900935173035,0.0009260631049983203
V0054,chronic_readmission_rework,Includes repeat diagnostics and results in a patient return to the ER.,6.0,inpatient_admission_release,1.0,0.11215874552726746,0.0061078607104718685
V0055,chronic_readmission_rework,Extended duration pathway with repeated admissions and return to the ER.,4.0,inpatient_admission_release,2.0,0.012785417027771473,0.001251789159141481
V0056,fast_triage_only,Short encounter concluding quickly after initial diagnostics and treatment without admission.,3.0,standard_acute_care,1.0,0.019613943994045258,0.0038288275245577097
V0057,inpatient_admission_release,Standard acute care progression leading to admission and release.,3.0,standard_acute_care,2.0,0.3649376928806305,0.003257364733144641
V0058,inpatient_admission_release,"Proceeds to admission after triage and lab work, resulting in release.",7.0,chronic_readmission_rework,1.0,0.35969236493110657,0.008502662181854248
V0059,inpatient_admission_release,"Inpatient admission following acute care, ending in release despite repeated labs.",2.0,chronic_readmission_rework,1.0,0.020657068118453026,0.0022903818171471357
V0060,chronic_readmission_rework,High duration with repeat testing and subsequent emergency room return.,7.0,inpatient_admission_release,1.0,0.14922861754894257,0.0051670195534825325
V0061,inpatient_admission_release,"Inpatient admission after acute care, concluding in release.",3.0,standard_acute_care,1.0,0.008385705761611462,0.0007724848110228777
V0062,fast_triage_only,Brief evaluation and treatment concluding quickly without admission.,2.0,standard_acute_care,1.0,0.004047790542244911,0.0026230309158563614
V0063,chronic_readmission_rework,Excessive repetition of lab tests and extended monitoring.,11.0,inpatient_admission_release,5.0,0.480673223733902,0.0003595386224333197
V0064,inpatient_admission_release,"Comprehensive diagnostics, acute intervention, admission, and release.",5.0,standard_acute_care,2.0,0.16775353252887726,0.0010493920417502522
V0065,inpatient_admission_release,Inpatient admission with repeated stays and eventual release.,3.0,chronic_readmission_rework,2.0,0.11169963330030441,0.002185411984100938
V0066,inpatient_admission_release,Standard acute care and treatment followed by admission and release.,5.0,standard_acute_care,2.0,0.36772868037223816,0.00046639316133223474
V0067,inpatient_admission_release,Comprehensive diagnostics and acute treatment with subsequent admission and release.,5.0,standard_acute_care,2.0,0.006193116307258606,0.002673862734809518
V0068,inpatient_admission_release,"ICU and NC admission following acute workup, concluding in release.",6.0,chronic_readmission_rework,4.0,0.4493599832057953,0.00939370971173048
V0069,inpatient_admission_release,Acute care and admission resulting in stable release.,4.0,chronic_readmission_rework,2.0,0.007643458899110556,0.0015147315571084619
V0070,inpatient_admission_release,"Comprehensive diagnostics, IV interventions, admission, and release.",4.0,chronic_readmission_rework,2.0,0.17760534584522247,0.0019414921989664435
V0071,chronic_readmission_rework,"Long duration, repeated admissions, and return to the emergency room.",7.0,inpatient_admission_release,3.0,0.0289208572357893,0.002868368523195386
V0072,chronic_readmission_rework,Heavy repetition of lab tests leading to an ER return.,2.0,inpatient_admission_release,2.0,0.1472436785697937,0.005660650786012411
V0073,inpatient_admission_release,Inpatient admission and subsequent release after acute interventions.,6.0,fast_triage_only,3.0,0.0017798012122511864,0.0015468252822756767
V0074,chronic_readmission_rework,Acute care pathway concluding in a return to the emergency room.,9.0,inpatient_admission_release,1.0,0.3883794844150543,0.0014986841706559062
V0075,chronic_readmission_rework,"Extremely long, highly complex pathway with extensive repetition and ER return.",4.0,inpatient_admission_release,4.0,0.13321150839328766,0.0835915207862854
V0076,inpatient_admission_release,Involves diagnostics and acute treatment followed by inpatient admission and release.,8.0,fast_triage_only,2.0,0.6926496624946594,0.0810207650065422
V0077,inpatient_admission_release,Inpatient admission followed by repeated diagnostics and eventual release.,7.0,standard_acute_care,5.0,0.5300671458244324,0.22693006694316864
V0078,chronic_readmission_rework,Extremely long duration with intensive lab rework and return to ER.,9.0,inpatient_admission_release,5.0,0.1880841851234436,0.0014013733016327024
V0079,inpatient_admission_release,Standard acute care followed by inpatient admission and stable release.,6.0,standard_acute_care,1.0,0.17764191329479218,0.0019780497532337904
V0080,chronic_readmission_rework,Long pathway with heavy lab repetition and readmission.,8.0,inpatient_admission_release,4.0,0.2160482555627823,0.008568422868847847
V0081,fast_triage_only,"Short encounter with initial triage and diagnostics, concluding without admission.",3.0,standard_acute_care,2.0,0.35991227626800537,0.0806557834148407
V0082,inpatient_admission_release,Admission to intensive and normal care resulting in release.,6.0,standard_acute_care,3.0,0.3421350419521332,0.015414985828101635
V0083,chronic_readmission_rework,Long duration featuring test repetition and return to ER.,6.0,inpatient_admission_release,2.0,0.13360477983951569,0.0034167601261287928
V0084,inpatient_admission_release,"Diagnostics, acute interventions, inpatient admission, and subsequent release.",6.0,standard_acute_care,3.0,0.3342151343822479,0.025632724165916443
V0085,chronic_readmission_rework,"Extended pathway with multiple repeated admissions, tests, and ER return.",3.0,inpatient_admission_release,2.0,0.04142731428146362,0.00819267425686121
V0086,inpatient_admission_release,"Comprehensive diagnostics, acute treatment, inpatient admission, and release.",7.0,chronic_readmission_rework,2.0,0.008444412611424923,0.00014890798775013536
V0087,inpatient_admission_release,Inpatient admission with some rework leading to release.,4.0,chronic_readmission_rework,3.0,0.11333689093589783,0.0005481544649228454
V0088,fast_triage_only,Rapid sequence concluding with initial interventions and no admission.,2.0,standard_acute_care,3.0,0.04354352131485939,0.0062239631079137325
V0089,chronic_readmission_rework,"Long duration with repeated admissions, extensive lab work, and return to ER.",10.0,inpatient_admission_release,5.0,0.10022052377462387,0.08868689090013504
V0090,inpatient_admission_release,"Standard diagnostics, acute interventions, inpatient admission, and release.",7.0,chronic_readmission_rework,4.0,0.0016883508069440722,0.0014553748769685626
V0091,chronic_readmission_rework,Highly complex pathway characterized by extensive repetition of lab tests and admission.,12.0,inpatient_admission_release,9.0,0.44967302680015564,0.014636528678238392
V0092,standard_acute_care,Emergency department pathway with diagnostics and acute interventions.,6.0,inpatient_admission_release,2.0,0.6928665637969971,0.016749927774071693
V0093,inpatient_admission_release,Comprehensive diagnostics and acute treatment followed by inpatient admission and release.,6.0,chronic_readmission_rework,2.0,0.3386194705963135,0.008428587578237057
V0094,chronic_readmission_rework,"Long duration involving extensive testing, admission, and return to ER.",5.0,inpatient_admission_release,1.0,0.13307896256446838,0.003942589741200209
V0095,inpatient_admission_release,Diagnostics and inpatient admission followed by release.,6.0,standard_acute_care,1.0,0.018431013450026512,0.0025061536580324173
V0096,inpatient_admission_release,Standard acute care and inpatient admission resulting in release.,5.0,standard_acute_care,3.0,0.3358776867389679,0.22260314226150513
V0097,inpatient_admission_release,"Diagnostics, acute treatment, and inpatient care culminating in release.",5.0,standard_acute_care,2.0,0.11190997809171677,0.0019750732462853193
V0098,chronic_readmission_rework,Encounter resulting in return to ER after inpatient care and release.,10.0,inpatient_admission_release,2.0,0.254202276468277,0.006594869773834944
V0099,inpatient_admission_release,Acute care pathway with admission and final release.,4.0,standard_acute_care,1.0,0.11749177426099777,0.0024612846318632364
V0100,inpatient_admission_release,Acute interventions and inpatient admission followed by stable release.,3.0,chronic_readmission_rework,2.0,0.002812995808199048,0.0019908780232071877
V0101,chronic_readmission_rework,Extremely long pathway spanning over 240 days with repeated lab work and an emergency room return.,9.0,inpatient_admission_release,3.0,0.16402257978916168,0.019960986450314522
V0102,inpatient_admission_release,"Involves admission to NC, ongoing diagnostics, and a stable release within a moderate timeframe.",5.0,chronic_readmission_rework,3.0,0.11450287699699402,0.0013647397281602025
V0103,inpatient_admission_release,"Features diagnostics, acute treatment, and inpatient nursing admission followed by final release.",6.0,chronic_readmission_rework,4.0,0.12454891204833984,0.0010904624359682202
V0104,chronic_readmission_rework,Long duration path ending in a return to the emergency room.,9.0,standard_acute_care,1.0,0.3709336221218109,0.00968294870108366
V0105,chronic_readmission_rework,Extensive repetition of labs and inpatient stays over a period with heavy rework.,9.0,inpatient_admission_release,4.0,0.37335333228111267,0.00031226634746417403
V0106,chronic_readmission_rework,Repeated admission steps and extensive lab tests across multiple days.,8.0,inpatient_admission_release,3.0,0.4599449634552002,0.002993103116750717
V0107,inpatient_admission_release,Standard acute trajectory with inpatient admission and stable release.,7.0,chronic_readmission_rework,3.0,0.011027790606021881,0.0018695996841415763
V0108,chronic_readmission_rework,Extended duration pathway with multiple lab iterations leading back to the emergency room.,3.0,inpatient_admission_release,2.0,0.1318489909172058,0.00256820279173553
V0109,chronic_readmission_rework,"Long pathway over 100 days featuring repeated admissions and lab work, ending in a return.",7.0,inpatient_admission_release,3.0,0.13998743891716003,0.07157505303621292
V0110,chronic_readmission_rework,Long duration process culminating in a patient return to the ER.,9.0,inpatient_admission_release,2.0,0.3749702274799347,0.005646312143653631
V0111,standard_acute_care,"Short acute care pathway with diagnostics, IV fluids, and antibiotics, concluding quickly at admission without extreme rework.",3.0,fast_triage_only,1.0,0.40409961342811584,0.0003059449081774801
V0112,chronic_readmission_rework,"Extended duration with repeat admissions and labs, leading back to the ER.",5.0,inpatient_admission_release,2.0,0.020133836194872856,0.005918651819229126
V0113,standard_acute_care,Acute diagnostics and treatment resulting in a direct release.,5.0,inpatient_admission_release,1.0,0.6674192547798157,0.04457711800932884
V0114,inpatient_admission_release,Inpatient care path with controlled release after several days.,6.0,chronic_readmission_rework,3.0,0.12037086486816406,0.0003229414578527212
V0115,chronic_readmission_rework,Extremely long pathway with repeated testing and readmission patterns.,5.0,inpatient_admission_release,4.0,0.16473746299743652,0.020675867795944214
V0116,chronic_readmission_rework,Extended duration and return to the emergency room characteristic of chronic readmission.,6.0,inpatient_admission_release,2.0,0.12743794918060303,0.0026055171620100737
V0117,chronic_readmission_rework,Involves repeated stays and lab work ending in an ER return.,9.0,inpatient_admission_release,2.0,0.06933525949716568,0.04516616836190224
V0118,inpatient_admission_release,"Inpatient admission following acute care, leading to release.",6.0,chronic_readmission_rework,2.0,0.032668884843587875,7.481849479518132e-06
V0119,inpatient_admission_release,Typical acute care and inpatient monitoring followed by release.,6.0,standard_acute_care,1.0,0.0032889731228351593,0.00023028031864669174
V0120,chronic_readmission_rework,"Long duration spanning over two months, resulting in an ER return.",10.0,inpatient_admission_release,4.0,0.23612429201602936,0.017988337203860283
V0121,chronic_readmission_rework,Extended pathway with multiple repeated tests and a final return to the ER.,6.0,inpatient_admission_release,3.0,0.13204430043697357,0.004977260250598192
V0122,inpatient_admission_release,Standard inpatient stay with controlled release after treatment.,4.0,chronic_readmission_rework,1.0,0.032812684774398804,0.00015128232189454138
V0123,chronic_readmission_rework,"Heavy rework, repeated admissions, and an eventual return to the ER.",7.0,inpatient_admission_release,6.0,0.014126568101346493,0.0100425248965621
V0124,chronic_readmission_rework,Pathway featuring lab rework and a return to the emergency department.,5.0,inpatient_admission_release,2.0,0.15111702680587769,0.009533996693789959
V0125,chronic_readmission_rework,"Extremely long, complex pathway with ICU and NC admissions, heavy lab repetitions, and a return to the ER.",9.0,inpatient_admission_release,8.0,0.2203296422958374,0.01284978911280632
V0126,inpatient_admission_release,"The encounter involves standard diagnostics and admission (Admission NC), followed by release and a return to the ER, aligning with inpatient admission and subsequent monitoring/release.",4.0,chronic_readmission_rework,3.0,0.5696870684623718,0.0032373873982578516
V0127,fast_triage_only,"A short acute encounter focused on rapid initial evaluation, diagnostics, and IV antibiotics without proceeding to inpatient admission.",3.0,standard_acute_care,2.0,0.7030746340751648,0.2243661731481552
V0128,inpatient_admission_release,"Extensive acute care ending in inpatient admission (Admission IC and NC), subsequent release, and ER readmission.",15.0,chronic_readmission_rework,9.0,0.5420878529548645,0.00015762369730509818
V0129,chronic_readmission_rework,"Very long and complex pathway characterized by repeated lab tests (CRP, LacticAcid, Leucocytes) and multiple admissions, returning to the ER.",18.0,inpatient_admission_release,12.0,0.0949806198477745,0.08344698697328568
V0130,inpatient_admission_release,"Standard diagnostics, IV interventions, and inpatient admission (Admission NC) resulting in a stable release.",5.0,chronic_readmission_rework,2.0,0.008126062341034412,0.00016944143862929195
V0131,inpatient_admission_release,Encounter proceeds through diagnostics and admission (Admission NC) to a release before returning to the ER.,8.0,chronic_readmission_rework,2.0,0.6849220395088196,0.0050519551150500774
V0132,fast_triage_only,"Short encounter featuring basic triage, lab diagnostics, and IV antibiotics concluding quickly.",5.0,standard_acute_care,3.0,0.3789994418621063,0.3351621925830841
V0133,fast_triage_only,"Brief pathway featuring triage, lab diagnostics, and acute treatment without admission.",6.0,inpatient_admission_release,4.0,0.3632895052433014,0.3355536162853241
V0134,chronic_readmission_rework,"Extended pathway with extensive rework of lab tests, multiple admissions, and an eventual return to the ER.",14.0,inpatient_admission_release,8.0,0.1192576214671135,0.08667474240064621
V0135,inpatient_admission_release,"Diagnostics, IV treatment, and inpatient admission (Admission NC) followed by a final release.",4.0,chronic_readmission_rework,3.0,0.014437061734497547,0.00018754198390524834
V0136,chronic_readmission_rework,High complexity and length with repetitive lab testing and multiple admissions leading to ER readmission.,16.0,inpatient_admission_release,11.0,0.041862353682518005,0.00775763439014554
V0137,fast_triage_only,"Rapid encounter with triage, diagnostics, and IV antibiotics without advancing to admission.",5.0,inpatient_admission_release,2.0,0.7051540017127991,6.455677794292569e-05
V0138,inpatient_admission_release,Involves acute diagnostics and treatment followed by admission to non-critical care and a controlled release.,4.0,chronic_readmission_rework,3.0,0.3349076509475708,0.024940207600593567
V0139,inpatient_admission_release,"Inpatient admission (Admission IC and NC) following diagnostics and interventions, concluding with release.",22.0,chronic_readmission_rework,10.0,0.17055557668209076,0.0016343308379873633
V0140,inpatient_admission_release,Inpatient admission and monitoring followed by a release and subsequent return to the ER.,7.0,chronic_readmission_rework,3.0,0.5508947372436523,0.00026445588446222246
V0141,inpatient_admission_release,Emergency care leading to intensive and non-critical admissions before release and ER return.,8.0,chronic_readmission_rework,6.0,0.5338575839996338,0.0014339489862322807
V0142,inpatient_admission_release,"Comprehensive diagnostics, IV interventions, and inpatient admission culminating in release.",3.0,chronic_readmission_rework,2.0,0.007831408642232418,0.001326782046817243
V0143,inpatient_admission_release,"Pathway includes diagnostics, IV treatment, admission (Admission NC), and subsequent release and return to the ER.",6.0,chronic_readmission_rework,2.0,0.35969170928001404,0.0004744593461509794
V0144,inpatient_admission_release,"Inpatient admission following acute care, followed by repeated labs and eventual release.",8.0,chronic_readmission_rework,3.0,0.11189848184585571,0.001986560644581914
V0145,chronic_readmission_rework,"Extremely long, repetitive cycle of continuous lab tests and heavy rework matching chronic heavy utilization patterns.",106.0,inpatient_admission_release,47.0,0.5027632713317871,0.043886978179216385
V0146,fast_triage_only,Very short encounter with rapid evaluation and treatment ending quickly.,6.0,standard_acute_care,3.0,0.66697758436203,0.21019303798675537
V0147,inpatient_admission_release,Standard acute care proceeding to inpatient admission and subsequent controlled release.,5.0,chronic_readmission_rework,4.0,0.44739261269569397,0.0074263704009354115
V0148,fast_triage_only,"Short, rapid encounter concluding quickly after triage and minimal lab work with IV antibiotics.",2.0,standard_acute_care,1.0,0.01802394725382328,0.004311275202780962
V0149,inpatient_admission_release,"Acute care with blood tests, IV antibiotics, and inpatient admission before final release.",6.0,chronic_readmission_rework,4.0,0.0017984500154852867,0.001565474085509777
V0150,inpatient_admission_release,Complex admission pathway with multiple admission steps and lab repetitions resulting in controlled release.,7.0,chronic_readmission_rework,6.0,0.4615670144557953,0.00031226634746417403
V0151,chronic_readmission_rework,"Shows extensive repetition of lab tests and admissions, ending with a return to the emergency room.",17.0,inpatient_admission_release,11.0,0.09249300509691238,0.08570728451013565
V0152,inpatient_admission_release,Involves diagnostics and treatment followed by inpatient admission and a stable release.,8.0,fast_triage_only,3.0,0.35613664984703064,0.001413377351127565
V0153,standard_acute_care,"Features standard diagnostics and acute interventions such as IV liquids and antibiotics, leading to release.",4.0,inpatient_admission_release,2.0,0.0335305891931057,0.000917492900043726
V0154,chronic_readmission_rework,Demonstrates heavy rework and repeated tests over a long duration with a subsequent return to the ER.,5.0,inpatient_admission_release,3.0,0.11882603168487549,0.0862431526184082
V0155,chronic_readmission_rework,"Characterized by multiple admissions, repeated lab tests, and a very long duration resulting in ER return.",5.0,inpatient_admission_release,3.0,0.05367874726653099,0.00405876012519002
V0156,inpatient_admission_release,"Involves comprehensive diagnostics, acute interventions, and an inpatient admission followed by release.",5.0,chronic_readmission_rework,1.0,0.3495783507823944,0.0404617004096508
V0157,chronic_readmission_rework,Exhibits extensive repetition of CRP and leucocyte tests before release and subsequent ER return.,6.0,inpatient_admission_release,5.0,0.12222811579704285,0.00605679489672184
V0158,inpatient_admission_release,Standard acute pathway followed by inpatient admission and stable release.,4.0,chronic_readmission_rework,2.0,0.11803394556045532,0.002196806250140071
V0159,inpatient_admission_release,"Inpatient admission following acute care and diagnostics, concluding with release.",6.0,chronic_readmission_rework,3.0,0.11837443709373474,0.0018563204212114215
V0160,chronic_readmission_rework,Includes repeated admissions and lab work over a protracted timeline before returning to the ER.,5.0,inpatient_admission_release,3.0,0.024495422840118408,0.00032633054070174694
V0161,chronic_readmission_rework,Extremely long pathway with repeated admissions and diagnostic rework leading back to the ER.,6.0,inpatient_admission_release,3.0,0.061968665570020676,0.012348677963018417
V0162,inpatient_admission_release,"Inpatient admission following acute diagnostics and treatment, resulting in release.",6.0,chronic_readmission_rework,2.0,0.3479318916797638,0.04479476809501648
V0163,chronic_readmission_rework,Long duration featuring repeated labs and an eventual return to the ER.,6.0,inpatient_admission_release,2.0,0.1419595628976822,0.0021020262502133846
V0164,chronic_readmission_rework,"Characterized by substantial repetition of tests and intensive care stays, resulting in ER return.",7.0,inpatient_admission_release,6.0,0.1865331083536148,0.002952434355393052
V0165,standard_acute_care,Standard emergency department pathway with diagnostics and acute interventions leading to release.,4.0,inpatient_admission_release,2.0,0.031180059537291527,0.0014330390840768814
V0166,inpatient_admission_release,"Inpatient admission following acute care, ending in a stable release.",8.0,chronic_readmission_rework,4.0,0.11634081602096558,0.001310328021645546
V0167,inpatient_admission_release,"Involves intensive care admission, diagnostics, and treatment resulting in release.",9.0,chronic_readmission_rework,7.0,0.12238749116659164,0.007338401395827532
V0168,chronic_readmission_rework,"High complexity and extensive repetition of lactic acid and other tests, ending in an ER return.",10.0,inpatient_admission_release,7.0,0.2076374739408493,0.00015762369730509818
V0169,inpatient_admission_release,Admission and treatment culminating in a stable release.,4.0,chronic_readmission_rework,1.0,0.12029615044593811,0.0003976577427238226
V0170,inpatient_admission_release,"Diagnostics, acute treatment, and inpatient stay resulting in release.",6.0,chronic_readmission_rework,4.0,0.3510781526565552,0.012451402842998505
V0171,chronic_readmission_rework,Repeated lab tests and a subsequent return to the emergency room.,6.0,inpatient_admission_release,5.0,0.14206360280513763,0.0004805695207323879
V0172,chronic_readmission_rework,Extremely long and complex pathway with heavy repetition of blood tests leading back to the ER.,14.0,inpatient_admission_release,8.0,0.1253635436296463,0.0035260599106550217
V0173,inpatient_admission_release,"Inpatient admission after initial diagnostics and treatment, concluding with release.",7.0,standard_acute_care,4.0,0.010256116278469563,0.0002571165969129652
V0174,chronic_readmission_rework,Extremely long pathway featuring massive repetition of lab tests and intensive admissions before ER return.,42.0,inpatient_admission_release,22.0,0.17045699059963226,0.019028576090931892
V0175,inpatient_admission_release,"Inpatient admission following diagnostics and acute treatment, resulting in release.",4.0,chronic_readmission_rework,2.0,0.11169593781232834,0.0021891098003834486
V0176,inpatient_admission_release,"The narrative includes ER registration and triage, comprehensive diagnostics, acute treatments, an admission, and eventually results in a stable release.",9.0,chronic_readmission_rework,4.0,0.0018092611571773887,0.0006053470424376428
V0177,inpatient_admission_release,"Shows admission to nursing care following acute care interventions and diagnostics, concluding with release.",5.0,standard_acute_care,3.0,0.11623553186655045,0.0019085955573245883
V0178,inpatient_admission_release,"Longer inpatient stay with multiple repetitions of labs and nursing care admissions, ultimately concluding with a standard release.",17.0,chronic_readmission_rework,6.0,0.14622966945171356,0.001113498117774725
V0179,chronic_readmission_rework,"Extended pathway involving repeated admissions, extensive lab work rework, and a final return to the emergency room.",5.0,inpatient_admission_release,3.0,0.037860240787267685,0.011759747751057148
V0180,chronic_readmission_rework,Features repeated admission steps and subsequent emergency room return after a brief release.,11.0,inpatient_admission_release,4.0,0.229083850979805,0.04543657600879669
V0181,,Incomplete or irregular trajectory ending abruptly with leucocytes instead of a proper clinical release or admission endpoint.,,inpatient_admission_release,4.0,,0.014846313744783401
V0182,inpatient_admission_release,"Involves intensive care admission, nursing care admission, extensive diagnostics, and repetitive lab monitoring before final release.",18.0,chronic_readmission_rework,10.0,0.18321172893047333,0.002993103116750717
V0183,chronic_readmission_rework,"Complex course with multiple admissions, substantial lab repetition, and a subsequent return to the ER.",8.0,inpatient_admission_release,6.0,0.006416662130504847,0.005116966087371111
V0184,inpatient_admission_release,Standard acute care and nursing care admission followed by a stable patient release.,4.0,standard_acute_care,1.0,0.23420102894306183,0.11126402020454407
V0185,inpatient_admission_release,"Complex admission including both ICU and nursing care, extensive lab monitoring, and eventual release.",18.0,chronic_readmission_rework,10.0,0.19076168537139893,0.0003672268067020923
V0186,inpatient_admission_release,Standard acute interventions and admissions followed by stable patient release.,6.0,chronic_readmission_rework,3.0,0.1794147938489914,0.009384064935147762
V0187,fast_triage_only,"Short, minimal encounter concluding quickly after triage and initial lab work.",4.0,inpatient_admission_release,4.0,0.3774300813674927,0.09317597001791
V0188,inpatient_admission_release,"Admission to nursing care after triage and lab work, culminating in a stable release.",6.0,standard_acute_care,2.0,0.23948661983013153,0.11138105392456055
V0189,inpatient_admission_release,"Inpatient nursing care admission following acute treatments and diagnostics, ending in a stable release.",4.0,chronic_readmission_rework,2.0,0.0029945739079266787,0.0018093000398948789
V0190,inpatient_admission_release,Acute treatment and admission to nursing care followed by patient release.,6.0,chronic_readmission_rework,2.0,0.1691223531961441,0.00031941215274855494
V0191,chronic_readmission_rework,"Heavy repetition of lab tests, long pathway duration, and patient return to the ER.",8.0,inpatient_admission_release,5.0,0.11350151896476746,0.002669807756319642
V0192,chronic_readmission_rework,"Extremely long duration path with repeat admissions and diagnostics, concluding in an ER return.",5.0,inpatient_admission_release,1.0,0.06857029348611832,0.018950311467051506
V0193,inpatient_admission_release,"Inpatient nursing care admission with extensive lab monitoring, leading ultimately to release.",10.0,chronic_readmission_rework,5.0,0.021539507433772087,0.00075384764932096
V0194,inpatient_admission_release,Standard acute care and admission followed by patient release.,6.0,chronic_readmission_rework,2.0,0.010420232079923153,0.001262041972950101
V0195,inpatient_admission_release,"Acute treatment, inpatient nursing care admission, and subsequent stable release.",5.0,chronic_readmission_rework,4.0,0.008442944847047329,0.00014744036889169365
V0196,chronic_readmission_rework,"Highly complex and prolonged sequence involving intensive care, heavy lab rework, and a return to the emergency department.",27.0,inpatient_admission_release,17.0,0.11610666662454605,0.08352378755807877
V0197,fast_triage_only,Short triage-only encounter with minimal lab evaluations without progression to admission.,2.0,inpatient_admission_release,2.0,0.6930602192878723,0.18411029875278473
V0198,inpatient_admission_release,"Nursing care admission following minimal acute steps, resulting in release.",6.0,standard_acute_care,2.0,0.34885546565055847,0.008694581687450409
V0199,chronic_readmission_rework,Involves rework and a final return to the emergency room after an initial release.,8.0,inpatient_admission_release,3.0,0.12251049280166626,0.0063391681760549545
V0200,chronic_readmission_rework,Inpatient admission and release followed by a subsequent return to the emergency room.,4.0,inpatient_admission_release,1.0,0.14205749332904816,0.0004744593461509794
V0201,chronic_readmission_rework,Extremely long duration of 90d with heavy repetition of lab tests and a final outcome of returning to the ER.,20.0,inpatient_admission_release,12.0,0.19066238403320312,0.0011768318945541978
V0202,inpatient_admission_release,"Involves acute diagnostics, admission to NC, and release with a reasonable duration.",3.0,chronic_readmission_rework,2.0,0.021195165812969208,0.0017522848211228848
V0203,chronic_readmission_rework,Long duration path with repeated labs and subsequent ER return.,5.0,inpatient_admission_release,2.0,0.13526378571987152,7.097923662513494e-05
V0204,inpatient_admission_release,Standard acute care leading to admission and release.,3.0,chronic_readmission_rework,2.0,0.0,0.00023297588631976396
V0205,chronic_readmission_rework,Extended duration of 27d with significant repetition of labs and admission steps.,18.0,inpatient_admission_release,9.0,0.34368470311164856,0.036671232432127
V0206,inpatient_admission_release,Short acute episode resulting in admission and controlled release.,6.0,standard_acute_care,1.0,0.6998996734619141,0.07377076894044876
V0207,inpatient_admission_release,"Involves acute interventions, admission, and standard release.",4.0,chronic_readmission_rework,2.0,0.00872742012143135,0.00011352146248100325
V0208,inpatient_admission_release,Standard acute pathway leading to inpatient care and release.,9.0,chronic_readmission_rework,5.0,0.11641377955675125,0.0017303420463576913
V0209,inpatient_admission_release,Emergency care pathway progressing to admission and release.,6.0,fast_triage_only,1.0,0.35801294445991516,0.010182095691561699
V0210,chronic_readmission_rework,Very long duration of 110d with repeat labs and return to ER.,6.0,inpatient_admission_release,4.0,0.14075909554958344,0.002203351818025112
V0211,chronic_readmission_rework,Extended duration pathway of 47d with rework and ER readmission.,6.0,inpatient_admission_release,1.0,0.11647561192512512,0.0022183835972100496
V0212,chronic_readmission_rework,Complex pathway with repeated admissions and return to ER.,5.0,inpatient_admission_release,3.0,0.020214805379509926,0.003954286687076092
V0213,chronic_readmission_rework,Features multiple admissions and an eventual return to the ER.,9.0,inpatient_admission_release,3.0,0.25574517250061035,0.0050519551150500774
V0214,inpatient_admission_release,Standard diagnostics and admission resulting in release.,4.0,chronic_readmission_rework,2.0,0.015345331281423569,0.0005795284523628652
V0215,inpatient_admission_release,Inpatient treatment pathway concluding in release.,8.0,chronic_readmission_rework,4.0,0.02024191804230213,0.0003595386224333197
V0216,chronic_readmission_rework,Long duration of 54d involving repeated admissions and return to ER.,7.0,inpatient_admission_release,3.0,0.009297756478190422,0.002235871972516179
V0217,fast_triage_only,Very short duration encounter concluding rapidly after initial triage and minimal lab work without admission.,6.0,standard_acute_care,2.0,0.027864186093211174,0.008488164283335209
V0218,inpatient_admission_release,Acute emergency care leading to intensive care admission and release.,14.0,chronic_readmission_rework,10.0,0.4800247251987457,0.01628837175667286
V0219,fast_triage_only,Very short encounter concluding quickly after initial triage and minimal lab work without progression to admission.,2.0,inpatient_admission_release,2.0,0.7129149436950684,0.16907767951488495
V0220,chronic_readmission_rework,Extended duration of 37d resulting in an ER return.,6.0,inpatient_admission_release,1.0,0.11292805522680283,0.0032432677689939737
V0221,inpatient_admission_release,Standard acute care with admission and final release.,6.0,standard_acute_care,4.0,0.24562601745128632,0.13057692348957062
V0222,inpatient_admission_release,Inpatient care pathway featuring diagnostics and release.,13.0,chronic_readmission_rework,6.0,0.13080188632011414,0.00024266155378427356
V0223,inpatient_admission_release,Standard acute care with subsequent admission and release.,2.0,chronic_readmission_rework,2.0,0.23602360486984253,0.11405808478593826
V0224,chronic_readmission_rework,Extremely long duration of 364d with repeated tests and subsequent return to ER.,4.0,inpatient_admission_release,2.0,0.1754123568534851,0.0313507616519928
V0225,inpatient_admission_release,Emergency admission pathway leading to controlled release.,8.0,fast_triage_only,4.0,0.7048508524894714,0.2648845314979553
V0226,inpatient_admission_release,Involves admission and extended stay before final release.,5.0,standard_acute_care,1.0,0.12164760380983353,0.0009537956793792546
V0227,chronic_readmission_rework,High duration with repeated lab tests and readmission to ER.,7.0,inpatient_admission_release,3.0,0.019689036533236504,0.004480055999010801
V0228,inpatient_admission_release,Inpatient admission followed by stable release.,6.0,chronic_readmission_rework,4.0,0.23719702661037445,0.11523151397705078
V0229,chronic_readmission_rework,Repetitive lab work and subsequent return to the ER.,7.0,inpatient_admission_release,3.0,0.17094804346561432,0.029365018010139465
V0230,chronic_readmission_rework,Very long duration with extensive test repetition and return to ER.,4.0,inpatient_admission_release,3.0,0.005517255514860153,0.006016372237354517
V0231,chronic_readmission_rework,Extremely long pathway with repeat diagnostics and return to ER.,6.0,inpatient_admission_release,1.0,0.04011628404259682,0.009503702633082867
V0232,fast_triage_only,Short encounter with rapid triage and minimal evaluation concluding immediately.,3.0,inpatient_admission_release,1.0,0.012599420733749866,0.0031856950372457504
V0233,chronic_readmission_rework,"Long duration, heavy rework of tests, and return to ER.",6.0,inpatient_admission_release,2.0,0.11415576189756393,0.0020155597012490034
V0234,fast_triage_only,Very quick evaluation concluding at labs without admission.,2.0,standard_acute_care,3.0,0.3668188154697418,0.33620020747184753
V0235,inpatient_admission_release,Standard inpatient treatment leading to release.,6.0,standard_acute_care,3.0,0.18652667105197906,0.0015859603881835938
V0236,inpatient_admission_release,Admission path with stable release.,7.0,fast_triage_only,2.0,0.34699130058288574,0.010558702051639557
V0237,chronic_readmission_rework,"Multiple admissions, repeated tests, and return to ER.",6.0,inpatient_admission_release,1.0,0.038441650569438934,0.014272559434175491
V0238,inpatient_admission_release,Inpatient pathway with multiple admissions and eventually stable release.,7.0,chronic_readmission_rework,3.0,0.12141647189855576,0.0005490417242981493
V0239,chronic_readmission_rework,Prolonged path with heavy rework and repetitions of labs.,11.0,inpatient_admission_release,6.0,0.3422792851924896,0.012175043113529682
V0240,inpatient_admission_release,Inpatient care and admission resulting in release.,6.0,chronic_readmission_rework,3.0,0.012252609245479107,0.000743401178624481
V0241,chronic_readmission_rework,Long duration involving heavy rework and patient return to ER.,7.0,inpatient_admission_release,4.0,0.003712746547535062,0.007820880971848965
V0242,chronic_readmission_rework,Extremely long duration path ending in return to ER.,9.0,inpatient_admission_release,2.0,0.2542400062084198,0.01240634173154831
V0243,chronic_readmission_rework,"Extensive repetition of lab tests, multiple admissions, and return to ER.",24.0,inpatient_admission_release,15.0,0.14835789799690247,0.09175731986761093
V0244,inpatient_admission_release,Inpatient admission and treatment followed by release.,8.0,standard_acute_care,3.0,0.1161341592669487,0.0011036747600883245
V0245,chronic_readmission_rework,Frequent repetition of tests and prolonged inpatient rework.,10.0,inpatient_admission_release,8.0,0.3591795265674591,0.0007301903679035604
V0246,inpatient_admission_release,Intensive and inpatient care ending in release.,9.0,chronic_readmission_rework,5.0,0.1150449886918068,0.0019636324141174555
V0247,inpatient_admission_release,Multiple inpatient stays culminating in controlled release.,15.0,chronic_readmission_rework,8.0,0.5189949870109558,0.011858287267386913
V0248,chronic_readmission_rework,Long pathway featuring extensive testing loops and emergency room return.,10.0,inpatient_admission_release,7.0,0.2009490728378296,0.0016995238838717341
V0249,standard_acute_care,Standard acute care pathway with antibiotics and admission/release.,7.0,inpatient_admission_release,2.0,0.34045645594596863,0.0006097574951127172
V0250,chronic_readmission_rework,Very long overall duration and heavy rework resulting in ER return.,8.0,inpatient_admission_release,3.0,0.14408187568187714,2.027826849371195e-05
V0251,inpatient_admission_release,"The patient experienced intensive care and normal care admissions following diagnostics and treatments, eventually resulting in an ER return after release.",12.0,chronic_readmission_rework,7.0,0.5240936279296875,0.001089870580472052
V0252,inpatient_admission_release,"Involves diagnostics, IV interventions, multiple nursing admissions, and a controlled release.",4.0,chronic_readmission_rework,3.0,0.11649931222200394,0.0014688357478007674
V0253,inpatient_admission_release,"Includes standard diagnostics, IV antibiotics, nursing admission, and a final release.",4.0,chronic_readmission_rework,2.0,0.3416164219379425,0.2265673279762268
V0254,chronic_readmission_rework,"Extremely long pathway characterized by extensive repetition of lab tests (CRP, Leucocytes) and multiple admission loops.",18.0,inpatient_admission_release,10.0,0.3394363224506378,0.053125590085983276
V0255,inpatient_admission_release,"Path involves ER triage, diagnostics, IV treatments, inpatient nursing care, and final release.",4.0,chronic_readmission_rework,3.0,0.11670994013547897,0.001434184960089624
V0256,inpatient_admission_release,"Features acute care pathway, admission to nursing care, release, and subsequent return to the ER.",7.0,chronic_readmission_rework,2.0,0.5273272395133972,0.001205101958476007
V0257,inpatient_admission_release,"Includes ICU and nursing care admissions following lab work and interventions, leading to release.",12.0,chronic_readmission_rework,9.0,0.12031030654907227,0.0036547088529914618
V0258,inpatient_admission_release,Standard acute trajectory with nursing admission and subsequent controlled release.,7.0,chronic_readmission_rework,5.0,0.4460906982421875,0.0031843918841332197
V0259,inpatient_admission_release,"Involves blood work, IV administration, admission, and eventual release.",3.0,chronic_readmission_rework,2.0,0.0021090798545628786,0.00030552817042917013
V0260,fast_triage_only,"Short, rapid encounter concluding quickly after initial triage and minimal lab work, terminating at IV antibiotics without progression to admission.",1.0,standard_acute_care,2.0,0.02170579880475998,0.0007684677839279175
V0261,inpatient_admission_release,"Involves ER care, admission, release, and subsequent readmission to the ER.",9.0,chronic_readmission_rework,4.0,0.3977465331554413,0.0008605325710959733
V0262,inpatient_admission_release,Typical acute care path with admission and release before returning to the ER.,7.0,chronic_readmission_rework,3.0,0.36685752868652344,0.0008465871214866638
V0263,inpatient_admission_release,"Path includes diagnostics, IV therapy, admission, release, and later return to the ER.",5.0,chronic_readmission_rework,2.0,0.4038849174976349,0.0022107011172920465
V0264,inpatient_admission_release,Standard acute care pathway involving admission and controlled release.,4.0,standard_acute_care,2.0,0.11122293025255203,0.0018472605152055621
V0265,inpatient_admission_release,"Involves ER care, admission, release, and a return to the emergency department.",5.0,chronic_readmission_rework,1.0,0.5527440309524536,0.017988337203860283
V0266,inpatient_admission_release,Features nursing admissions after diagnostics and a final release.,6.0,chronic_readmission_rework,3.0,0.12343195080757141,0.001466432586312294
V0267,inpatient_admission_release,"Inpatient admission followed by diagnostics, care, and final release.",7.0,standard_acute_care,3.0,0.12395045906305313,0.001984952250495553
V0268,standard_acute_care,"Standard emergency department pathway with comprehensive blood diagnostics and IV interventions, ending before any inpatient admission.",6.0,inpatient_admission_release,2.0,0.7042667269706726,0.00541625777259469
V0269,inpatient_admission_release,Inpatient admission sequence with release and eventual return to the ER.,8.0,chronic_readmission_rework,2.0,0.4231140911579132,2.027826849371195e-05
V0270,inpatient_admission_release,"Acute diagnostics, IV treatment, inpatient care, release, and subsequent return to ER.",8.0,standard_acute_care,4.0,0.4160740375518799,0.0008910323958843946
V0271,inpatient_admission_release,"Admissions to ICU and NC following acute interventions, concluding in release.",11.0,chronic_readmission_rework,7.0,0.45174169540405273,0.002466572681441903
V0272,inpatient_admission_release,Standard acute care progression to nursing admission and final release.,7.0,standard_acute_care,3.0,0.021518945693969727,0.0007744086324237287
V0273,chronic_readmission_rework,Extremely long and complex pathway with heavy repetition of leucocyte and CRP tests and multiple admissions.,75.0,inpatient_admission_release,47.0,0.4186936318874359,0.041752103716135025
V0274,standard_acute_care,"Emergency department pathway involving comprehensive blood tests followed by IV liquid and IV antibiotics and admission, ending in release without high complexity or chronic rework.",2.0,inpatient_admission_release,1.0,0.39990106225013733,0.33583006262779236
V0275,chronic_readmission_rework,"Characterized by extensive repetition of LacticAcid and other lab tests during inpatient care, indicative of heavy rework.",18.0,inpatient_admission_release,11.0,0.5589936971664429,0.0009773572674021125
V0276,inpatient_admission_release,"The pathway includes initial triage, diagnostics, acute treatments, admission, and a stable release without extreme rework or readmission patterns.",4.0,chronic_readmission_rework,3.0,0.014191769994795322,0.0004328330687712878
V0277,chronic_readmission_rework,"Extremely long duration of over 200 days with heavy repetition of lab tests, ICU/NC admissions, and a final return to the ER.",10.0,inpatient_admission_release,8.0,0.2181466817855835,0.010666850954294205
V0278,inpatient_admission_release,"Involves admission to nursing care following acute treatment, with minor lab follow-ups and a stable release.",7.0,standard_acute_care,4.0,0.006053885444998741,0.002534631872549653
V0279,chronic_readmission_rework,Features multiple repeat labs and a subsequent return to the emergency room after release.,7.0,inpatient_admission_release,3.0,0.14464958012104034,0.003066557226702571
V0280,chronic_readmission_rework,Extensive duration (86 days) with continuous lab rework and a return to the ER.,8.0,inpatient_admission_release,5.0,0.13373883068561554,0.003282714867964387
V0281,inpatient_admission_release,Standard inpatient admission pathway with routine follow-up labs and release A.,9.0,chronic_readmission_rework,6.0,0.01453226525336504,0.005374075844883919
V0282,inpatient_admission_release,Proceeds from diagnostics and acute treatments to inpatient admission and eventual release.,7.0,chronic_readmission_rework,3.0,0.006288583856076002,0.0027693305164575577
V0283,chronic_readmission_rework,"Long and complex pathway characterized by repeated admissions, extensive lab repetition, and ER return.",20.0,inpatient_admission_release,10.0,0.006599831860512495,0.01756926067173481
V0284,chronic_readmission_rework,"Long duration (123 days), repeated admissions, and heavy lab rework culminating in a return to the ER.",3.0,inpatient_admission_release,3.0,0.03290776535868645,0.006855277810245752
V0285,chronic_readmission_rework,Contains multiple repeated admissions and extensive lab testing loops.,9.0,inpatient_admission_release,4.0,0.3613532781600952,0.0014435508055612445
V0286,standard_acute_care,Standard emergency department pathway with diagnostics and acute treatment followed directly by admission and release.,7.0,inpatient_admission_release,3.0,0.03415272757411003,0.001361554954200983
V0287,fast_triage_only,"Short, rapid encounter concluding with minimal lab work and no progression to admission or treatment.",3.0,standard_acute_care,2.0,0.37319183349609375,0.00922070536762476
V0288,chronic_readmission_rework,Long duration with repetitive lab testing and a return to the emergency room.,4.0,inpatient_admission_release,3.0,0.14692828059196472,0.005345253273844719
V0289,inpatient_admission_release,Standard acute care and admission leading to stable release.,5.0,standard_acute_care,2.0,0.028258098289370537,0.0006097574951127172
V0290,chronic_readmission_rework,"Extremely long duration (321 days), repeated admissions, and extensive lab rework before ER return.",6.0,inpatient_admission_release,5.0,0.060607362538576126,0.010987378656864166
V0291,inpatient_admission_release,Inpatient admission with repeated admission steps and stable release.,4.0,chronic_readmission_rework,3.0,0.2593994438648224,0.12720820307731628
V0292,fast_triage_only,"Very brief encounter consisting only of initial triage and minimal lab work, ending without admission.",2.0,inpatient_admission_release,2.0,0.41164395213127136,0.3618764877319336
V0293,inpatient_admission_release,Standard acute trajectory ending in admission and subsequent release.,4.0,chronic_readmission_rework,2.0,0.1792156845331192,0.005122477654367685
V0294,inpatient_admission_release,Inpatient admission following acute care with minor lab checks leading to release A.,5.0,chronic_readmission_rework,3.0,0.1151570975780487,0.0001266155013581738
V0295,standard_acute_care,"Emergency pathway with diagnostics and acute IV treatments, concluding without further complex events.",3.0,fast_triage_only,2.0,0.34308862686157227,0.049976129084825516
V0296,chronic_readmission_rework,"Involves repeated admission steps, lab rework, and a final return to the ER.",6.0,inpatient_admission_release,3.0,0.0479288287460804,0.023759737610816956
V0297,chronic_readmission_rework,Extended duration (99 days) with lab rework and a return to the emergency room.,4.0,inpatient_admission_release,2.0,0.1379125863313675,0.0006431698566302657
V0298,inpatient_admission_release,Standard acute care and admission path culminating in release A.,4.0,chronic_readmission_rework,3.0,0.010617084801197052,9.042237797984853e-05
V0299,chronic_readmission_rework,High repetition of lab work and extended monitoring loops characteristic of heavy rework.,10.0,inpatient_admission_release,6.0,0.4789813458919525,0.0006092095864005387
V0300,chronic_readmission_rework,"Extremely complex pathway lasting 198 days with heavy lab repetition, ICU and NC admissions, and return to ER.",14.0,inpatient_admission_release,9.0,0.13007211685180664,0.08621453493833542
V0301,chronic_readmission_rework,Extensive lab repetitions and a return to the emergency room characterize this pathway as heavy rework and readmission.,7.0,inpatient_admission_release,3.0,0.1274135857820511,0.0014760210178792477
V0302,fast_triage_only,Short encounter ending quickly after initial triage and minimal diagnostics without admission or intensive treatment.,4.0,standard_acute_care,1.0,0.37924981117248535,0.3364960849285126
V0303,chronic_readmission_rework,"Involves multiple repetitions of diagnostics, admission, and ultimately a return to the ER.",6.0,inpatient_admission_release,3.0,0.02482825703918934,0.0012242308584973216
V0304,standard_acute_care,"Standard acute trajectory featuring diagnostics, IV fluids, antibiotics, and subsequent admission and release.",11.0,inpatient_admission_release,3.0,0.3675888776779175,0.00014782309881411493
V0305,fast_triage_only,Rapid encounter finishing with IV antibiotics shortly after triage and initial lab work.,4.0,standard_acute_care,2.0,0.0491570383310318,0.0006104464991949499
V0306,standard_acute_care,"Standard care pathway with triage, nursing admission, diagnostics, and a stable release.",7.0,fast_triage_only,3.0,0.3767145872116089,0.0013490665005519986
V0307,chronic_readmission_rework,"Path featuring repeated lab work, admission, and patient return to the ER.",5.0,inpatient_admission_release,1.0,0.12776000797748566,0.0029275782871991396
V0308,chronic_readmission_rework,"Characterized by repeated lab tests, admission, and a subsequent readmission to the ER.",8.0,inpatient_admission_release,2.0,0.1988595724105835,0.0550118051469326
V0309,standard_acute_care,"Typical acute care involving triage, labs, IV treatment, and nursing admission.",5.0,fast_triage_only,4.0,0.40771886706352234,0.0033132981043308973
V0310,inpatient_admission_release,"Encounter requiring inpatient nursing admission following diagnostics and treatment, resulting in release.",5.0,chronic_readmission_rework,2.0,0.11430410295724869,0.0011659680167213082
V0311,chronic_readmission_rework,"Highly complex pathway with extensive lab tests, intensive care, and a return to the ER.",15.0,inpatient_admission_release,10.0,0.19121408462524414,0.001728525967337191
V0312,inpatient_admission_release,Involves admission after acute treatment and concludes with a controlled release.,8.0,chronic_readmission_rework,5.0,0.05172520503401756,0.010436493903398514
V0313,inpatient_admission_release,Proceeds from acute care and nursing admission to a final stable release.,6.0,chronic_readmission_rework,4.0,0.4508476257324219,0.03893236070871353
V0314,inpatient_admission_release,Standard admission and treatment sequence leading to release.,9.0,chronic_readmission_rework,6.0,0.46698451042175293,0.02279544435441494
V0315,chronic_readmission_rework,Extremely long pathway with repeated lab tests and intensive nursing admission.,24.0,inpatient_admission_release,13.0,0.5067177414894104,0.011829075403511524
V0316,inpatient_admission_release,"Inpatient admission following acute evaluation, eventually resulting in release.",6.0,chronic_readmission_rework,4.0,0.48169270157814026,0.010885282419621944
V0317,chronic_readmission_rework,"Extremely long, highly complex pathway with extensive repetition of lab tests and eventual ER return.",156.0,inpatient_admission_release,89.0,0.1498023271560669,0.12325087934732437
V0318,chronic_readmission_rework,Involves extensive lab repetitions and prolonged nursing care before release.,22.0,inpatient_admission_release,13.0,0.5149776935577393,0.003569160820916295
V0319,inpatient_admission_release,Proceeds from triage and diagnostics to inpatient nursing admission and release.,12.0,chronic_readmission_rework,7.0,0.020193083211779594,0.0004083736566826701
V0320,chronic_readmission_rework,"Long pathway characterized by repeated diagnostics and admission, resulting in patient return.",6.0,inpatient_admission_release,3.0,0.13924096524715424,0.07082857191562653
V0321,chronic_readmission_rework,"Features extensive repetition of lab tests and admission, leading to an ER return.",7.0,inpatient_admission_release,4.0,0.10069704055786133,0.08878851681947708
V0322,fast_triage_only,"Short, rapid encounter concluding quickly after triage, minimal labs, and treatment.",3.0,standard_acute_care,2.0,0.025229090824723244,0.009443975053727627
V0323,inpatient_admission_release,"Brief inpatient admission following triage and diagnostics, resulting in release.",8.0,fast_triage_only,2.0,0.378671795129776,0.00019302907458040863
V0324,chronic_readmission_rework,"Long path featuring extensive repetition of lab tests, admissions, and an ER return.",25.0,inpatient_admission_release,14.0,0.08476957678794861,0.09630320221185684
V0325,fast_triage_only,Short rapid encounter concluding quickly after initial diagnostics and treatment.,4.0,standard_acute_care,3.0,0.3522380590438843,0.3364529609680176
V0326,inpatient_admission_release,"The narrative includes admission (Admission NC) following standard diagnostics and IV treatments, culminating in a release.",4.0,chronic_readmission_rework,3.0,0.010032308287918568,0.0004809253441635519
V0327,chronic_readmission_rework,"Involves admission, repeated lab tests (CRP, Leucocytes), and ultimately a return to the emergency room after a lengthy duration.",5.0,standard_acute_care,3.0,0.015269678086042404,0.008899413980543613
V0328,chronic_readmission_rework,Displays an extended timeline with repeated diagnostics and an eventual return to the ER.,8.0,inpatient_admission_release,2.0,0.16502714157104492,0.02096555382013321
V0329,chronic_readmission_rework,Exhibits heavy rework and repetitive lab testing of CRP and Leucocytes over multiple weeks before release.,15.0,inpatient_admission_release,7.0,0.3616185486316681,0.0017088159220293164
V0330,fast_triage_only,"Short encounter with rapid triage, minimal lab work, and no progression to admission.",2.0,standard_acute_care,1.0,0.4051632583141327,0.0009680844959802926
V0331,chronic_readmission_rework,Contains intensive repetition of lab tests (CRP and Leucocytes) spanning a multi-week course.,13.0,inpatient_admission_release,6.0,0.45998597145080566,0.00847602728754282
V0332,inpatient_admission_release,Standard acute interventions followed by inpatient admission and subsequent stable release.,6.0,standard_acute_care,4.0,0.7277681827545166,0.28780195116996765
V0333,chronic_readmission_rework,"Characterized by repeated admissions and extensive repetition of LacticAcid, CRP, and Leucocytes.",11.0,inpatient_admission_release,6.0,0.4781932830810547,0.0172345582395792
V0334,chronic_readmission_rework,"Extremely complex pathway involving repeated admissions (NC and IC), extensive lab repetition, and ER return.",27.0,inpatient_admission_release,14.0,0.08592339605093002,0.09745702147483826
V0335,chronic_readmission_rework,"Involves repeated inpatient admissions, multiple rounds of lab testing, and an eventual return to the ER.",5.0,inpatient_admission_release,4.0,0.032085295766592026,0.007916202768683434
V0336,standard_acute_care,Standard emergency department pathway with diagnostics and acute interventions ending shortly after.,5.0,inpatient_admission_release,1.0,0.6882939338684082,0.011478784494102001
V0337,inpatient_admission_release,Diagnostics and acute treatment followed by admission and eventual release.,6.0,standard_acute_care,1.0,0.011589896865189075,0.0008823901880532503
V0338,inpatient_admission_release,"Proceeds through diagnostics, IV treatment, and admission before concluding in a release.",5.0,standard_acute_care,3.0,0.11922011524438858,0.0010106355184689164
V0339,chronic_readmission_rework,"Long, highly complex pathway with multiple ICU/NC admissions, heavy lab rework, and a return to the ER.",19.0,inpatient_admission_release,14.0,0.17332255840301514,0.06679265201091766
V0340,inpatient_admission_release,"Includes standard diagnostics, IV treatments, admission, and a final release.",6.0,chronic_readmission_rework,3.0,0.01319966558367014,0.00020365603268146515
V0341,inpatient_admission_release,Standard acute care progression leading to admission and subsequent release.,4.0,standard_acute_care,1.0,0.11470868438482285,0.0015705417608842254
V0342,fast_triage_only,"Short encounter consisting only of initial registration, triage, and minimal lab work without treatment or admission.",3.0,inpatient_admission_release,3.0,0.6984941363334656,0.19464921951293945
V0343,inpatient_admission_release,Comprehensive diagnostics and acute interventions followed by admission and release.,6.0,chronic_readmission_rework,3.0,0.1242372989654541,0.0022717800457030535
V0344,chronic_readmission_rework,Extended pathway featuring extensive repetition of CRP and Leucocytes over multiple weeks.,8.0,inpatient_admission_release,3.0,0.471078485250473,0.012289193458855152
V0345,chronic_readmission_rework,Highly complex and lengthy pathway characterized by multiple admissions and heavy repetition of lab tests.,15.0,inpatient_admission_release,10.0,0.44005677103996277,0.005099603906273842
V0346,chronic_readmission_rework,"Extremely long duration with intensive rework, multiple admissions, and an eventual return to the ER.",14.0,inpatient_admission_release,9.0,0.13996504247188568,0.09034505486488342
V0347,chronic_readmission_rework,"Prolonged pathway featuring repeated lab tests and admissions, concluding with a return to the ER.",9.0,inpatient_admission_release,6.0,0.1554052233695984,0.011343632824718952
V0348,chronic_readmission_rework,"Includes admission, repeated diagnostics, and an eventual return to the emergency room.",7.0,inpatient_admission_release,4.0,0.06293963640928268,0.03877054527401924
V0349,fast_triage_only,Abbreviated encounter terminating at sepsis triage with minimal evaluation and no admission or treatment.,6.0,standard_acute_care,4.0,0.7169299721717834,0.3344213664531708
V0350,chronic_readmission_rework,Involves an admission and subsequent release followed by a long-term readmission return to the ER.,10.0,inpatient_admission_release,1.0,0.3679978847503662,0.012618673034012318
V0351,standard_acute_care,"This narrative shows standard emergency department care including triage, blood tests (CRP, Leucocytes), IV antibiotics, and subsequent admission and release without excessive rework.",7.0,inpatient_admission_release,1.0,0.025057902559638023,0.00012561735638882965
V0352,chronic_readmission_rework,"This pathway spans 31 days with extensive repetitions of admission and lab tests, ultimately resulting in a patient return to the emergency room.",6.0,inpatient_admission_release,3.0,0.006862329784780741,0.01730676181614399
V0353,chronic_readmission_rework,"Very long duration (184 days) with repeated lab tests (CRP, Leucocytes) and a final outcome of return to the ER.",4.0,inpatient_admission_release,2.0,0.15573234856128693,0.011670760810375214
V0354,chronic_readmission_rework,"Characterized by heavy rework and repeated tests including LacticAcid, CRP, Leucocytes, and multiple admissions over several days.",18.0,inpatient_admission_release,10.0,0.46939459443092346,0.0007188001764006913
V0355,chronic_readmission_rework,"Exhibits heavy rework with repeated admissions and multiple rounds of lab testing (CRP, LacticAcid, Leucocytes).",6.0,inpatient_admission_release,5.0,0.4715202748775482,0.0009999602334573865
V0356,chronic_readmission_rework,Involves frequent repetitions of lab diagnostics such as CRP and Leucocytes spanning a multi-day course.,10.0,inpatient_admission_release,6.0,0.525757372379303,0.004760923329740763
V0357,chronic_readmission_rework,Long duration path (60 days) with repeated admissions and repeated lab tests leading back to the ER.,6.0,inpatient_admission_release,3.0,0.012204264290630817,0.0006706362473778427
V0358,chronic_readmission_rework,Features repeated admissions (Admission NC) and a subsequent return to the emergency room.,8.0,inpatient_admission_release,1.0,0.2540817856788635,0.006715340539813042
V0359,chronic_readmission_rework,Extended pathway (108 days) featuring multiple repeated lab diagnostics and returning to the ER.,5.0,inpatient_admission_release,3.0,0.14041848480701447,0.0018627376994118094
V0360,standard_acute_care,"Standard acute workflow with blood tests, IV fluids, IV antibiotics, and an admission leading to release.",5.0,chronic_readmission_rework,4.0,0.037205398082733154,0.0016911141574382782
V0361,chronic_readmission_rework,Contains repeated admissions and repeated lab tests during the hospitalization period.,9.0,inpatient_admission_release,2.0,0.4112437665462494,0.002138219540938735
V0362,chronic_readmission_rework,"Shows repeated laboratory tests (CRP, Leucocytes) during the inpatient stay.",6.0,inpatient_admission_release,2.0,0.5060785412788391,0.00030965302721597254
V0363,chronic_readmission_rework,Includes repeated lab tests like CRP and Leucocytes within the pathway.,6.0,inpatient_admission_release,2.0,0.5119822025299072,2.9203385565779172e-05
V0364,chronic_readmission_rework,Long duration (119 days) with repeated testing and a patient return to the ER.,7.0,inpatient_admission_release,3.0,0.14312498271465302,0.0009366095182485878
V0365,inpatient_admission_release,"Involves intensive care unit admission following diagnostics and treatment, though incomplete outcome representation.",10.0,standard_acute_care,7.0,0.49763670563697815,0.018542062491178513
V0366,chronic_readmission_rework,Features heavy repetition of lab tests and a final return to the ER.,6.0,inpatient_admission_release,3.0,0.13617268204689026,0.0009798796381801367
V0367,chronic_readmission_rework,"Extremely complex pathway with heavy repetition of LacticAcid, Leucocytes, and CRP culminating in an ER return.",20.0,inpatient_admission_release,11.0,0.17260992527008057,0.01687563955783844
V0368,fast_triage_only,"Short encounter involving initial evaluation, basic lab work, and a quick transition directly to admission without extensive treatment loops.",3.0,inpatient_admission_release,2.0,0.33685287833213806,0.006206849589943886
V0369,chronic_readmission_rework,Demonstrates extensive repetition of lab tests and a final outcome of return to the ER.,8.0,inpatient_admission_release,7.0,0.19275574386119843,0.04890796169638634
V0370,chronic_readmission_rework,Long duration (97 days) with multiple repeated blood tests and an ER return.,6.0,inpatient_admission_release,5.0,0.19279803335666656,0.0033124852925539017
V0371,inpatient_admission_release,Standard acute diagnostics and antibiotics followed by inpatient admission and controlled release.,7.0,fast_triage_only,2.0,0.7029959559440613,0.07067447155714035
V0372,chronic_readmission_rework,Involves repeated admissions and extensive repetition of laboratory diagnostics.,12.0,inpatient_admission_release,7.0,0.4460383355617523,0.0008819322101771832
V0373,chronic_readmission_rework,Includes repeated lab test cycles (CRP and Leucocytes) during the care pathway.,8.0,standard_acute_care,1.0,0.4921165406703949,0.0007724848110228777
V0374,standard_acute_care,"Standard emergency department pathway with comprehensive diagnostics, IV fluids, and IV antibiotics.",6.0,chronic_readmission_rework,2.0,0.6989285349845886,7.816903962520882e-05
V0375,chronic_readmission_rework,"Complex course with repeated admissions, intensive care, and heavy repetition of multiple lab tests over an extended period.",11.0,inpatient_admission_release,7.0,0.4464155435562134,0.0012591567356139421
V0376,inpatient_admission_release,Involves admission and prolonged inpatient stay with multiple repeated labs and tests before final release.,7.0,standard_acute_care,3.0,0.4801537096500397,0.00962620135396719
V0377,inpatient_admission_release,Inpatient admission following acute care diagnostics with subsequent controlled release after several days.,5.0,chronic_readmission_rework,5.0,0.002937379525974393,0.0018664944218471646
V0378,fast_triage_only,Short 3-hour emergency encounter concluding rapidly after minimal lab work and IV antibiotics without admission.,2.0,standard_acute_care,1.0,0.01247147936373949,0.00043937613372690976
V0379,fast_triage_only,Very quick emergency encounter ending after standard labs and antibiotics without progressing to admission.,0.0,standard_acute_care,1.0,0.0012578346068039536,0.005412986967712641
V0380,inpatient_admission_release,"Inpatient admission following acute care pathway, concluding with a stable release after a few days.",7.0,fast_triage_only,2.0,0.3427259922027588,0.001540409866720438
V0381,inpatient_admission_release,Inpatient admission resulting in controlled release after multi-day observation and treatment.,6.0,chronic_readmission_rework,1.0,0.12537509202957153,0.00026427218108437955
V0382,chronic_readmission_rework,"Extended pathway with multiple admissions, repeated diagnostics, and eventual return to the ER.",5.0,inpatient_admission_release,3.0,0.0335317961871624,0.009362704120576382
V0383,inpatient_admission_release,Standard acute care followed by inpatient admission and release after a few days.,7.0,standard_acute_care,4.0,0.3513602018356323,0.003959903493523598
V0384,chronic_readmission_rework,"Highly complex, long duration pathway featuring extensive repetition of lab tests and inpatient stays.",10.0,inpatient_admission_release,6.0,0.5334029793739319,0.013247284106910229
V0385,chronic_readmission_rework,"Prolonged encounter with heavy rework, multiple lab repetitions, and ultimate return to the ER.",8.0,inpatient_admission_release,7.0,0.20720688998699188,0.06335911154747009
V0386,chronic_readmission_rework,Extremely long duration case characterized by extensive test repetition and a return to the emergency room.,4.0,inpatient_admission_release,2.0,0.13589876890182495,0.0011227871291339397
V0387,chronic_readmission_rework,Long pathway with repeated admissions and extensive lab test rework over multiple weeks.,6.0,inpatient_admission_release,2.0,0.36008408665657043,0.0001743799221003428
V0388,inpatient_admission_release,Inpatient admission followed by several days of monitoring and rework before a stable release.,7.0,standard_acute_care,4.0,0.011730345897376537,0.001022837939672172
V0389,standard_acute_care,"Emergency department pathway with diagnostics, IV treatment, and short-stay admission resulting in release.",5.0,inpatient_admission_release,1.0,0.34510764479637146,0.001413377351127565
V0390,inpatient_admission_release,"Inpatient admission following acute care diagnostics and interventions, ending in a stable release.",8.0,chronic_readmission_rework,4.0,0.4621572494506836,0.02219104766845703
V0391,inpatient_admission_release,"Intensive care and non-critical admission following standard diagnostics, culminating in release.",4.0,chronic_readmission_rework,4.0,0.12009914964437485,0.005050057079643011
V0392,inpatient_admission_release,Inpatient admission with subsequent extended observation and treatment before release.,4.0,chronic_readmission_rework,3.0,0.24244330823421478,0.11197013407945633
V0393,chronic_readmission_rework,"Extremely long, highly complex sequence with continuous repetition of lab tests and multiple admission steps.",17.0,inpatient_admission_release,9.0,0.36186137795448303,0.0016007829690352082
V0394,inpatient_admission_release,Acute care followed by inpatient admission and subsequent controlled release.,6.0,chronic_readmission_rework,3.0,0.017977045848965645,0.0020521862898021936
V0395,inpatient_admission_release,"Inpatient admission following comprehensive diagnostics and IV treatments, ending in release.",2.0,chronic_readmission_rework,2.0,0.006066368892788887,0.002547115320339799
V0396,inpatient_admission_release,Standard acute interventions followed by inpatient admission and multi-day recovery before release.,4.0,chronic_readmission_rework,2.0,0.0015051988884806633,0.0009094090783037245
V0397,inpatient_admission_release,"Inpatient admission occurring after standard diagnostics and acute interventions, resulting in release.",8.0,standard_acute_care,5.0,0.12385553866624832,0.000612699834164232
V0398,chronic_readmission_rework,"Extremely long pathway characterized by severe test repetition, multiple admissions, and an ER return.",13.0,inpatient_admission_release,6.0,0.01584046334028244,0.008328628726303577
V0399,fast_triage_only,Short emergency encounter with minimal diagnostics and admission concluding quickly.,5.0,inpatient_admission_release,2.0,0.3437577784061432,0.04079475253820419
V0400,inpatient_admission_release,"Inpatient admission following acute care diagnostics, leading to controlled release after a few days.",4.0,chronic_readmission_rework,2.0,0.1756306290626526,3.322564225527458e-05
V0401,inpatient_admission_release,Involves diagnostics and acute interventions followed by hospital admission (Admission NC) and subsequent release (Release B).,9.0,chronic_readmission_rework,4.0,0.3400893211364746,0.03695220127701759
V0402,chronic_readmission_rework,Features repeated lab tests and an extended timeframe leading back to the emergency room (Return ER).,8.0,inpatient_admission_release,3.0,0.15182580053806305,0.0077642109245061874
V0403,chronic_readmission_rework,"Characterized by multiple admissions, repeated diagnostics, and heavy rework concluding with a return to the ER.",7.0,inpatient_admission_release,3.0,0.12432289868593216,0.10015380382537842
V0404,chronic_readmission_rework,"Long duration pathway showing repeated admissions, repeated lab work, and a patient return to the ER.",6.0,inpatient_admission_release,3.0,0.04988444223999977,0.00026445588446222246
V0405,inpatient_admission_release,"Includes standard diagnostics, IV antibiotics, admission, and a stable release (Release A).",6.0,standard_acute_care,2.0,0.027999194338917732,0.0008686588262207806
V0406,inpatient_admission_release,Standard acute care pathway leading to admission and subsequent release.,5.0,standard_acute_care,2.0,0.1780501753091812,0.002386338310316205
V0407,inpatient_admission_release,"Involves intensive care admission (Admission IC), lab monitoring, and a controlled release.",5.0,chronic_readmission_rework,5.0,0.3700188100337982,0.057794537395238876
V0408,chronic_readmission_rework,"Extended pathway with multiple repetitions of CRP and leucocyte tests, ending in an ER return.",6.0,inpatient_admission_release,3.0,0.12327253073453903,0.005617077928036451
V0409,chronic_readmission_rework,High complexity pathway with repeated admissions and lab tests resulting in a return visit.,8.0,inpatient_admission_release,1.0,0.03168777748942375,0.005635289009660482
V0410,inpatient_admission_release,Standard diagnostics and acute treatment followed by nursing care admission and eventual release.,5.0,standard_acute_care,1.0,0.33531391620635986,0.005123061593621969
V0411,chronic_readmission_rework,Extensive repetition of multiple diagnostic tests over a long duration with multiple readmission indicators.,9.0,inpatient_admission_release,6.0,0.5410766005516052,0.06894596666097641
V0412,chronic_readmission_rework,"Heavy rework featuring continuous repetition of CRP and leucocyte tests over weeks, ending in an ER return.",8.0,inpatient_admission_release,5.0,0.11311671137809753,0.005577287171036005
V0413,inpatient_admission_release,"Acute treatment and admission after initial triage, followed by release.",7.0,chronic_readmission_rework,2.0,0.7707801461219788,0.0002737457980401814
V0414,chronic_readmission_rework,Involves repeated diagnostic tests and rework over several weeks before returning to the ER.,5.0,inpatient_admission_release,3.0,0.11147671192884445,0.004694614093750715
V0415,fast_triage_only,Short encounter concluding quickly with minimal evaluation and immediate admission.,3.0,standard_acute_care,1.0,0.3456058204174042,0.0016015717992559075
V0416,standard_acute_care,"Emergency department pathway with standard diagnostics and acute interventions like IV liquids and antibiotics, resulting in quick release.",5.0,chronic_readmission_rework,1.0,0.0011292623821645975,0.00046639316133223474
V0417,fast_triage_only,Short rapid encounter involving minimal lab work and triage repetition without formal admission.,3.0,standard_acute_care,1.0,0.6966779828071594,0.6730076670646667
V0418,chronic_readmission_rework,Long pathway with recurring lab work and a subsequent return to the emergency room.,4.0,inpatient_admission_release,3.0,0.12090983241796494,0.0018415371887385845
V0419,inpatient_admission_release,Standard acute care progression to inpatient admission and eventual release.,4.0,chronic_readmission_rework,2.0,0.002229053992778063,0.00018555410497356206
V0420,inpatient_admission_release,"Inpatient admission following acute care, featuring repeated admission events and final release.",6.0,standard_acute_care,3.0,0.3450256884098053,0.012524325400590897
V0421,chronic_readmission_rework,Highly complex pathway characterized by repeated nursing admissions and heavy laboratory rework.,8.0,inpatient_admission_release,4.0,0.38568541407585144,0.0074263704009354115
V0422,chronic_readmission_rework,"Extremely long, highly complex pathway with extensive repetition of lab tests and intensive care, resulting in a return.",8.0,inpatient_admission_release,6.0,0.2156151533126831,0.008135299198329449
V0423,chronic_readmission_rework,Extended duration path with heavy repetition of lab tests and multiple nursing care admissions.,8.0,inpatient_admission_release,4.0,0.3448280990123749,0.00962620135396719
V0424,inpatient_admission_release,Standard acute care sequence resulting in admission and release before returning to the ER.,6.0,chronic_readmission_rework,3.0,0.6898749470710754,0.019925547763705254
V0425,inpatient_admission_release,Diagnostics and acute treatment followed by nursing admission and stable release.,4.0,chronic_readmission_rework,1.0,0.00028532897704280913,5.235307980910875e-05
V0426,inpatient_admission_release,The narrative includes comprehensive diagnostics and acute interventions followed by inpatient admission (Admission NC) and a stable release (Release C).,4.0,chronic_readmission_rework,3.0,0.45424890518188477,0.03553104028105736
V0427,chronic_readmission_rework,"The patient experienced a long, complex pathway featuring repeat admissions and lab tests, ultimately resulting in an ER return after a prolonged duration.",9.0,inpatient_admission_release,4.0,0.029735760763287544,0.0036832736805081367
V0428,inpatient_admission_release,"This case features diagnostics, acute care, admission, and repeated lab work resulting in a stable release (Release C).",12.0,chronic_readmission_rework,7.0,0.3432140648365021,0.01663379743695259
V0429,fast_triage_only,"This encounter is short and concludes rapidly after initial triage, minimal lab work, and IV antibiotics without admission.",4.0,standard_acute_care,2.0,0.0,0.004415913950651884
V0430,inpatient_admission_release,"Involves acute care, comprehensive labs, inpatient admission, and finishes with a stable release (Release A).",8.0,chronic_readmission_rework,5.0,0.11840271949768066,0.0053213671781122684
V0431,inpatient_admission_release,"Shows diagnostics, acute interventions, inpatient admission, and subsequent release within a moderate timeframe.",0.0,chronic_readmission_rework,1.0,0.008028007112443447,0.00026749688549898565
V0432,inpatient_admission_release,"Follows standard acute interventions and diagnostics, progressing to intensive/normal care admission and release.",13.0,chronic_readmission_rework,6.0,0.4927658140659332,0.003547282889485359
V0433,inpatient_admission_release,"Includes standard diagnostics, IV treatments, admission to care, and concludes with a controlled release.",4.0,chronic_readmission_rework,3.0,0.5247648358345032,0.16841638088226318
V0434,inpatient_admission_release,"Demonstrates diagnostics, IV therapy, inpatient admission, and a stable release.",6.0,standard_acute_care,3.0,0.123954176902771,0.001988658681511879
V0435,chronic_readmission_rework,"Extremely complex pathway with heavy repetition of lab tests, multiple admissions, and an eventual return to the ER.",33.0,inpatient_admission_release,18.0,0.09025397151708603,0.10058179497718811
V0436,inpatient_admission_release,"Involves acute care, diagnostics, inpatient admission, and controlled release.",7.0,chronic_readmission_rework,5.0,0.4711458683013916,0.0016007829690352082
V0437,chronic_readmission_rework,"Characterized by extensive repetition of lab tests, multiple care admissions, and an eventual return to the emergency department.",31.0,inpatient_admission_release,18.0,0.18896935880184174,0.04512156918644905
V0438,inpatient_admission_release,"Standard acute care progression including diagnostics, IV treatments, inpatient admission, and final release.",12.0,chronic_readmission_rework,5.0,0.0248879324644804,0.0008247224031947553
V0439,inpatient_admission_release,"Longer pathway featuring extensive diagnostics and inpatient care, concluding in a controlled release.",29.0,chronic_readmission_rework,12.0,0.054081618785858154,0.01279290858656168
V0440,chronic_readmission_rework,"Features multiple admissions, extensive lab repetition, and ultimately an emergency room readmission.",9.0,standard_acute_care,5.0,0.09065237641334534,0.0875479206442833
V0441,chronic_readmission_rework,Extremely long duration leading to an ER return after an initial admission and release.,5.0,inpatient_admission_release,2.0,0.17789345979690552,0.03383186087012291
V0442,chronic_readmission_rework,"Extended duration with repeat admissions, resulting in a patient return to the emergency room.",9.0,inpatient_admission_release,4.0,0.02484738640487194,0.001205101958476007
V0443,chronic_readmission_rework,Pathway shows inpatient care followed by a prolonged return to the ER.,6.0,inpatient_admission_release,2.0,0.11559072881937027,0.0031032694969326258
V0444,inpatient_admission_release,"Involves diagnostics, IV therapy, admission, and finishes with a controlled release.",10.0,chronic_readmission_rework,3.0,0.3457367718219757,0.014111104421317577
V0445,inpatient_admission_release,"Standard progression of diagnostics, acute care, inpatient admission, and stable release.",4.0,chronic_readmission_rework,2.0,0.11496453732252121,0.0018263960955664515
V0446,inpatient_admission_release,"Includes standard diagnostics, IV liquids/antibiotics, admission, and release.",7.0,chronic_readmission_rework,3.0,0.11269871145486832,0.00014782309881411493
V0447,chronic_readmission_rework,Extensive duration with multiple repeat tests and a subsequent return to the ER.,9.0,inpatient_admission_release,5.0,0.14739903807640076,0.003337449161335826
V0448,chronic_readmission_rework,"Long-duration case featuring intensive care/normal care admissions, extensive repetition, and an ER return.",9.0,inpatient_admission_release,7.0,0.19781559705734253,0.0014339489862322807
V0449,chronic_readmission_rework,Extremely long duration path ending in a return to the emergency room.,6.0,inpatient_admission_release,4.0,0.23359090089797974,0.02611105889081955
V0450,inpatient_admission_release,"Standard acute interventions, diagnostic tests, inpatient admission, and a stable release.",5.0,chronic_readmission_rework,2.0,0.0009537968435324728,0.0011867728317156434
V0451,inpatient_admission_release,"Involves ER triage, lab tests, admission to NC, and a stable release without extreme repetition or early quick triage discharge.",5.0,fast_triage_only,1.0,0.33666446805000305,0.02754783071577549
V0452,chronic_readmission_rework,"Extremely long pathway with heavy repetition of lab tests (CRP, Leucocytes, LacticAcid) and multiple admissions/releases, characterizing heavy rework.",25.0,inpatient_admission_release,12.0,0.439193993806839,0.005962352734059095
V0453,chronic_readmission_rework,"Long pathway involving repeated admissions, extensive lab work rework, and ultimately a return to the emergency room.",9.0,inpatient_admission_release,4.0,0.015358335338532925,0.008810757659375668
V0454,chronic_readmission_rework,"Very long duration pathway with acute care, admission, rework, and return to the ER.",5.0,inpatient_admission_release,2.0,0.02730780653655529,0.001255317940376699
V0455,inpatient_admission_release,"Includes standard diagnostics, IV antibiotics, inpatient admission, and eventual stable release.",5.0,chronic_readmission_rework,1.0,0.13346581161022186,0.000579172105062753
V0456,standard_acute_care,"Comprehensively covers diagnostics, IV liquid, IV antibiotics, and admission resulting in a short duration stay.",7.0,inpatient_admission_release,1.0,0.3571925461292267,0.000612699834164232
V0457,chronic_readmission_rework,"Complex pathway with multiple admissions, IC/NC transfers, and repeated lab work representing significant rework.",17.0,inpatient_admission_release,9.0,0.4448033273220062,0.00035307396319694817
V0458,chronic_readmission_rework,"Long duration path featuring acute care, admission, release, and subsequent return to the ER.",7.0,inpatient_admission_release,2.0,0.24383991956710815,0.022806422784924507
V0459,inpatient_admission_release,"Involves acute care, diagnostics, inpatient admission, and controlled release.",8.0,standard_acute_care,3.0,0.11924955993890762,0.000981189077720046
V0460,chronic_readmission_rework,"Involves acute diagnostics, admission, repeat lab tests, and returns to the emergency room.",4.0,inpatient_admission_release,2.0,0.036592137068510056,0.012423043139278889
V0461,standard_acute_care,"Standard acute pathway featuring diagnostics, IV antibiotics, and admission resulting in release.",7.0,inpatient_admission_release,1.0,0.3622913062572479,0.0004330340016167611
V0462,fast_triage_only,Very short duration encounter concluding rapidly with minimal lab work and an intermediate checkpoint.,6.0,chronic_readmission_rework,1.0,0.7149978280067444,0.011478784494102001
V0463,chronic_readmission_rework,Long duration encounter leading to a return to the ER following admission and treatment.,9.0,inpatient_admission_release,2.0,0.36000242829322815,0.01720411144196987
V0464,chronic_readmission_rework,"Extremely long duration path with repeated labs, admissions, and subsequent return to the ER.",6.0,inpatient_admission_release,3.0,0.11440598964691162,0.08484355360269547
V0465,standard_acute_care,"Typical acute care pathway with initial diagnostics, IV interventions, and admission.",8.0,inpatient_admission_release,4.0,0.3546997010707855,0.00018754198390524834
V0466,inpatient_admission_release,"Inpatient admission following diagnostics and acute treatment, resulting in a controlled release after a moderate duration.",3.0,chronic_readmission_rework,3.0,0.14136499166488647,0.0001743799221003428
V0467,chronic_readmission_rework,"Path featuring repeated lab work, multiple admissions, and an eventual return to the ER.",6.0,inpatient_admission_release,3.0,0.026851268485188484,0.002682177582755685
V0468,chronic_readmission_rework,"Features repeated lab tests (CRP, Leucocytes) and an eventual return to the ER.",6.0,inpatient_admission_release,4.0,0.15070655941963196,0.009123536758124828
V0469,chronic_readmission_rework,Long duration pathway showing repeated lab testing and multiple admissions before returning to the ER.,6.0,inpatient_admission_release,4.0,0.019452625885605812,0.004716466646641493
V0470,standard_acute_care,Standard acute emergency department pathway with diagnostics and IV interventions leading to admission.,7.0,inpatient_admission_release,1.0,0.699515163898468,0.005123061593621969
V0471,standard_acute_care,"Typical acute care sequence including diagnostics, IV liquid, and IV antibiotics.",7.0,inpatient_admission_release,1.0,0.3563282787799835,7.083689706632867e-05
V0472,standard_acute_care,"Standard acute sequence with diagnostics, IV intervention, and admission leading to release.",9.0,inpatient_admission_release,2.0,0.3604833781719208,0.00011352146248100325
V0473,chronic_readmission_rework,Pathway ending with a return to the emergency room following inpatient care and repeat labs.,8.0,inpatient_admission_release,2.0,0.15410815179347992,0.012525132857263088
V0474,chronic_readmission_rework,Extremely long duration pathway ending in a return to the emergency room.,6.0,inpatient_admission_release,2.0,0.15487219393253326,0.01081059779971838
V0475,inpatient_admission_release,Inpatient admission followed by diagnostics and eventual stable release.,4.0,standard_acute_care,2.0,0.0031238861847668886,0.00039536727126687765
V0476,chronic_readmission_rework,"This narrative shows an extended hospital stay with repeated lab tests and an eventual return to the ER, aligning with chronic readmission and heavy rework.",4.0,inpatient_admission_release,4.0,0.2492227554321289,0.031086785718798637
V0477,inpatient_admission_release,"Involves admission to NC following diagnostics and acute care, followed by controlled release after stabilization.",6.0,chronic_readmission_rework,4.0,0.11649402230978012,0.0014635324478149414
V0478,inpatient_admission_release,"Contains standard acute diagnostics and treatment, inpatient admission, and subsequent release.",9.0,chronic_readmission_rework,4.0,0.11703306436538696,0.001111059682443738
V0479,chronic_readmission_rework,Pathways involve inpatient care with repeated diagnostics and culminate in an ER return.,5.0,inpatient_admission_release,3.0,0.15149374306201935,0.009910715743899345
V0480,inpatient_admission_release,"Features diagnostics, IV therapy, admission, and standard release.",5.0,chronic_readmission_rework,2.0,0.007227100431919098,0.0019310899078845978
V0481,chronic_readmission_rework,Exhibits heavy rework with multiple repetitions of admission and lab tests over an extended duration.,9.0,inpatient_admission_release,4.0,0.36907950043678284,8.926032023737207e-05
V0482,chronic_readmission_rework,Long pathway with repeated admissions and lab work concluding with a return to the ER.,9.0,inpatient_admission_release,4.0,0.03252003714442253,0.008350945077836514
V0483,chronic_readmission_rework,"Extremely long, highly complex pathway with continuous repetition of lab tests over weeks before release.",25.0,inpatient_admission_release,12.0,0.3359266519546509,0.02753552980720997
V0484,chronic_readmission_rework,"Prolonged encounter featuring intensive lab and admission rework, culminating in ER return.",9.0,inpatient_admission_release,5.0,0.09672095626592636,0.08518732339143753
V0485,chronic_readmission_rework,"Extensive duration with repeated admissions, ICU transfer, and continuous lab rework.",22.0,inpatient_admission_release,14.0,0.4490346908569336,0.0003672268067020923
V0486,chronic_readmission_rework,Characterized by multiple admissions and extensive repetition of diagnostic tests over an 18-day period.,11.0,inpatient_admission_release,6.0,0.35596609115600586,0.024389848113059998
V0487,inpatient_admission_release,Standard acute care followed by inpatient admission and a stable release.,6.0,chronic_readmission_rework,4.0,0.18602366745471954,0.005105237942188978
V0488,fast_triage_only,"Short encounter concluding quickly after initial triage, diagnostics, and IV treatments without progression to admission.",3.0,standard_acute_care,1.0,0.3376500904560089,0.05839361250400543
V0489,inpatient_admission_release,Standard diagnostic and acute treatment pathway followed by admission and release.,7.0,standard_acute_care,2.0,0.3338100016117096,0.001361554954200983
V0490,chronic_readmission_rework,"Includes repeated admissions and multiple rounds of lab work, fitting the rework pattern.",6.0,inpatient_admission_release,3.0,0.47686100006103516,0.0017042838735505939
V0491,inpatient_admission_release,Standard acute care and diagnostics followed by inpatient admission and release.,3.0,chronic_readmission_rework,2.0,0.012925173155963421,7.083689706632867e-05
V0492,fast_triage_only,Rapid encounter finishing with IV liquid after basic evaluations without admission.,4.0,inpatient_admission_release,3.0,0.7352645397186279,0.00016920965572353452
V0493,inpatient_admission_release,Acute treatment and diagnostic path followed by inpatient admission and stable release.,6.0,standard_acute_care,3.0,0.3512403666973114,0.012289193458855152
V0494,inpatient_admission_release,"Comprehensive diagnostics, IV interventions, and inpatient admission leading to release.",8.0,chronic_readmission_rework,3.0,0.003653316991403699,0.00013406352081801742
V0495,fast_triage_only,Short triage and evaluation process ending in IV antibiotics without any admission.,4.0,standard_acute_care,2.0,0.012963042594492435,5.2188017434673384e-05
V0496,inpatient_admission_release,"Standard acute care interventions, lab diagnostics, and inpatient admission followed by release.",8.0,standard_acute_care,3.0,0.11115928739309311,0.0020184314344078302
V0497,standard_acute_care,Shorter emergency department pathway with basic diagnostics and a quick return to ER.,5.0,chronic_readmission_rework,2.0,0.3726070821285248,0.0014986841706559062
V0498,chronic_readmission_rework,Extended duration with persistent repetition of lab tests before final release.,9.0,inpatient_admission_release,4.0,0.4626729488372803,0.026362581178545952
V0499,inpatient_admission_release,"Typical acute pathway with diagnostics, treatment, admission, and release.",5.0,chronic_readmission_rework,4.0,0.12164857238531113,0.000954760005697608
V0500,inpatient_admission_release,Standard diagnostics and acute interventions followed by inpatient admission and release.,7.0,standard_acute_care,3.0,0.18038536608219147,0.004555341321974993
V0501,inpatient_admission_release,"This narrative shows diagnostics, IV interventions, and subsequent inpatient admission resulting in a complete care cycle.",6.0,standard_acute_care,2.0,0.7132329940795898,0.0009680844959802926
V0502,inpatient_admission_release,This narrative follows a standard acute pathway concluding with an inpatient admission.,6.0,standard_acute_care,1.0,0.7627480030059814,0.0028816284611821175
V0503,inpatient_admission_release,"The pathway includes comprehensive diagnostics, IV interventions, inpatient admission, and eventual stable release.",6.0,standard_acute_care,1.0,0.7145790457725525,0.05909140035510063
V0504,chronic_readmission_rework,Extensive repetition of labs and an eventual return to the emergency room characterize this as a heavy rework case.,0.0,inpatient_admission_release,2.0,0.12296562641859055,0.005923983175307512
V0505,chronic_readmission_rework,High repetition of lab work and a subsequent return to the ER classify this under chronic readmission and heavy rework.,4.0,inpatient_admission_release,2.0,0.1309841275215149,0.006037421524524689
V0506,inpatient_admission_release,"Includes acute diagnostics, treatment, admission, and a stable release with minor follow-ups.",4.0,chronic_readmission_rework,1.0,0.010582557879388332,6.932452379260212e-05
V0507,standard_acute_care,"Comprises standard emergency department diagnostics and acute interventions like IV liquids and antibiotics, ending without admission.",4.0,fast_triage_only,2.0,0.40332236886024475,0.0010232980130240321
V0508,chronic_readmission_rework,Features excessive repetition of lab tests and culminates in a return to the emergency room.,9.0,inpatient_admission_release,5.0,0.13375051319599152,0.0032710442319512367
V0509,inpatient_admission_release,Standard acute care followed by inpatient admission and a stable release.,3.0,chronic_readmission_rework,1.0,0.0028977205511182547,0.0019061536295339465
V0510,fast_triage_only,"Short, rapid encounter concluding quickly after triage, minimal labs, and initial treatment without admission.",1.0,standard_acute_care,1.0,0.008517690934240818,0.003596652066335082
V0511,chronic_readmission_rework,"Involves substantial repetition of admission and lab activities, pointing to heavy rework.",10.0,inpatient_admission_release,7.0,0.437822550535202,0.007333848625421524
V0512,inpatient_admission_release,Follows a standard acute care track with admission and subsequent controlled release.,6.0,chronic_readmission_rework,5.0,0.12041182070970535,0.0002819833462126553
V0513,inpatient_admission_release,"Includes diagnostics, acute treatment, admission, and a release.",3.0,standard_acute_care,1.0,0.1282290369272232,0.000416420865803957
V0514,chronic_readmission_rework,Characterized by an extremely long sequence with heavy repetition of lab tests and admissions.,10.0,inpatient_admission_release,4.0,0.3620043098926544,0.0020945784635841846
V0515,chronic_readmission_rework,Extensive laboratory repetition and a return to the emergency room mark this as a heavy rework case.,6.0,inpatient_admission_release,6.0,0.024722127243876457,0.001330360653810203
V0516,fast_triage_only,Rapid encounter with basic evaluation and treatment steps concluding without admission.,7.0,standard_acute_care,6.0,0.6725285053253174,0.03983199968934059
V0517,fast_triage_only,Very short encounter concluding rapidly after initial triage and minimal diagnostics.,3.0,inpatient_admission_release,2.0,0.6920151710510254,0.6762299537658691
V0518,inpatient_admission_release,Standard diagnostics and acute treatment leading to an inpatient admission and release.,6.0,standard_acute_care,2.0,0.026469573378562927,0.0023982813581824303
V0519,chronic_readmission_rework,Repeated admissions and labs culminating in patient return to the emergency room.,5.0,inpatient_admission_release,2.0,0.03873889148235321,0.014569799415767193
V0520,chronic_readmission_rework,Contains repeated admissions and rework followed by an ER return.,7.0,inpatient_admission_release,1.0,0.15704721212387085,0.0032373873982578516
V0521,chronic_readmission_rework,Demonstrates repeated admission and extensive test repetitions.,9.0,inpatient_admission_release,4.0,0.3873896598815918,0.00010127588757313788
V0522,chronic_readmission_rework,Extremely complex pathway with heavy repetition of lab tests and repeated admission steps.,17.0,inpatient_admission_release,10.0,0.4426436424255371,0.0028811332304030657
V0523,chronic_readmission_rework,Features extensive repetition of both lab tests and admission events.,5.0,inpatient_admission_release,4.0,0.4637933075428009,0.006320078391581774
V0524,inpatient_admission_release,Standard diagnostics and treatment with admission and controlled release.,5.0,standard_acute_care,3.0,0.00629024812951684,0.0027709947898983955
V0525,inpatient_admission_release,Standard acute trajectory with an inpatient admission and a stable release.,3.0,chronic_readmission_rework,2.0,0.17270787060260773,0.0013490665005519986
V0526,chronic_readmission_rework,"Extended patient journey with numerous repeat lab tests (CRP, Leucocytes) and admission loops, ultimately resulting in an emergency room return.",8.0,inpatient_admission_release,2.0,0.055639058351516724,0.006019069347530603
V0527,inpatient_admission_release,"Involves admission nursing care (Admission NC) alongside blood diagnostics and acute treatments, eventually concluding with a stable release.",8.0,standard_acute_care,4.0,0.17005020380020142,0.0007188001764006913
V0528,chronic_readmission_rework,"Long duration (82 days) with repeated lab work cycles and multiple admissions, culminating in patient return to the ER.",8.0,inpatient_admission_release,7.0,0.1044609546661377,0.08502459526062012
V0529,chronic_readmission_rework,Features multiple diagnostic repetitions and admission handling followed by a return to the emergency department over an extended duration.,7.0,inpatient_admission_release,3.0,0.1579536646604538,0.013892077840864658
V0530,inpatient_admission_release,"Standard acute trajectory featuring diagnostics, IV interventions, and inpatient admissions leading to a final release.",6.0,chronic_readmission_rework,3.0,0.5128083229064941,0.0006706362473778427
V0531,inpatient_admission_release,"Pathway includes intensive care and nursing care admissions after initial labs and IV treatments, culminating in release before a later ER return.",9.0,chronic_readmission_rework,5.0,0.5167150497436523,0.06679265201091766
V0532,inpatient_admission_release,Comprehensive diagnostics and acute care followed by inpatient nursing admission and controlled release.,5.0,chronic_readmission_rework,3.0,0.005830546375364065,0.0023112923372536898
V0533,inpatient_admission_release,"Inpatient admission following initial testing, with repeated diagnostics leading to a stable release.",5.0,chronic_readmission_rework,2.0,0.0172884501516819,0.0033130066003650427
V0534,inpatient_admission_release,"Standard emergency assessment followed by IV interventions, inpatient admission, and subsequent release.",5.0,chronic_readmission_rework,3.0,0.11771109700202942,0.0004330340016167611
V0535,chronic_readmission_rework,"Extensive repetition of laboratory exams and long duration over 100 days, resulting in readmission or ER return.",5.0,inpatient_admission_release,3.0,0.13824842870235443,0.0003073322877753526
V0536,inpatient_admission_release,"Standard diagnostics and acute care accompanied by inpatient admission cycles, concluding in release.",6.0,chronic_readmission_rework,3.0,0.11671999096870422,0.0014241348253563046
V0537,inpatient_admission_release,"ED triage, diagnostics, and IV intervention followed by inpatient admission and release.",6.0,standard_acute_care,3.0,0.010280869901180267,0.00023236357083078474
V0538,chronic_readmission_rework,Complex sequence with multiple repeated admission and lab cycles spanning an 18-day duration.,12.0,inpatient_admission_release,7.0,0.356158584356308,0.001113498117774725
V0539,chronic_readmission_rework,Involves repeated admission actions and lab work over a 20-day period leading to an ER return.,5.0,inpatient_admission_release,3.0,0.019306739792227745,0.00486235274001956
V0540,inpatient_admission_release,"Acute care pathway featuring triage, diagnostics, IV medications, and inpatient admission leading to release.",8.0,chronic_readmission_rework,4.0,0.4592236578464508,0.0192574430257082
V0541,standard_acute_care,"Straightforward emergency department sequence with comprehensive diagnostics, IV liquids, and IV antibiotics without complex admission loops.",4.0,inpatient_admission_release,1.0,0.02192399837076664,0.0017786488169804215
V0542,inpatient_admission_release,Extensive acute diagnostics and interventions progressing to intensive care and nursing care admissions before final release.,9.0,standard_acute_care,5.0,0.11425187438726425,0.0007972149760462344
V0543,chronic_readmission_rework,Extremely repetitive lab tests and multi-stage admissions spanning 21 days with a final ER return.,19.0,inpatient_admission_release,14.0,0.18446899950504303,0.040621235966682434
V0544,inpatient_admission_release,"Standard evaluation, IV treatment, and inpatient admission culminating in release.",5.0,chronic_readmission_rework,3.0,0.008335522376000881,4.00182580051478e-05
V0545,inpatient_admission_release,"Routine acute pathway including diagnostics, antibiotics, and inpatient admission resulting in release.",5.0,chronic_readmission_rework,1.0,0.006353470962494612,0.0028047196101397276
V0546,chronic_readmission_rework,Extended pathway with multiple diagnostics and inpatient steps resulting in an ER return after nearly a month.,6.0,inpatient_admission_release,3.0,0.1206330880522728,0.0044617680832743645
V0547,chronic_readmission_rework,Heavy rework involving repeated inpatient admissions and continuous lab testing loops over 12 days.,17.0,inpatient_admission_release,10.0,0.36785733699798584,0.0043951538391411304
V0548,chronic_readmission_rework,Complex case with multiple iterations of lab tests and admissions spanning a week.,8.0,inpatient_admission_release,5.0,0.46758148074150085,0.0025319315027445555
V0549,fast_triage_only,"Short encounter with rapid triage and minimal lab testing, concluding promptly at IV liquid administration without progressing to admission.",4.0,standard_acute_care,1.0,0.40244075655937195,0.0006197022157721221
V0550,standard_acute_care,"Brief acute care pathway consisting of rapid triage, essential labs, IV treatments, and immediate release.",6.0,inpatient_admission_release,3.0,0.7251556515693665,0.057794537395238876
V0551,inpatient_admission_release,"Involves admission to NC and IC, extensive monitoring and lab repetitions over 30 days, ending in a release.",74.0,chronic_readmission_rework,35.0,0.2154519110918045,0.013110836036503315
V0552,inpatient_admission_release,"Shows inpatient admission (Admission NC) followed by days of monitoring and diagnostics, resulting in a release.",14.0,chronic_readmission_rework,6.0,0.344809889793396,0.018719643354415894
V0553,inpatient_admission_release,"Features multiple admissions (NC and IC), extensive acute care and ongoing labs, eventually concluding with a stable release.",21.0,chronic_readmission_rework,8.0,0.5475921034812927,0.08387475460767746
V0554,inpatient_admission_release,"Includes standard diagnostics, IV treatments, inpatient admission, and subsequent release.",4.0,chronic_readmission_rework,2.0,0.11611927300691605,0.001088787685148418
V0555,inpatient_admission_release,Shows emergency evaluation and IV treatments followed by inpatient care and release.,5.0,chronic_readmission_rework,4.0,0.5010775923728943,0.19794046878814697
V0556,chronic_readmission_rework,"Characterized by prolonged care, repetition of admission and labs, and ultimately resulting in a return to the emergency room.",4.0,inpatient_admission_release,4.0,0.026202911511063576,0.0020338213071227074
V0557,inpatient_admission_release,Follows standard acute care and inpatient admission pathways before concluding with a release.,6.0,chronic_readmission_rework,3.0,0.13078175485134125,0.000262796034803614
V0558,chronic_readmission_rework,"Features extended duration, lab repetitions, and a subsequent return to the ER.",6.0,inpatient_admission_release,3.0,0.12262173742055893,0.0022107011172920465
V0559,chronic_readmission_rework,"Extremely long pathway involving repeated admissions, heavy rework of labs, and patient return to the ER.",6.0,inpatient_admission_release,4.0,0.0034087207168340683,0.00812490750104189
V0560,chronic_readmission_rework,"Long duration with repeated lab evaluations, admissions, and a return to the emergency room.",6.0,inpatient_admission_release,3.0,0.11914210766553879,0.002970785601064563
V0561,inpatient_admission_release,"Inpatient admission following initial evaluation, followed by monitored recovery and release.",7.0,chronic_readmission_rework,4.0,0.0083314822986722,0.0008267084485851228
V0562,inpatient_admission_release,Standard acute pathway with admission and subsequent release.,6.0,chronic_readmission_rework,5.0,0.010112877935171127,0.0009546878864057362
V0563,inpatient_admission_release,"Comprehensive diagnostics, IV interventions, multiple admissions to NC and IC, and final release.",12.0,chronic_readmission_rework,8.0,0.16832643747329712,0.0015447637997567654
V0564,chronic_readmission_rework,"Involves admission rework, repeated tests, and patient returning to the ER.",8.0,inpatient_admission_release,3.0,0.0,0.011533628217875957
V0565,fast_triage_only,"Short encounter with minimal evaluation, quick IV treatments, and initial admission without extended rework.",6.0,standard_acute_care,3.0,0.35756179690361023,0.0028816284611821175
V0566,inpatient_admission_release,Standard emergency and inpatient admission pathway culminating in a release.,7.0,chronic_readmission_rework,4.0,0.12405356019735336,0.002088045934215188
V0567,chronic_readmission_rework,Extremely long duration path featuring lab rework and a return to the emergency room.,6.0,inpatient_admission_release,2.0,0.1540754735469818,0.010013883002102375
V0568,inpatient_admission_release,Multiple admission steps with comprehensive care leading eventually to a release.,8.0,chronic_readmission_rework,6.0,0.18373550474643707,0.0035168889444321394
V0569,inpatient_admission_release,Standard acute care and inpatient admission sequence resulting in release.,2.0,chronic_readmission_rework,1.0,0.11192231625318527,0.000924224266782403
V0570,inpatient_admission_release,"Inpatient admission following acute care, with repeated monitoring and eventual release.",15.0,chronic_readmission_rework,4.0,0.13544075191020966,0.0013957590563222766
V0571,inpatient_admission_release,"Extended inpatient stay involving IC and NC admissions, heavy lab monitoring, and controlled release.",28.0,chronic_readmission_rework,14.0,0.5279721617698669,0.0028811332304030657
V0572,inpatient_admission_release,"Comprehensive evaluation, ICU and NC admissions, extensive lab checks, and final release.",21.0,chronic_readmission_rework,9.0,0.14939452707767487,0.003569160820916295
V0573,chronic_readmission_rework,"Inpatient care followed by release and subsequent return to the ER, showcasing high rework.",5.0,inpatient_admission_release,4.0,0.024111779406666756,5.731179771828465e-05
V0574,inpatient_admission_release,"Emergency triage, IV therapies, ICU/NC admissions, and final release.",12.0,chronic_readmission_rework,9.0,0.17190003395080566,0.0018692994490265846
V0575,fast_triage_only,"Short duration encounter concluding rapidly after triage, minimal labs, and IV therapy without admission.",5.0,standard_acute_care,2.0,0.7159201502799988,7.816903962520882e-05
V0576,inpatient_admission_release,"This narrative includes admission and multi-day monitoring with lab repetitions, resulting in a final release.",9.0,chronic_readmission_rework,5.0,0.12920282781124115,0.0005573717644438148
V0577,chronic_readmission_rework,"This pathway involves extended duration with extensive rework of diagnostics and admission, eventually leading to a return to the emergency room.",11.0,inpatient_admission_release,9.0,0.01249757781624794,0.0009639490745030344
V0578,inpatient_admission_release,"The pathway features acute diagnostics and interventions, inpatient admission, release, and a subsequent return to the ER.",4.0,chronic_readmission_rework,2.0,0.3723851144313812,0.0014760210178792477
V0579,chronic_readmission_rework,"Very long duration path characterized by heavy repetition of lab tests and multiple admission steps, resulting in readmission.",44.0,inpatient_admission_release,28.0,0.09920402616262436,0.08767039328813553
V0580,fast_triage_only,"Short encounter with rapid triage, minimal labs, and IV therapy without proceeding to inpatient admission.",5.0,standard_acute_care,2.0,0.7053351402282715,0.021141448989510536
V0581,chronic_readmission_rework,Extended pathway with multiple admissions and repeated labs ending in a return to the ER.,6.0,inpatient_admission_release,4.0,0.018134403973817825,0.006034687627106905
V0582,inpatient_admission_release,Standard acute diagnostics and intervention followed by admission and stable release.,5.0,standard_acute_care,2.0,0.16830891370773315,0.019313761964440346
V0583,inpatient_admission_release,Path features acute triage and IV therapy followed by admission and controlled release.,3.0,chronic_readmission_rework,3.0,0.11398632079362869,0.00010127588757313788
V0584,fast_triage_only,Short evaluation process concluding rapidly with basic diagnostics and initial treatments.,5.0,inpatient_admission_release,3.0,0.4024089276790619,0.0006515100249089301
V0585,fast_triage_only,Very short duration encounter concluding after initial triage and minimal lab work without admission.,2.0,standard_acute_care,2.0,0.33362245559692383,0.3363097608089447
V0586,inpatient_admission_release,"Standard acute care progression with diagnostics, IV treatment, admission, and release.",4.0,chronic_readmission_rework,3.0,0.33662721514701843,0.026902345940470695
V0587,fast_triage_only,Very short duration focused solely on triage and initial lab tests without admission.,2.0,inpatient_admission_release,2.0,0.6850911974906921,0.2080521136522293
V0588,chronic_readmission_rework,"Long, complex sequence involving repeated lab tests and admission steps, culminating in an ER return.",10.0,inpatient_admission_release,5.0,0.18027137219905853,0.009214191697537899
V0589,inpatient_admission_release,"Comprehensive diagnostics, IV antibiotics, and inpatient admission followed by a controlled release.",8.0,chronic_readmission_rework,6.0,0.4546245038509369,0.005349366459995508
V0590,chronic_readmission_rework,"Extremely long encounter with repeated lab and admission rework, eventually ending in an emergency room return.",6.0,inpatient_admission_release,4.0,0.03585585579276085,0.009803366847336292
V0591,inpatient_admission_release,"Involves acute triage, diagnostics, admission, and a subsequent release leading to a later return.",6.0,chronic_readmission_rework,1.0,0.6826182007789612,0.012668768875300884
V0592,fast_triage_only,"Short, rapid encounter concluding quickly after initial triage and diagnostics.",2.0,standard_acute_care,3.0,0.022963548079133034,0.007178432773798704
V0593,inpatient_admission_release,"Comprehensive diagnostics, acute treatment, and inpatient admission concluding in a stable release.",5.0,chronic_readmission_rework,3.0,0.012720897793769836,0.0035627076867967844
V0594,inpatient_admission_release,"Pathway shows inpatient admission following diagnostics and treatment, resulting in release.",8.0,chronic_readmission_rework,5.0,0.5219308733940125,0.014709189534187317
V0595,chronic_readmission_rework,"Extremely long duration with repeated admissions and lab work, ultimately leading to a return to the ER.",6.0,inpatient_admission_release,4.0,0.1357754021883011,0.08615540713071823
V0596,inpatient_admission_release,"Standard acute care progression involving diagnostics, IV interventions, admission, and final release.",7.0,standard_acute_care,3.0,0.0017850450240075588,0.0015520690940320492
V0597,inpatient_admission_release,"Comprehensive diagnostics and ICU/NC admissions with ongoing monitoring, resulting in a controlled release.",10.0,chronic_readmission_rework,7.0,0.183633491396904,0.003414864419028163
V0598,chronic_readmission_rework,Extensive repetition of lab tests and multiple admission steps over a prolonged duration.,14.0,inpatient_admission_release,7.0,0.34203004837036133,0.010885282419621944
V0599,inpatient_admission_release,"Standard acute pathway with diagnostics, admission, and subsequent release.",6.0,chronic_readmission_rework,2.0,0.018246209248900414,0.002321350621059537
V0600,chronic_readmission_rework,Highly complex pathway characterized by extensive repetition of lab tests and multiple admissions.,24.0,inpatient_admission_release,10.0,0.447145015001297,0.0019886402878910303
V0601,inpatient_admission_release,"The patient undergoes diagnostics, IV interventions, inpatient admission, and is eventually released stably.",5.0,chronic_readmission_rework,3.0,0.33972930908203125,0.020118551328778267
V0602,inpatient_admission_release,"Involves intensive care and normal nursing admissions following acute care, leading to a controlled release.",9.0,fast_triage_only,6.0,0.5171051025390625,0.041752103716135025
V0603,inpatient_admission_release,Extensive inpatient stay with multiple tests and admissions before a final stable release.,7.0,standard_acute_care,3.0,0.37347957491874695,0.11909843236207962
V0604,inpatient_admission_release,"Features acute interventions, inpatient admission, and subsequent controlled release after monitoring.",7.0,chronic_readmission_rework,2.0,0.02168414555490017,0.0006092095864005387
V0605,chronic_readmission_rework,"Characterized by high complexity, repeated laboratory tests, inpatient admission, and a return to the ER after a long duration.",10.0,inpatient_admission_release,6.0,0.23520277440547943,0.027722926810383797
V0606,standard_acute_care,Follows a standard acute care pathway with comprehensive diagnostics and IV treatments followed by admission and release.,7.0,inpatient_admission_release,2.0,0.361028790473938,4.00182580051478e-05
V0607,standard_acute_care,Standard emergency department pathway with standard labs and IV therapies leading to admission and release.,9.0,inpatient_admission_release,3.0,0.36145755648612976,0.0009827007306739688
V0608,standard_acute_care,Standard acute care sequence with blood tests and IV treatments preceding admission and release.,7.0,inpatient_admission_release,1.0,0.37324368953704834,4.9460650188848376e-05
V0609,standard_acute_care,"Typical acute care process with diagnostics, IV interventions, and subsequent admission and release.",11.0,inpatient_admission_release,3.0,0.37284359335899353,7.579994417028502e-05
V0610,standard_acute_care,"Standard emergency response involving diagnostics, IV fluids/antibiotics, and admission resulting in release.",6.0,inpatient_admission_release,2.0,0.36729729175567627,0.0004394253483042121
V0611,inpatient_admission_release,Involves multiple rounds of diagnostics and admission events over a 15-day period before release.,10.0,chronic_readmission_rework,4.0,0.19500724971294403,0.00035307396319694817
V0612,standard_acute_care,Standard acute care diagnostic and treatment sequence with admission and release.,10.0,inpatient_admission_release,1.0,0.35974159836769104,0.0002819833462126553
V0613,standard_acute_care,"Short, standard acute care pathway with diagnostics, IV intervention, and quick release.",6.0,inpatient_admission_release,1.0,0.3510502576828003,0.0015859603881835938
V0614,chronic_readmission_rework,Involves an initial release followed by a long duration before returning to the emergency room.,8.0,standard_acute_care,2.0,0.374085396528244,0.0065311710350215435
V0615,chronic_readmission_rework,Features heavy repetition of lab tests and a very long duration resulting in patient return to the emergency room.,5.0,inpatient_admission_release,3.0,0.14581985771656036,0.0017582564614713192
V0616,standard_acute_care,"Typical acute care procedure with comprehensive lab tests, IV interventions, and prompt release.",7.0,inpatient_admission_release,1.0,0.36718806624412537,0.00031941215274855494
V0617,standard_acute_care,Standard acute care treatment pathway concluding with admission and release.,9.0,inpatient_admission_release,2.0,0.3517899513244629,0.000416420865803957
V0618,inpatient_admission_release,Extended inpatient stay featuring numerous repeated lab evaluations and nursing admissions prior to release.,10.0,standard_acute_care,5.0,0.472524493932724,0.01725548319518566
V0619,standard_acute_care,"Standard emergency department pathway with routine diagnostics, IV care, and admission.",6.0,inpatient_admission_release,1.0,0.3603271245956421,3.322564225527458e-05
V0620,standard_acute_care,"Standard acute care with blood tests, admission, and stable release.",7.0,inpatient_admission_release,2.0,0.36538633704185486,9.222375956596807e-05
V0621,fast_triage_only,Rapid encounter with minimal evaluation and intensive care admission concluding quickly without extended rework.,6.0,inpatient_admission_release,3.0,0.7027741074562073,0.04457711800932884
V0622,chronic_readmission_rework,Highly complex pathway with extensive repetition of lab tests and prolonged duration.,20.0,inpatient_admission_release,11.0,0.543976366519928,0.0015616616001352668
V0623,standard_acute_care,"Standard acute care pathway involving standard diagnostics, IV antibiotics, and admission.",7.0,inpatient_admission_release,1.0,0.3533994257450104,0.00030982462340034544
V0624,standard_acute_care,"Standard acute care sequence with comprehensive diagnostics, IV interventions, and subsequent release.",8.0,inpatient_admission_release,2.0,0.36920928955078125,0.0015447637997567654
V0625,chronic_readmission_rework,Extremely long duration pathway featuring repeated lab testing and an eventual return to the ER.,5.0,inpatient_admission_release,2.0,0.17715680599212646,0.03309521824121475
V0626,inpatient_admission_release,"Involves admission to non-critical care following diagnostics and interventions, resulting in a stable release.",4.0,standard_acute_care,3.0,0.22651207447052002,0.11337394267320633
V0627,chronic_readmission_rework,"Shows extensive repetition of lab tests and admissions over a long duration, concluding with a return to the ER.",13.0,inpatient_admission_release,12.0,0.09499981254339218,0.08346617966890335
V0628,inpatient_admission_release,"Includes standard diagnostics, acute treatment, and inpatient admission followed by release.",4.0,chronic_readmission_rework,3.0,0.1866316944360733,0.001690997276455164
V0629,inpatient_admission_release,"Proceeds from ER evaluation to acute care, inpatient admission, and eventual stable release.",10.0,chronic_readmission_rework,5.0,0.47338828444480896,0.24374409019947052
V0630,inpatient_admission_release,"Features comprehensive diagnostics, intensive care/non-critical admissions, and a final release.",11.0,chronic_readmission_rework,7.0,0.11571670323610306,0.0006676106131635606
V0631,chronic_readmission_rework,Exhibits extended path length and patient return to the ER following treatment and release.,4.0,inpatient_admission_release,2.0,0.11149647831916809,0.005445588380098343
V0632,chronic_readmission_rework,"Characterized by high duration, repeated lab work, and ultimate return to the emergency room.",5.0,inpatient_admission_release,2.0,0.15254975855350494,0.008488164283335209
V0633,chronic_readmission_rework,Extremely long pathway involving repeated lab testing and subsequent emergency room readmission.,6.0,inpatient_admission_release,3.0,0.1313239187002182,0.005697633605450392
V0634,inpatient_admission_release,"Contains standard acute care diagnostics, IV interventions, and inpatient admission leading to release.",5.0,standard_acute_care,2.0,0.010354820638895035,0.00015841257118154317
V0635,chronic_readmission_rework,"Extremely long total duration with repeated admissions, lab rework, and a return to the ER.",5.0,inpatient_admission_release,3.0,0.060268450528383255,0.010648462921380997
V0636,,Incomplete or truncated episode ending with a lab test (LacticAcid) rather than a clear release or admission outcome.,,inpatient_admission_release,2.0,,0.003960905596613884
V0637,inpatient_admission_release,"Involves full acute diagnostics, IV therapies, admission, and standard release.",4.0,chronic_readmission_rework,2.0,0.12174753099679947,0.001053728279657662
V0638,chronic_readmission_rework,"Extended pathway with multiple admissions and lab repetitions, culminating in an ER return.",6.0,inpatient_admission_release,3.0,0.13740256428718567,0.08778258413076401
V0639,chronic_readmission_rework,"Complex pathway with multiple admissions, lab rework, and eventual readmission to the ER.",8.0,inpatient_admission_release,4.0,0.09462929517030716,0.09620645642280579
V0640,chronic_readmission_rework,Shows heavy repetition of lab tests over a prolonged duration before discharge and subsequent ER return.,6.0,inpatient_admission_release,5.0,0.1161719337105751,6.181454068610037e-07
V0641,chronic_readmission_rework,Very long duration pathway featuring repeated lab tests and an ER return.,4.0,inpatient_admission_release,1.0,0.15626199543476105,0.01220039650797844
V0642,inpatient_admission_release,"Follows standard acute care interventions, intensive/non-critical admissions, and release.",11.0,chronic_readmission_rework,6.0,0.11880669742822647,0.003757607424631715
V0643,chronic_readmission_rework,"Highly complex, heavy rework with multiple admissions, extensive lab repetition, and ER return.",20.0,inpatient_admission_release,11.0,0.10088778287172318,0.08994797617197037
V0644,,Truncated encounter ending with a lab test (CRP) without completing a proper disposition or release.,,inpatient_admission_release,1.0,,0.0008615933475084603
V0645,fast_triage_only,"Short, rapid encounter concluding quickly after triage, minimal lab work, and IV liquid/antibiotics without admission.",3.0,standard_acute_care,1.0,0.6949571967124939,0.2324836105108261
V0646,chronic_readmission_rework,"Involves extensive lab repetitions, multiple returns, and ongoing rework throughout the pathway.",11.0,inpatient_admission_release,7.0,0.5267322659492493,0.09228887408971786
V0647,inpatient_admission_release,"Typical acute pathway with diagnostics, IV treatment, admission, and standard release.",3.0,chronic_readmission_rework,1.0,0.22445207834243774,0.11131394654512405
V0648,inpatient_admission_release,Standard acute care diagnostics and IV therapy followed by admission and final release.,8.0,standard_acute_care,3.0,0.019140059128403664,0.0014613969251513481
V0649,chronic_readmission_rework,"Complex journey with repeated admissions, lab work repetitions, and return to the ER.",6.0,inpatient_admission_release,5.0,0.02667645551264286,0.0025073629803955555
V0650,chronic_readmission_rework,Extended duration pathway with repeated admissions and a subsequent return to the ER.,9.0,inpatient_admission_release,2.0,0.27026236057281494,0.08661507815122604
V0651,chronic_readmission_rework,"Extremely long pathway with repeated tests, admission, and final return to the ER.",7.0,standard_acute_care,2.0,0.286575585603714,0.019929252564907074
V0652,chronic_readmission_rework,"Involves multiple admissions, repeated lab work, and a subsequent return to the ER.",5.0,inpatient_admission_release,1.0,0.11113572120666504,0.12266934663057327
V0653,inpatient_admission_release,"Includes standard diagnostics, acute treatments, inpatient admission, and eventual stable release.",6.0,chronic_readmission_rework,3.0,0.11540430039167404,0.002266160910949111
V0654,standard_acute_care,"Acute care pathway featuring standard diagnostics, IV treatments, and ICU admission without a final chronic readmission cycle.",8.0,inpatient_admission_release,5.0,0.7024100422859192,0.018542062491178513
V0655,inpatient_admission_release,"Features diagnostics, IV treatments, ICU and NC admissions, concluding in release.",8.0,chronic_readmission_rework,5.0,0.18148328363895416,0.011452562175691128
V0656,chronic_readmission_rework,Characterized by extensive repetition of lab tests and multiple admission steps over a longer period.,13.0,inpatient_admission_release,5.0,0.37285223603248596,0.00750367296859622
V0657,inpatient_admission_release,"Standard acute care pathway involving diagnostics, IV fluids/antibiotics, and an inpatient stay resulting in release.",4.0,chronic_readmission_rework,3.0,0.16964329779148102,0.0009999602334573865
V0658,chronic_readmission_rework,Long-duration pathway with an initial admission and release followed by a return to the ER.,8.0,inpatient_admission_release,2.0,0.2536970376968384,0.03556106612086296
V0659,inpatient_admission_release,Standard acute intervention followed by inpatient admission and a clean release.,6.0,standard_acute_care,1.0,0.3532008230686188,0.005800532642751932
V0660,chronic_readmission_rework,High volume of repeated tests (CRP and leucocytes) and multiple admissions characteristic of rework.,17.0,inpatient_admission_release,9.0,0.36722972989082336,0.000579172105062753
V0661,chronic_readmission_rework,Extensive repetition of labs and inpatient care over a 12-day duration.,18.0,inpatient_admission_release,12.0,0.5337051749229431,0.0007934749592095613
V0662,chronic_readmission_rework,Extended duration pathway with repeated lab tests and an eventual ER return.,8.0,inpatient_admission_release,5.0,0.18520313501358032,0.004282416310161352
V0663,standard_acute_care,Standard emergency department pathway with comprehensive blood tests and acute interventions ending in admission.,3.0,inpatient_admission_release,1.0,0.39666488766670227,0.0032412020955234766
V0664,fast_triage_only,Short encounter consisting mainly of triage and initial diagnostics without progression to admission.,6.0,standard_acute_care,4.0,0.36090075969696045,0.08164428919553757
V0665,inpatient_admission_release,Diagnostics and IV treatments followed by inpatient care and release.,4.0,chronic_readmission_rework,3.0,0.010797976516187191,0.0016397853614762425
V0666,inpatient_admission_release,Acute care pathway concluding with inpatient admission and eventual release.,5.0,chronic_readmission_rework,3.0,0.13614162802696228,0.003950389567762613
V0667,chronic_readmission_rework,"Long encounter with admission, release, and subsequent return to the ER.",8.0,inpatient_admission_release,2.0,0.14822275936603546,0.004161172546446323
V0668,standard_acute_care,"Standard acute care pathway with diagnostics, IV treatment, and admission.",4.0,inpatient_admission_release,2.0,0.0,0.0015956555726006627
V0669,inpatient_admission_release,"Acute diagnostics, IV intervention, inpatient stay, and stable release.",3.0,chronic_readmission_rework,2.0,0.010736711323261261,2.9203385565779172e-05
V0670,chronic_readmission_rework,Repeated tests and a return to the ER following release.,8.0,inpatient_admission_release,4.0,0.5000397562980652,0.06940972059965134
V0671,chronic_readmission_rework,Inpatient pathway that ultimately results in a return to the emergency room.,9.0,standard_acute_care,3.0,0.11989924311637878,0.0008309492259286344
V0672,chronic_readmission_rework,Heavy repetition of lab tests and multiple admissions across a prolonged timeline.,17.0,inpatient_admission_release,12.0,0.5519996285438538,0.002466572681441903
V0673,chronic_readmission_rework,Extensive repetition of lab tests and admissions over a multi-day period.,8.0,inpatient_admission_release,5.0,0.37930920720100403,0.0005490417242981493
V0674,chronic_readmission_rework,Extremely long pathway characterized by massive repetition of blood tests and admission steps.,38.0,inpatient_admission_release,21.0,0.5001494288444519,0.018397392705082893
V0675,chronic_readmission_rework,"Very long duration involving repeated admissions, tests, and a return to the ER.",9.0,inpatient_admission_release,6.0,0.04488140717148781,0.004738577641546726
V0676,fast_triage_only,Short encounter concluding quickly with minimal evaluation and treatment without admission.,4.0,standard_acute_care,2.0,0.01639268361032009,0.000607567373663187
V0677,inpatient_admission_release,"Inpatient admission following acute care diagnostics and treatment, followed by a stable release before returning later.",8.0,chronic_readmission_rework,2.0,0.7300178408622742,0.0201482605189085
V0678,inpatient_admission_release,"Inpatient admission after initial diagnostics and treatment, concluding with release.",5.0,chronic_readmission_rework,4.0,0.11996056884527206,0.0007332455716095865
V0679,fast_triage_only,Rapid triage and acute care ending quickly without proceeding to admission.,1.0,standard_acute_care,1.0,0.008162303827702999,7.773804099997506e-05
V0680,chronic_readmission_rework,"Complex pathway involving intensive care admission, extensive repetition of lab tests, and a later return to the ER.",9.0,inpatient_admission_release,6.0,0.17682290077209473,0.03297511860728264
V0681,chronic_readmission_rework,Long duration encounter with multiple repeated CRP lab tests and subsequent return to the ER.,5.0,inpatient_admission_release,3.0,0.24551378190517426,0.021132556721568108
V0682,chronic_readmission_rework,"Extended pathway with multiple admissions and repeated lab tests like CRP, LacticAcid, and Leucocytes.",14.0,standard_acute_care,6.0,0.4807186424732208,0.014709189534187317
V0683,chronic_readmission_rework,Lengthy stay with heavy rework involving repeated admissions and multiple recurring lab tests.,7.0,inpatient_admission_release,3.0,0.3620091676712036,0.002099422039464116
V0684,inpatient_admission_release,Inpatient admission and subsequent release with moderate rework of tests and admission.,4.0,chronic_readmission_rework,2.0,0.11803839355707169,0.0021923528984189034
V0685,standard_acute_care,Standard acute care pathway involving comprehensive blood tests followed by IV interventions.,2.0,fast_triage_only,2.0,0.39229628443717957,0.0007684677839279175
V0686,chronic_readmission_rework,Extremely long duration pathway ending in patient return to the emergency room.,9.0,inpatient_admission_release,1.0,0.38089028000831604,0.0002737457980401814
V0687,chronic_readmission_rework,"Complex pathway with repeated admissions and lab tests, concluding with a return to the ER.",5.0,inpatient_admission_release,2.0,0.010864456184208393,0.01330463495105505
V0688,chronic_readmission_rework,Extended pathway featuring repeated lab tests and a subsequent return to the emergency room.,6.0,inpatient_admission_release,2.0,0.11281082779169083,0.0058831688947975636
V0689,standard_acute_care,Standard emergency department pathway with diagnostic labs and IV antibiotics.,5.0,fast_triage_only,1.0,0.3911939561367035,0.0018707948038354516
V0690,chronic_readmission_rework,"High complexity pathway with heavy repetition of LacticAcid, CRP, and Leucocytes.",11.0,inpatient_admission_release,6.0,0.5548600554466248,0.0016522678779438138
V0691,inpatient_admission_release,"Inpatient admission following standard diagnostics, culminating in a stable release.",8.0,standard_acute_care,2.0,0.732875645160675,0.04079475253820419
V0692,inpatient_admission_release,"Encounter including diagnostics and admission, followed by release.",8.0,standard_acute_care,3.0,0.7120121121406555,0.061658237129449844
V0693,chronic_readmission_rework,"Long and complex pathway with repeated triage and lab tests, ending in a return to the emergency room.",5.0,inpatient_admission_release,2.0,0.18235425651073456,0.11307736486196518
V0694,fast_triage_only,Very short encounter concluding during initial triage and evaluation without progression to treatment or admission.,4.0,standard_acute_care,2.0,0.42383790016174316,0.374070405960083
V0695,chronic_readmission_rework,Extended pathway with multiple repeated admissions and extensive repetition of lab tests.,6.0,inpatient_admission_release,2.0,0.37023016810417175,0.00024266155378427356
V0696,chronic_readmission_rework,"Very long duration, highly complex pathway with extensive repetition of lab tests and admissions, resulting in return to the ER.",8.0,inpatient_admission_release,5.0,0.1315280795097351,0.08475857228040695
V0697,inpatient_admission_release,Standard acute diagnostics and intervention followed by admission and release.,6.0,chronic_readmission_rework,1.0,0.01965768076479435,0.003289768472313881
V0698,inpatient_admission_release,Comprehensive diagnostics and acute interventions followed by inpatient nursing admission and release.,4.0,chronic_readmission_rework,2.0,0.13005302846431732,0.001407566829584539
V0699,inpatient_admission_release,Acute care and admission path ending with a standard release.,5.0,chronic_readmission_rework,3.0,0.012665529735386372,0.00033047967008315027
V0700,inpatient_admission_release,Acute diagnostics and treatment followed by inpatient admission and release.,5.0,standard_acute_care,2.0,0.6891048550605774,0.24913859367370605
V0701,inpatient_admission_release,"Involves admission and extended inpatient care following diagnostics and acute interventions, resulting in a stable release.",10.0,chronic_readmission_rework,5.0,0.46841731667518616,0.021362587809562683
V0702,inpatient_admission_release,"Features hospital admission following standard diagnostics and treatment, concluding in a stable release.",4.0,chronic_readmission_rework,2.0,0.11761748790740967,0.0025870029348880053
V0703,standard_acute_care,"Represents acute care with diagnostics and IV interventions, without progression to a full inpatient stay.",5.0,inpatient_admission_release,2.0,0.679675281047821,0.00016920965572353452
V0704,inpatient_admission_release,Follows a standard acute care pathway progressing to inpatient admission and eventual release.,5.0,chronic_readmission_rework,4.0,0.13147355616092682,0.0022163281682878733
V0705,chronic_readmission_rework,"Demonstrates heavy rework, repeated admissions and diagnostics, culminating in a return to the ER.",5.0,inpatient_admission_release,2.0,0.018967418000102043,0.005201674532145262
V0706,fast_triage_only,Quick emergency encounter with minimal diagnostics and admission without intensive treatments.,4.0,inpatient_admission_release,1.0,0.40561604499816895,0.00019302907458040863
V0707,fast_triage_only,Short triage and basic lab work leading directly to admission without complex acute treatments.,3.0,inpatient_admission_release,1.0,0.34369829297065735,0.0003059449081774801
V0708,standard_acute_care,Consists of standard emergency diagnostics followed by acute IV treatments.,5.0,fast_triage_only,2.0,0.39073917269706726,0.0023255597334355116
V0709,inpatient_admission_release,Inpatient admission following acute care leading to controlled release.,6.0,standard_acute_care,2.0,0.3396426737308502,0.03650554269552231
V0710,chronic_readmission_rework,"Extremely long, highly complex pathway with extensive repetition of lab tests and admissions.",172.0,inpatient_admission_release,112.0,0.4475122392177582,0.049215395003557205
V0711,inpatient_admission_release,Standard acute care followed by inpatient admission and stable release.,6.0,standard_acute_care,2.0,0.1128973737359047,0.0009876694530248642
V0712,chronic_readmission_rework,"Involves multiple admissions, repeated diagnostics, and eventual return to the ER.",11.0,inpatient_admission_release,8.0,0.09762866050004959,0.09320709854364395
V0713,standard_acute_care,Standard emergency department pathway with comprehensive blood tests and acute IV intervention.,1.0,fast_triage_only,1.0,0.38703465461730957,0.006030102726072073
V0714,inpatient_admission_release,Acute care and diagnostics leading to inpatient admission and final release.,4.0,standard_acute_care,1.0,0.005113527178764343,0.00030965302721597254
V0715,standard_acute_care,Acute care pathway featuring diagnostics and IV treatments without long-term admission.,10.0,inpatient_admission_release,4.0,0.6825444102287292,0.003547282889485359
V0716,inpatient_admission_release,Comprehensive diagnostics and acute interventions followed by inpatient care and release.,6.0,chronic_readmission_rework,3.0,0.13210594654083252,8.926032023737207e-05
V0717,inpatient_admission_release,Emergency care and admission resulting in a stable patient release.,6.0,chronic_readmission_rework,3.0,0.1149810254573822,4.9460650188848376e-05
V0718,chronic_readmission_rework,"Extended, highly complex pathway with repeated tests and subsequent emergency readmission.",20.0,inpatient_admission_release,13.0,0.11260389536619186,0.08655140548944473
V0719,chronic_readmission_rework,Long pathway characterized by extensive lab repetitions and patient return to the ER.,7.0,inpatient_admission_release,2.0,0.115254707634449,0.003439288353547454
V0720,chronic_readmission_rework,Complex journey involving repeated admissions and tests before an ER return.,4.0,inpatient_admission_release,2.0,0.017467956990003586,0.006701135542243719
V0721,chronic_readmission_rework,Very long duration with extensive repetition of tests and ultimate readmission.,12.0,inpatient_admission_release,6.0,0.11955452710390091,0.00048623650218360126
V0722,inpatient_admission_release,Acute diagnostics and treatment leading to an inpatient admission and stable release.,5.0,standard_acute_care,1.0,0.021408721804618835,0.001538728945888579
V0723,inpatient_admission_release,Standard diagnostics and acute care followed by inpatient stay and release.,7.0,chronic_readmission_rework,4.0,0.11187858134508133,0.0009679461363703012
V0724,chronic_readmission_rework,Path includes repeated tests and an eventual return to the emergency department.,7.0,inpatient_admission_release,2.0,0.15499339997768402,0.01341038104146719
V0725,inpatient_admission_release,"Encounter requiring inpatient admission following diagnostics, resulting in release.",7.0,chronic_readmission_rework,2.0,0.5039874911308289,0.1675116866827011
V0726,inpatient_admission_release,"Involves diagnostics, acute treatment, admission to IC and NC, and eventual release.",20.0,chronic_readmission_rework,9.0,0.13067929446697235,0.0030105833429843187
V0727,chronic_readmission_rework,Long duration path featuring repeated lab tests and a subsequent return to the ER.,5.0,inpatient_admission_release,2.0,0.1625322848558426,0.018470698967576027
V0728,inpatient_admission_release,"Comprehensive diagnostics, IV antibiotics and liquids, admission to NC, and release.",5.0,chronic_readmission_rework,4.0,0.11514130979776382,9.222375956596807e-05
V0729,inpatient_admission_release,Follows standard acute diagnostics and interventions into inpatient care followed by release.,6.0,standard_acute_care,4.0,0.11515762656927109,0.00010853328421944752
V0730,inpatient_admission_release,"Features blood work, acute interventions, admission, and stable release.",5.0,chronic_readmission_rework,3.0,0.009966826066374779,0.0005464075366035104
V0731,inpatient_admission_release,Involves admission to NC following diagnostics and results in release.,6.0,fast_triage_only,2.0,0.1835949569940567,0.000743212120141834
V0732,inpatient_admission_release,Standard diagnostics and acute treatment followed by NC admission and release.,8.0,standard_acute_care,2.0,0.3473597764968872,0.012812030501663685
V0733,inpatient_admission_release,"Diagnostics, IV treatments, admission steps, and final release.",8.0,chronic_readmission_rework,3.0,0.12015420198440552,0.0005396043416112661
V0734,chronic_readmission_rework,Long duration with repetitive diagnostics and an eventual return to the ER.,4.0,inpatient_admission_release,1.0,0.27040496468544006,0.003758639097213745
V0735,inpatient_admission_release,Acute care pathway leading to inpatient admission and release.,5.0,standard_acute_care,2.0,0.3430013358592987,0.014548706822097301
V0736,inpatient_admission_release,"Inpatient admission following acute care, ending in release.",3.0,standard_acute_care,3.0,0.002232546918094158,0.00018206116510555148
V0737,inpatient_admission_release,"Diagnostics, IV care, admission to NC, and release.",6.0,chronic_readmission_rework,2.0,0.008542012423276901,0.00024650836712680757
V0738,inpatient_admission_release,Admission following initial evaluation and release after monitoring.,5.0,chronic_readmission_rework,2.0,0.03250841051340103,0.0036405546125024557
V0739,inpatient_admission_release,"IC and NC admissions following acute care, concluding with release.",10.0,standard_acute_care,5.0,0.11543185263872147,0.00038276027771644294
V0740,inpatient_admission_release,Acute care and diagnostics with inpatient admission and final release.,7.0,chronic_readmission_rework,3.0,0.003913931082934141,0.0008899430395103991
V0741,inpatient_admission_release,Standard acute care and inpatient admission leading to release.,5.0,chronic_readmission_rework,3.0,0.010865877382457256,0.0001583694975124672
V0742,standard_acute_care,"Involves emergency care, blood tests, and IV interventions without progressing to a full admission cycle.",6.0,chronic_readmission_rework,3.0,0.709551990032196,6.455677794292569e-05
V0743,inpatient_admission_release,"Inpatient admission after acute care, followed by release.",7.0,chronic_readmission_rework,2.0,0.002689169952645898,0.00027456198586151004
V0744,chronic_readmission_rework,"Extended duration, heavy rework/repeated tests, and return to the emergency department.",13.0,inpatient_admission_release,9.0,0.17413921654224396,0.015346333384513855
V0745,chronic_readmission_rework,Extended pathway with multiple admissions and repeated labs before a return to the ER.,7.0,inpatient_admission_release,5.0,0.13904708623886108,0.11487799137830734
V0746,chronic_readmission_rework,"Extremely long, highly complex pathway with extensive repetition of lab tests and eventual ER return.",22.0,inpatient_admission_release,15.0,0.19369788467884064,0.004212322179228067
V0747,inpatient_admission_release,Inpatient admissions and tests leading to release C.,7.0,chronic_readmission_rework,5.0,0.5384604334831238,0.014636528678238392
V0748,chronic_readmission_rework,Long pathway with repetitive lab work and a subsequent return to the ER.,8.0,inpatient_admission_release,3.0,0.008122957311570644,0.003410671604797244
V0749,inpatient_admission_release,Acute diagnostics and treatment followed by admission and release.,2.0,chronic_readmission_rework,2.0,0.0101760970428586,0.0003371362399775535
V0750,fast_triage_only,"Short, rapid encounter concluding quickly with minimal lab work and IV treatment without admission.",4.0,standard_acute_care,3.0,0.3661007881164551,0.3383648693561554
V0751,inpatient_admission_release,"The narrative includes diagnostics, IV interventions, admission to NC (nursing care), and eventually results in Release A.",2.0,standard_acute_care,1.0,0.0070807370357215405,0.0012147673405706882
V0752,chronic_readmission_rework,"Extended pathway featuring repeated lab tests and admissions, ultimately resulting in a return to the emergency room.",16.0,inpatient_admission_release,9.0,0.17252080142498016,0.016964754089713097
V0753,inpatient_admission_release,"Involves admission following standard diagnostics and treatment, followed by release and later readmission, but primarily fits the inpatient admission pattern.",6.0,chronic_readmission_rework,1.0,0.39812079071998596,0.00048623650218360126
V0754,inpatient_admission_release,Shows standard acute care and inpatient admission followed by stable release before a return.,4.0,chronic_readmission_rework,2.0,0.36211445927619934,0.0028972222935408354
V0755,inpatient_admission_release,"Includes diagnostics, IV antibiotics/liquid, admission to nursing care, and final release.",4.0,chronic_readmission_rework,2.0,0.12157843261957169,0.0008846251876093447
V0756,chronic_readmission_rework,"Extremely long, highly complex pathway with extensive repetition of lab tests and admissions leading back to the ER.",28.0,inpatient_admission_release,15.0,0.1209612712264061,0.08651856333017349
V0757,inpatient_admission_release,"Inpatient admission following acute care interventions and diagnostics, ending in a stable release before a return.",8.0,chronic_readmission_rework,3.0,0.47710561752319336,5.731179771828465e-05
V0758,inpatient_admission_release,"Features comprehensive diagnostics, admission to NC, and release.",4.0,chronic_readmission_rework,1.0,0.1434151828289032,0.011223939247429371
V0759,standard_acute_care,"Emergency department pathway with blood tests, IV liquid, and IV antibiotics without admission.",5.0,fast_triage_only,2.0,0.45112287998199463,0.007191173732280731
V0760,inpatient_admission_release,"Inpatient admission following initial evaluation and diagnostics, ending in release.",7.0,chronic_readmission_rework,4.0,0.1250704526901245,0.003104936331510544
V0761,inpatient_admission_release,"Includes blood tests, IV interventions, admission, and subsequent release.",7.0,chronic_readmission_rework,2.0,0.011978083290159702,0.00101792614441365
V0762,chronic_readmission_rework,High complexity pathway with heavy repetition of lab tests and extended duration prior to release.,22.0,inpatient_admission_release,12.0,0.511361300945282,0.007185527589172125
V0763,chronic_readmission_rework,"Extremely complex, long pathway with extensive repetition of lab tests and admissions, leading to ER return.",38.0,inpatient_admission_release,20.0,0.09008171409368515,0.10075405240058899
V0764,,Incomplete or truncated encounter ending prematurely at ER Sepsis Triage without concluding in a known category.,,fast_triage_only,1.0,,0.05639234557747841
V0765,chronic_readmission_rework,"Long pathway involving repeated admissions, extensive rework, and return to the emergency room.",5.0,inpatient_admission_release,3.0,0.0513375960290432,0.0017176088877022266
V0766,inpatient_admission_release,"Inpatient admission after minimal diagnostics and triage, concluding in a stable release.",5.0,chronic_readmission_rework,2.0,0.17981763184070587,0.004153784364461899
V0767,inpatient_admission_release,Admission following diagnostics resulting in release before a return encounter.,8.0,chronic_readmission_rework,2.0,0.7329619526863098,0.01720411144196987
V0768,inpatient_admission_release,Standard diagnostics and IV antibiotics followed by admission and release.,8.0,standard_acute_care,1.0,0.33671119809150696,0.000917492900043726
V0769,inpatient_admission_release,"Emergency department diagnostic workup, IV treatment, inpatient admission, and subsequent release.",3.0,chronic_readmission_rework,2.0,0.0189129076898098,0.0016885491786524653
V0770,chronic_readmission_rework,"Complex pathway with repeated admissions and lab test repetitions, resulting in a return to the ER.",6.0,inpatient_admission_release,5.0,0.09669822454452515,0.09413754194974899
V0771,inpatient_admission_release,"Comprehensive diagnostics, IV treatments, and admission to nursing care resulting in release.",4.0,chronic_readmission_rework,2.0,0.11778983473777771,0.0024409189354628325
V0772,,Incomplete or interrupted encounter that concludes unexpectedly on a lab test (CRP) instead of a proper disposition.,,inpatient_admission_release,2.0,,0.0012781230034306645
V0773,inpatient_admission_release,"Standard triage, labs, admission, and stable release.",4.0,fast_triage_only,1.0,0.17404824495315552,0.001615606714040041
V0774,,Incomplete path terminating early at ER Sepsis Triage without standard treatment or outcome.,,fast_triage_only,2.0,,0.039881180971860886
V0775,,Encounter halts prematurely at a lab test (CRP) without progression to admission or formal release.,,standard_acute_care,2.0,,0.004500298295170069
V0776,inpatient_admission_release,Involves diagnostics and acute treatment followed by inpatient admission (Admission NC) and a stable release (Release A).,6.0,chronic_readmission_rework,4.0,0.12022113054990768,0.00047268180060200393
V0777,fast_triage_only,"Short encounter consisting of triage, minimal lab work, and IV treatment without admission or intensive interventions.",4.0,standard_acute_care,2.0,0.36594876646995544,0.3370702564716339
V0778,fast_triage_only,"Rapid triage and diagnostics with acute antibiotics and minimal evaluation, concluding within 9 hours without admission.",6.0,standard_acute_care,2.0,0.7078474164009094,0.16932307183742523
V0779,chronic_readmission_rework,"Features inpatient admission, repeated diagnostics, and ultimately a return to the emergency room.",7.0,inpatient_admission_release,3.0,0.1487567275762558,0.007173694204539061
V0780,chronic_readmission_rework,Characterized by extensive repetition of lab tests (CRP and Leucocytes) over a 17-day period during inpatient care.,14.0,inpatient_admission_release,7.0,0.46861329674720764,7.481849479518132e-06
V0781,chronic_readmission_rework,Long pathway involving repeated diagnostics and inpatient care over two weeks before release.,7.0,inpatient_admission_release,5.0,0.4747602045536041,0.014111104421317577
V0782,chronic_readmission_rework,Extended inpatient stay with repeated cycles of CRP and Leucocytes tests over 13 days.,7.0,inpatient_admission_release,3.0,0.47721147537231445,0.0008247224031947553
V0783,inpatient_admission_release,"Includes standard diagnostics, IV intervention, and inpatient admission followed by a stable release after 11 days.",7.0,standard_acute_care,3.0,0.01893259771168232,0.0016688588075339794
V0784,chronic_readmission_rework,Long-duration pathway with heavy repetition of lab tests during inpatient admission.,8.0,inpatient_admission_release,6.0,0.4672876298427582,0.0011744064977392554
V0785,chronic_readmission_rework,"Extended duration with heavy test repetition, multiple admissions, and a return to the emergency room.",5.0,inpatient_admission_release,4.0,0.09760262817144394,0.0932331308722496
V0786,inpatient_admission_release,Standard acute care and inpatient admission resulting in a stable release after 9 days.,9.0,standard_acute_care,4.0,0.12552668154239655,0.0015616616001352668
V0787,chronic_readmission_rework,"Complex pathway with repeated admissions and lab work, culminating in a return to the ER.",7.0,inpatient_admission_release,2.0,0.0077294353395700455,0.016439655795693398
V0788,inpatient_admission_release,"Inpatient admission following acute care and diagnostics, resulting in a controlled release.",5.0,standard_acute_care,2.0,0.008118322119116783,0.00017718203889671713
V0789,inpatient_admission_release,Inpatient admission with some lab repetition leading to a stable release after 5 days.,3.0,chronic_readmission_rework,2.0,0.11673855036497116,0.0014055775245651603
V0790,chronic_readmission_rework,Extended inpatient stay with extensive repetition of lab tests and multiple admission events.,8.0,inpatient_admission_release,4.0,0.3733591139316559,0.006996825337409973
V0791,fast_triage_only,"Very short encounter concluding rapidly after initial evaluation, lab work, and IV treatment.",4.0,standard_acute_care,2.0,0.02110528014600277,0.005320163443684578
V0792,inpatient_admission_release,"Inpatient admission following acute care, ending in a stable release (Release B).",5.0,chronic_readmission_rework,3.0,0.33483564853668213,0.028693897649645805
V0793,inpatient_admission_release,Inpatient intensive care and nursing admission followed by controlled release.,5.0,standard_acute_care,4.0,0.13502968847751617,0.0007934749592095613
V0794,chronic_readmission_rework,"Very long, highly complex pathway with extensive repeated lab tests and a subsequent return to the ER.",7.0,inpatient_admission_release,7.0,0.11222473531961441,0.003946586046367884
V0795,chronic_readmission_rework,"Extremely long pathway characterized by severe repetition of lab tests (CRP, LacticAcid, Leucocytes) and multiple admissions.",40.0,inpatient_admission_release,21.0,0.44260740280151367,0.0025489528197795153
V0796,inpatient_admission_release,Standard acute care pathway with inpatient admission and a stable release after 4 days.,7.0,chronic_readmission_rework,3.0,0.33968305587768555,0.001538807526230812
V0797,chronic_readmission_rework,"Extremely long pathway (180 days) with repeated admissions and lab tests, ending in a return to the ER.",7.0,inpatient_admission_release,3.0,0.04397979751229286,0.005640189629048109
V0798,chronic_readmission_rework,"Long duration (74 days) involving repeated labs and admission, resulting in patient return to the ER.",4.0,inpatient_admission_release,2.0,0.1292622834444046,0.004429848399013281
V0799,inpatient_admission_release,"Short inpatient admission following acute care, concluding quickly in a stable release.",6.0,chronic_readmission_rework,2.0,0.050994422286748886,0.0003354000800754875
V0800,inpatient_admission_release,"Inpatient admission following diagnostics and IV therapy, ending in a stable release after 4 days.",6.0,chronic_readmission_rework,3.0,0.12056610733270645,0.005517014767974615
V0801,inpatient_admission_release,"The narrative includes extensive diagnostics, acute interventions (IV liquid, antibiotics), inpatient admission, and ultimately results in a stable release.",7.0,standard_acute_care,3.0,0.12496396154165268,0.0029984479770064354
V0802,inpatient_admission_release,Follows a standard acute care path leading to inpatient admission and concluding with a stable release.,3.0,chronic_readmission_rework,2.0,0.45425209403038025,0.006996825337409973
V0803,inpatient_admission_release,"Involves acute diagnostics and treatment, progressive admission (NC and IC), and eventually a controlled release.",8.0,chronic_readmission_rework,6.0,0.5245791077613831,0.01735738292336464
V0804,chronic_readmission_rework,"Features an extremely long duration and ends with the patient returning to the emergency room, characteristic of chronic readmission.",7.0,inpatient_admission_release,2.0,0.15329687297344208,0.009235274977982044
V0805,inpatient_admission_release,"Involves inpatient admission following acute treatment, with repeated lab tests and eventual release.",32.0,chronic_readmission_rework,14.0,0.14694495499134064,0.004760923329740763
V0806,chronic_readmission_rework,"Characterized by a long total duration, extensive repeat testing, and a return to the emergency room.",7.0,inpatient_admission_release,3.0,0.19057542085647583,0.001089870580472052
V0807,standard_acute_care,"A standard pathway consisting of comprehensive diagnostics, IV liquid, and IV antibiotics, concluding with release.",5.0,chronic_readmission_rework,1.0,0.3516528308391571,0.000743212120141834
V0808,chronic_readmission_rework,Features significant repeat testing and a lengthy duration before culminating in a return to the ER.,5.0,inpatient_admission_release,2.0,0.12088506668806076,0.0018167640082538128
V0809,inpatient_admission_release,"Includes multiple admission events, extensive repeat testing, and a final stable release.",9.0,chronic_readmission_rework,5.0,0.1327388733625412,0.0005436617066152394
V0810,inpatient_admission_release,"Involves acute care, admission cycles, repeat diagnostics, and an eventual release.",6.0,standard_acute_care,3.0,0.11139189451932907,0.002016218611970544
V0811,inpatient_admission_release,"Follows standard acute interventions and admission with repeat diagnostics, resulting in release.",6.0,chronic_readmission_rework,4.0,0.11473361402750015,0.0016522678779438138
V0812,chronic_readmission_rework,Concludes with a patient return to the ER after a multi-week course and repeated admissions.,8.0,inpatient_admission_release,1.0,0.24036961793899536,0.020427515730261803
V0813,inpatient_admission_release,"Shows heavy repetition of lab tests during an inpatient stay, eventually concluding with a stable release.",14.0,chronic_readmission_rework,6.0,0.029631974175572395,0.0030294274911284447
V0814,inpatient_admission_release,"Involves diagnostic testing, IV interventions, admission, and subsequent release.",4.0,chronic_readmission_rework,1.0,0.0015210657147690654,0.0012880897847935557
V0815,chronic_readmission_rework,"Demonstrates extensive repeat work on lab tests and admissions, ultimately resulting in an ER return.",10.0,inpatient_admission_release,6.0,0.026577165350317955,0.0024080730509012938
V0816,fast_triage_only,"A short, rapid encounter concluding quickly after initial triage and minimal lab work without progression to admission.",5.0,standard_acute_care,2.0,0.01119469478726387,0.004590421449393034
V0817,chronic_readmission_rework,Exhibits extended duration with heavy rework and a subsequent return to the emergency room.,10.0,inpatient_admission_release,6.0,0.1208162009716034,0.004644878674298525
V0818,inpatient_admission_release,"Involves comprehensive diagnostics, admission, repeat lab work, and a stable release.",15.0,chronic_readmission_rework,5.0,0.026533285155892372,0.0024700758513063192
V0819,inpatient_admission_release,"Includes acute interventions, inpatient admission, recurring testing, and a final release.",6.0,standard_acute_care,4.0,0.1207677498459816,0.0005369993159547448
V0820,fast_triage_only,A very brief encounter concluding promptly after triage and initial diagnostics without admission or intensive extended treatment.,4.0,standard_acute_care,2.0,0.35880163311958313,0.34301653504371643
V0821,chronic_readmission_rework,"Contains prolonged duration, repeat admissions and tests, and results in a return to the emergency room.",6.0,inpatient_admission_release,4.0,0.006948335096240044,0.004585293587297201
V0822,chronic_readmission_rework,"Extremely long and complex pathway with heavy repetition of lab tests and admissions, culminating in a return to the ER.",46.0,inpatient_admission_release,28.0,0.1198328509926796,0.0872499868273735
V0823,chronic_readmission_rework,"Long duration spanning hundreds of days, ending with the patient returning to the emergency room.",8.0,inpatient_admission_release,1.0,0.3876473009586334,0.007030779961496592
V0824,inpatient_admission_release,"Involves admission following evaluation, repeat testing, and a stable release.",4.0,chronic_readmission_rework,1.0,0.015146461315453053,0.005454994738101959
V0825,chronic_readmission_rework,Characterized by an extremely long duration and a final return to the emergency room.,7.0,inpatient_admission_release,2.0,0.25604119896888733,0.010605152696371078
V0826,standard_acute_care,"Involves ER triage, blood diagnostics, and acute IV antibiotics, concluding with an admission without excessive rework.",3.0,fast_triage_only,1.0,0.3746870756149292,0.015854977071285248
V0827,inpatient_admission_release,"Features standard diagnostics and acute care, followed by an inpatient admission and a subsequent release, plus a return to ER.",8.0,chronic_readmission_rework,3.0,0.38510337471961975,6.181454068610037e-07
V0828,inpatient_admission_release,"Path shows emergency evaluation, acute treatment, admission, and eventually a release followed by return to the ER.",8.0,chronic_readmission_rework,4.0,0.6696786284446716,0.026319237425923347
V0829,inpatient_admission_release,"Encapsulates an inpatient admission following initial care, leading to a stable release after a few days.",5.0,chronic_readmission_rework,4.0,0.12550032138824463,0.0035348099190741777
V0830,inpatient_admission_release,"Comprises acute care, inpatient admission, and subsequent controlled release.",8.0,standard_acute_care,4.0,0.1241459846496582,0.0021804661955684423
V0831,inpatient_admission_release,"Involves emergency triage, IV interventions, inpatient admission, and eventual release.",11.0,chronic_readmission_rework,4.0,0.3455725610256195,0.015381681732833385
V0832,fast_triage_only,Short encounter concluding rapidly after initial evaluation and lab work without proceeding to admission.,4.0,standard_acute_care,2.0,0.020485030487179756,0.004699913784861565
V0833,inpatient_admission_release,Typical acute care pathway ending in inpatient admission and subsequent release.,11.0,chronic_readmission_rework,5.0,0.1314450353384018,0.0004004804359283298
V0834,chronic_readmission_rework,"Extremely long pathway with extensive repetition of lab tests, multiple admissions, and return to the emergency room.",14.0,inpatient_admission_release,9.0,0.19272905588150024,0.0032434987369924784
V0835,inpatient_admission_release,Standard acute trajectory with admission and a controlled release.,2.0,chronic_readmission_rework,2.0,0.010948367416858673,0.00024085986660793424
V0836,inpatient_admission_release,"Involves diagnostics, acute intervention, admission, and final release.",9.0,chronic_readmission_rework,5.0,0.1272720843553543,0.003772471100091934
V0837,inpatient_admission_release,"Care pathway featuring emergency intervention, intensive/non-critical admission, and release.",6.0,chronic_readmission_rework,3.0,0.003443453460931778,7.579994417028502e-05
V0838,inpatient_admission_release,Straightforward acute care and admission resulting in a release after a couple of days.,6.0,chronic_readmission_rework,1.0,0.358241468667984,0.00995358545333147
V0839,inpatient_admission_release,Emergency triage and acute treatment followed by admission and release.,6.0,chronic_readmission_rework,4.0,0.008585159666836262,0.00025578177883289754
V0840,chronic_readmission_rework,"Characterized by extremely long duration, extensive repetitions of lab tests, and multiple admissions/transfers.",53.0,inpatient_admission_release,33.0,0.5373845100402832,0.13403473794460297
V0841,standard_acute_care,Relatively short encounter with diagnostics and admission/release within a day.,4.0,inpatient_admission_release,1.0,0.3480013608932495,0.0003354000800754875
V0842,inpatient_admission_release,"Longer duration with repeated labs and admission, ending in release and return to ER.",8.0,chronic_readmission_rework,3.0,0.3661324679851532,0.00012154137220932171
V0843,standard_acute_care,"Emergency evaluation, diagnostics, and IV interventions with an admission and liquid step.",3.0,inpatient_admission_release,1.0,0.345043420791626,0.0006197022157721221
V0844,chronic_readmission_rework,"Complex pathway with repeated lab tests, multiple admissions, and extended duration.",13.0,inpatient_admission_release,10.0,0.584640383720398,0.0016343308379873633
V0845,chronic_readmission_rework,Long duration involving extensive repetition of blood tests and multiple admissions.,18.0,inpatient_admission_release,9.0,0.5342515110969543,0.0013398107839748263
V0846,inpatient_admission_release,"Standard acute care pathway involving diagnostics, IV fluids/antibiotics, admission, and release.",5.0,chronic_readmission_rework,3.0,0.11542082577943802,0.00037173539749346673
